timestamp,rv_ratio,iv_ratio,full_score,rv_only_score,delta_volatility_score,full_width,rv_only_width,delta_grid_width,full_mode,rv_only_mode,full_volatility_state,rv_only_volatility_state,delta_capital,full_capital,rv_only_capital,delta_level_count,full_level_count,rv_only_level_count
2026-08-24T04:00:11.875Z,2.7549066097441943,0.9993580003851998,2.3160194574044457,2.7549066097441943,-0.4388871523397486,0.03,0.03,0.0,defensive,defensive,high,high,0.0,500.0,500.0,0,6,6
2026-08-24T04:00:16.873Z,2.8002063390673344,0.9993580003851998,2.349994254396801,2.800206339067335,-0.45021208467053375,0.03,0.03,0.0,defensive,defensive,high,high,0.0,500.0,500.0,0,6,6
2026-08-24T04:00:21.870Z,2.80200323518955,0.9993580003851998,2.3513419264884625,2.80200323518955,-0.45066130870108756,0.03,0.03,0.0,defensive,defensive,high,high,0.0,500.0,500.0,0,6,6
2026-08-24T04:00:26.870Z,2.664077299888159,0.9994649430699427,2.247924210683605,2.664077299888159,-0.41615308920455396,0.03,0.03,0.0,defensive,defensive,high,high,0.0,500.0,500.0,0,6,6
2026-08-24T04:00:31.870Z,2.810970615136286,0.9979239791113775,2.357708956130059,2.810970615136286,-0.4532616590062273,0.03,0.03,0.0,defensive,defensive,high,high,0.0,500.0,500.0,0,6,6
2026-08-24T04:00:36.869Z,2.748344870317721,0.9979239791113775,2.310739647516135,2.748344870317721,-0.4376052228015861,0.03,0.03,0.0,defensive,defensive,high,high,0.0,500.0,500.0,0,6,6
2026-08-24T04:00:41.869Z,2.8334724808606975,0.9980200986740012,2.3746093853140233,2.8334724808606975,-0.45886309554667415,0.03,0.03,0.0,defensive,defensive,high,high,0.0,500.0,500.0,0,6,6
2026-08-24T04:00:46.870Z,2.8601508467238195,0.9982017083770418,2.3946635621371253,2.8601508467238195,-0.4654872845866942,0.03,0.03,0.0,defensive,defensive,high,high,0.0,500.0,500.0,0,6,6
2026-08-24T04:00:51.870Z,3.1010015546425485,0.998244524844255,2.575312297192975,3.1010015546425485,-0.5256892574495735,0.03,0.0,0.03,defensive,pause,high,high,500.0,500.0,0.0,6,6,0
2026-08-24T04:00:56.871Z,3.107895413306351,0.9982873413114683,2.58049339530763,3.1078954133063506,-0.5274020179987207,0.03,0.0,0.03,defensive,pause,high,high,500.0,500.0,0.0,6,6,0
2026-08-24T04:01:01.872Z,3.1501582499228165,0.9982873413114683,2.6121905227699793,3.1501582499228165,-0.5379677271528371,0.03,0.0,0.03,defensive,pause,high,high,500.0,500.0,0.0,6,6,0
2026-08-24T04:01:06.873Z,3.1253660544237234,0.998340773092692,2.5936097340909656,3.1253660544237234,-0.5317563203327578,0.03,0.0,0.03,defensive,pause,high,high,500.0,500.0,0.0,6,6,0
2026-08-24T04:01:11.873Z,1.3126123815172337,0.9981477119424399,1.2339962141235352,1.3126123815172337,-0.07861616739369848,0.012339962141235353,0.013126123815172338,-0.0007861616739369848,normal,normal,normal,normal,0.0,1000.0,1000.0,0,10,10
2026-08-24T04:01:16.874Z,0.9393051566088977,0.9977515578492044,0.9539167569189744,0.9393051566088978,0.014611600310076578,0.009539167569189743,0.009393051566088977,0.00014611600310076613,normal,normal,normal,normal,0.0,1000.0,1000.0,0,10,10
2026-08-24T04:01:21.875Z,0.9651070095105448,0.9977515578492044,0.9732681465952098,0.9651070095105448,0.008161137084664927,0.009732681465952098,0.009651070095105447,8.16113708466508e-05,normal,normal,normal,normal,0.0,1000.0,1000.0,0,10,10
2026-08-24T04:01:26.876Z,0.9648406932479426,0.9977515578492044,0.973068409398258,0.9648406932479426,0.008227716150315367,0.00973068409398258,0.009648406932479425,8.227716150315499e-05,normal,normal,normal,normal,0.0,1000.0,1000.0,0,10,10
2026-08-24T04:01:31.877Z,0.9860793678199393,0.9997216214479967,0.9894899312269537,0.9860793678199394,0.0034105634070142887,0.009894899312269537,0.009860793678199394,3.4105634070143165e-05,normal,normal,normal,normal,0.0,1000.0,1000.0,0,10,10
2026-08-24T04:01:36.878Z,0.9860793678199393,1.001691685046789,0.9899824471266518,0.9860793678199394,0.003903079306712409,0.009899824471266519,0.009860793678199394,3.9030793067124786e-05,normal,normal,normal,normal,0.0,1000.0,1000.0,0,10,10
2026-08-24T04:01:41.879Z,1.0265104735764714,1.001691685046789,1.0203057764440508,1.0265104735764714,-0.006204697132420556,0.010203057764440507,0.010265104735764714,-6.204697132420646e-05,normal,normal,normal,normal,0.0,1000.0,1000.0,0,10,10
2026-08-24T04:01:46.881Z,0.9900343162543995,1.001691685046789,0.9929486584524969,0.9900343162543995,0.002914342198097386,0.00992948658452497,0.009900343162543995,2.914342198097504e-05,normal,normal,normal,normal,0.0,1000.0,1000.0,0,10,10
2026-08-24T04:01:51.881Z,0.730603706002414,1.0027195443157242,0.7986326655807414,0.7306037060024139,0.06802895957832755,0.007986326655807414,0.0075,0.00048632665580741405,normal,normal,normal,normal,0.0,1000.0,1000.0,0,10,10
2026-08-24T04:01:56.882Z,0.7326430817373953,1.0037474035846592,0.8004191621992113,0.7326430817373953,0.06777608046181594,0.008004191621992113,0.0075,0.0005041916219921134,normal,normal,normal,normal,0.0,1000.0,1000.0,0,10,10
2026-08-24T04:02:01.883Z,0.7846296244212483,1.0037474035846592,0.839409069212101,0.7846296244212483,0.05477944479085273,0.00839409069212101,0.007846296244212483,0.000547794447908527,normal,normal,normal,normal,0.0,1000.0,1000.0,0,10,10
2026-08-24T04:02:06.884Z,0.7856546775835574,1.0037474035846592,0.8401778590838329,0.7856546775835574,0.054523181500275464,0.008401778590838328,0.007856546775835574,0.0005452318150027547,normal,normal,normal,normal,0.0,1000.0,1000.0,0,10,10
2026-08-24T04:02:11.884Z,0.7434273931813445,1.0025696481723376,0.8082129569290928,0.7434273931813445,0.06478556374774824,0.008082129569290927,0.0075,0.0005821295692909276,normal,normal,normal,normal,0.0,1000.0,1000.0,0,10,10
2026-08-24T04:02:16.886Z,0.49563169872199464,1.0013918927600163,0.6220717472315,0.49563169872199464,0.1264400485095054,0.0075,0.0075,0.0,normal,normal,normal,normal,0.0,1000.0,1000.0,0,10,10
2026-08-24T04:02:21.887Z,0.44557311096395563,1.0013918927600163,0.5845278064129709,0.44557311096395563,0.13895469544901523,0.0075,0.0075,0.0,normal,normal,normal,normal,0.0,1000.0,1000.0,0,10,10
2026-08-24T04:02:26.888Z,0.4850753704237294,1.0013918927600163,0.6141545010078011,0.4850753704237294,0.12907913058407172,0.0075,0.0075,0.0,normal,normal,normal,normal,0.0,1000.0,1000.0,0,10,10
2026-08-24T04:02:31.889Z,0.7117740462001217,1.0013918927600163,0.7841785078400954,0.7117740462001217,0.0724044616399736,0.007841785078400955,0.0075,0.00034178507840095483,normal,normal,normal,normal,0.0,1000.0,1000.0,0,10,10
2026-08-24T04:02:36.890Z,0.790033771688192,1.0014133064947857,0.8428786553898404,0.7900337716881921,0.052844883701648304,0.008428786553898403,0.00790033771688192,0.000528448837016483,normal,normal,normal,normal,0.0,1000.0,1000.0,0,10,10
2026-08-24T04:02:41.891Z,0.7591942030811643,1.0014133064947857,0.8197489789345695,0.7591942030811643,0.060554775853405296,0.008197489789345695,0.007591942030811643,0.0006055477585340521,normal,normal,normal,normal,0.0,1000.0,1000.0,0,10,10
2026-08-24T04:02:46.892Z,0.7823781389554064,1.0014133064947857,0.8371369308402512,0.7823781389554064,0.05475879188484478,0.008371369308402512,0.007823781389554064,0.0005475879188484474,normal,normal,normal,normal,0.0,1000.0,1000.0,0,10,10
2026-08-24T04:02:51.894Z,0.8452028258834038,1.0014133064947857,0.8842554460362493,0.8452028258834038,0.039052620152845496,0.008842554460362494,0.008452028258834038,0.0003905262015284558,normal,normal,normal,normal,0.0,1000.0,1000.0,0,10,10
2026-08-24T04:02:56.895Z,0.8452028258834038,1.000985031799396,0.8841483773624018,0.8452028258834038,0.03894555147899803,0.008841483773624018,0.008452028258834038,0.0003894555147899801,normal,normal,normal,normal,0.0,1000.0,1000.0,0,10,10
2026-08-24T04:03:01.895Z,0.8087200591151704,1.000985031799396,0.8567863022862268,0.8087200591151703,0.048066243171056455,0.008567863022862268,0.008087200591151703,0.0004806624317105646,normal,normal,normal,normal,0.0,1000.0,1000.0,0,10,10
2026-08-24T04:03:06.896Z,0.8077160887842977,1.000985031799396,0.8560333245380722,0.8077160887842977,0.04831723575377456,0.008560333245380723,0.008077160887842978,0.00048317235753774467,normal,normal,normal,normal,0.0,1000.0,1000.0,0,10,10
2026-08-24T04:03:11.898Z,0.9188690864319295,1.000985031799396,0.9393980727737962,0.9188690864319295,0.020528986341866617,0.009393980727737962,0.009188690864319294,0.00020528986341866728,normal,normal,normal,normal,0.0,1000.0,1000.0,0,10,10
2026-08-24T04:03:16.898Z,1.2495728142054967,0.9999357587956915,1.1871635503530455,1.2495728142054967,-0.06240926385245116,0.011871635503530455,0.012495728142054968,-0.0006240926385245125,normal,normal,normal,normal,0.0,1000.0,1000.0,0,10,10
2026-08-24T04:03:21.899Z,1.2887554788813447,0.9999571716133453,1.2165559020643448,1.2887554788813447,-0.07219957681699984,0.012165559020643448,0.012887554788813448,-0.0007219957681699994,normal,normal,normal,normal,0.0,1000.0,1000.0,0,10,10
2026-08-24T04:03:26.899Z,1.2673884057848182,1.0003426270932374,1.200626961111923,1.2673884057848182,-0.06676144467289524,0.01200626961111923,0.012673884057848183,-0.0006676144467289528,normal,normal,normal,normal,0.0,1000.0,1000.0,0,10,10
2026-08-24T04:03:31.900Z,1.107043854849071,1.0003426270932374,1.0803685479101126,1.107043854849071,-0.026675306938958476,0.010803685479101125,0.01107043854849071,-0.00026675306938958414,normal,normal,normal,normal,0.0,1000.0,1000.0,0,10,10
2026-08-24T04:03:36.901Z,1.0427717877167175,1.0003426270932374,1.0321644975608475,1.0427717877167175,-0.01060729015587003,0.010321644975608476,0.010427717877167175,-0.00010607290155869968,normal,normal,normal,normal,0.0,1000.0,1000.0,0,10,10
2026-08-24T04:03:41.903Z,1.0538121751259448,1.0003212060215423,1.0404394328498443,1.0538121751259448,-0.013372742276100524,0.010404394328498443,0.010538121751259448,-0.00013372742276100517,normal,normal,normal,normal,0.0,1000.0,1000.0,0,10,10
2026-08-24T04:03:46.903Z,1.0928733710208665,0.9981584188098246,1.069194632968106,1.0928733710208665,-0.02367873805276055,0.01069194632968106,0.010928733710208666,-0.0002367873805276064,normal,normal,normal,normal,0.0,1000.0,1000.0,0,10,10
2026-08-24T04:03:51.904Z,1.0443857792293525,0.9981584188098246,1.0328289391244705,1.0443857792293525,-0.011556840104882005,0.010328289391244704,0.010443857792293525,-0.00011556840104882081,normal,normal,normal,normal,0.0,1000.0,1000.0,0,10,10
2026-08-24T04:03:56.905Z,1.1335317259302158,0.9981584188098246,1.0996883991501178,1.1335317259302158,-0.03384332678009794,0.010996883991501179,0.011335317259302157,-0.0003384332678009784,normal,normal,normal,normal,0.0,1000.0,1000.0,0,10,10
2026-08-24T04:04:01.906Z,1.1283366350933748,0.9981584188098246,1.0957920810224873,1.1283366350933748,-0.03254455407088752,0.010957920810224873,0.011283366350933749,-0.00032544554070887584,normal,normal,normal,normal,0.0,1000.0,1000.0,0,10,10
2026-08-24T04:04:06.907Z,1.128489016912627,0.9966380436411915,1.0955262735947682,1.128489016912627,-0.032962743317858756,0.010955262735947682,0.01128489016912627,-0.0003296274331785892,normal,normal,normal,normal,0.0,1000.0,1000.0,0,10,10
2026-08-24T04:04:11.908Z,1.0394592197322479,0.9966380436411915,1.0287539257094838,1.0394592197322479,-0.0107052940227641,0.010287539257094839,0.010394592197322479,-0.00010705294022764038,normal,normal,normal,normal,0.0,1000.0,1000.0,0,10,10
2026-08-24T04:04:16.910Z,0.6870990706053139,0.9966380436411915,0.7644838138642833,0.6870990706053139,0.07738474325896938,0.007644838138642833,0.0075,0.0001448381386428329,normal,normal,normal,normal,0.0,1000.0,1000.0,0,10,10
2026-08-24T04:04:21.910Z,0.6850099595915463,0.9966380436411915,0.7629169806039576,0.6850099595915463,0.07790702101241131,0.007629169806039576,0.0075,0.0001291698060395764,normal,normal,normal,normal,0.0,1000.0,1000.0,0,10,10
2026-08-24T04:04:26.911Z,0.6858676186730617,0.9963168376196493,0.7634799234097086,0.6858676186730617,0.07761230473664693,0.007634799234097086,0.0075,0.00013479923409708602,normal,normal,normal,normal,0.0,1000.0,1000.0,0,10,10
2026-08-24T04:04:31.913Z,0.6435624004565847,0.9963168376196493,0.7317510097473509,0.6435624004565847,0.0881886092907661,0.0075,0.0075,0.0,normal,normal,normal,normal,0.0,1000.0,1000.0,0,10,10
2026-08-24T04:04:36.913Z,0.737153319843373,0.9963168376196493,0.8019441992874421,0.737153319843373,0.06479087944406914,0.00801944199287442,0.0075,0.0005194419928744205,normal,normal,normal,normal,0.0,1000.0,1000.0,0,10,10
2026-08-24T04:04:41.914Z,0.707020191943882,0.9963168376196493,0.7793443533628238,0.707020191943882,0.07232416141894182,0.007793443533628238,0.0075,0.00029344353362823795,normal,normal,normal,normal,0.0,1000.0,1000.0,0,10,10
2026-08-24T04:04:46.916Z,0.6629411776872103,0.9955887706374869,0.7461030759247794,0.6629411776872103,0.08316189823756914,0.0075,0.0075,0.0,normal,normal,normal,normal,0.0,1000.0,1000.0,0,10,10
2026-08-24T04:04:51.917Z,0.6571980311480613,0.9955887706374869,0.7417957160204177,0.6571980311480613,0.08459768487235642,0.0075,0.0075,0.0,normal,normal,normal,normal,0.0,1000.0,1000.0,0,10,10
2026-08-24T04:04:56.918Z,0.5289028842941069,0.9955887706374869,0.6455743558799519,0.5289028842941069,0.11667147158584501,0.0075,0.0075,0.0,normal,normal,normal,normal,0.0,1000.0,1000.0,0,10,10
2026-08-24T04:05:01.918Z,0.5295040607047143,0.9955887706374869,0.6460252381879075,0.5295040607047143,0.11652117748319313,0.0075,0.0075,0.0,normal,normal,normal,normal,0.0,1000.0,1000.0,0,10,10
2026-08-24T04:05:06.920Z,0.6369621677090804,0.9927835713826848,0.7259175186274816,0.6369621677090804,0.08895535091840112,0.0075,0.0075,0.0,normal,normal,normal,normal,0.0,1000.0,1000.0,0,10,10
2026-08-24T04:05:11.921Z,0.7508462398527028,0.9927835713826848,0.8113305727351984,0.7508462398527028,0.06048433288249555,0.008113305727351984,0.007508462398527028,0.0006048433288249559,normal,normal,normal,normal,0.0,1000.0,1000.0,0,10,10
2026-08-24T04:05:16.922Z,0.6514892561216181,0.9927835713826848,0.7368128349368848,0.6514892561216181,0.08532357881526664,0.0075,0.0075,0.0,normal,normal,normal,normal,0.0,1000.0,1000.0,0,10,10
2026-08-24T04:05:21.923Z,1.2380989086201113,0.9927835713826848,1.1767700743107545,1.2380989086201113,-0.06132883430935676,0.011767700743107545,0.012380989086201112,-0.0006132883430935675,normal,normal,normal,normal,0.0,1000.0,1000.0,0,10,10
2026-08-24T04:05:26.924Z,1.317536358090582,0.9960170453328765,1.2371565299011555,1.317536358090582,-0.08037982818942635,0.012371565299011554,0.01317536358090582,-0.0008037982818942663,normal,normal,normal,normal,0.0,1000.0,1000.0,0,10,10
2026-08-24T04:05:31.925Z,1.343064994427613,0.9960170453328765,1.2563030071539287,1.343064994427613,-0.08676198727368423,0.012563030071539288,0.01343064994427613,-0.0008676198727368429,normal,normal,normal,normal,0.0,1000.0,1000.0,0,10,10
2026-08-24T04:05:36.926Z,1.2407762635622241,0.9960170453328765,1.1795864590048872,1.2407762635622241,-0.06118980455733691,0.011795864590048872,0.012407762635622242,-0.0006118980455733693,normal,normal,normal,normal,0.0,1000.0,1000.0,0,10,10
2026-08-24T04:05:41.926Z,1.2319664294419033,0.9960170453328765,1.1729790834146465,1.2319664294419033,-0.05898734602725675,0.011729790834146466,0.012319664294419034,-0.0005898734602725678,normal,normal,normal,normal,0.0,1000.0,1000.0,0,10,10
2026-08-24T04:05:46.927Z,1.209070209230154,0.9924623653611426,1.1549182482629012,1.209070209230154,-0.05415196096725272,0.011549182482629011,0.01209070209230154,-0.0005415196096725285,normal,normal,normal,normal,0.0,1000.0,1000.0,0,10,10
2026-08-24T04:05:51.928Z,1.283060722855719,0.9924623653611426,1.2104111334820749,1.283060722855719,-0.07264958937364407,0.012104111334820748,0.01283060722855719,-0.0007264958937364414,normal,normal,normal,normal,0.0,1000.0,1000.0,0,10,10
2026-08-24T04:05:56.929Z,1.5866556844741524,0.9924623653611426,1.4381073546959,1.5866556844741524,-0.14854832977825239,0.014381073546959,0.023799835267112286,-0.009418761720153285,normal,defensive,normal,high,500.0,1000.0,500.0,4,10,6
2026-08-24T04:06:01.929Z,1.5989474198941505,0.9924623653611426,1.4473261562608986,1.5989474198941505,-0.1516212636332519,0.014473261562608987,0.02398421129841226,-0.009510949735803272,normal,defensive,normal,high,500.0,1000.0,500.0,4,10,6
2026-08-24T04:06:06.931Z,1.5993235853579857,0.994303946551318,1.4480686756563186,1.5993235853579855,-0.15125490970166688,0.014480686756563187,0.02398985378036978,-0.009509167023806595,normal,defensive,normal,high,500.0,1000.0,500.0,4,10,6
2026-08-24T04:06:11.931Z,1.5638183895990314,0.994303946551318,1.421439778837103,1.5638183895990314,-0.14237861076192848,0.01421439778837103,0.02345727584398547,-0.009242878055614441,normal,defensive,normal,high,500.0,1000.0,500.0,4,10,6
2026-08-24T04:06:16.933Z,1.652448638238471,0.994303946551318,1.4879124653166826,1.6524486382384709,-0.16453617292178824,0.014879124653166827,0.024786729573577065,-0.009907604920410238,normal,defensive,normal,high,500.0,1000.0,500.0,4,10,6
2026-08-24T04:06:21.933Z,1.3789577868065634,0.994303946551318,1.282794326742752,1.3789577868065634,-0.09616346006381149,0.01282794326742752,0.013789577868065634,-0.0009616346006381133,normal,normal,normal,normal,0.0,1000.0,1000.0,0,10,10
2026-08-24T04:06:26.934Z,1.28365386024338,0.9920983318700614,1.2107649781500505,1.28365386024338,-0.07288888209332955,0.012107649781500505,0.0128365386024338,-0.0007288888209332958,normal,normal,normal,normal,0.0,1000.0,1000.0,0,10,10
2026-08-24T04:06:31.936Z,1.2836847239755969,0.9920983318700614,1.210788125949213,1.2836847239755969,-0.07289659802638382,0.01210788125949213,0.012836847239755969,-0.0007289659802638387,normal,normal,normal,normal,0.0,1000.0,1000.0,0,10,10
2026-08-24T04:06:36.937Z,1.2621328047377571,0.9920983318700614,1.1946241865208331,1.2621328047377571,-0.067508618216924,0.011946241865208332,0.012621328047377572,-0.0006750861821692399,normal,normal,normal,normal,0.0,1000.0,1000.0,0,10,10
2026-08-24T04:06:41.938Z,1.2965592573347153,0.9920983318700614,1.2204440259685518,1.2965592573347153,-0.0761152313661635,0.012204440259685518,0.012965592573347152,-0.0007611523136616342,normal,normal,normal,normal,0.0,1000.0,1000.0,0,10,10
2026-08-24T04:06:46.938Z,1.3317090841176737,0.995417460759331,1.247636178278088,1.3317090841176737,-0.08407290583958571,0.01247636178278088,0.013317090841176738,-0.0008407290583958577,normal,normal,normal,normal,0.0,1000.0,1000.0,0,10,10
2026-08-24T04:06:51.939Z,1.3899198337472243,0.995417460759331,1.291294240500251,1.3899198337472243,-0.09862559324697329,0.01291294240500251,0.013899198337472243,-0.0009862559324697318,normal,normal,normal,normal,0.0,1000.0,1000.0,0,10,10
2026-08-24T04:06:56.941Z,1.082837125994898,0.995417460759331,1.0609822096860062,1.082837125994898,-0.021854916308891692,0.010609822096860061,0.01082837125994898,-0.00021854916308891928,normal,normal,normal,normal,0.0,1000.0,1000.0,0,10,10
2026-08-24T04:07:01.942Z,1.0943976765317232,0.995417460759331,1.0696526225886251,1.0943976765317232,-0.024745053943098005,0.01069652622588625,0.010943976765317233,-0.0002474505394309823,normal,normal,normal,normal,0.0,1000.0,1000.0,0,10,10
2026-08-24T04:07:06.942Z,1.1319525343140406,0.997066318336581,1.0982309803196757,1.1319525343140406,-0.03372155399436494,0.010982309803196756,0.011319525343140405,-0.0003372155399436489,normal,normal,normal,normal,0.0,1000.0,1000.0,0,10,10
2026-08-24T04:07:11.943Z,1.1319525343140406,0.997066318336581,1.0982309803196757,1.1319525343140406,-0.03372155399436494,0.010982309803196756,0.011319525343140405,-0.0003372155399436489,normal,normal,normal,normal,0.0,1000.0,1000.0,0,10,10
2026-08-24T04:07:16.943Z,1.1033815123681616,0.997066318336581,1.0768027138602665,1.1033815123681616,-0.02657879850789513,0.010768027138602665,0.011033815123681616,-0.00026578798507895067,normal,normal,normal,normal,0.0,1000.0,1000.0,0,10,10
2026-08-24T04:07:21.944Z,0.7378372068147843,0.997066318336581,0.8026444846952334,0.7378372068147843,0.06480727788044915,0.008026444846952334,0.0075,0.0005264448469523338,normal,normal,normal,normal,0.0,1000.0,1000.0,0,10,10
2026-08-24T04:07:26.945Z,0.8714657631203596,0.9976230754405876,0.9030050912004166,0.8714657631203596,0.031539328080056994,0.009030050912004166,0.008714657631203595,0.0003153932808005709,normal,normal,normal,normal,0.0,1000.0,1000.0,0,10,10
2026-08-24T04:07:31.946Z,0.8721173869359075,0.9976230754405876,0.9034938090620774,0.8721173869359075,0.03137642212616998,0.009034938090620774,0.008721173869359075,0.0003137642212616993,normal,normal,normal,normal,0.0,1000.0,1000.0,0,10,10
2026-08-24T04:07:36.946Z,1.0052865159129976,0.9976230754405876,1.0033706557948951,1.0052865159129976,-0.0019158601181024082,0.01003370655794895,0.010052865159129976,-1.9158601181025123e-05,normal,normal,normal,normal,0.0,1000.0,1000.0,0,10,10
2026-08-24T04:07:41.947Z,0.9799580071499534,0.9976230754405876,0.9843742742226119,0.9799580071499534,0.00441626707265852,0.009843742742226118,0.009799580071499534,4.4162670726584016e-05,normal,normal,normal,normal,0.0,1000.0,1000.0,0,10,10
2026-08-24T04:07:46.948Z,0.9375717183124523,1.0013062378209383,0.9535053481895739,0.9375717183124523,0.015933629877121547,0.009535053481895739,0.009375717183124523,0.0001593362987712156,normal,normal,normal,normal,0.0,1000.0,1000.0,0,10,10
2026-08-24T04:07:51.949Z,0.8640449739582254,1.0013062378209383,0.8983602899239036,0.8640449739582254,0.03431531596567816,0.008983602899239036,0.008640449739582255,0.0003431531596567814,normal,normal,normal,normal,0.0,1000.0,1000.0,0,10,10
2026-08-24T04:07:56.959Z,0.8134151062498308,1.0013062378209383,0.8603878891426078,0.8134151062498308,0.046972782892776954,0.008603878891426078,0.008134151062498308,0.0004697278289277698,normal,normal,normal,normal,0.0,1000.0,1000.0,0,10,10
2026-08-24T04:08:01.952Z,0.7959594097191623,1.0013062378209383,0.8472961167446063,0.7959594097191623,0.051336707025443906,0.008472961167446063,0.007959594097191623,0.0005133670702544401,normal,normal,normal,normal,0.0,1000.0,1000.0,0,10,10
2026-08-24T04:08:06.953Z,0.7395859659540178,0.9985652797704447,0.8043307944081245,0.7395859659540177,0.06474482845410678,0.008043307944081245,0.0075,0.0005433079440812453,normal,normal,normal,normal,0.0,1000.0,1000.0,0,10,10
2026-08-24T04:08:11.954Z,0.7561980226344037,0.9985652797704447,0.816789836918414,0.7561980226344037,0.06059181428401028,0.00816789836918414,0.007561980226344037,0.000605918142840103,normal,normal,normal,normal,0.0,1000.0,1000.0,0,10,10
2026-08-24T04:08:16.955Z,0.8184444294953356,0.9985652797704447,0.8634746420641128,0.8184444294953356,0.04503021256877726,0.008634746420641128,0.008184444294953356,0.00045030212568777234,normal,normal,normal,normal,0.0,1000.0,1000.0,0,10,10
2026-08-24T04:08:21.956Z,0.7685011348782103,0.9985652797704447,0.8260171711012688,0.7685011348782101,0.057516036223058675,0.008260171711012688,0.007685011348782101,0.0005751603622305874,normal,normal,normal,normal,0.0,1000.0,1000.0,0,10,10
2026-08-24T04:08:26.958Z,0.5624630290254661,0.9991006231396817,0.6716224275540199,0.5624630290254661,0.10915939852855383,0.0075,0.0075,0.0,normal,normal,normal,normal,0.0,1000.0,1000.0,0,10,10
2026-08-24T04:08:31.959Z,0.5657638037577448,0.9991006231396817,0.6740980086032291,0.5657638037577448,0.10833420484548428,0.0075,0.0075,0.0,normal,normal,normal,normal,0.0,1000.0,1000.0,0,10,10
2026-08-24T04:08:36.959Z,0.2707758542553446,0.9991006231396817,0.4528570464764289,0.2707758542553446,0.18208119222108426,0.0075,0.0075,0.0,normal,normal,normal,normal,0.0,1000.0,1000.0,0,10,10
2026-08-24T04:08:41.960Z,0.27317783146524544,0.9991006231396817,0.45465852938385454,0.27317783146524544,0.1814806979186091,0.0075,0.0075,0.0,normal,normal,normal,normal,0.0,1000.0,1000.0,0,10,10
2026-08-24T04:08:46.961Z,0.25993432042938247,0.999271886242933,0.4447687118827701,0.25993432042938247,0.18483439145338765,0.0075,0.0075,0.0,normal,normal,normal,normal,0.0,1000.0,1000.0,0,10,10
2026-08-24T04:08:51.962Z,0.26082750194148197,0.9993789617954428,0.4454653669049722,0.26082750194148197,0.18463786496349022,0.0075,0.0075,0.0,normal,normal,normal,normal,0.0,1000.0,1000.0,0,10,10
2026-08-24T04:08:56.966Z,0.1470100244376716,0.9993789617954428,0.36010225877711444,0.1470100244376716,0.21309223433944283,0.0075,0.0075,0.0,normal,normal,normal,normal,0.0,1000.0,1000.0,0,10,10
2026-08-24T04:09:01.963Z,0.48688755164174735,0.9993789617954428,0.6150104041801713,0.4868875516417474,0.12812285253842387,0.0075,0.0075,0.0,normal,normal,normal,normal,0.0,1000.0,1000.0,0,10,10
2026-08-24T04:09:06.964Z,0.48690803376082936,0.9987900462566387,0.6148785368847817,0.48690803376082936,0.1279705031239523,0.0075,0.0075,0.0,normal,normal,normal,normal,0.0,1000.0,1000.0,0,10,10
2026-08-24T04:09:11.964Z,0.4823619575585473,0.9982011307178345,0.611321750848369,0.4823619575585473,0.1289597932898217,0.0075,0.0075,0.0,normal,normal,normal,normal,0.0,1000.0,1000.0,0,10,10
2026-08-24T04:09:16.965Z,0.4894494634010695,0.9982011307178345,0.6166373802302607,0.4894494634010695,0.12718791682919123,0.0075,0.0075,0.0,normal,normal,normal,normal,0.0,1000.0,1000.0,0,10,10
2026-08-24T04:09:21.965Z,0.675638642920761,0.9982011307178345,0.7562792648700294,0.6756386429207609,0.08064062194926847,0.007562792648700294,0.0075,6.279264870029388e-05,normal,normal,normal,normal,0.0,1000.0,1000.0,0,10,10
2026-08-24T04:09:26.966Z,0.6797646299725204,0.9982011307178345,0.7593737551588489,0.6797646299725204,0.07960912518632846,0.007593737551588489,0.0075,9.373755158848928e-05,normal,normal,normal,normal,0.0,1000.0,1000.0,0,10,10
2026-08-24T04:09:31.967Z,0.6924305531453527,0.9983294067252089,0.7689052665403169,0.6924305531453528,0.07647471339496403,0.007689052665403169,0.0075,0.0001890526654031695,normal,normal,normal,normal,0.0,1000.0,1000.0,0,10,10
2026-08-24T04:09:36.968Z,0.716336267881092,0.9983294067252089,0.7868345525921212,0.716336267881092,0.07049828471102926,0.007868345525921212,0.0075,0.0003683455259212119,normal,normal,normal,normal,0.0,1000.0,1000.0,0,10,10
2026-08-24T04:09:41.969Z,1.061129432712153,0.9983294067252089,1.045429426215417,1.061129432712153,-0.015700006496736085,0.01045429426215417,0.01061129432712153,-0.0001570000649673605,normal,normal,normal,normal,0.0,1000.0,1000.0,0,10,10
2026-08-24T04:09:46.970Z,1.0663186010316439,0.9991218676376097,1.0495194176831353,1.0663186010316439,-0.016799183348508606,0.010495194176831353,0.010663186010316439,-0.00016799183348508578,normal,normal,normal,normal,0.0,1000.0,1000.0,0,10,10
2026-08-24T04:09:51.971Z,1.1094518063972008,1.0,1.0820888547979006,1.1094518063972008,-0.027362951599300134,0.010820888547979007,0.011094518063972008,-0.000273629515993001,normal,normal,normal,normal,0.0,1000.0,1000.0,0,10,10
2026-08-24T04:09:56.979Z,1.110575764091122,1.0,1.0829318230683416,1.110575764091122,-0.02764394102278045,0.010829318230683416,0.01110575764091122,-0.0002764394102278047,normal,normal,normal,normal,0.0,1000.0,1000.0,0,10,10
2026-08-24T04:10:01.973Z,0.9625666120711717,1.0,0.9719249590533787,0.9625666120711717,0.009358346982207055,0.009719249590533788,0.009625666120711716,9.358346982207139e-05,normal,normal,normal,normal,0.0,1000.0,1000.0,0,10,10
2026-08-24T04:10:06.973Z,0.9883637909928733,0.999164631795399,0.9910640011935047,0.9883637909928732,0.002700210200631492,0.009910640011935047,0.009883637909928732,2.7002102006314782e-05,normal,normal,normal,normal,0.0,1000.0,1000.0,0,10,10
2026-08-24T04:10:11.974Z,0.9966502766076356,0.9984148065635576,0.9970914090966161,0.9966502766076356,0.00044113248898047797,0.00997091409096616,0.009966502766076355,4.411324889805335e-06,normal,normal,normal,normal,0.0,1000.0,1000.0,0,10,10
2026-08-24T04:10:16.975Z,0.9980145863994254,0.9984148065635576,0.9981146414404585,0.9980145863994254,0.00010005504103305363,0.009981146414404585,0.009980145863994254,1.0005504103311608e-06,normal,normal,normal,normal,0.0,1000.0,1000.0,0,10,10
2026-08-24T04:10:21.975Z,0.9586331529928209,0.9984148065635576,0.9685785663855051,0.9586331529928209,0.009945413392684177,0.009685785663855051,0.009586331529928209,9.94541339268424e-05,normal,normal,normal,normal,0.0,1000.0,1000.0,0,10,10
2026-08-24T04:10:26.976Z,1.033161125826715,0.9984148065635576,1.0244745460109257,1.033161125826715,-0.008686579815789353,0.010244745460109258,0.01033161125826715,-8.686579815789242e-05,normal,normal,normal,normal,0.0,1000.0,1000.0,0,10,10
2026-08-24T04:10:31.977Z,1.0315082295900775,0.9990785780101571,1.0234008166950974,1.0315082295900775,-0.00810741289498007,0.010234008166950973,0.010315082295900776,-8.107412894980265e-05,normal,normal,normal,normal,0.0,1000.0,1000.0,0,10,10
2026-08-24T04:10:36.978Z,1.0273767498113258,0.9990785780101571,1.0203022068610337,1.0273767498113258,-0.007074542950292084,0.010203022068610337,0.010273767498113259,-7.07454295029216e-05,normal,normal,normal,normal,0.0,1000.0,1000.0,0,10,10
2026-08-24T04:10:41.979Z,0.5050907785087029,0.9990785780101571,0.6285877283840664,0.5050907785087029,0.12349694987536353,0.0075,0.0075,0.0,normal,normal,normal,normal,0.0,1000.0,1000.0,0,10,10
2026-08-24T04:10:46.979Z,0.6615812371840245,0.9991428081604663,0.7459716299281349,0.6615812371840245,0.08439039274411042,0.0075,0.0075,0.0,normal,normal,normal,normal,0.0,1000.0,1000.0,0,10,10
2026-08-24T04:10:51.981Z,0.5770900750923429,0.9993785359163381,0.6826621902983416,0.5770900750923429,0.10557211520599874,0.0075,0.0075,0.0,normal,normal,normal,normal,0.0,1000.0,1000.0,0,10,10
2026-08-24T04:10:56.988Z,0.6414057436418259,0.9993785359163381,0.7308989417104539,0.6414057436418259,0.08949319806862799,0.0075,0.0075,0.0,normal,normal,normal,normal,0.0,1000.0,1000.0,0,10,10
2026-08-24T04:11:01.983Z,0.7085227548185549,0.9993785359163381,0.7812367000930007,0.708522754818555,0.07271394527444575,0.007812367000930007,0.0075,0.00031236700093000697,normal,normal,normal,normal,0.0,1000.0,1000.0,0,10,10
2026-08-24T04:11:06.984Z,0.8799334790222173,0.9994213707084995,0.9098054519437878,0.8799334790222173,0.02987197292157051,0.009098054519437878,0.008799334790222173,0.00029871972921570455,normal,normal,normal,normal,0.0,1000.0,1000.0,0,10,10
2026-08-24T04:11:11.984Z,1.0027316562831394,0.9992069785884219,1.00185048685946,1.0027316562831394,-0.0008811694236794398,0.0100185048685946,0.010027316562831394,-8.811694236793982e-06,normal,normal,normal,normal,0.0,1000.0,1000.0,0,10,10
2026-08-24T04:11:16.985Z,1.01267531119509,0.9992069785884219,1.009308228043423,1.01267531119509,-0.0033670831516670052,0.01009308228043423,0.0101267531119509,-3.3670831516671024e-05,normal,normal,normal,normal,0.0,1000.0,1000.0,0,10,10
2026-08-24T04:11:21.985Z,1.142672496919394,0.9992069785884219,1.106806117336651,1.142672496919394,-0.03586637958274297,0.01106806117336651,0.01142672496919394,-0.0003586637958274304,normal,normal,normal,normal,0.0,1000.0,1000.0,0,10,10
2026-08-24T04:11:26.987Z,1.0652337738078523,0.9992069785884219,1.0487270750029947,1.0652337738078523,-0.016506698804857667,0.010487270750029948,0.010652337738078523,-0.00016506698804857542,normal,normal,normal,normal,0.0,1000.0,1000.0,0,10,10
2026-08-24T04:11:31.988Z,1.0707661954079462,0.9999785633132544,1.0530692873842733,1.0707661954079462,-0.017696908023672853,0.010530692873842734,0.010707661954079462,-0.00017696908023672776,normal,normal,normal,normal,0.0,1000.0,1000.0,0,10,10
2026-08-24T04:11:36.989Z,1.0707661954079462,1.0,1.0530746465559595,1.0707661954079462,-0.01769154885198665,0.010530746465559595,0.010707661954079462,-0.00017691548851986663,normal,normal,normal,normal,0.0,1000.0,1000.0,0,10,10
2026-08-24T04:11:41.990Z,1.0816270269760007,1.0,1.0612202702320004,1.0816270269760007,-0.020406756744000276,0.010612202702320004,0.010816270269760007,-0.00020406756744000346,normal,normal,normal,normal,0.0,1000.0,1000.0,0,10,10
2026-08-24T04:11:46.991Z,1.0130626803024898,1.0,1.0097970102268674,1.0130626803024898,-0.0032656700756223955,0.010097970102268674,0.010130626803024899,-3.265670075622458e-05,normal,normal,normal,normal,0.0,1000.0,1000.0,0,10,10
2026-08-24T04:11:51.992Z,1.0423422414676224,0.9997427542445549,1.0316923696618556,1.0423422414676224,-0.01064987180576682,0.010316923696618557,0.010423422414676224,-0.00010649871805766715,normal,normal,normal,normal,0.0,1000.0,1000.0,0,10,10
2026-08-24T04:11:57.000Z,1.0586745431195452,0.99976418633567,1.0439469539235764,1.0586745431195452,-0.014727589195968838,0.010439469539235764,0.010586745431195452,-0.00014727589195968893,normal,normal,normal,normal,0.0,1000.0,1000.0,0,10,10
2026-08-24T04:12:01.994Z,1.0058333270431807,0.9999249563138541,1.004356234360849,1.0058333270431807,-0.0014770926823317598,0.01004356234360849,0.010058333270431806,-1.4770926823316766e-05,normal,normal,normal,normal,0.0,1000.0,1000.0,0,10,10
2026-08-24T04:12:06.995Z,0.7065995362404037,1.0,0.7799496521803028,0.7065995362404037,0.07335011593989904,0.007799496521803028,0.0075,0.00029949652180302853,normal,normal,normal,normal,0.0,1000.0,1000.0,0,10,10
2026-08-24T04:12:11.996Z,0.45667585109108216,1.000428853246419,0.5926141016299163,0.45667585109108216,0.13593825053883418,0.0075,0.0075,0.0,normal,normal,normal,normal,0.0,1000.0,1000.0,0,10,10
2026-08-24T04:12:16.997Z,0.4512590745001906,1.000428853246419,0.5885515191867476,0.4512590745001906,0.13729244468655705,0.0075,0.0075,0.0,normal,normal,normal,normal,0.0,1000.0,1000.0,0,10,10
2026-08-24T04:12:21.998Z,0.4571134443375382,1.000428853246419,0.5929422965647584,0.4571134443375382,0.1358288522272202,0.0075,0.0075,0.0,normal,normal,normal,normal,0.0,1000.0,1000.0,0,10,10
2026-08-24T04:12:26.999Z,0.464625516250632,1.000428853246419,0.5985763504995787,0.46462551625063203,0.13395083424894666,0.0075,0.0075,0.0,normal,normal,normal,normal,0.0,1000.0,1000.0,0,10,10
2026-08-24T04:12:32.000Z,0.4640945077436097,0.9989064242216313,0.5977974868631152,0.4640945077436098,0.1337029791195054,0.0075,0.0075,0.0,normal,normal,normal,normal,0.0,1000.0,1000.0,0,10,10
2026-08-24T04:12:37.001Z,1.138365837652602,0.9989064242216313,1.1035009842948593,1.138365837652602,-0.0348648533577427,0.011035009842948593,0.01138365837652602,-0.00034864853357742705,normal,normal,normal,normal,0.0,1000.0,1000.0,0,10,10
2026-08-24T04:12:42.002Z,1.1937531805649815,0.9989064242216313,1.1450414914791438,1.1937531805649815,-0.04871168908583767,0.011450414914791438,0.011937531805649815,-0.00048711689085837763,normal,normal,normal,normal,0.0,1000.0,1000.0,0,10,10
2026-08-24T04:12:47.003Z,1.0886458067681914,0.998927843894071,1.0662163160496614,1.0886458067681914,-0.022429490718530065,0.010662163160496615,0.010886458067681914,-0.00022429490718529899,normal,normal,normal,normal,0.0,1000.0,1000.0,0,10,10
2026-08-24T04:12:52.005Z,1.6252426651215635,1.0008577248847432,1.4691464300623585,1.6252426651215635,-0.156096235059205,0.014691464300623585,0.024378639976823453,-0.009687175676199868,normal,defensive,normal,high,500.0,1000.0,500.0,4,10,6
2026-08-24T04:12:57.016Z,1.7053112466195404,1.0008577248847432,1.529197866185841,1.7053112466195401,-0.17611338043369917,0.022937967992787616,0.025579668699293102,-0.0026417007065054864,defensive,defensive,high,high,0.0,500.0,500.0,0,6,6
2026-08-24T04:13:02.007Z,1.7882059241720467,1.0008577248847432,1.5913688743502208,1.7882059241720467,-0.19683704982182593,0.023870533115253313,0.0268230888625807,-0.0029525557473273865,defensive,defensive,high,high,0.0,500.0,500.0,0,6,6
2026-08-24T04:13:07.008Z,1.7883867023691027,1.0008577248847432,1.5915044579980129,1.7883867023691027,-0.1968822443710898,0.023872566869970194,0.02682580053553654,-0.0029532336655663446,defensive,defensive,high,high,0.0,500.0,500.0,0,6,6
2026-08-24T04:13:12.009Z,1.977283936996889,1.0002358743433044,1.733021921333493,1.977283936996889,-0.24426201566339611,0.025995328820002394,0.029659259054953334,-0.00366393023495094,defensive,defensive,high,high,0.0,500.0,500.0,0,6,6
2026-08-24T04:13:17.009Z,1.9904359681129775,1.0002358743433044,1.7428859446705591,1.9904359681129773,-0.24755002344241817,0.026143289170058388,0.02985653952169466,-0.0037132503516362735,defensive,defensive,high,high,0.0,500.0,500.0,0,6,6
2026-08-24T04:13:22.010Z,1.9904359681129775,1.0002358743433044,1.7428859446705591,1.9904359681129773,-0.24755002344241817,0.026143289170058388,0.02985653952169466,-0.0037132503516362735,defensive,defensive,high,high,0.0,500.0,500.0,0,6,6
2026-08-24T04:13:27.011Z,2.360732108792848,1.0002358743433044,2.020608050180462,2.360732108792848,-0.3401240586123859,0.03,0.03,0.0,defensive,defensive,high,high,0.0,500.0,500.0,0,6,6
2026-08-24T04:13:32.012Z,2.360732108792848,0.9998713412672885,2.020516916911458,2.360732108792848,-0.34021519188139004,0.03,0.03,0.0,defensive,defensive,high,high,0.0,500.0,500.0,0,6,6
2026-08-24T04:13:37.013Z,1.9135579785818049,0.9998713412672885,1.6851363192531759,1.9135579785818049,-0.228421659328629,0.025277044788797637,0.028703369678727074,-0.003426324889929437,defensive,defensive,high,high,0.0,500.0,500.0,0,6,6
2026-08-24T04:13:42.014Z,1.8639741636194085,0.9998713412672885,1.6479484580313786,1.8639741636194085,-0.21602570558802991,0.02471922687047068,0.027959612454291127,-0.0032403855838204487,defensive,defensive,high,high,0.0,500.0,500.0,0,6,6
2026-08-24T04:13:47.015Z,1.8650239061223461,0.9999356664951106,1.6487518462155373,1.8650239061223461,-0.21627205990680887,0.02473127769323306,0.02797535859183519,-0.00324408089860213,defensive,defensive,high,high,0.0,500.0,500.0,0,6,6
2026-08-24T04:13:52.016Z,1.3526507460050576,0.9987133299022131,1.2641663919793467,1.3526507460050576,-0.08848435402571098,0.018962495879690202,0.013526507460050576,0.005435988419639626,defensive,normal,high,normal,-500.0,500.0,1000.0,-4,6,10
2026-08-24T04:13:57.025Z,1.2875837460126554,0.9987133299022131,1.2153661419850448,1.2875837460126554,-0.07221760402761057,0.012153661419850447,0.012875837460126554,-0.0007221760402761068,normal,normal,normal,normal,0.0,1000.0,1000.0,0,10,10
2026-08-24T04:14:02.018Z,1.2414494275244576,0.9987133299022131,1.1807654031188966,1.2414494275244576,-0.06068402440556109,0.011807654031188965,0.012414494275244575,-0.0006068402440556099,normal,normal,normal,normal,0.0,1000.0,1000.0,0,10,10
2026-08-24T04:14:07.018Z,1.2412354111554194,0.9987347472711287,1.1806102451843465,1.2412354111554194,-0.060625165971072814,0.011806102451843464,0.012412354111554193,-0.0006062516597107291,normal,normal,normal,normal,0.0,1000.0,1000.0,0,10,10
2026-08-24T04:14:12.018Z,0.9939705707770855,0.9969762604276124,0.9947219931897172,0.9939705707770855,0.0007514224126317082,0.009947219931897172,0.009939705707770854,7.514224126318331e-06,normal,normal,normal,normal,0.0,1000.0,1000.0,0,10,10
2026-08-24T04:14:17.019Z,1.0014189992635296,0.9969762604276124,1.0003083145545504,1.0014189992635296,-0.001110684708979237,0.010003083145545504,0.010014189992635297,-1.1106847089792718e-05,normal,normal,normal,normal,0.0,1000.0,1000.0,0,10,10
2026-08-24T04:14:22.020Z,1.0293814086405246,0.9970190224967295,1.0212908121045758,1.0293814086405246,-0.00809059653594879,0.010212908121045758,0.010293814086405246,-8.09059653594877e-05,normal,normal,normal,normal,0.0,1000.0,1000.0,0,10,10
2026-08-24T04:14:27.021Z,0.36894005049305845,0.9970190224967295,0.5259597934939761,0.36894005049305845,0.1570197430009177,0.0075,0.0075,0.0,normal,normal,normal,normal,0.0,1000.0,1000.0,0,10,10
2026-08-24T04:14:32.021Z,0.3696102641930325,0.9952390143472946,0.526017451731598,0.3696102641930325,0.15640718753856547,0.0075,0.0075,0.0,normal,normal,normal,normal,0.0,1000.0,1000.0,0,10,10
2026-08-24T04:14:37.023Z,0.32620589153955304,0.9952390143472946,0.4934641722414884,0.32620589153955304,0.16725828070193538,0.0075,0.0075,0.0,normal,normal,normal,normal,0.0,1000.0,1000.0,0,10,10
2026-08-24T04:14:42.023Z,0.3490555857998385,0.9952390143472946,0.5106014429367025,0.3490555857998385,0.16154585713686404,0.0075,0.0075,0.0,normal,normal,normal,normal,0.0,1000.0,1000.0,0,10,10
2026-08-24T04:14:47.024Z,0.3495534053327925,0.995281703733888,0.5109854799330664,0.3495534053327925,0.16143207460027392,0.0075,0.0075,0.0,normal,normal,normal,normal,0.0,1000.0,1000.0,0,10,10
2026-08-24T04:14:52.025Z,0.320293907999724,0.9992279151564544,0.4900274097889066,0.320293907999724,0.16973350178918256,0.0075,0.0075,0.0,normal,normal,normal,normal,0.0,1000.0,1000.0,0,10,10
2026-08-24T04:14:57.035Z,0.31199639399605433,0.9992279151564544,0.48380427428615436,0.31199639399605433,0.17180788029010002,0.0075,0.0075,0.0,normal,normal,normal,normal,0.0,1000.0,1000.0,0,10,10
2026-08-24T04:15:02.029Z,0.25276277406424535,0.9992279151564544,0.4393790593372976,0.25276277406424535,0.18661628527305224,0.0075,0.0075,0.0,normal,normal,normal,normal,0.0,1000.0,1000.0,0,10,10
2026-08-24T04:15:07.031Z,2.0185422416280616,0.9992922100205902,1.7637297337261937,2.0185422416280616,-0.25481250790186794,0.026455946005892905,0.03,-0.0035440539941070937,defensive,defensive,high,high,0.0,500.0,500.0,0,6,6
2026-08-24T04:15:12.031Z,2.019307970878404,0.9992922100205902,1.7643040306639504,2.019307970878404,-0.2550039402144535,0.026464560459959256,0.03,-0.0035354395400407426,defensive,defensive,high,high,0.0,500.0,500.0,0,6,6
2026-08-24T04:15:17.032Z,1.9947729165067984,0.9992922100205902,1.7459027398852462,1.9947729165067984,-0.2488701766215522,0.026188541098278693,0.029921593747601977,-0.0037330526493232832,defensive,defensive,high,high,0.0,500.0,500.0,0,6,6
2026-08-24T04:15:22.033Z,1.9947729165067984,0.9992922100205902,1.7459027398852462,1.9947729165067984,-0.2488701766215522,0.026188541098278693,0.029921593747601977,-0.0037330526493232832,defensive,defensive,high,high,0.0,500.0,500.0,0,6,6
2026-08-24T04:15:27.035Z,2.013678838063086,0.9993779493779493,1.760103615891802,2.013678838063086,-0.25357522217128414,0.02640155423837703,0.03,-0.0035984457616229683,defensive,defensive,high,high,0.0,500.0,500.0,0,6,6
2026-08-24T04:15:32.037Z,2.0150750423091686,0.9984555984555985,1.760920181345776,2.0150750423091686,-0.25415486096339257,0.02641380272018664,0.03,-0.0035861972798133593,defensive,defensive,high,high,0.0,500.0,500.0,0,6,6
2026-08-24T04:15:37.040Z,2.020566000567257,0.9984555984555985,1.7650384000393424,2.020566000567257,-0.25552760052791457,0.026475576000590136,0.03,-0.0035244239994098626,defensive,defensive,high,high,0.0,500.0,500.0,0,6,6
2026-08-24T04:15:42.042Z,2.0543724882127226,0.9984555984555985,1.7903932657734416,2.0543724882127226,-0.26397922243928096,0.026855898986601623,0.03,-0.003144101013398376,defensive,defensive,high,high,0.0,500.0,500.0,0,6,6
2026-08-24T04:15:47.044Z,2.1000679049043987,0.9986055392272543,1.8247023134851126,2.1000679049043987,-0.27536559141928607,0.02737053470227669,0.03,-0.0026294652977233088,defensive,defensive,high,high,0.0,500.0,500.0,0,6,6
2026-08-24T04:15:52.045Z,2.1572295193566102,0.9987342586832,1.8676057041882577,2.1572295193566102,-0.28962381516835256,0.028014085562823865,0.03,-0.001985914437176134,defensive,defensive,high,high,0.0,500.0,500.0,0,6,6
2026-08-24T04:15:57.059Z,2.1605683612797444,0.9987342586832,1.8701098356306083,2.1605683612797444,-0.2904585256491361,0.028051647534459125,0.03,-0.0019483524655408736,defensive,defensive,high,high,0.0,500.0,500.0,0,6,6
2026-08-24T04:16:02.049Z,2.397036770567971,0.9987342586832,2.047461142596778,2.397036770567971,-0.349575627971193,0.03,0.03,0.0,defensive,defensive,high,high,0.0,500.0,500.0,0,6,6
2026-08-24T04:16:07.048Z,0.8475615087955476,0.9987449718423169,0.8853573745572398,0.8475615087955476,0.03779586576169225,0.008853573745572397,0.008475615087955477,0.0003779586576169204,normal,normal,normal,normal,0.0,1000.0,1000.0,0,10,10
2026-08-24T04:16:12.045Z,0.8569171983574168,0.9968463056723591,0.8918994751861523,0.8569171983574168,0.03498227682873556,0.008918994751861522,0.008569171983574169,0.0003498227682873535,normal,normal,normal,normal,0.0,1000.0,1000.0,0,10,10
2026-08-24T04:16:17.044Z,0.8569690645645476,0.9968463056723591,0.8919383748415004,0.8569690645645475,0.034969310276952936,0.008919383748415005,0.008569690645645474,0.0003496931027695306,normal,normal,normal,normal,0.0,1000.0,1000.0,0,10,10
2026-08-24T04:16:22.043Z,0.8569690645645476,0.9968463056723591,0.8919383748415004,0.8569690645645475,0.034969310276952936,0.008919383748415005,0.008569690645645474,0.0003496931027695306,normal,normal,normal,normal,0.0,1000.0,1000.0,0,10,10
2026-08-24T04:16:27.044Z,0.8527764931139792,0.9968463056723591,0.8887939462535741,0.8527764931139791,0.036017453139595035,0.008887939462535742,0.00852776493113979,0.0003601745313959511,normal,normal,normal,normal,0.0,1000.0,1000.0,0,10,10
2026-08-24T04:16:32.044Z,0.8527966280061166,0.9928130095254442,0.8878007233859484,0.8527966280061166,0.035004095379831845,0.008878007233859484,0.008527966280061167,0.0003500409537983175,normal,normal,normal,normal,0.0,1000.0,1000.0,0,10,10
2026-08-24T04:16:37.045Z,1.0959927492469062,0.9928130095254442,1.0701978143165407,1.0959927492469062,-0.025794934930365443,0.010701978143165407,0.010959927492469062,-0.0002579493493036541,normal,normal,normal,normal,0.0,1000.0,1000.0,0,10,10
2026-08-24T04:16:42.049Z,1.0683335888806875,0.9928130095254442,1.0494534440418768,1.0683335888806875,-0.01888014483881073,0.010494534440418767,0.010683335888806876,-0.0001888014483881085,normal,normal,normal,normal,0.0,1000.0,1000.0,0,10,10
2026-08-24T04:16:47.048Z,1.0759169865229714,0.9928130095254442,1.0551409922735897,1.0759169865229714,-0.020775994249381702,0.010551409922735898,0.010759169865229713,-0.0002077599424938157,normal,normal,normal,normal,0.0,1000.0,1000.0,0,10,10
2026-08-24T04:16:52.048Z,0.9999056994546837,0.9913327040247149,0.9977624505971915,0.9999056994546837,-0.002143248857492175,0.009977624505971915,0.009999056994546836,-2.1432488574921887e-05,normal,normal,normal,normal,0.0,1000.0,1000.0,0,10,10
2026-08-24T04:16:57.050Z,0.950704880507999,0.9898523985239853,0.9604917600119955,0.950704880507999,0.009786879503996593,0.009604917600119955,0.00950704880507999,9.786879503996537e-05,normal,normal,normal,normal,0.0,1000.0,1000.0,0,10,10
2026-08-24T04:17:02.051Z,0.7211440150131256,0.9899373498111913,0.7883423487126421,0.7211440150131256,0.06719833369951644,0.007883423487126421,0.0075,0.0003834234871264216,normal,normal,normal,normal,0.0,1000.0,1000.0,0,10,10
2026-08-24T04:17:07.052Z,0.8040902782267813,0.9899373498111913,0.8505520461228838,0.8040902782267813,0.04646176789610257,0.008505520461228837,0.008040902782267814,0.0004646176789610233,normal,normal,normal,normal,0.0,1000.0,1000.0,0,10,10
2026-08-24T04:17:12.054Z,0.8046771897444461,0.9898837109509098,0.850978820046062,0.8046771897444461,0.046301630301615826,0.00850978820046062,0.00804677189744446,0.00046301630301615916,normal,normal,normal,normal,0.0,1000.0,1000.0,0,10,10
2026-08-24T04:17:17.056Z,0.8046771897444461,0.9898300720906281,0.8509654103309916,0.8046771897444461,0.04628822058654547,0.008509654103309916,0.00804677189744446,0.00046288220586545616,normal,normal,normal,normal,0.0,1000.0,1000.0,0,10,10
2026-08-24T04:17:22.057Z,0.8046771897444461,0.9901912386512416,0.851055701971145,0.8046771897444461,0.046378512226698865,0.00851055701971145,0.00804677189744446,0.0004637851222669895,normal,normal,normal,normal,0.0,1000.0,1000.0,0,10,10
2026-08-24T04:17:27.059Z,0.8046771897444461,0.9901912386512416,0.851055701971145,0.8046771897444461,0.046378512226698865,0.00851055701971145,0.00804677189744446,0.0004637851222669895,normal,normal,normal,normal,0.0,1000.0,1000.0,0,10,10
2026-08-24T04:17:32.061Z,0.8046771897444461,0.9904166040651629,0.8511120433246253,0.8046771897444461,0.04643485358017918,0.008511120433246254,0.00804677189744446,0.0004643485358017934,normal,normal,normal,normal,0.0,1000.0,1000.0,0,10,10
2026-08-24T04:17:37.063Z,0.46719608293246123,0.990641969479084,0.5980575545691169,0.46719608293246123,0.13086147163665568,0.0075,0.0075,0.0,normal,normal,normal,normal,0.0,1000.0,1000.0,0,10,10
2026-08-24T04:17:42.064Z,0.43338926764088453,0.990641969479084,0.5727024431004344,0.43338926764088453,0.13931317545954985,0.0075,0.0075,0.0,normal,normal,normal,normal,0.0,1000.0,1000.0,0,10,10
2026-08-24T04:17:47.066Z,0.44641465066940084,0.990641969479084,0.5824714803718216,0.44641465066940084,0.13605682970242078,0.0075,0.0075,0.0,normal,normal,normal,normal,0.0,1000.0,1000.0,0,10,10
2026-08-24T04:17:52.066Z,0.46789485960478644,0.9911892854843211,0.59871846607467,0.46789485960478644,0.1308236064698836,0.0075,0.0075,0.0,normal,normal,normal,normal,0.0,1000.0,1000.0,0,10,10
2026-08-24T04:17:57.068Z,0.6144818293311143,0.9917366014895581,0.7087955223707252,0.6144818293311143,0.0943136930396109,0.0075,0.0075,0.0,normal,normal,normal,normal,0.0,1000.0,1000.0,0,10,10
2026-08-24T04:18:02.071Z,0.5570187152079498,0.9918004636387052,0.6657141523156387,0.5570187152079498,0.10869543710768892,0.0075,0.0075,0.0,normal,normal,normal,normal,0.0,1000.0,1000.0,0,10,10
2026-08-24T04:18:07.072Z,0.5652091175000874,0.9918004636387052,0.6718569540347419,0.5652091175000874,0.10664783653465448,0.0075,0.0075,0.0,normal,normal,normal,normal,0.0,1000.0,1000.0,0,10,10
2026-08-24T04:18:12.074Z,0.580088942988328,0.9918004636387052,0.6830168231509224,0.580088942988328,0.10292788016259435,0.0075,0.0075,0.0,normal,normal,normal,normal,0.0,1000.0,1000.0,0,10,10
2026-08-24T04:18:17.078Z,0.5817394475691875,0.9925731948141152,0.6844478843804194,0.5817394475691875,0.10270843681123187,0.0075,0.0075,0.0,normal,normal,normal,normal,0.0,1000.0,1000.0,0,10,10
2026-08-24T04:18:22.078Z,0.9139079142709011,0.9926371149511646,0.9335902144409669,0.9139079142709011,0.01968230017006578,0.009335902144409668,0.009139079142709011,0.00019682300170065746,normal,normal,normal,normal,0.0,1000.0,1000.0,0,10,10
2026-08-24T04:18:27.080Z,0.969395935932087,0.9924331866480627,0.9751552486110808,0.969395935932087,0.0057593126789938776,0.009751552486110808,0.00969395935932087,5.7593126789937804e-05,normal,normal,normal,normal,0.0,1000.0,1000.0,0,10,10
2026-08-24T04:18:32.082Z,1.009588729061202,0.9924331866480627,1.0052998434579172,1.009588729061202,-0.0042888856032847755,0.010052998434579172,0.01009588729061202,-4.288885603284838e-05,normal,normal,normal,normal,0.0,1000.0,1000.0,0,10,10
2026-08-24T04:18:37.083Z,1.0508701275529313,0.9922292583449608,1.0362099102509386,1.0508701275529313,-0.01466021730199274,0.010362099102509386,0.010508701275529313,-0.0001466021730199274,normal,normal,normal,normal,0.0,1000.0,1000.0,0,10,10
2026-08-24T04:18:42.085Z,1.0512504659656106,0.992506226917461,1.0365644062035733,1.0512504659656106,-0.014686059762037296,0.010365644062035733,0.010512504659656106,-0.00014686059762037372,normal,normal,normal,normal,0.0,1000.0,1000.0,0,10,10
2026-08-24T04:18:47.087Z,1.1328754775646799,0.9924632826591084,1.097772428838287,1.1328754775646799,-0.035103048726392805,0.01097772428838287,0.011328754775646798,-0.0003510304872639293,normal,normal,normal,normal,0.0,1000.0,1000.0,0,10,10
2026-08-24T04:18:52.089Z,1.1378533033593332,0.9924632826591084,1.101505798184277,1.1378533033593332,-0.03634750517505614,0.01101505798184277,0.011378533033593333,-0.0003634750517505624,normal,normal,normal,normal,0.0,1000.0,1000.0,0,10,10
2026-08-24T04:18:57.091Z,1.0333282757321673,0.9924203384007557,1.0231012913993145,1.0333282757321673,-0.010226984332852851,0.010231012913993144,0.010333282757321673,-0.00010226984332852886,normal,normal,normal,normal,0.0,1000.0,1000.0,0,10,10
2026-08-24T04:19:02.092Z,1.0353472248900046,0.9926334779433873,1.0246687881533503,1.0353472248900046,-0.010678436736654362,0.010246687881533503,0.010353472248900045,-0.0001067843673665421,normal,normal,normal,normal,0.0,1000.0,1000.0,0,10,10
2026-08-24T04:19:07.095Z,0.9283117509587967,0.9915703792792405,0.9441264080389076,0.9283117509587967,0.015814657080110872,0.009441264080389075,0.009283117509587968,0.0001581465708011074,normal,normal,normal,normal,0.0,1000.0,1000.0,0,10,10
2026-08-24T04:19:12.095Z,0.934156833049212,0.9915703792792405,0.9485102196067192,0.934156833049212,0.014353386557507175,0.009485102196067192,0.00934156833049212,0.00014353386557507293,normal,normal,normal,normal,0.0,1000.0,1000.0,0,10,10
2026-08-24T04:19:17.097Z,1.0572552383606812,0.9905072806150939,1.0405682489242845,1.0572552383606812,-0.016686989436396793,0.010405682489242845,0.010572552383606812,-0.0001668698943639666,normal,normal,normal,normal,0.0,1000.0,1000.0,0,10,10
2026-08-24T04:19:22.098Z,0.7326010358003107,0.9905072806150939,0.7970775970040065,0.7326010358003107,0.06447656120369583,0.007970775970040065,0.0075,0.0004707759700400653,normal,normal,normal,normal,0.0,1000.0,1000.0,0,10,10
2026-08-24T04:19:27.100Z,0.7331296090131943,0.989981100468193,0.797342481876944,0.7331296090131943,0.06421287286374966,0.00797342481876944,0.0075,0.00047342481876943947,normal,normal,normal,normal,0.0,1000.0,1000.0,0,10,10
2026-08-24T04:19:32.101Z,0.6888944791808799,0.989981100468193,0.7641661345027082,0.6888944791808799,0.07527165532182833,0.007641661345027082,0.0075,0.00014166134502708195,normal,normal,normal,normal,0.0,1000.0,1000.0,0,10,10
2026-08-24T04:19:37.103Z,0.6352093192607272,0.9894549203212921,0.7237707195258685,0.6352093192607272,0.08856140026514125,0.0075,0.0075,0.0,normal,normal,normal,normal,0.0,1000.0,1000.0,0,10,10
2026-08-24T04:19:42.105Z,0.6346711056942823,0.9894549203212921,0.7233670593510348,0.6346711056942823,0.08869595365675254,0.0075,0.0075,0.0,normal,normal,normal,normal,0.0,1000.0,1000.0,0,10,10
2026-08-24T04:19:47.107Z,0.48032842516674384,0.9891542459516345,0.6075348803629665,0.48032842516674384,0.1272064551962227,0.0075,0.0075,0.0,normal,normal,normal,normal,0.0,1000.0,1000.0,0,10,10
2026-08-24T04:19:52.108Z,0.4800113818824426,0.9891542459516345,0.6072970978997405,0.4800113818824426,0.12728571601729793,0.0075,0.0075,0.0,normal,normal,normal,normal,0.0,1000.0,1000.0,0,10,10
2026-08-24T04:19:57.109Z,0.48002057492017586,0.9888535715819767,0.6072288240856261,0.48002057492017586,0.1272082491654502,0.0075,0.0075,0.0,normal,normal,normal,normal,0.0,1000.0,1000.0,0,10,10
2026-08-24T04:20:02.111Z,0.4800573530696509,0.9888535715819767,0.6072564076977324,0.48005735306965097,0.1271990546280814,0.0075,0.0075,0.0,normal,normal,normal,normal,0.0,1000.0,1000.0,0,10,10
2026-08-24T04:20:07.113Z,0.6454994856230499,0.9888535715819767,0.7313380071127816,0.6454994856230499,0.0858385214897317,0.0075,0.0075,0.0,short_bias,short_bias,normal,normal,0.0,1000.0,1000.0,0,10,10
2026-08-24T04:20:12.114Z,0.6359168351209472,0.9888535715819767,0.7241510192362046,0.6359168351209472,0.08823418411525741,0.0075,0.0075,0.0,short_bias,short_bias,normal,normal,0.0,1000.0,1000.0,0,10,10
2026-08-24T04:20:17.116Z,0.2131241700893523,0.9888535715819767,0.4070565204625084,0.21312417008935233,0.19393235037315606,0.0075,0.0075,0.0,short_bias,short_bias,normal,normal,0.0,1000.0,1000.0,0,10,10
2026-08-24T04:20:22.116Z,0.6293983755780096,0.9888535715819767,0.7192621745790013,0.6293983755780096,0.08986379900099173,0.0075,0.0075,0.0,normal,normal,normal,normal,0.0,1000.0,1000.0,0,10,10
2026-08-24T04:20:27.117Z,0.6916701867481466,0.9887784029895623,0.7659472408085006,0.6916701867481466,0.07427705406035401,0.007659472408085006,0.0075,0.00015947240808500667,normal,normal,normal,normal,0.0,1000.0,1000.0,0,10,10
2026-08-24T04:20:32.119Z,0.7138585820264989,0.9887784029895623,0.7825885372672647,0.7138585820264988,0.06872995524076597,0.007825885372672647,0.0075,0.00032588537267264767,normal,normal,normal,normal,0.0,1000.0,1000.0,0,10,10
2026-08-24T04:20:37.121Z,0.7181120822015878,0.9887032343971479,0.7857598702504779,0.7181120822015878,0.06764778804889005,0.007857598702504779,0.0075,0.00035759870250477895,normal,normal,normal,normal,0.0,1000.0,1000.0,0,10,10
2026-08-24T04:20:42.123Z,0.7273597970300423,0.9887032343971479,0.7926956563718187,0.7273597970300423,0.06533585934177644,0.007926956563718187,0.0075,0.0004269565637181876,normal,normal,normal,normal,0.0,1000.0,1000.0,0,10,10
2026-08-24T04:20:47.125Z,0.7277371164524491,0.9899274086164684,0.793284689493454,0.7277371164524492,0.06554757304100478,0.00793284689493454,0.0075,0.0004328468949345403,normal,normal,normal,normal,0.0,1000.0,1000.0,0,10,10
2026-08-24T04:20:52.127Z,0.7396815349142359,0.9899274086164684,0.802243003339794,0.7396815349142359,0.0625614684255581,0.00802243003339794,0.0075,0.0005224300333979397,normal,normal,normal,normal,0.0,1000.0,1000.0,0,10,10
2026-08-24T04:20:57.129Z,0.7614341296460628,0.991151582835789,0.8188634929434944,0.7614341296460628,0.057429363297431535,0.008188634929434944,0.007614341296460628,0.0005742936329743162,normal,normal,normal,normal,0.0,1000.0,1000.0,0,10,10
2026-08-24T04:21:02.131Z,0.8425246909080913,0.991151582835789,0.8796814138900158,0.8425246909080913,0.037156722981924406,0.008796814138900159,0.008425246909080914,0.00037156722981924496,normal,normal,normal,normal,0.0,1000.0,1000.0,0,10,10
2026-08-24T04:21:07.133Z,0.8422936697352386,0.9895515656543964,0.879108143715028,0.8422936697352386,0.03681447397978943,0.00879108143715028,0.008422936697352387,0.0003681447397978939,normal,normal,normal,normal,0.0,1000.0,1000.0,0,10,10
2026-08-24T04:21:12.134Z,0.9604479689749378,0.9895515656543964,0.9677238681448024,0.9604479689749378,0.007275899169864597,0.009677238681448024,0.009604479689749378,7.275899169864597e-05,normal,normal,normal,normal,0.0,1000.0,1000.0,0,10,10
2026-08-24T04:21:17.136Z,0.9596024806036617,0.9879515484730037,0.9666897475709972,0.9596024806036617,0.007087266967335526,0.009666897475709972,0.009596024806036618,7.087266967335457e-05,normal,normal,normal,normal,0.0,1000.0,1000.0,0,10,10
2026-08-24T04:21:22.138Z,0.6304271219046457,0.9879515484730037,0.7198082285467352,0.6304271219046457,0.08938110664208954,0.0075,0.0075,0.0,normal,normal,normal,normal,0.0,1000.0,1000.0,0,10,10
2026-08-24T04:21:27.141Z,0.5431147446962521,0.9875005369185172,0.6542111927518184,0.5431147446962521,0.11109644805556629,0.0075,0.0075,0.0,normal,normal,normal,normal,0.0,1000.0,1000.0,0,10,10
2026-08-24T04:21:32.141Z,0.4850636970803446,0.9875005369185172,0.6106729070398877,0.4850636970803446,0.12560920995954317,0.0075,0.0075,0.0,normal,normal,normal,normal,0.0,1000.0,1000.0,0,10,10
2026-08-24T04:21:37.143Z,0.9769697633059137,0.9870495253640308,0.979489703820443,0.9769697633059137,0.0025199405145293063,0.00979489703820443,0.009769697633059137,2.519940514529237e-05,normal,normal,normal,normal,0.0,1000.0,1000.0,0,10,10
2026-08-24T04:21:42.144Z,0.9854017371873809,0.9870495253640308,0.9858136842315434,0.9854017371873809,0.0004119470441624751,0.009858136842315434,0.00985401737187381,4.1194704416252365e-06,normal,normal,normal,normal,0.0,1000.0,1000.0,0,10,10
2026-08-24T04:21:47.146Z,0.986493081604986,0.9866629440316138,0.9865355472116429,0.986493081604986,4.2465606656882926e-05,0.009865355472116429,0.00986493081604986,4.246560665679966e-07,normal,normal,normal,normal,0.0,1000.0,1000.0,0,10,10
2026-08-24T04:21:52.146Z,0.9829213298166886,0.9866629440316138,0.9838567333704198,0.9829213298166884,0.0009354035537313399,0.009838567333704197,0.009829213298166883,9.354035537314023e-06,normal,normal,normal,normal,0.0,1000.0,1000.0,0,10,10
2026-08-24T04:21:57.147Z,0.9558139233696378,0.9862763626991968,0.9634295332020275,0.9558139233696378,0.007615609832389736,0.009634295332020275,0.009558139233696378,7.615609832389673e-05,normal,normal,normal,normal,0.0,1000.0,1000.0,0,10,10
2026-08-24T04:22:02.149Z,0.9727774309955887,0.9862763626991968,0.9761521639214907,0.9727774309955887,0.0033747329259020686,0.009761521639214907,0.009727774309955887,3.374732925901999e-05,normal,normal,normal,normal,0.0,1000.0,1000.0,0,10,10
2026-08-24T04:22:07.151Z,1.0093460085665902,0.9862763626991968,1.003578597099742,1.0093460085665902,-0.005767411466848227,0.01003578597099742,0.010093460085665902,-5.767411466848192e-05,normal,normal,normal,normal,0.0,1000.0,1000.0,0,10,10
2026-08-24T04:22:12.153Z,0.8416172197374143,0.9862763626991968,0.87778200547786,0.8416172197374143,0.03616478574044568,0.0087778200547786,0.008416172197374143,0.00036164785740445786,normal,normal,normal,normal,0.0,1000.0,1000.0,0,10,10
2026-08-24T04:22:17.156Z,0.8416172197374143,0.9862763626991968,0.87778200547786,0.8416172197374143,0.03616478574044568,0.0087778200547786,0.008416172197374143,0.00036164785740445786,normal,normal,normal,normal,0.0,1000.0,1000.0,0,10,10
2026-08-24T04:22:22.157Z,0.8416172197374143,0.9864458478326246,0.8778243767612168,0.8416172197374143,0.036207157023802505,0.008778243767612168,0.008416172197374143,0.00036207157023802547,normal,normal,normal,normal,0.0,1000.0,1000.0,0,10,10
2026-08-24T04:22:27.157Z,0.8590390586227764,0.9861021609313915,0.8908048341999302,0.8590390586227764,0.031765775577153765,0.008908048341999302,0.008590390586227764,0.00031765775577153807,normal,normal,normal,normal,0.0,1000.0,1000.0,0,10,10
2026-08-24T04:22:32.158Z,0.8590390586227764,0.9861021609313915,0.8908048341999302,0.8590390586227764,0.031765775577153765,0.008908048341999302,0.008590390586227764,0.00031765775577153807,normal,normal,normal,normal,0.0,1000.0,1000.0,0,10,10
2026-08-24T04:22:37.160Z,0.15963086039323002,0.9857584740301585,0.36616276380246215,0.15963086039323002,0.20653190340923214,0.0075,0.0075,0.0,normal,normal,normal,normal,0.0,1000.0,1000.0,0,10,10
2026-08-24T04:22:42.162Z,0.17451206873476827,0.9858855375096673,0.377355435928493,0.17451206873476824,0.20284336719372478,0.0075,0.0075,0.0,normal,normal,normal,normal,0.0,1000.0,1000.0,0,10,10
2026-08-24T04:22:47.164Z,0.17519558590897674,0.9875504855203231,0.37828431081181335,0.17519558590897674,0.2030887249028366,0.0075,0.0075,0.0,normal,normal,normal,normal,0.0,1000.0,1000.0,0,10,10
2026-08-24T04:22:52.164Z,0.17519558590897674,0.9875504855203231,0.37828431081181335,0.17519558590897674,0.2030887249028366,0.0075,0.0075,0.0,normal,normal,normal,normal,0.0,1000.0,1000.0,0,10,10
2026-08-24T04:22:57.167Z,0.6325552986271313,0.9892154335309787,0.7217203323530932,0.6325552986271313,0.08916503372596185,0.0075,0.0075,0.0,normal,normal,normal,normal,0.0,1000.0,1000.0,0,10,10
2026-08-24T04:23:02.171Z,0.7225206086971586,0.9904495590449559,0.7895028462841079,0.7225206086971586,0.06698223758694932,0.00789502846284108,0.0075,0.0003950284628410801,normal,normal,normal,normal,0.0,1000.0,1000.0,0,10,10
2026-08-24T04:23:07.171Z,0.7516400069993863,0.9904495590449559,0.8113423950107788,0.7516400069993864,0.05970238801139238,0.008113423950107787,0.007516400069993864,0.0005970238801139231,normal,normal,normal,normal,0.0,1000.0,1000.0,0,10,10
2026-08-24T04:23:12.171Z,0.7517773683000811,0.9904495590449559,0.8114454159862998,0.7517773683000811,0.059668047686218695,0.008114454159862998,0.007517773683000811,0.0005966804768621874,normal,normal,normal,normal,0.0,1000.0,1000.0,0,10,10
2026-08-24T04:23:17.172Z,0.7519148049361443,0.9904495590449559,0.8115484934633472,0.7519148049361443,0.059633688527202966,0.008115484934633472,0.007519148049361443,0.0005963368852720296,normal,normal,normal,normal,0.0,1000.0,1000.0,0,10,10
2026-08-24T04:23:22.173Z,0.8721387224664972,0.9909824599160658,0.9018496568288894,0.8721387224664973,0.02971093436239214,0.009018496568288894,0.008721387224664973,0.00029710934362392125,normal,normal,normal,normal,0.0,1000.0,1000.0,0,10,10
2026-08-24T04:23:27.173Z,0.8551916765443022,0.9917141934789626,0.8893223057779673,0.8551916765443023,0.034130629233665055,0.008893223057779674,0.008551916765443023,0.00034130629233665097,normal,normal,normal,normal,0.0,1000.0,1000.0,0,10,10
2026-08-24T04:23:32.175Z,0.8872403760044184,0.9917141934789626,0.9133588303730544,0.8872403760044184,0.026118454368636024,0.009133588303730544,0.008872403760044185,0.0002611845436863592,normal,normal,normal,normal,0.0,1000.0,1000.0,0,10,10
2026-08-24T04:23:37.177Z,0.9104911175532816,0.9924459270418594,0.930979819925426,0.9104911175532816,0.020488702372144396,0.00930979819925426,0.009104911175532816,0.00020488702372144403,normal,normal,normal,normal,0.0,1000.0,1000.0,0,10,10
2026-08-24T04:23:42.178Z,0.9053108231267206,0.9936862973258345,0.9274046916764991,0.9053108231267206,0.02209386854977846,0.009274046916764991,0.009053108231267206,0.00022093868549778566,normal,normal,normal,normal,0.0,1000.0,1000.0,0,10,10
2026-08-24T04:23:47.179Z,1.0844886987280846,0.9923502919818131,1.0614540970415167,1.0844886987280846,-0.0230346016865679,0.010614540970415167,0.010844886987280845,-0.00023034601686567832,normal,normal,normal,normal,0.0,1000.0,1000.0,0,10,10
2026-08-24T04:23:52.180Z,1.087550554023938,0.9923502919818131,1.0637504885134068,1.087550554023938,-0.023800065510531265,0.010637504885134067,0.01087550554023938,-0.00023800065510531238,normal,normal,normal,normal,0.0,1000.0,1000.0,0,10,10
2026-08-24T04:23:57.182Z,0.6595277383844849,0.9923502919818131,0.7427333767838169,0.6595277383844849,0.08320563839933204,0.0075,0.0075,0.0,normal,normal,normal,normal,0.0,1000.0,1000.0,0,10,10
2026-08-24T04:24:02.186Z,0.5304934659293933,0.9951379735073578,0.6466545928238845,0.5304934659293933,0.1161611268944912,0.0075,0.0075,0.0,normal,normal,normal,normal,0.0,1000.0,1000.0,0,10,10
2026-08-24T04:24:07.184Z,0.5304934659293933,0.993171553903667,0.6461629879229618,0.5304934659293933,0.1156695219935685,0.0075,0.0075,0.0,normal,normal,normal,normal,0.0,1000.0,1000.0,0,10,10
2026-08-24T04:24:12.186Z,0.7621967913676528,0.993171553903667,0.8199404820016565,0.762196791367653,0.05774369063400353,0.008199404820016565,0.00762196791367653,0.0005774369063400358,normal,normal,normal,normal,0.0,1000.0,1000.0,0,10,10
2026-08-24T04:24:17.191Z,0.8352442131258876,0.9912051342999761,0.8742344434194098,0.8352442131258876,0.03899023029352222,0.008742344434194098,0.008352442131258875,0.00038990230293522304,short_bias,short_bias,normal,normal,0.0,1000.0,1000.0,0,10,10
2026-08-24T04:24:22.193Z,0.9761059680000153,0.9919553652523679,0.9800683173131034,0.9761059680000153,0.003962349313088143,0.009800683173131035,0.009761059680000152,3.96234931308824e-05,normal,normal,normal,normal,0.0,1000.0,1000.0,0,10,10
2026-08-24T04:24:27.194Z,1.0073346460015709,0.9934475152458804,1.0038628633126483,1.0073346460015709,-0.0034717826889225645,0.010038628633126483,0.010073346460015708,-3.4717826889225575e-05,normal,normal,normal,normal,0.0,1000.0,1000.0,0,10,10
2026-08-24T04:24:32.195Z,0.9983569705945079,0.9936516519764236,0.9971806409399868,0.9983569705945078,-0.001176329654520969,0.009971806409399868,0.009983569705945078,-1.1763296545209967e-05,normal,normal,normal,normal,0.0,1000.0,1000.0,0,10,10
2026-08-24T04:24:37.197Z,0.9983569705945079,0.9936516519764236,0.9971806409399868,0.9983569705945078,-0.001176329654520969,0.009971806409399868,0.009983569705945078,-1.1763296545209967e-05,short_bias,short_bias,normal,normal,0.0,1000.0,1000.0,0,10,10
2026-08-24T04:24:42.199Z,1.0177777290897378,0.9938558726175282,1.0117972649716855,1.0177777290897378,-0.005980464118052309,0.010117972649716854,0.010177777290897378,-5.980464118052371e-05,short_bias,short_bias,normal,normal,0.0,1000.0,1000.0,0,10,10
2026-08-24T04:24:47.201Z,0.8814992683527872,0.9929472340609653,0.9093612597798317,0.8814992683527872,0.027861991427044486,0.009093612597798317,0.008814992683527872,0.00027861991427044486,short_bias,short_bias,normal,normal,0.0,1000.0,1000.0,0,10,10
2026-08-24T04:24:52.203Z,0.8958669553995534,0.9920815213863828,0.9199205968962607,0.8958669553995534,0.0240536414967073,0.009199205968962607,0.008958669553995534,0.00024053641496707238,normal,normal,normal,normal,0.0,1000.0,1000.0,0,10,10
2026-08-24T04:24:57.204Z,0.8894959681761826,0.9920815213863828,0.9151423564787327,0.8894959681761826,0.02564638830255006,0.009151423564787327,0.008894959681761827,0.0002564638830255001,normal,normal,normal,normal,0.0,1000.0,1000.0,0,10,10
2026-08-24T04:25:02.207Z,0.8547892627980654,0.9921244509833619,0.8891230598443896,0.8547892627980654,0.03433379704632411,0.008891230598443897,0.008547892627980653,0.0003433379704632436,normal,normal,normal,normal,0.0,1000.0,1000.0,0,10,10
2026-08-24T04:25:07.206Z,1.308550434003637,0.9919729981176573,1.229406075032142,1.308550434003637,-0.07914435897149485,0.01229406075032142,0.01308550434003637,-0.0007914435897149498,normal,normal,normal,normal,0.0,1000.0,1000.0,0,10,10
2026-08-24T04:25:12.207Z,1.1478483366616776,0.9920576523545706,1.1089006655849007,1.1478483366616776,-0.03894767107677688,0.011089006655849007,0.011478483366616776,-0.000389476710767769,normal,normal,normal,normal,0.0,1000.0,1000.0,0,10,10
2026-08-24T04:25:17.209Z,1.1481587294083282,0.9921005929965805,1.1091441953053913,1.1481587294083282,-0.03901453410293687,0.011091441953053912,0.011481587294083282,-0.0003901453410293694,normal,normal,normal,normal,0.0,1000.0,1000.0,0,10,10
2026-08-24T04:25:22.210Z,1.1327666005486916,0.9921005929965805,1.0976000986606638,1.1327666005486916,-0.035166501888027835,0.010976000986606638,0.011327666005486917,-0.00035166501888027855,normal,normal,normal,normal,0.0,1000.0,1000.0,0,10,10
2026-08-24T04:25:27.212Z,1.1078160643074004,0.9938211487685581,1.07931733542269,1.1078160643074004,-0.0284987288847105,0.0107931733542269,0.011078160643074004,-0.00028498728884710466,normal,normal,normal,normal,0.0,1000.0,1000.0,0,10,10
2026-08-24T04:25:32.212Z,1.1258230206536344,0.9955417045405358,1.0932526916253598,1.1258230206536344,-0.032570329028274614,0.010932526916253599,0.011258230206536345,-0.00032570329028274586,normal,normal,normal,normal,0.0,1000.0,1000.0,0,10,10
2026-08-24T04:25:37.214Z,1.2199279812705541,0.9960914238693821,1.1639688419202612,1.2199279812705541,-0.05595913935029295,0.011639688419202612,0.01219927981270554,-0.0005595913935029281,normal,normal,normal,normal,0.0,1000.0,1000.0,0,10,10
2026-08-24T04:25:42.216Z,1.1957953301970699,0.9963287451672642,1.1459286839396183,1.1957953301970699,-0.04986664625745152,0.011459286839396184,0.011957953301970699,-0.0004986664625745152,normal,normal,normal,normal,0.0,1000.0,1000.0,0,10,10
2026-08-24T04:25:47.217Z,1.2291703251155788,0.9951699715179936,1.1706702367161825,1.2291703251155788,-0.058500088399396244,0.011706702367161825,0.012291703251155788,-0.0005850008839939635,normal,normal,normal,normal,0.0,1000.0,1000.0,0,10,10
2026-08-24T04:25:52.218Z,1.788191966783698,0.9943234752464521,1.5897248438993867,1.788191966783698,-0.19846712288431134,0.0238458726584908,0.02682287950175547,-0.0029770068432646707,defensive,defensive,high,high,0.0,500.0,500.0,0,6,6
2026-08-24T04:25:57.220Z,1.806483674085158,0.9943234752464521,1.6034436243754817,1.8064836740851582,-0.20304004970967648,0.024051654365632225,0.027097255111277373,-0.003045600745645149,defensive,defensive,high,high,0.0,500.0,500.0,0,6,6
2026-08-24T04:26:02.224Z,1.8014113683598774,0.9943234752464521,1.599639395081521,1.8014113683598774,-0.20177197327835628,0.023994590926222813,0.02702117052539816,-0.0030265795991753462,defensive,defensive,high,high,0.0,500.0,500.0,0,6,6
2026-08-24T04:26:07.222Z,1.2864384805214935,0.9940628385698808,1.2133445700335903,1.2864384805214935,-0.07309391048790315,0.012133445700335903,0.012864384805214934,-0.0007309391048790307,normal,normal,normal,normal,0.0,1000.0,1000.0,0,10,10
2026-08-24T04:26:12.224Z,1.3223414723999307,0.993694474539545,1.2401797229348344,1.3223414723999307,-0.08216174946509636,0.012401797229348343,0.013223414723999308,-0.0008216174946509645,normal,normal,normal,normal,0.0,1000.0,1000.0,0,10,10
2026-08-24T04:26:17.226Z,1.3223414723999307,0.9938129137817074,1.240209332745375,1.3223414723999307,-0.08213213965455579,0.01240209332745375,0.013223414723999308,-0.0008213213965455584,normal,normal,normal,normal,0.0,1000.0,1000.0,0,10,10
2026-08-24T04:26:22.227Z,1.3223414723999307,0.9939313812609722,1.240238949615191,1.3223414723999307,-0.08210252278473962,0.01240238949615191,0.013223414723999308,-0.0008210252278473985,normal,normal,normal,normal,0.0,1000.0,1000.0,0,10,10
2026-08-24T04:26:27.227Z,1.3223414723999307,0.9939313812609722,1.240238949615191,1.3223414723999307,-0.08210252278473962,0.01240238949615191,0.013223414723999308,-0.0008210252278473985,normal,normal,normal,normal,0.0,1000.0,1000.0,0,10,10
2026-08-24T04:26:32.230Z,1.3223414723999307,0.9973558161208522,1.2410950583301612,1.3223414723999307,-0.08124641406976951,0.012410950583301612,0.013223414723999308,-0.0008124641406976954,normal,normal,normal,normal,0.0,1000.0,1000.0,0,10,10
2026-08-24T04:26:37.232Z,1.4240814897086376,0.9974098598723353,1.317413582249562,1.4240814897086376,-0.1066679074590755,0.01317413582249562,0.014240814897086377,-0.0010666790745907564,normal,normal,normal,normal,0.0,1000.0,1000.0,0,10,10
2026-08-24T04:26:42.233Z,1.4240814897086376,0.997463909481077,1.3174270946517475,1.4240814897086376,-0.10665439505689012,0.013174270946517476,0.014240814897086377,-0.001066543950568901,normal,normal,normal,normal,0.0,1000.0,1000.0,0,10,10
2026-08-24T04:26:47.235Z,1.3683591163100606,0.997463909481077,1.2756353146028148,1.3683591163100608,-0.09272380170724603,0.012756353146028148,0.013683591163100608,-0.0009272380170724601,normal,normal,normal,normal,0.0,1000.0,1000.0,0,10,10
2026-08-24T04:26:52.237Z,0.0765862067346469,0.9976373173798067,0.30684898439593683,0.0765862067346469,0.23026277766128994,0.0075,0.0075,0.0,normal,normal,normal,normal,0.0,1000.0,1000.0,0,10,10
2026-08-24T04:26:57.239Z,0.6014417580559847,0.997940156114484,0.7005663575706095,0.6014417580559847,0.09912459951462482,0.0075,0.0075,0.0,normal,normal,normal,normal,0.0,1000.0,1000.0,0,10,10
2026-08-24T04:27:02.246Z,0.6009986153736515,0.997940156114484,0.7002340005588596,0.6009986153736515,0.09923538518520814,0.0075,0.0075,0.0,normal,normal,normal,normal,0.0,1000.0,1000.0,0,10,10
2026-08-24T04:27:07.243Z,0.597000378636065,0.9980700004337077,0.6972677840854757,0.597000378636065,0.10026740544941071,0.0075,0.0075,0.0,normal,normal,normal,normal,0.0,1000.0,1000.0,0,10,10
2026-08-24T04:27:12.244Z,0.6115457484234875,0.994253372077894,0.7072226543370891,0.6115457484234875,0.09567690591360156,0.0075,0.0075,0.0,normal,normal,normal,normal,0.0,1000.0,1000.0,0,10,10
2026-08-24T04:27:17.247Z,0.6115457484234875,0.9946524064171123,0.7073224129218937,0.6115457484234875,0.09577666449840616,0.0075,0.0075,0.0,normal,normal,normal,normal,0.0,1000.0,1000.0,0,10,10
2026-08-24T04:27:22.247Z,0.6115457484234875,0.9946524064171123,0.7073224129218937,0.6115457484234875,0.09577666449840616,0.0075,0.0075,0.0,normal,normal,normal,normal,0.0,1000.0,1000.0,0,10,10
2026-08-24T04:27:27.250Z,0.6145881023789778,0.994706354544074,0.7096176654202518,0.6145881023789778,0.09502956304127408,0.0075,0.0075,0.0,normal,normal,normal,normal,0.0,1000.0,1000.0,0,10,10
2026-08-24T04:27:32.250Z,0.6145881023789778,0.9939687154231662,0.7094332556400249,0.6145881023789778,0.09484515326104714,0.0075,0.0075,0.0,normal,normal,normal,normal,0.0,1000.0,1000.0,0,10,10
2026-08-24T04:27:37.252Z,0.6146259485062646,0.9942491319444445,0.7095317443658096,0.6146259485062646,0.09490579585954495,0.0075,0.0075,0.0,normal,normal,normal,normal,0.0,1000.0,1000.0,0,10,10
2026-08-24T04:27:42.252Z,0.6216253908985866,0.9942491319444445,0.7147813261600511,0.6216253908985866,0.09315593526146448,0.0075,0.0075,0.0,normal,normal,normal,normal,0.0,1000.0,1000.0,0,10,10
2026-08-24T04:27:47.254Z,0.6216253908985866,0.9943462360690605,0.714805602191205,0.6216253908985866,0.09318021129261844,0.0075,0.0075,0.0,normal,normal,normal,normal,0.0,1000.0,1000.0,0,10,10
2026-08-24T04:27:52.256Z,0.6211895196145824,0.9939338694099901,0.7143756070634343,0.6211895196145824,0.09318608744885193,0.0075,0.0075,0.0,normal,normal,normal,normal,0.0,1000.0,1000.0,0,10,10
2026-08-24T04:27:57.258Z,0.16397604239595895,0.9940309522259121,0.3714897698534472,0.16397604239595895,0.20751372745748828,0.0075,0.0075,0.0,normal,normal,normal,normal,0.0,1000.0,1000.0,0,10,10
2026-08-24T04:28:02.264Z,0.16793912278271203,0.9940309522259121,0.374462080143512,0.16793912278271203,0.20652295736079998,0.0075,0.0075,0.0,normal,normal,normal,normal,0.0,1000.0,1000.0,0,10,10
2026-08-24T04:28:07.259Z,0.16793912278271203,0.9943331089736629,0.3745376193304497,0.16793912278271203,0.20659849654773768,0.0075,0.0075,0.0,normal,normal,normal,normal,0.0,1000.0,1000.0,0,10,10
2026-08-24T04:28:12.260Z,0.09292891124751186,0.9940074255813448,0.31819853983097013,0.09292891124751186,0.22526962858345828,0.0075,0.0075,0.0,normal,normal,normal,normal,0.0,1000.0,1000.0,0,10,10
2026-08-24T04:28:17.262Z,0.09292891124751186,0.9941153478676279,0.3182255204025409,0.09292891124751186,0.22529660915502903,0.0075,0.0075,0.0,normal,normal,normal,normal,0.0,1000.0,1000.0,0,10,10
2026-08-24T04:28:22.264Z,0.09292891124751186,0.9941153478676279,0.3182255204025409,0.09292891124751186,0.22529660915502903,0.0075,0.0075,0.0,normal,normal,normal,normal,0.0,1000.0,1000.0,0,10,10
2026-08-24T04:28:27.267Z,0.0931553526906752,0.9941153478676279,0.3183953514849134,0.0931553526906752,0.22523999879423817,0.0075,0.0075,0.0,normal,normal,normal,normal,0.0,1000.0,1000.0,0,10,10
2026-08-24T04:28:32.269Z,0.09338347534550097,0.9950925041257709,0.31881073254056846,0.09338347534550097,0.2254272571950675,0.0075,0.0075,0.0,normal,normal,normal,normal,0.0,1000.0,1000.0,0,10,10
2026-08-24T04:28:37.271Z,0.09338347534550097,0.9952221691352127,0.3188431487929289,0.09338347534550097,0.22545967344742796,0.0075,0.0075,0.0,normal,normal,normal,normal,0.0,1000.0,1000.0,0,10,10
2026-08-24T04:28:42.272Z,0.0,0.9952221691352127,0.24880554228380317,0.0,0.24880554228380317,0.0075,0.0075,0.0,normal,normal,normal,normal,0.0,1000.0,1000.0,0,10,10
2026-08-24T04:28:47.273Z,0.9804530904565564,0.9952221691352127,0.9841453601262204,0.9804530904565564,0.0036922696696640722,0.009841453601262203,0.009804530904565564,3.692269669663961e-05,normal,normal,normal,normal,0.0,1000.0,1000.0,0,10,10
2026-08-24T04:28:52.275Z,1.0439870742919186,0.9953959084393867,1.0318392828287857,1.0439870742919186,-0.01214779146313294,0.010318392828287858,0.010439870742919187,-0.00012147791463132905,normal,normal,normal,normal,0.0,1000.0,1000.0,0,10,10
2026-08-24T04:28:57.277Z,1.0451833700053081,0.9953959084393867,1.032736504613828,1.0451833700053081,-0.01244686539148021,0.01032736504613828,0.01045183370005308,-0.0001244686539147999,normal,normal,normal,normal,0.0,1000.0,1000.0,0,10,10
2026-08-24T04:29:02.287Z,1.0626449286887458,0.9953959084393867,1.045832673626406,1.0626449286887458,-0.016812255062339743,0.01045832673626406,0.010626449286887458,-0.0001681225506233973,normal,normal,normal,normal,0.0,1000.0,1000.0,0,10,10
2026-08-24T04:29:07.280Z,1.0724447760442155,0.995460764937124,1.0531987732674426,1.0724447760442155,-0.019246002776772908,0.010531987732674426,0.010724447760442155,-0.0001924600277677293,normal,normal,normal,normal,0.0,1000.0,1000.0,0,10,10
2026-08-24T04:29:12.282Z,1.1215195476318884,0.9940490411137415,1.0896519210023516,1.1215195476318884,-0.031867626629536794,0.010896519210023516,0.011215195476318884,-0.0003186762662953681,normal,normal,normal,normal,0.0,1000.0,1000.0,0,10,10
2026-08-24T04:29:17.283Z,1.1260357010279616,0.9940490411137415,1.0930390360494064,1.1260357010279616,-0.032996664978555135,0.010930390360494063,0.011260357010279616,-0.00032996664978555273,normal,normal,normal,normal,0.0,1000.0,1000.0,0,10,10
2026-08-24T04:29:22.285Z,1.174015495386633,0.9940490411137415,1.1290238818184102,1.174015495386633,-0.0449916135682229,0.011290238818184101,0.01174015495386633,-0.0004499161356822292,normal,normal,normal,normal,0.0,1000.0,1000.0,0,10,10
2026-08-24T04:29:27.286Z,1.188614054438964,0.9940490411137415,1.1399728011076584,1.188614054438964,-0.048641253331305645,0.011399728011076584,0.01188614054438964,-0.0004864125333130555,normal,normal,normal,normal,0.0,1000.0,1000.0,0,10,10
2026-08-24T04:29:32.287Z,1.1990837586791045,0.9965901439958299,1.148460355008286,1.1990837586791045,-0.050623403670818634,0.01148460355008286,0.011990837586791045,-0.0005062340367081846,normal,normal,normal,normal,0.0,1000.0,1000.0,0,10,10
2026-08-24T04:29:37.289Z,1.1990837586791045,0.9966659064498963,1.1484792956218026,1.1990837586791045,-0.05060446305730193,0.011484792956218026,0.011990837586791045,-0.0005060446305730198,normal,normal,normal,normal,0.0,1000.0,1000.0,0,10,10
2026-08-24T04:29:42.291Z,1.2058087680040706,0.9966659064498963,1.1535230526155271,1.2058087680040706,-0.05228571538854343,0.011535230526155271,0.012058087680040706,-0.0005228571538854355,normal,normal,normal,normal,0.0,1000.0,1000.0,0,10,10
2026-08-24T04:29:47.294Z,0.4597295067189753,0.996741680424016,0.5939825501452355,0.4597295067189753,0.1342530434262602,0.0075,0.0075,0.0,normal,normal,normal,normal,0.0,1000.0,1000.0,0,10,10
2026-08-24T04:29:52.297Z,0.29474013640494146,0.9966765140324964,0.4702242308118302,0.29474013640494146,0.17548409440688872,0.0075,0.0075,0.0,normal,normal,normal,normal,0.0,1000.0,1000.0,0,10,10
2026-08-24T04:29:57.296Z,0.29474013640494146,0.9969147202607279,0.47028378236888807,0.29474013640494146,0.17554364596394662,0.0075,0.0075,0.0,normal,normal,normal,normal,0.0,1000.0,1000.0,0,10,10
2026-08-24T04:30:02.307Z,0.2600479905205568,0.9969147202607279,0.44426467295559957,0.2600479905205568,0.18421668243504274,0.0075,0.0075,0.0,normal,normal,normal,normal,0.0,1000.0,1000.0,0,10,10
2026-08-24T04:30:07.298Z,0.24924012619416858,0.9969147202607279,0.43615877471080844,0.24924012619416858,0.18691864851663986,0.0075,0.0075,0.0,normal,normal,normal,normal,0.0,1000.0,1000.0,0,10,10
2026-08-24T04:30:12.300Z,0.5777644016580168,0.9981314502987507,0.6828561638182002,0.5777644016580168,0.10509176216018346,0.0075,0.0075,0.0,normal,normal,normal,normal,0.0,1000.0,1000.0,0,10,10
2026-08-24T04:30:17.302Z,0.5698363481395932,0.9983049742486473,0.6769535046668567,0.5698363481395932,0.1071171565272635,0.0075,0.0075,0.0,normal,normal,normal,normal,0.0,1000.0,1000.0,0,10,10
2026-08-24T04:30:22.303Z,0.5461867451149149,0.9983049742486473,0.659216302398348,0.5461867451149149,0.11302955728343311,0.0075,0.0075,0.0,normal,normal,normal,normal,0.0,1000.0,1000.0,0,10,10
2026-08-24T04:30:27.305Z,0.5486634759540491,0.9983049742486473,0.6610738505276986,0.5486634759540491,0.11241037457364955,0.0075,0.0075,0.0,normal,normal,normal,normal,0.0,1000.0,1000.0,0,10,10
2026-08-24T04:30:32.308Z,0.5243489870797289,0.9964360997022839,0.6423707652353676,0.5243489870797289,0.11802177815563875,0.0075,0.0075,0.0,normal,normal,normal,normal,0.0,1000.0,1000.0,0,10,10
2026-08-24T04:30:37.310Z,0.5392893293247838,0.996782678637421,0.653662666652943,0.5392893293247838,0.11437333732815924,0.0075,0.0075,0.0,normal,normal,normal,normal,0.0,1000.0,1000.0,0,10,10
2026-08-24T04:30:42.312Z,0.5392893293247838,0.996782678637421,0.653662666652943,0.5392893293247838,0.11437333732815924,0.0075,0.0075,0.0,normal,normal,normal,normal,0.0,1000.0,1000.0,0,10,10
2026-08-24T04:30:47.314Z,0.5463520665696656,0.9968043478260868,0.658965136883771,0.5463520665696656,0.11261307031410539,0.0075,0.0075,0.0,normal,normal,normal,normal,0.0,1000.0,1000.0,0,10,10
2026-08-24T04:30:52.317Z,0.7548174819674536,0.9994347826086956,0.8159718071277641,0.7548174819674536,0.061154325160310496,0.008159718071277642,0.007548174819674536,0.0006115432516031055,normal,normal,normal,normal,0.0,1000.0,1000.0,0,10,10
2026-08-24T04:30:57.319Z,0.7586405180814965,0.9994347826086956,0.8188390842132962,0.7586405180814965,0.06019856613179975,0.008188390842132963,0.007586405180814965,0.000601985661317998,normal,normal,normal,normal,0.0,1000.0,1000.0,0,10,10
2026-08-24T04:31:02.327Z,0.7587730783482001,0.9998695084819487,0.8190471858816373,0.7587730783482001,0.060274107533437205,0.008190471858816373,0.007587730783482001,0.0006027410753343728,normal,normal,normal,normal,0.0,1000.0,1000.0,0,10,10
2026-08-24T04:31:07.321Z,0.8168606666044833,0.9998695084819487,0.8626128770738497,0.8168606666044833,0.045752210469366394,0.008626128770738498,0.008168606666044832,0.00045752210469366533,normal,normal,normal,normal,0.0,1000.0,1000.0,0,10,10
2026-08-24T04:31:12.323Z,0.3056641056743886,0.9998694914516901,0.47921545211871397,0.3056641056743886,0.17355134644432535,0.0075,0.0075,0.0,normal,normal,normal,normal,0.0,1000.0,1000.0,0,10,10
2026-08-24T04:31:17.324Z,0.2973289697748425,0.9998694914516901,0.47296410019405444,0.2973289697748425,0.17563513041921192,0.0075,0.0075,0.0,short_bias,short_bias,normal,normal,0.0,1000.0,1000.0,0,10,10
2026-08-24T04:31:22.325Z,0.2973289697748425,0.9998694914516901,0.47296410019405444,0.2973289697748425,0.17563513041921192,0.0075,0.0075,0.0,normal,normal,normal,normal,0.0,1000.0,1000.0,0,10,10
2026-08-24T04:31:27.326Z,0.2887746770436425,0.9998694914516901,0.4665483806456544,0.2887746770436425,0.1777737036020119,0.0075,0.0075,0.0,normal,normal,normal,normal,0.0,1000.0,1000.0,0,10,10
2026-08-24T04:31:32.328Z,0.4274753144674093,0.9991407159250355,0.5703916648318158,0.4274753144674093,0.14291635036440653,0.0075,0.0075,0.0,normal,normal,normal,normal,0.0,1000.0,1000.0,0,10,10
2026-08-24T04:31:37.330Z,1.166910903051878,0.9991407159250355,1.1249683562701673,1.166910903051878,-0.04194254678171072,0.011249683562701673,0.01166910903051878,-0.0004194254678171073,normal,normal,normal,normal,0.0,1000.0,1000.0,0,10,10
2026-08-24T04:31:42.332Z,1.166910903051878,0.9991515837104072,1.1249710732165104,1.166910903051878,-0.041939829835367703,0.011249710732165104,0.01166910903051878,-0.0004193982983536765,normal,normal,normal,normal,0.0,1000.0,1000.0,0,10,10
2026-08-24T04:31:47.333Z,1.166910903051878,0.9991515837104072,1.1249710732165104,1.166910903051878,-0.041939829835367703,0.011249710732165104,0.01166910903051878,-0.0004193982983536765,normal,normal,normal,normal,0.0,1000.0,1000.0,0,10,10
2026-08-24T04:31:52.334Z,1.1670899211071648,1.001152975983293,1.1256056848261968,1.1670899211071648,-0.04148423628096798,0.011256056848261968,0.011670899211071648,-0.0004148423628096802,normal,normal,normal,normal,0.0,1000.0,1000.0,0,10,10
2026-08-24T04:31:57.336Z,1.4046155388724673,1.001152975983293,1.3037498981501736,1.4046155388724673,-0.10086564072229365,0.013037498981501736,0.014046155388724673,-0.0010086564072229378,normal,normal,normal,normal,0.0,1000.0,1000.0,0,10,10
2026-08-24T04:32:02.340Z,1.4068619065928438,1.001152975983293,1.305434673940456,1.4068619065928438,-0.10142723265238773,0.01305434673940456,0.014068619065928437,-0.0010142723265238775,normal,normal,normal,normal,0.0,1000.0,1000.0,0,10,10
2026-08-24T04:32:07.342Z,1.389460076694066,1.001152975983293,1.2923833015163726,1.389460076694066,-0.09707677517769331,0.012923833015163725,0.01389460076694066,-0.000970767751776935,normal,normal,normal,normal,0.0,1000.0,1000.0,0,10,10
2026-08-24T04:32:12.348Z,1.3991919914804027,1.003393665158371,1.3002424098998948,1.3991919914804027,-0.09894958158050793,0.013002424098998948,0.013991919914804026,-0.000989495815805078,normal,normal,normal,normal,0.0,1000.0,1000.0,0,10,10
2026-08-24T04:32:17.352Z,2.1112297354835103,1.003393665158371,1.8342707179022255,2.1112297354835103,-0.2769590175812848,0.027514060768533383,0.03,-0.0024859392314666162,defensive,defensive,high,high,0.0,500.0,500.0,0,6,6
2026-08-24T04:32:22.355Z,2.1127095345456817,1.003393665158371,1.8353805671988541,2.1127095345456817,-0.27732896734682755,0.027530708507982813,0.03,-0.002469291492017186,defensive,defensive,high,high,0.0,500.0,500.0,0,6,6
2026-08-24T04:32:27.359Z,2.1127095345456817,1.003393665158371,1.8353805671988541,2.1127095345456817,-0.27732896734682755,0.027530708507982813,0.03,-0.002469291492017186,defensive,defensive,high,high,0.0,500.0,500.0,0,6,6
2026-08-24T04:32:32.360Z,2.050426135348206,1.001968760877132,1.7883117917304374,2.050426135348206,-0.2621143436177684,0.02682467687595656,0.03,-0.0031753231240434394,defensive,defensive,high,high,0.0,500.0,500.0,0,6,6
2026-08-24T04:32:37.362Z,1.4201154745104405,1.0005438565958928,1.3152225700318034,1.4201154745104405,-0.10489290447863708,0.01972833855047705,0.014201154745104406,0.005527183805372645,defensive,normal,high,normal,-500.0,500.0,1000.0,-4,6,10
2026-08-24T04:32:42.363Z,1.4232796740515843,1.0005438565958928,1.3175957196876613,1.4232796740515843,-0.10568395436392297,0.019763935795314918,0.014232796740515844,0.005531139054799074,defensive,normal,high,normal,-500.0,500.0,1000.0,-4,6,10
2026-08-24T04:32:47.364Z,1.4232796740515843,1.0005438565958928,1.3175957196876613,1.4232796740515843,-0.10568395436392297,0.019763935795314918,0.014232796740515844,0.005531139054799074,defensive,normal,high,normal,-500.0,500.0,1000.0,-4,6,10
2026-08-24T04:32:52.366Z,1.4232796740515843,1.0004894709363037,1.3175821232727642,1.4232796740515843,-0.10569755077882004,0.019763731849091463,0.014232796740515844,0.00553093510857562,defensive,normal,high,normal,-500.0,500.0,1000.0,-4,6,10
2026-08-24T04:32:57.367Z,1.3644876699061677,1.0004350852767143,1.2734745237488043,1.3644876699061677,-0.09101314615736333,0.019102117856232066,0.013644876699061677,0.005457241157170389,defensive,normal,high,normal,-500.0,500.0,1000.0,-4,6,10
2026-08-24T04:33:02.371Z,1.4841441859601097,1.0004350852767143,1.3632169107892607,1.4841441859601094,-0.12092727517084878,0.02044825366183891,0.014841441859601094,0.005606811802237816,defensive,normal,high,normal,-500.0,500.0,1000.0,-4,6,10
2026-08-24T04:33:07.369Z,2.298494519586715,1.0004350852767143,1.9739796610092146,2.298494519586715,-0.3245148585775002,0.029609694915138218,0.03,-0.0003903050848617813,defensive,defensive,high,high,0.0,500.0,500.0,0,6,6
2026-08-24T04:33:12.370Z,2.44840247184617,1.0004350852767143,2.086410625203806,2.44840247184617,-0.36199184664236395,0.03,0.03,0.0,defensive,defensive,high,high,0.0,500.0,500.0,0,6,6
2026-08-24T04:33:17.371Z,1.7412620962293628,1.0004350852767143,1.5560553434912006,1.7412620962293628,-0.18520675273816223,0.02334083015236801,0.026118931443440442,-0.0027781012910724316,defensive,defensive,high,high,0.0,500.0,500.0,0,6,6
2026-08-24T04:33:22.373Z,1.739978497685882,1.0004350852767143,1.55509264458359,1.7399784976858819,-0.18488585310229189,0.02332638966875385,0.02609967746528823,-0.0027732877965343794,defensive,defensive,high,high,0.0,500.0,500.0,0,6,6
2026-08-24T04:33:27.374Z,1.739978497685882,1.0004350852767143,1.55509264458359,1.7399784976858819,-0.18488585310229189,0.02332638966875385,0.02609967746528823,-0.0027732877965343794,defensive,defensive,high,high,0.0,500.0,500.0,0,6,6
2026-08-24T04:33:32.375Z,1.77556499684506,0.9996736860424643,1.581592169144411,1.77556499684506,-0.19397282770064894,0.023723882537166164,0.0266334749526759,-0.0029095924155097368,defensive,defensive,high,high,0.0,500.0,500.0,0,6,6
2026-08-24T04:33:37.375Z,1.7774403482848757,0.9989122868082144,1.5828083329157103,1.7774403482848757,-0.1946320153691654,0.023742124993735656,0.026661605224273136,-0.00291948023053748,defensive,defensive,high,high,0.0,500.0,500.0,0,6,6
2026-08-24T04:33:42.376Z,1.7774403482848757,0.9990644241857227,1.5828463672600874,1.7774403482848757,-0.1945939810247883,0.02374269550890131,0.026661605224273136,-0.002918909715371825,defensive,defensive,high,high,0.0,500.0,500.0,0,6,6
2026-08-24T04:33:47.378Z,2.1414366738531423,0.9990644241857227,1.8558436114362873,2.1414366738531423,-0.285593062416855,0.02783765417154431,0.03,-0.002162345828455689,defensive,defensive,high,high,0.0,500.0,500.0,0,6,6
2026-08-24T04:33:52.379Z,2.2092079304759147,0.99924933092539,1.9067182805882836,2.2092079304759147,-0.30248964988763105,0.028600774208824255,0.03,-0.0013992257911757434,defensive,defensive,high,high,0.0,500.0,500.0,0,6,6
2026-08-24T04:33:57.379Z,2.1727718580361106,0.9993907613307513,1.8794265838597708,2.1727718580361106,-0.2933452741763398,0.02819139875789656,0.03,-0.001808601242103438,defensive,defensive,high,high,0.0,500.0,500.0,0,6,6
2026-08-24T04:34:02.389Z,2.00769291214259,1.0001414488716731,1.755805046324861,2.00769291214259,-0.25188786581772904,0.026337075694872914,0.03,-0.0036629243051270848,defensive,defensive,high,high,0.0,500.0,500.0,0,6,6
2026-08-24T04:34:07.382Z,0.7071001618406637,1.000761647770548,0.7805155333231348,0.7071001618406637,0.07341537148247113,0.007805155333231348,0.0075,0.00030515533323134843,normal,normal,normal,normal,0.0,1000.0,1000.0,0,10,10
2026-08-24T04:34:12.382Z,0.3087610088002541,1.000761647770548,0.4817611685428276,0.3087610088002541,0.1730001597425735,0.0075,0.0075,0.0,normal,normal,normal,normal,0.0,1000.0,1000.0,0,10,10
2026-08-24T04:34:17.384Z,0.5558996368669459,1.000761647770548,0.6671151395928464,0.5558996368669459,0.11121550272590053,0.0075,0.0075,0.0,normal,normal,normal,normal,0.0,1000.0,1000.0,0,10,10
2026-08-24T04:34:22.385Z,0.5643719543321515,1.000761647770548,0.6734693776917506,0.5643719543321515,0.10909742335959915,0.0075,0.0075,0.0,normal,normal,normal,normal,0.0,1000.0,1000.0,0,10,10
2026-08-24T04:34:27.386Z,0.5662686418164552,1.000761647770548,0.6748918933049785,0.5662686418164552,0.10862325148852325,0.0075,0.0075,0.0,normal,normal,normal,normal,0.0,1000.0,1000.0,0,10,10
2026-08-24T04:34:32.387Z,0.5279045637488179,1.000761647770548,0.6461188347542505,0.5279045637488179,0.11821427100543258,0.0075,0.0075,0.0,normal,normal,normal,normal,0.0,1000.0,1000.0,0,10,10
2026-08-24T04:34:37.389Z,0.5230840134753473,1.000761647770548,0.6425034220491475,0.5230840134753473,0.11941940857380018,0.0075,0.0075,0.0,normal,normal,normal,normal,0.0,1000.0,1000.0,0,10,10
2026-08-24T04:34:42.389Z,0.5230840134753473,1.000761647770548,0.6425034220491475,0.5230840134753473,0.11941940857380018,0.0075,0.0075,0.0,normal,normal,normal,normal,0.0,1000.0,1000.0,0,10,10
2026-08-24T04:34:47.390Z,0.5230840134753473,1.0018497160141884,0.6427754391100575,0.5230840134753473,0.11969142563471025,0.0075,0.0075,0.0,normal,normal,normal,normal,0.0,1000.0,1000.0,0,10,10
2026-08-24T04:34:52.391Z,0.5230840134753473,1.0018497160141884,0.6427754391100575,0.5230840134753473,0.11969142563471025,0.0075,0.0075,0.0,normal,normal,normal,normal,0.0,1000.0,1000.0,0,10,10
2026-08-24T04:34:57.393Z,0.5230840134753473,1.0018497160141884,0.6427754391100575,0.5230840134753473,0.11969142563471025,0.0075,0.0075,0.0,normal,normal,normal,normal,0.0,1000.0,1000.0,0,10,10
2026-08-24T04:35:02.402Z,0.5230840134753473,1.0018497160141884,0.6427754391100575,0.5230840134753473,0.11969142563471025,0.0075,0.0075,0.0,normal,normal,normal,normal,0.0,1000.0,1000.0,0,10,10
2026-08-24T04:35:07.394Z,0.5230840134753473,1.0001740909189825,0.642356532836256,0.5230840134753473,0.11927251936090877,0.0075,0.0075,0.0,normal,normal,normal,normal,0.0,1000.0,1000.0,0,10,10
2026-08-24T04:35:12.394Z,0.537405296267756,1.0001740909189825,0.6530974949305626,0.537405296267756,0.11569219866280656,0.0075,0.0075,0.0,normal,normal,normal,normal,0.0,1000.0,1000.0,0,10,10
2026-08-24T04:35:17.395Z,1.3545174870130656,1.0001740909189825,1.2659316379895449,1.3545174870130656,-0.08858584902352074,0.012659316379895449,0.013545174870130657,-0.0008858584902352081,normal,normal,normal,normal,0.0,1000.0,1000.0,0,10,10
2026-08-24T04:35:22.396Z,1.3569762785033361,1.0001740909189825,1.2677757316072475,1.3569762785033361,-0.08920054689608858,0.012677757316072475,0.01356976278503336,-0.0008920054689608853,normal,normal,normal,normal,0.0,1000.0,1000.0,0,10,10
2026-08-24T04:35:27.397Z,1.356976826941461,1.0005222727569474,1.2678631883953329,1.3569768269414613,-0.08911363854612842,0.012678631883953328,0.013569768269414613,-0.0008911363854612851,normal,normal,normal,normal,0.0,1000.0,1000.0,0,10,10
2026-08-24T04:35:32.398Z,1.3295663688840733,1.0005222727569474,1.247305344852292,1.3295663688840733,-0.08226102403178137,0.01247305344852292,0.013295663688840734,-0.0008226102403178139,normal,normal,normal,normal,0.0,1000.0,1000.0,0,10,10
2026-08-24T04:35:37.399Z,1.3295663688840733,1.0005222727569474,1.247305344852292,1.3295663688840733,-0.08226102403178137,0.01247305344852292,0.013295663688840734,-0.0008226102403178139,normal,normal,normal,normal,0.0,1000.0,1000.0,0,10,10
2026-08-24T04:35:42.400Z,1.3295663688840733,1.0005222727569474,1.247305344852292,1.3295663688840733,-0.08226102403178137,0.01247305344852292,0.013295663688840734,-0.0008226102403178139,normal,normal,normal,normal,0.0,1000.0,1000.0,0,10,10
2026-08-24T04:35:47.400Z,1.3295663688840733,1.0004352272974562,1.247283583487419,1.3295663688840733,-0.08228278539665435,0.01247283583487419,0.013295663688840734,-0.0008228278539665432,normal,normal,normal,normal,0.0,1000.0,1000.0,0,10,10
2026-08-24T04:35:52.402Z,1.3295663688840733,1.0004352272974562,1.247283583487419,1.3295663688840733,-0.08228278539665435,0.01247283583487419,0.013295663688840734,-0.0008228278539665432,normal,normal,normal,normal,0.0,1000.0,1000.0,0,10,10
2026-08-24T04:35:57.403Z,1.3299109614612885,1.0004352272974562,1.2475420279203304,1.3299109614612885,-0.08236893354095809,0.012475420279203304,0.013299109614612885,-0.000823689335409581,normal,normal,normal,normal,0.0,1000.0,1000.0,0,10,10
2026-08-24T04:36:02.411Z,1.3299109614612885,1.0004352272974562,1.2475420279203304,1.3299109614612885,-0.08236893354095809,0.012475420279203304,0.013299109614612885,-0.000823689335409581,normal,normal,normal,normal,0.0,1000.0,1000.0,0,10,10
2026-08-24T04:36:07.404Z,1.3733402256977405,1.0010445455138945,1.2802663056517791,1.3733402256977405,-0.09307392004596138,0.012802663056517791,0.013733402256977405,-0.0009307392004596141,normal,normal,normal,normal,0.0,1000.0,1000.0,0,10,10
2026-08-24T04:36:12.405Z,1.4005123844180265,1.0010445455138945,1.3006454246919936,1.4005123844180265,-0.09986695972603288,0.013006454246919937,0.014005123844180265,-0.0009986695972603286,normal,normal,normal,normal,0.0,1000.0,1000.0,0,10,10
2026-08-24T04:36:17.407Z,0.3736073080327898,1.0010445455138945,0.530466617403066,0.3736073080327898,0.1568593093702762,0.0075,0.0075,0.0,normal,normal,normal,normal,0.0,1000.0,1000.0,0,10,10
2026-08-24T04:36:22.407Z,0.372991729999316,1.0010445455138945,0.5300049338779607,0.372991729999316,0.15701320387864465,0.0075,0.0075,0.0,normal,normal,normal,normal,0.0,1000.0,1000.0,0,10,10
2026-08-24T04:36:27.408Z,0.3729233130012549,0.9992601135943247,0.5295075131495224,0.372923313001255,0.1565842001482674,0.0075,0.0075,0.0,normal,normal,normal,normal,0.0,1000.0,1000.0,0,10,10
2026-08-24T04:36:32.409Z,0.43713594950078094,0.9994014778057088,0.5777023315770129,0.43713594950078094,0.14056638207623195,0.0075,0.0075,0.0,normal,normal,normal,normal,0.0,1000.0,1000.0,0,10,10
2026-08-24T04:36:37.411Z,0.4576247519421598,0.9995211249210945,0.5930988451868935,0.45762475194215985,0.13547409324473364,0.0075,0.0075,0.0,normal,normal,normal,normal,0.0,1000.0,1000.0,0,10,10
2026-08-24T04:36:42.412Z,0.4576247519421598,0.9995211249210945,0.5930988451868935,0.45762475194215985,0.13547409324473364,0.0075,0.0075,0.0,normal,normal,normal,normal,0.0,1000.0,1000.0,0,10,10
2026-08-24T04:36:47.413Z,0.4576247519421598,1.002307407649274,0.5937954158689384,0.45762475194215985,0.1361706639267785,0.0075,0.0075,0.0,normal,normal,normal,normal,0.0,1000.0,1000.0,0,10,10
2026-08-24T04:36:52.414Z,0.4576247519421598,1.002307407649274,0.5937954158689384,0.45762475194215985,0.1361706639267785,0.0075,0.0075,0.0,normal,normal,normal,normal,0.0,1000.0,1000.0,0,10,10
2026-08-24T04:36:57.415Z,0.46095092499626944,1.0021437976777339,0.5962491431666356,0.4609509249962695,0.13529821817036608,0.0075,0.0075,0.0,normal,normal,normal,normal,0.0,1000.0,1000.0,0,10,10
2026-08-24T04:37:02.426Z,0.4610443629053325,1.002002045568298,0.5962837835710739,0.4610443629053325,0.1352394206657414,0.0075,0.0075,0.0,normal,normal,normal,normal,0.0,1000.0,1000.0,0,10,10
2026-08-24T04:37:07.417Z,0.36232716789522934,0.9996192299742165,0.5216501834149762,0.36232716789522934,0.1593230155197468,0.0075,0.0075,0.0,normal,normal,normal,normal,0.0,1000.0,1000.0,0,10,10
2026-08-24T04:37:12.418Z,0.269428866753231,0.9996192299742165,0.4519764575584774,0.269428866753231,0.18254759080524635,0.0075,0.0075,0.0,normal,normal,normal,normal,0.0,1000.0,1000.0,0,10,10
2026-08-24T04:37:17.419Z,0.3647444464572969,0.9996192299742165,0.5234631423365268,0.3647444464572969,0.15871869587922988,0.0075,0.0075,0.0,normal,normal,normal,normal,0.0,1000.0,1000.0,0,10,10
2026-08-24T04:37:22.420Z,0.7320262083282336,0.9996192299742165,0.7989244637397294,0.7320262083282336,0.06689825541149574,0.007989244637397294,0.0075,0.0004892446373972945,normal,normal,normal,normal,0.0,1000.0,1000.0,0,10,10
2026-08-24T04:37:27.420Z,0.8487881676505407,1.0011640683645384,0.8868821428290401,0.8487881676505408,0.03809397517849933,0.0088688214282904,0.008487881676505408,0.0003809397517849922,normal,normal,normal,normal,0.0,1000.0,1000.0,0,10,10
2026-08-24T04:37:32.421Z,0.8196727755037716,1.0011313940079634,0.8650374301298196,0.8196727755037716,0.045364654626047995,0.008650374301298195,0.008196727755037716,0.0004536465462604798,normal,normal,normal,normal,0.0,1000.0,1000.0,0,10,10
2026-08-24T04:37:37.423Z,0.8196727755037716,1.0011313940079634,0.8650374301298196,0.8196727755037716,0.045364654626047995,0.008650374301298195,0.008196727755037716,0.0004536465462604798,normal,normal,normal,normal,0.0,1000.0,1000.0,0,10,10
2026-08-24T04:37:42.424Z,0.8196727755037716,1.0011313940079631,0.8650374301298195,0.8196727755037716,0.045364654626047884,0.008650374301298195,0.008196727755037716,0.0004536465462604798,normal,normal,normal,normal,0.0,1000.0,1000.0,0,10,10
2026-08-24T04:37:47.427Z,0.8472154970584695,1.0019799395139357,0.8859066076723361,0.8472154970584697,0.03869111061386643,0.00885906607672336,0.008472154970584697,0.00038691110613866403,normal,normal,normal,normal,0.0,1000.0,1000.0,0,10,10
2026-08-24T04:37:52.428Z,0.8472154970584695,1.0019799395139357,0.8859066076723361,0.8472154970584697,0.03869111061386643,0.00885906607672336,0.008472154970584697,0.00038691110613866403,short_bias,short_bias,normal,normal,0.0,1000.0,1000.0,0,10,10
2026-08-24T04:37:57.430Z,0.8503431793531236,1.0019799395139357,0.8882523693933266,0.8503431793531236,0.03790919004020299,0.008882523693933267,0.008503431793531236,0.0003790919004020305,short_bias,short_bias,normal,normal,0.0,1000.0,1000.0,0,10,10
2026-08-24T04:38:02.439Z,0.9057543456970741,1.0019799395139357,0.9298107441512895,0.9057543456970741,0.024056398454215366,0.009298107441512896,0.00905754345697074,0.00024056398454215533,normal,normal,normal,normal,0.0,1000.0,1000.0,0,10,10
2026-08-24T04:38:07.434Z,1.1982108447446702,1.0017623637431734,1.149098724494296,1.1982108447446702,-0.04911212025037415,0.01149098724494296,0.011982108447446701,-0.0004911212025037418,normal,normal,normal,normal,0.0,1000.0,1000.0,0,10,10
2026-08-24T04:38:12.436Z,1.2880223329984797,1.0017623637431734,1.216457340684653,1.2880223329984797,-0.07156499231382663,0.01216457340684653,0.012880223329984798,-0.0007156499231382677,short_bias,short_bias,normal,normal,0.0,1000.0,1000.0,0,10,10
2026-08-24T04:38:17.437Z,1.2813182815195705,1.0017623637431734,1.2114293020754712,1.2813182815195705,-0.06988897944409933,0.012114293020754712,0.012813182815195705,-0.0006988897944409933,normal,normal,normal,normal,0.0,1000.0,1000.0,0,10,10
2026-08-24T04:38:22.438Z,0.8639608599261027,1.0017623637431734,0.8984112358803704,0.8639608599261027,0.0344503759542677,0.008984112358803704,0.008639608599261026,0.00034450375954267823,short_bias,short_bias,normal,normal,0.0,1000.0,1000.0,0,10,10
2026-08-24T04:38:27.440Z,0.834824720918891,1.0017623637431734,0.8765591316249617,0.834824720918891,0.041734410706070646,0.008765591316249616,0.00834824720918891,0.00041734410706070584,normal,normal,normal,normal,0.0,1000.0,1000.0,0,10,10
2026-08-24T04:38:32.440Z,0.8308752396207708,1.0017623637431734,0.8735970206513715,0.8308752396207707,0.04272178103060076,0.008735970206513715,0.008308752396207706,0.0004272178103060086,short_bias,short_bias,normal,normal,0.0,1000.0,1000.0,0,10,10
2026-08-24T04:38:37.442Z,0.8319135469719858,1.0017623637431734,0.8743757511647827,0.8319135469719857,0.042462204192797004,0.008743757511647828,0.008319135469719857,0.000424622041927971,short_bias,short_bias,normal,normal,0.0,1000.0,1000.0,0,10,10
2026-08-24T04:38:42.444Z,0.8323200461747411,1.0017623637431734,0.8746806255668491,0.8323200461747411,0.04236057939210802,0.008746806255668491,0.00832320046174741,0.00042360579392108043,short_bias,short_bias,normal,normal,0.0,1000.0,1000.0,0,10,10
2026-08-24T04:38:47.445Z,0.7840311245050184,1.0014577576641066,0.8383877827947905,0.7840311245050184,0.0543566582897721,0.008383877827947904,0.007840311245050184,0.0005435665828977202,short_bias,short_bias,normal,normal,0.0,1000.0,1000.0,0,10,10
2026-08-24T04:38:52.447Z,0.7840311245050184,1.0014577576641066,0.8383877827947905,0.7840311245050184,0.0543566582897721,0.008383877827947904,0.007840311245050184,0.0005435665828977202,normal,normal,normal,normal,0.0,1000.0,1000.0,0,10,10
2026-08-24T04:38:57.449Z,0.7840311245050184,1.0014577576641066,0.8383877827947905,0.7840311245050184,0.0543566582897721,0.008383877827947904,0.007840311245050184,0.0005435665828977202,normal,normal,normal,normal,0.0,1000.0,1000.0,0,10,10
2026-08-24T04:39:02.458Z,0.7118846685808803,1.0014577576641066,0.7842779408516869,0.7118846685808803,0.07239327227080661,0.007842779408516869,0.0075,0.0003427794085168693,short_bias,short_bias,normal,normal,0.0,1000.0,1000.0,0,10,10
2026-08-24T04:39:07.452Z,0.6192602858932633,1.002610909249146,0.715097941732234,0.6192602858932633,0.09583765583897064,0.0075,0.0075,0.0,short_bias,short_bias,normal,normal,0.0,1000.0,1000.0,0,10,10
2026-08-24T04:39:12.454Z,0.8059183471017006,1.002610909249146,0.855091487638562,0.8059183471017007,0.04917314053686128,0.00855091487638562,0.008059183471017008,0.0004917314053686124,normal,normal,normal,normal,0.0,1000.0,1000.0,0,10,10
2026-08-24T04:39:17.455Z,0.8535352130231926,1.002610909249146,0.8908041370796809,0.8535352130231925,0.037268924056488406,0.008908041370796808,0.008535352130231925,0.00037268924056488295,normal,normal,normal,normal,0.0,1000.0,1000.0,0,10,10
2026-08-24T04:39:22.457Z,0.8505523133144128,1.0024582318134354,0.8885287929391684,0.8505523133144127,0.0379764796247557,0.008885287929391684,0.008505523133144127,0.0003797647962475569,normal,normal,normal,normal,0.0,1000.0,1000.0,0,10,10
2026-08-24T04:39:27.458Z,0.6574660543847819,1.0015663069961713,0.7434911175376293,0.6574660543847819,0.08602506315284741,0.0075,0.0075,0.0,short_bias,short_bias,normal,normal,0.0,1000.0,1000.0,0,10,10
2026-08-24T04:39:32.459Z,0.6738315824663472,1.0015663069961713,0.7557652635988032,0.6738315824663473,0.08193368113245592,0.007557652635988032,0.0075,5.7652635988032254e-05,short_bias,short_bias,normal,normal,0.0,1000.0,1000.0,0,10,10
2026-08-24T04:39:37.460Z,0.7023392230714584,1.0015663069961713,0.7771459940526366,0.7023392230714584,0.07480677098117827,0.007771459940526366,0.0075,0.0002714599405263659,normal,normal,normal,normal,0.0,1000.0,1000.0,0,10,10
2026-08-24T04:39:42.460Z,0.7018405745510196,1.0014573771561568,0.7767447752023039,0.7018405745510196,0.07490420065128434,0.007767447752023039,0.0075,0.000267447752023039,normal,normal,normal,normal,0.0,1000.0,1000.0,0,10,10
2026-08-24T04:39:47.461Z,1.7912482519667092,0.9996302177364975,1.5933437434091564,1.7912482519667092,-0.19790450855755282,0.023900156151137344,0.026868723779500638,-0.0029685676283632938,defensive,defensive,high,high,0.0,500.0,500.0,0,6,6
2026-08-24T04:39:52.461Z,1.7955923204447362,0.9996302177364975,1.5966017947676763,1.795592320444736,-0.19899052567705966,0.023949026921515144,0.02693388480667104,-0.002984857885155897,defensive,defensive,high,high,0.0,500.0,500.0,0,6,6
2026-08-24T04:39:57.462Z,1.8394911926168505,0.9996302177364975,1.6295259488967622,1.8394911926168505,-0.2099652437200883,0.024442889233451434,0.027592367889252758,-0.0031494786558013237,defensive,defensive,high,high,0.0,500.0,500.0,0,6,6
2026-08-24T04:40:02.471Z,1.8477760292378334,0.9996302177364975,1.6357395763624996,1.8477760292378334,-0.2120364528753338,0.024536093645437494,0.027716640438567502,-0.003180546793130009,defensive,defensive,high,high,0.0,500.0,500.0,0,6,6
2026-08-24T04:40:07.466Z,1.9507074122828978,1.002718987231636,1.7137103060200822,1.9507074122828978,-0.23699710626281556,0.025705654590301233,0.029260611184243467,-0.0035549565939422337,defensive,defensive,high,high,0.0,500.0,500.0,0,6,6
2026-08-24T04:40:12.467Z,1.8179916920413361,1.002718987231636,1.614173515838911,1.8179916920413361,-0.20381817620242515,0.024212602737583664,0.02726987538062004,-0.0030572726430363774,defensive,defensive,high,high,0.0,500.0,500.0,0,6,6
2026-08-24T04:40:17.468Z,2.4307998917780225,1.002718987231636,2.073779665641426,2.4307998917780225,-0.35702022613659645,0.03,0.03,0.0,defensive,defensive,high,high,0.0,500.0,500.0,0,6,6
2026-08-24T04:40:22.469Z,2.4426536869327333,1.0026971766650716,2.082664559365818,2.4426536869327333,-0.35998912756691537,0.03,0.03,0.0,defensive,defensive,high,high,0.0,500.0,500.0,0,6,6
2026-08-24T04:40:27.471Z,2.4439815758743118,1.0017292382651064,2.0834184914720106,2.4439815758743118,-0.3605630844023011,0.03,0.03,0.0,defensive,defensive,high,high,0.0,500.0,500.0,0,6,6
2026-08-24T04:40:32.471Z,2.4809762270334925,1.0007612998651412,2.1109224952414047,2.4809762270334925,-0.3700537317920878,0.03,0.03,0.0,defensive,defensive,high,high,0.0,500.0,500.0,0,6,6
2026-08-24T04:40:37.473Z,2.467658822878728,1.0007612998651412,2.100934442125331,2.467658822878728,-0.36672438075339686,0.03,0.03,0.0,defensive,defensive,high,high,0.0,500.0,500.0,0,6,6
2026-08-24T04:40:42.475Z,2.4753181878378983,1.0007612998651412,2.106678965844709,2.4753181878378983,-0.3686392219931891,0.03,0.03,0.0,defensive,defensive,high,high,0.0,500.0,500.0,0,6,6
2026-08-24T04:40:47.476Z,0.8477583274627876,1.000750424152782,0.8860063516352863,0.8477583274627877,0.03824802417249862,0.008860063516352863,0.008477583274627876,0.00038248024172498653,normal,normal,normal,normal,0.0,1000.0,1000.0,0,10,10
2026-08-24T04:40:52.477Z,0.839214476970746,1.000739548440423,0.8795957448381653,0.839214476970746,0.040381267867419246,0.008795957448381653,0.00839214476970746,0.00040381267867419315,normal,normal,normal,normal,0.0,1000.0,1000.0,0,10,10
2026-08-24T04:40:57.477Z,0.8893140624056427,1.0006742501685626,0.9171541093463726,0.8893140624056427,0.027840046940729946,0.009171541093463726,0.008893140624056427,0.0002784004694072993,normal,normal,normal,normal,0.0,1000.0,1000.0,0,10,10
2026-08-24T04:41:02.486Z,4.814832312541809,1.0006742501685626,3.8612927969484976,4.814832312541809,-0.9535395155933117,0.0,0.0,0.0,pause,pause,high,high,0.0,0.0,0.0,0,0,0
2026-08-24T04:41:07.480Z,4.6519012071047685,1.0000870000217499,3.738947655334014,4.6519012071047685,-0.9129535517707543,0.0,0.0,0.0,pause,pause,high,high,0.0,0.0,0.0,0,0,0
2026-08-24T04:41:12.481Z,4.689685113297253,0.9994997498749375,3.7671387724416743,4.689685113297253,-0.922546340855579,0.0,0.0,0.0,pause,pause,high,high,0.0,0.0,0.0,0,0,0
2026-08-24T04:41:17.482Z,4.717504878272328,0.9994997498749375,3.78800359617298,4.717504878272328,-0.9295012820993476,0.0,0.0,0.0,pause,pause,high,high,0.0,0.0,0.0,0,0,0
2026-08-24T04:41:22.484Z,4.727151356210938,0.9994997498749375,3.7952384546269378,4.727151356210938,-0.9319129015840004,0.0,0.0,0.0,pause,pause,high,high,0.0,0.0,0.0,0,0,0
2026-08-24T04:41:27.486Z,4.751522808850708,0.9995106248776562,3.8135197628574447,4.751522808850708,-0.9380030459932631,0.0,0.0,0.0,pause,pause,high,high,0.0,0.0,0.0,0,0,0
2026-08-24T04:41:32.486Z,4.688184808244032,0.999521499880375,3.766018981153118,4.688184808244032,-0.9221658270909141,0.0,0.0,0.0,pause,pause,high,high,0.0,0.0,0.0,0,0,0
2026-08-24T04:41:37.488Z,4.700047049073002,0.999521499880375,3.774915661774845,4.700047049073002,-0.925131387298157,0.0,0.0,0.0,pause,pause,high,high,0.0,0.0,0.0,0,0,0
2026-08-24T04:41:42.489Z,4.6898117309330765,0.999521499880375,3.767239173169901,4.6898117309330765,-0.9225725577631754,0.0,0.0,0.0,pause,pause,high,high,0.0,0.0,0.0,0,0,0
2026-08-24T04:41:47.491Z,4.6898117309330765,0.9988145473528517,3.7670624350380204,4.6898117309330765,-0.922749295895056,0.0,0.0,0.0,pause,pause,high,high,0.0,0.0,0.0,0,0,0
2026-08-24T04:41:52.491Z,4.696564236572018,0.9980423717753514,3.7719337703728515,4.696564236572018,-0.9246304661991669,0.0,0.0,0.0,pause,pause,high,high,0.0,0.0,0.0,0,0,0
2026-08-24T04:41:57.492Z,4.554568213610091,0.9980423717753514,3.6654367531514063,4.554568213610091,-0.8891314604586849,0.0,0.0,0.0,pause,pause,high,high,0.0,0.0,0.0,0,0,0
2026-08-24T04:42:02.498Z,0.3873557711697012,0.9980423717753514,0.5400274213211137,0.38735577116970116,0.15267165015141254,0.0075,0.0075,0.0,normal,normal,normal,normal,0.0,1000.0,1000.0,0,10,10
2026-08-24T04:42:07.496Z,0.3873557711697012,0.9980640810910751,0.5400328486500446,0.38735577116970116,0.15267707748034348,0.0075,0.0075,0.0,normal,normal,normal,normal,0.0,1000.0,1000.0,0,10,10
2026-08-24T04:42:12.498Z,0.3873557711697012,0.9999129924085876,0.5404950764794227,0.38735577116970116,0.15313930530972159,0.0075,0.0075,0.0,normal,normal,normal,normal,0.0,1000.0,1000.0,0,10,10
2026-08-24T04:42:17.500Z,0.333519200508121,0.9999129924085876,0.5001176484832376,0.33351920050812095,0.16659844797511664,0.0075,0.0075,0.0,normal,normal,normal,normal,0.0,1000.0,1000.0,0,10,10
2026-08-24T04:42:22.501Z,0.3361527144158396,0.9999129924085876,0.5020927839140266,0.3361527144158396,0.16594006949818696,0.0075,0.0075,0.0,normal,normal,normal,normal,0.0,1000.0,1000.0,0,10,10
2026-08-24T04:42:27.503Z,0.28051540098772043,0.9999129924085876,0.46036479884293724,0.28051540098772043,0.1798493978552168,0.0075,0.0075,0.0,normal,normal,normal,normal,0.0,1000.0,1000.0,0,10,10
2026-08-24T04:42:32.505Z,0.28067350977860595,1.0023057011724272,0.46108155762706127,0.28067350977860595,0.18040804784845532,0.0075,0.0075,0.0,normal,normal,normal,normal,0.0,1000.0,1000.0,0,10,10
2026-08-24T04:42:37.507Z,0.1224929665904464,1.0022838995954235,0.3424406998416907,0.1224929665904464,0.21994773325124428,0.0075,0.0075,0.0,normal,normal,normal,normal,0.0,1000.0,1000.0,0,10,10
2026-08-24T04:42:42.509Z,0.11785187898732262,1.0022838995954235,0.33895988413934786,0.11785187898732262,0.22110800515202522,0.0075,0.0075,0.0,normal,normal,normal,normal,0.0,1000.0,1000.0,0,10,10
2026-08-24T04:42:47.509Z,0.3460202804647479,1.0022838995954235,0.5100861852474168,0.3460202804647479,0.16406590478266886,0.0075,0.0075,0.0,normal,normal,normal,normal,0.0,1000.0,1000.0,0,10,10
2026-08-24T04:42:52.511Z,0.33091901383797123,0.9983033888719711,0.4977651075964712,0.33091901383797123,0.16684609375849996,0.0075,0.0075,0.0,normal,normal,normal,normal,0.0,1000.0,1000.0,0,10,10
2026-08-24T04:42:57.513Z,0.35046413433201107,0.9983033888719711,0.5124239479670011,0.3504641343320111,0.16195981363498996,0.0075,0.0075,0.0,normal,normal,normal,normal,0.0,1000.0,1000.0,0,10,10
2026-08-24T04:43:02.519Z,0.36826078943993934,0.9983033888719711,0.5257714392979472,0.3682607894399393,0.15751064985800795,0.0075,0.0075,0.0,normal,normal,normal,normal,0.0,1000.0,1000.0,0,10,10
2026-08-24T04:43:07.516Z,0.3703990425093492,0.9983033888719711,0.5273751291000046,0.37039904250934913,0.15697608659065548,0.0075,0.0075,0.0,normal,normal,normal,normal,0.0,1000.0,1000.0,0,10,10
2026-08-24T04:43:12.517Z,0.37045067553915434,0.998564405968591,0.5274791081465136,0.37045067553915434,0.15702843260735921,0.0075,0.0075,0.0,normal,normal,normal,normal,0.0,1000.0,1000.0,0,10,10
2026-08-24T04:43:17.519Z,0.3881371923627293,0.998564405968591,0.5407439957641947,0.3881371923627293,0.15260680340146543,0.0075,0.0075,0.0,normal,normal,normal,normal,0.0,1000.0,1000.0,0,10,10
2026-08-24T04:43:22.521Z,0.5291536517367054,0.998564405968591,0.6465063402946767,0.5291536517367054,0.11735268855797132,0.0075,0.0075,0.0,normal,normal,normal,normal,0.0,1000.0,1000.0,0,10,10
2026-08-24T04:43:27.523Z,0.5310106137451976,0.998564405968591,0.6478990618010461,0.5310106137451976,0.11688844805584842,0.0075,0.0075,0.0,normal,normal,normal,normal,0.0,1000.0,1000.0,0,10,10
2026-08-24T04:43:32.523Z,0.5311786856321646,0.998020620350633,0.6478891693117818,0.5311786856321646,0.11671048367961712,0.0075,0.0075,0.0,normal,normal,normal,normal,0.0,1000.0,1000.0,0,10,10
2026-08-24T04:43:37.525Z,0.5311833567858262,0.998020620350633,0.6478926726770279,0.5311833567858262,0.1167093158912017,0.0075,0.0075,0.0,normal,normal,normal,normal,0.0,1000.0,1000.0,0,10,10
2026-08-24T04:43:42.527Z,0.5571050404209789,0.998020620350633,0.6673339354033924,0.5571050404209789,0.1102288949824135,0.0075,0.0075,0.0,normal,normal,normal,normal,0.0,1000.0,1000.0,0,10,10
2026-08-24T04:43:47.529Z,0.44485984629284964,0.998020620350633,0.5831500398072955,0.44485984629284964,0.13829019351444588,0.0075,0.0075,0.0,normal,normal,normal,normal,0.0,1000.0,1000.0,0,10,10
2026-08-24T04:43:52.531Z,0.44477888175626545,0.9981728803236611,0.5831273813981144,0.44477888175626545,0.13834849964184892,0.0075,0.0075,0.0,normal,normal,normal,normal,0.0,1000.0,1000.0,0,10,10
2026-08-24T04:43:57.533Z,0.42867173570219713,0.9981728803236611,0.5710470218575632,0.42867173570219713,0.14237528615536604,0.0075,0.0075,0.0,normal,normal,normal,normal,0.0,1000.0,1000.0,0,10,10
2026-08-24T04:44:02.542Z,0.4120523926094295,0.9981728803236611,0.5585825145379875,0.4120523926094295,0.14653012192855797,0.0075,0.0075,0.0,normal,normal,normal,normal,0.0,1000.0,1000.0,0,10,10
2026-08-24T04:44:07.536Z,0.410758473460771,0.9981728803236611,0.5576120751764935,0.410758473460771,0.14685360171572248,0.0075,0.0075,0.0,normal,normal,normal,normal,0.0,1000.0,1000.0,0,10,10
2026-08-24T04:44:12.537Z,0.4652579100067529,0.9963240092226041,0.5980244348107157,0.4652579100067529,0.13276652480396278,0.0075,0.0075,0.0,normal,normal,normal,normal,0.0,1000.0,1000.0,0,10,10
2026-08-24T04:44:17.539Z,0.44822962459704313,0.9963240092226041,0.5852532207534333,0.44822962459704313,0.1370235961563902,0.0075,0.0075,0.0,normal,normal,normal,normal,0.0,1000.0,1000.0,0,10,10
2026-08-24T04:44:22.541Z,0.26767637041948444,0.9963240092226041,0.4498382801202644,0.26767637041948444,0.18216190970077994,0.0075,0.0075,0.0,normal,normal,normal,normal,0.0,1000.0,1000.0,0,10,10
2026-08-24T04:44:27.542Z,0.26767637041948444,0.9963240092226041,0.4498382801202644,0.26767637041948444,0.18216190970077994,0.0075,0.0075,0.0,normal,normal,normal,normal,0.0,1000.0,1000.0,0,10,10
2026-08-24T04:44:32.544Z,0.2678188399582445,0.9972810719102102,0.45018439794623594,0.2678188399582445,0.18236555798799142,0.0075,0.0075,0.0,normal,normal,normal,normal,0.0,1000.0,1000.0,0,10,10
2026-08-24T04:44:37.546Z,0.26796155202876953,0.9972810719102102,0.4502914319991297,0.26796155202876953,0.18232987997036015,0.0075,0.0075,0.0,long_bias,long_bias,normal,normal,0.0,1000.0,1000.0,0,10,10
2026-08-24T04:44:42.548Z,0.21724842884304507,0.9972810719102102,0.41225658960983635,0.21724842884304507,0.19500816076679128,0.0075,0.0075,0.0,normal,normal,normal,normal,0.0,1000.0,1000.0,0,10,10
2026-08-24T04:44:47.550Z,0.22552457321032982,0.9972810719102102,0.4184636978852999,0.22552457321032982,0.1929391246749701,0.0075,0.0075,0.0,normal,normal,normal,normal,0.0,1000.0,1000.0,0,10,10
2026-08-24T04:44:52.551Z,0.22557481735322957,1.000957062687606,0.4194203786868237,0.22557481735322957,0.19384556133359412,0.0075,0.0075,0.0,normal,normal,normal,normal,0.0,1000.0,1000.0,0,10,10
2026-08-24T04:44:57.553Z,0.39336721912882244,1.0008917502229375,0.5452483519023512,0.39336721912882244,0.15188113277352877,0.0075,0.0075,0.0,normal,normal,normal,normal,0.0,1000.0,1000.0,0,10,10
2026-08-24T04:45:02.565Z,0.4251964232984452,1.0008917502229375,0.5691202550295682,0.42519642329844515,0.14392383173112305,0.0075,0.0075,0.0,normal,normal,normal,normal,0.0,1000.0,1000.0,0,10,10
2026-08-24T04:45:07.558Z,0.428559940051961,1.0008917502229375,0.5716428925947051,0.428559940051961,0.1430829525427441,0.0075,0.0075,0.0,normal,normal,normal,normal,0.0,1000.0,1000.0,0,10,10
2026-08-24T04:45:12.560Z,0.37074592434501785,1.0007395001848751,0.5282443183049822,0.3707459243450179,0.1574983939599643,0.0075,0.0075,0.0,normal,normal,normal,normal,0.0,1000.0,1000.0,0,10,10
2026-08-24T04:45:17.561Z,0.37074592434501785,1.000652443400535,0.5282225541088972,0.3707459243450179,0.15747662976387927,0.0075,0.0075,0.0,normal,normal,normal,normal,0.0,1000.0,1000.0,0,10,10
2026-08-24T04:45:22.563Z,0.37074592434501785,1.000500130468818,0.528184475875968,0.3707459243450179,0.15743855153095004,0.0075,0.0075,0.0,normal,normal,normal,normal,0.0,1000.0,1000.0,0,10,10
2026-08-24T04:45:27.565Z,0.7578599409395173,1.000500130468818,0.8185199883218424,0.7578599409395173,0.06066004738232511,0.008185199883218424,0.007578599409395173,0.0006066004738232511,normal,normal,normal,normal,0.0,1000.0,1000.0,0,10,10
2026-08-24T04:45:32.565Z,1.3137563269815158,0.9975210924589023,1.2346975183508624,1.3137563269815158,-0.0790588086306534,0.012346975183508625,0.013137563269815158,-0.0007905880863065332,normal,normal,normal,normal,0.0,1000.0,1000.0,0,10,10
2026-08-24T04:45:37.568Z,1.3238465133437547,0.9975210924589023,1.2422651581225417,1.3238465133437547,-0.08158135522121301,0.012422651581225417,0.013238465133437547,-0.0008158135522121305,normal,normal,normal,normal,0.0,1000.0,1000.0,0,10,10
2026-08-24T04:45:42.570Z,1.3238473109451634,0.9975210924589023,1.2422657563235981,1.3238473109451634,-0.08158155462156524,0.01242265756323598,0.013238473109451634,-0.0008158155462156536,short_bias,short_bias,normal,normal,0.0,1000.0,1000.0,0,10,10
2026-08-24T04:45:47.572Z,1.4483503825909034,0.9975210924589023,1.3356430600579032,1.4483503825909034,-0.1127073225330002,0.013356430600579032,0.014483503825909034,-0.0011270732253300022,short_bias,short_bias,normal,normal,0.0,1000.0,1000.0,0,10,10
2026-08-24T04:45:52.572Z,1.4483753976474096,0.9976515612768547,1.3356944385547709,1.4483753976474096,-0.11268095909263875,0.01335694438554771,0.014483753976474096,-0.0011268095909263871,short_bias,short_bias,normal,normal,0.0,1000.0,1000.0,0,10,10
2026-08-24T04:45:57.574Z,1.3997222666133993,0.9976515612768547,1.299204590279263,1.3997222666133993,-0.10051767633413622,0.01299204590279263,0.013997222666133994,-0.001005176763341364,normal,normal,normal,normal,0.0,1000.0,1000.0,0,10,10
2026-08-24T04:46:02.584Z,3.464767064075363,0.9976515612768547,2.847988188375736,3.4647670640753625,-0.6167788756996266,0.03,0.0,0.03,defensive,pause,high,high,500.0,500.0,0.0,6,6,0
2026-08-24T04:46:07.579Z,5.108687248349072,0.9976515612768547,4.0809283265810175,5.108687248349072,-1.0277589217680543,0.0,0.0,0.0,pause,pause,high,high,0.0,0.0,0.0,0,0,0
2026-08-24T04:46:12.581Z,5.117094919454726,0.9956510394015831,4.086733949441441,5.117094919454726,-1.0303609700132856,0.0,0.0,0.0,pause,pause,high,high,0.0,0.0,0.0,0,0,0
2026-08-24T04:46:17.583Z,5.288729805892221,0.9956510394015831,4.215460114269562,5.288729805892221,-1.0732696916226594,0.0,0.0,0.0,pause,pause,high,high,0.0,0.0,0.0,0,0,0
2026-08-24T04:46:22.584Z,5.310050896215044,0.9956510394015831,4.231450932011679,5.310050896215044,-1.0785999642033648,0.0,0.0,0.0,pause,pause,high,high,0.0,0.0,0.0,0,0,0
2026-08-24T04:46:27.585Z,3.9203569857067406,0.9956510394015831,3.189180499130451,3.9203569857067406,-0.7311764865762895,0.0,0.0,0.0,pause,pause,high,high,0.0,0.0,0.0,0,0,0
2026-08-24T04:46:32.586Z,2.27069366658665,1.0046316430373141,1.9541781606993158,2.27069366658665,-0.3165155058873341,0.029312672410489737,0.03,-0.0006873275895102615,defensive,defensive,high,high,0.0,500.0,500.0,0,6,6
2026-08-24T04:46:37.587Z,2.2873861809332707,1.0046316430373141,1.9666975464592815,2.2873861809332707,-0.3206886344739892,0.02950046319688922,0.03,-0.0004995368031107776,defensive,defensive,high,high,0.0,500.0,500.0,0,6,6
2026-08-24T04:46:42.589Z,2.2855395360457176,1.0046316430373141,1.9653125627936165,2.2855395360457176,-0.32022697325210103,0.029479688441904246,0.03,-0.0005203115580957526,defensive,defensive,high,high,0.0,500.0,500.0,0,6,6
2026-08-24T04:46:47.591Z,2.1246783296680993,1.0046316430373141,1.844666658010403,2.1246783296680993,-0.28001167165769636,0.027669999870156045,0.03,-0.0023300001298439538,defensive,defensive,high,high,0.0,500.0,500.0,0,6,6
2026-08-24T04:46:52.592Z,2.1554127053071954,1.0086109419848655,1.8687122644766128,2.1554127053071954,-0.28670044083058266,0.02803068396714919,0.03,-0.0019693160328508076,defensive,defensive,high,high,0.0,500.0,500.0,0,6,6
2026-08-24T04:46:57.593Z,2.21994712588952,1.0086109419848655,1.9171130799133562,2.21994712588952,-0.3028340459761638,0.028756696198700343,0.03,-0.0012433038012996563,defensive,defensive,high,high,0.0,500.0,500.0,0,6,6
2026-08-24T04:47:02.601Z,2.2137670064008765,1.0086109419848655,1.9124779902968736,2.2137670064008765,-0.30128901610400294,0.028687169854453104,0.03,-0.001312830145546895,defensive,defensive,high,high,0.0,500.0,500.0,0,6,6
2026-08-24T04:47:07.595Z,0.7704898693343208,1.0086109419848655,0.8300201374969569,0.7704898693343208,0.05953026816263607,0.00830020137496957,0.007704898693343208,0.0005953026816263611,normal,normal,normal,normal,0.0,1000.0,1000.0,0,10,10
2026-08-24T04:47:12.596Z,0.7397192659731537,1.0085457075758892,0.8069258763738376,0.7397192659731537,0.06720661040068387,0.008069258763738376,0.0075,0.0005692587637383759,normal,normal,normal,normal,0.0,1000.0,1000.0,0,10,10
2026-08-24T04:47:17.597Z,0.7370112670687793,1.0085457075758892,0.8048948771955567,0.7370112670687793,0.06788361012677746,0.008048948771955567,0.0075,0.0005489487719555677,normal,normal,normal,normal,0.0,1000.0,1000.0,0,10,10
2026-08-24T04:47:22.598Z,0.7751044366560506,1.0075671914412454,0.8332201253523492,0.7751044366560506,0.058115688696298684,0.008332201253523491,0.007751044366560506,0.000581156886962985,normal,normal,normal,normal,0.0,1000.0,1000.0,0,10,10
2026-08-24T04:47:27.600Z,0.7735178953671087,1.0075671914412454,0.8320302193856429,0.7735178953671088,0.05851232401853412,0.008320302193856429,0.007735178953671088,0.0005851232401853411,normal,normal,normal,normal,0.0,1000.0,1000.0,0,10,10
2026-08-24T04:47:32.602Z,0.7685425937622992,1.0065886753066016,0.8280541141483748,0.7685425937622993,0.059511520386075545,0.008280541141483747,0.007685425937622993,0.000595115203860754,normal,normal,normal,normal,0.0,1000.0,1000.0,0,10,10
2026-08-24T04:47:37.604Z,0.764636877678562,1.0065886753066016,0.8251248270855719,0.764636877678562,0.060487949407009856,0.008251248270855719,0.00764636877678562,0.0006048794940700991,normal,normal,normal,normal,0.0,1000.0,1000.0,0,10,10
2026-08-24T04:47:42.606Z,0.764636877678562,1.005936331216839,0.8249617410631312,0.764636877678562,0.060324863384569216,0.008249617410631313,0.00764636877678562,0.0006032486338456928,normal,normal,normal,normal,0.0,1000.0,1000.0,0,10,10
2026-08-24T04:47:47.607Z,0.5310930449957016,1.005936331216839,0.649803866550986,0.5310930449957016,0.11871082155528434,0.0075,0.0075,0.0,normal,normal,normal,normal,0.0,1000.0,1000.0,0,10,10
2026-08-24T04:47:52.609Z,0.4743326988237723,1.0052839871270767,0.6070705208995983,0.4743326988237723,0.13273782207582602,0.0075,0.0075,0.0,normal,normal,normal,normal,0.0,1000.0,1000.0,0,10,10
2026-08-24T04:47:57.609Z,0.339263543022084,1.0052839871270767,0.5057686540483322,0.339263543022084,0.16650511102624815,0.0075,0.0075,0.0,normal,normal,normal,normal,0.0,1000.0,1000.0,0,10,10
2026-08-24T04:48:02.622Z,0.33840024754323045,1.00208750108724,0.5043220609292329,0.33840024754323045,0.16592181338600248,0.0075,0.0075,0.0,normal,normal,normal,normal,0.0,1000.0,1000.0,0,10,10
2026-08-24T04:48:07.615Z,0.3816013931047755,1.00208750108724,0.5367229201003916,0.3816013931047755,0.1551215269956161,0.0075,0.0075,0.0,normal,normal,normal,normal,0.0,1000.0,1000.0,0,10,10
2026-08-24T04:48:12.619Z,0.3816013931047755,0.9988910150474036,0.5359237985904325,0.3816013931047755,0.154322405485657,0.0075,0.0075,0.0,normal,normal,normal,normal,0.0,1000.0,1000.0,0,10,10
2026-08-24T04:48:17.623Z,0.38210713703398747,0.9988910150474036,0.5363031065373415,0.38210713703398747,0.154195969503354,0.0075,0.0075,0.0,normal,normal,normal,normal,0.0,1000.0,1000.0,0,10,10
2026-08-24T04:48:22.627Z,0.3998266884526057,0.9988910150474036,0.5495927701013053,0.39982668845260577,0.14976608164869948,0.0075,0.0075,0.0,normal,normal,normal,normal,0.0,1000.0,1000.0,0,10,10
2026-08-24T04:48:27.630Z,0.4719743588921404,0.9995759763416543,0.6038747632545189,0.4719743588921404,0.13190040436237854,0.0075,0.0075,0.0,normal,normal,normal,normal,0.0,1000.0,1000.0,0,10,10
2026-08-24T04:48:32.631Z,0.4697811652479936,1.000260937635905,0.6024011083449714,0.46978116524799357,0.13261994309697783,0.0075,0.0075,0.0,normal,normal,normal,normal,0.0,1000.0,1000.0,0,10,10
2026-08-24T04:48:37.634Z,0.46795735212608935,1.000260937635905,0.6010332485035432,0.46795735212608935,0.13307589637745387,0.0075,0.0075,0.0,normal,normal,normal,normal,0.0,1000.0,1000.0,0,10,10
2026-08-24T04:48:42.636Z,0.48773568080093416,1.000260937635905,0.6158669950096769,0.48773568080093416,0.12813131420874274,0.0075,0.0075,0.0,normal,normal,normal,normal,0.0,1000.0,1000.0,0,10,10
2026-08-24T04:48:47.638Z,0.4867862943860301,0.9991954422892928,0.6148885813618458,0.4867862943860301,0.12810228697581566,0.0075,0.0075,0.0,normal,normal,normal,normal,0.0,1000.0,1000.0,0,10,10
2026-08-24T04:48:52.640Z,0.4867862943860301,0.9981299469426806,0.6146222075251927,0.4867862943860301,0.1278359131391626,0.0075,0.0075,0.0,normal,normal,normal,normal,0.0,1000.0,1000.0,0,10,10
2026-08-24T04:48:57.642Z,0.4573488862351519,0.9981299469426806,0.5925441514120341,0.45734888623515185,0.13519526517688224,0.0075,0.0075,0.0,normal,normal,normal,normal,0.0,1000.0,1000.0,0,10,10
2026-08-24T04:49:02.652Z,0.4573488862351519,0.9981299469426806,0.5925441514120341,0.45734888623515185,0.13519526517688224,0.0075,0.0075,0.0,normal,normal,normal,normal,0.0,1000.0,1000.0,0,10,10
2026-08-24T04:49:07.645Z,0.42019428345587934,0.9981299469426806,0.5646781993275797,0.42019428345587934,0.14448391587170034,0.0075,0.0075,0.0,normal,normal,normal,normal,0.0,1000.0,1000.0,0,10,10
2026-08-24T04:49:12.648Z,0.42211470171318205,0.9981299469426806,0.5661185130205567,0.42211470171318205,0.14400381130737466,0.0075,0.0075,0.0,normal,normal,normal,normal,0.0,1000.0,1000.0,0,10,10
2026-08-24T04:49:17.648Z,0.42621628574688053,0.9981299469426806,0.5691947010458306,0.42621628574688053,0.14297841529895006,0.0075,0.0075,0.0,normal,normal,normal,normal,0.0,1000.0,1000.0,0,10,10
2026-08-24T04:49:22.649Z,0.2895714148020957,0.9981299469426806,0.46671104783724193,0.2895714148020957,0.17713963303514624,0.0075,0.0075,0.0,normal,normal,normal,normal,0.0,1000.0,1000.0,0,10,10
2026-08-24T04:49:27.651Z,0.1800556164200049,1.0004457684613377,0.3851531544303381,0.1800556164200049,0.2050975380103332,0.0075,0.0075,0.0,normal,normal,normal,normal,0.0,1000.0,1000.0,0,10,10
2026-08-24T04:49:32.653Z,0.1800556164200049,1.0027615899799949,0.3857321098100024,0.1800556164200049,0.2056764933899975,0.0075,0.0075,0.0,normal,normal,normal,normal,0.0,1000.0,1000.0,0,10,10
2026-08-24T04:49:37.652Z,0.17471034697927615,1.0027615899799949,0.38172315772945586,0.17471034697927615,0.20701281075017972,0.0075,0.0075,0.0,normal,normal,normal,normal,0.0,1000.0,1000.0,0,10,10
2026-08-24T04:49:42.652Z,0.11636338647228707,1.0025,0.3378975398542153,0.11636338647228707,0.22153415338192822,0.0075,0.0075,0.0,short_bias,short_bias,normal,normal,0.0,1000.0,1000.0,0,10,10
2026-08-24T04:49:47.654Z,0.1369280583880629,1.0033369565217392,0.353530282921482,0.1369280583880629,0.21660222453341907,0.0075,0.0075,0.0,normal,normal,normal,normal,0.0,1000.0,1000.0,0,10,10
2026-08-24T04:49:52.654Z,0.2323131275794988,1.0033369565217392,0.4250690848150589,0.23231312757949882,0.19275595723556008,0.0075,0.0075,0.0,normal,normal,normal,normal,0.0,1000.0,1000.0,0,10,10
2026-08-24T04:49:57.656Z,0.23452036086968747,1.0041739130434781,0.4269337489131351,0.23452036086968744,0.19241338804344768,0.0075,0.0075,0.0,normal,normal,normal,normal,0.0,1000.0,1000.0,0,10,10
2026-08-24T04:50:02.667Z,0.23508186169994102,1.0041739130434781,0.4273548745358253,0.23508186169994102,0.1922730128358843,0.0075,0.0075,0.0,normal,normal,normal,normal,0.0,1000.0,1000.0,0,10,10
2026-08-24T04:50:07.657Z,0.2350959099064668,1.0045978260869566,0.42747138895158926,0.2350959099064668,0.19237547904512245,0.0075,0.0075,0.0,normal,normal,normal,normal,0.0,1000.0,1000.0,0,10,10
2026-08-24T04:50:12.659Z,0.23519587381940527,1.0045978260869566,0.4275463618862931,0.23519587381940524,0.19235048806688784,0.0075,0.0075,0.0,normal,normal,normal,normal,0.0,1000.0,1000.0,0,10,10
2026-08-24T04:50:17.659Z,0.7167228935369765,1.0049998913067109,0.78879214297941,0.7167228935369764,0.07206924944243365,0.0078879214297941,0.0075,0.00038792142979410076,normal,normal,normal,normal,0.0,1000.0,1000.0,0,10,10
2026-08-24T04:50:22.660Z,0.7414960033550003,1.0049998913067109,0.8073719753429279,0.7414960033550003,0.0658759719879276,0.008073719753429279,0.0075,0.0005737197534292793,normal,normal,normal,normal,0.0,1000.0,1000.0,0,10,10
2026-08-24T04:50:27.661Z,0.7649741289306884,1.0018695245755527,0.8241979778419044,0.7649741289306884,0.059223848911216015,0.008241979778419044,0.007649741289306884,0.0005922384891121606,normal,normal,normal,normal,0.0,1000.0,1000.0,0,10,10
2026-08-24T04:50:32.661Z,0.8740259850521603,1.0018695245755527,0.9059868699330085,0.8740259850521603,0.03196088488084814,0.009059868699330086,0.008740259850521603,0.0003196088488084826,normal,normal,normal,normal,0.0,1000.0,1000.0,0,10,10
2026-08-24T04:50:37.662Z,0.9497527703861872,0.9985872022257,0.9619613783460654,0.9497527703861873,0.012208607959878104,0.009619613783460655,0.009497527703861874,0.0001220860795987811,normal,normal,normal,normal,0.0,1000.0,1000.0,0,10,10
2026-08-24T04:50:42.664Z,0.9500752551989841,0.9985872022257,0.962203241955663,0.9500752551989841,0.012127986756678921,0.00962203241955663,0.00950075255198984,0.00012127986756678942,normal,normal,normal,normal,0.0,1000.0,1000.0,0,10,10
2026-08-24T04:50:47.665Z,0.9933011289400082,1.000445574682664,0.9950872403756721,0.9933011289400082,0.001786111435663873,0.00995087240375672,0.009933011289400082,1.7861114356637967e-05,normal,normal,normal,normal,0.0,1000.0,1000.0,0,10,10
2026-08-24T04:50:52.667Z,0.9580098080856863,1.000445574682664,0.9686187497349308,0.9580098080856864,0.010608941649244419,0.009686187497349308,0.009580098080856863,0.00010608941649244488,normal,normal,normal,normal,0.0,1000.0,1000.0,0,10,10
2026-08-24T04:50:57.667Z,0.9663456527122923,1.002303947139628,0.9753352263191263,0.9663456527122923,0.008989573606833945,0.009753352263191264,0.009663456527122923,8.989573606834125e-05,normal,normal,normal,normal,0.0,1000.0,1000.0,0,10,10
2026-08-24T04:51:02.676Z,1.0153846639461168,1.002293054544269,1.012111761595655,1.0153846639461168,-0.003272902350461848,0.01012111761595655,0.010153846639461167,-3.2729023504617094e-05,normal,normal,normal,normal,0.0,1000.0,1000.0,0,10,10
2026-08-24T04:51:07.669Z,1.8584785742324337,1.0023147896584328,1.6444376280889335,1.8584785742324337,-0.21404094614350022,0.024666564421334,0.027877178613486507,-0.0032106141921525062,defensive,defensive,high,high,0.0,500.0,500.0,0,6,6
2026-08-24T04:51:12.669Z,1.8972409349539048,1.002303897063618,1.6735066754813333,1.8972409349539048,-0.22373425947257153,0.025102600132219998,0.028458614024308573,-0.0033560138920885746,defensive,defensive,high,high,0.0,500.0,500.0,0,6,6
2026-08-24T04:51:17.670Z,0.9743765553763238,1.0023256319415768,0.981363824517637,0.9743765553763238,0.0069872691413132015,0.00981363824517637,0.009743765553763238,6.987269141313195e-05,short_bias,short_bias,normal,normal,0.0,1000.0,1000.0,0,10,10
2026-08-24T04:51:22.670Z,0.9129083724541331,1.0023256319415768,0.935262687325994,0.9129083724541331,0.022354314871860903,0.00935262687325994,0.009129083724541331,0.00022354314871860827,short_bias,short_bias,normal,normal,0.0,1000.0,1000.0,0,10,10
2026-08-24T04:51:27.671Z,0.913813755075428,1.002532003216622,0.9359933171107264,0.9138137550754278,0.022179562035298583,0.009359933171107265,0.009138137550754278,0.00022179562035298632,short_bias,short_bias,normal,normal,0.0,1000.0,1000.0,0,10,10
2026-08-24T04:51:32.673Z,0.9152855321576727,1.002532003216622,0.9370971499224101,0.9152855321576728,0.02181161776473728,0.009370971499224102,0.009152855321576728,0.00021811617764737334,normal,normal,normal,normal,0.0,1000.0,1000.0,0,10,10
2026-08-24T04:51:37.674Z,0.7204556119479062,1.0027819434483058,0.7910371948230062,0.7204556119479063,0.07058158287509986,0.007910371948230062,0.0075,0.00041037194823006183,normal,normal,normal,normal,0.0,1000.0,1000.0,0,10,10
2026-08-24T04:51:42.675Z,0.746921890925196,1.0027819434483058,0.8108869040559734,0.7469218909251959,0.06396501313077751,0.008108869040559734,0.0075,0.0006088690405597341,normal,normal,normal,normal,0.0,1000.0,1000.0,0,10,10
2026-08-24T04:51:47.676Z,0.8189989193462663,1.0012062332920388,0.8645507478327095,0.8189989193462663,0.045551828486443124,0.008645507478327095,0.008189989193462663,0.00045551828486443263,normal,normal,normal,normal,0.0,1000.0,1000.0,0,10,10
2026-08-24T04:51:52.676Z,0.8378094861953521,1.0012062332920388,0.8786586729695238,0.8378094861953521,0.04084918677417171,0.008786586729695237,0.008378094861953522,0.0004084918677417157,normal,normal,normal,normal,0.0,1000.0,1000.0,0,10,10
2026-08-24T04:51:57.677Z,0.9558344516271136,0.9996305231357718,0.9667834695042781,0.9558344516271134,0.010949017877164624,0.00966783469504278,0.009558344516271133,0.00010949017877164707,normal,normal,normal,normal,0.0,1000.0,1000.0,0,10,10
2026-08-24T04:52:02.686Z,0.8401532526322364,0.9996305231357718,0.8800225702581203,0.8401532526322364,0.03986931762588386,0.008800225702581203,0.008401532526322364,0.00039869317625883943,normal,normal,normal,normal,0.0,1000.0,1000.0,0,10,10
2026-08-24T04:52:07.679Z,0.9646083569437425,1.001521375323292,0.9738366115386299,0.9646083569437426,0.009228254594887297,0.0097383661153863,0.009646083569437426,9.228254594887374e-05,normal,normal,normal,normal,0.0,1000.0,1000.0,0,10,10
2026-08-24T04:52:12.680Z,1.2919306947959666,1.001521375323292,1.219328364927798,1.2919306947959666,-0.07260232986816861,0.01219328364927798,0.012919306947959666,-0.0007260232986816863,normal,normal,normal,normal,0.0,1000.0,1000.0,0,10,10
2026-08-24T04:52:17.681Z,3.1840610276842956,1.0033686132180035,2.6388879240677223,3.1840610276842956,-0.5451731036165732,0.03,0.0,0.03,defensive,pause,high,high,500.0,500.0,0.0,6,6,0
2026-08-24T04:52:22.682Z,3.3078065161113317,1.0033686132180035,2.731697040388,3.307806516111332,-0.576109475723332,0.03,0.0,0.03,defensive,pause,high,high,500.0,500.0,0.0,6,6,0
2026-08-24T04:52:27.682Z,3.3171856473039694,1.0028035555169192,2.738590124357207,3.3171856473039694,-0.5785955229467623,0.03,0.0,0.03,defensive,pause,high,high,500.0,500.0,0.0,6,6,0
2026-08-24T04:52:32.683Z,3.3275449433096624,1.0028035555169192,2.7463595963614766,3.3275449433096624,-0.5811853469481858,0.03,0.0,0.03,defensive,pause,high,high,500.0,500.0,0.0,6,6,0
2026-08-24T04:52:37.684Z,3.656248357831588,1.0021296014602983,2.9927186687387657,3.656248357831588,-0.6635296890928224,0.03,0.0,0.03,defensive,pause,high,high,500.0,500.0,0.0,6,6,0
2026-08-24T04:52:42.684Z,3.8603894554389946,1.0021296014602983,3.1458244919443206,3.8603894554389946,-0.714564963494674,0.0,0.0,0.0,pause,pause,high,high,0.0,0.0,0.0,0,0,0
2026-08-24T04:52:47.685Z,3.8915702440690243,1.0018688339345474,3.1691448915354052,3.8915702440690243,-0.7224253525336191,0.0,0.0,0.0,pause,pause,high,high,0.0,0.0,0.0,0,0,0
2026-08-24T04:52:52.686Z,3.9549805723177345,1.0018688339345474,3.216702637721938,3.954980572317735,-0.7382779345957968,0.0,0.0,0.0,pause,pause,high,high,0.0,0.0,0.0,0,0,0
2026-08-24T04:52:57.686Z,3.9064891933045907,1.0016080664087965,3.180268911580642,3.9064891933045907,-0.7262202817239487,0.0,0.0,0.0,pause,pause,high,high,0.0,0.0,0.0,0,0,0
2026-08-24T04:53:02.697Z,3.925767831718454,1.0016080664087965,3.1947278903910394,3.925767831718454,-0.7310399413274147,0.0,0.0,0.0,pause,pause,high,high,0.0,0.0,0.0,0,0,0
2026-08-24T04:53:07.689Z,3.613160908991915,1.0022273892824547,2.96042752906455,3.613160908991915,-0.6527333799273651,0.03,0.0,0.03,defensive,pause,high,high,500.0,500.0,0.0,6,6,0
2026-08-24T04:53:12.690Z,3.2730161488281637,1.0022273892824547,2.7053189589417364,3.2730161488281637,-0.5676971898864274,0.03,0.0,0.03,defensive,pause,high,high,500.0,500.0,0.0,6,6,0
2026-08-24T04:53:17.691Z,1.2850534056326886,1.0028467121561129,1.2145017322635445,1.2850534056326886,-0.07055167336914403,0.012145017322635445,0.012850534056326886,-0.0007055167336914407,short_bias,short_bias,normal,normal,0.0,1000.0,1000.0,0,10,10
2026-08-24T04:53:22.692Z,1.4304237053263444,1.0028467121561129,1.3235294570337865,1.4304237053263444,-0.10689424829255789,0.013235294570337865,0.014304237053263443,-0.0010689424829255778,normal,normal,normal,normal,0.0,1000.0,1000.0,0,10,10
2026-08-24T04:53:27.693Z,1.7012512456992401,1.0074970663653353,1.527812700865764,1.7012512456992404,-0.17343854483347632,0.02291719051298646,0.025518768685488608,-0.002601578172502148,defensive,defensive,high,high,0.0,500.0,500.0,0,6,6
2026-08-24T04:53:32.693Z,1.6876632490177574,1.0074970663653353,1.517621703354652,1.6876632490177574,-0.17004154566310548,0.02276432555031978,0.025314948735266362,-0.0025506231849465807,defensive,defensive,high,high,0.0,500.0,500.0,0,6,6
2026-08-24T04:53:37.694Z,1.3872295458352075,1.012147420574558,1.293459014520045,1.3872295458352075,-0.09377053131516244,0.019401885217800674,0.013872295458352075,0.005529589759448599,defensive,normal,high,normal,-500.0,500.0,1000.0,-4,6,10
2026-08-24T04:53:42.696Z,1.1832553331739681,1.012147420574558,1.1404783550241155,1.1832553331739681,-0.042776978149852596,0.011404783550241155,0.011832553331739682,-0.00042776978149852707,long_bias,long_bias,normal,normal,0.0,1000.0,1000.0,0,10,10
2026-08-24T04:53:47.696Z,1.1554092827877513,1.009072536833413,1.1188250962991668,1.1554092827877513,-0.036584186488584525,0.011188250962991668,0.011554092827877513,-0.00036584186488584566,normal,normal,normal,normal,0.0,1000.0,1000.0,0,10,10
2026-08-24T04:53:52.697Z,1.1055428950326749,1.009072536833413,1.0814253054828593,1.1055428950326749,-0.024117589549815577,0.010814253054828592,0.011055428950326749,-0.00024117589549815625,normal,normal,normal,normal,0.0,1000.0,1000.0,0,10,10
2026-08-24T04:53:57.698Z,1.1070516209998174,1.0059976530922683,1.08178812902293,1.1070516209998174,-0.025263491976887265,0.0108178812902293,0.011070516209998174,-0.00025263491976887376,normal,normal,normal,normal,0.0,1000.0,1000.0,0,10,10
2026-08-24T04:54:02.706Z,1.0425470139474682,1.0059976530922683,1.0334096737336682,1.0425470139474682,-0.009137340213799972,0.010334096737336682,0.010425470139474683,-9.137340213800048e-05,normal,normal,normal,normal,0.0,1000.0,1000.0,0,10,10
2026-08-24T04:54:07.700Z,1.1916191546244954,1.0135381807118953,1.1470989111463452,1.1916191546244954,-0.0445202434781502,0.011470989111463452,0.011916191546244953,-0.0004452024347815012,normal,normal,normal,normal,0.0,1000.0,1000.0,0,10,10
2026-08-24T04:54:12.704Z,1.1820909370108656,1.0135381807118953,1.139952747936123,1.1820909370108656,-0.04213818907474276,0.01139952747936123,0.011820909370108656,-0.00042138189074742566,normal,normal,normal,normal,0.0,1000.0,1000.0,0,10,10
2026-08-24T04:54:17.702Z,1.1900931651042546,1.0135381807118953,1.1459544190061646,1.1900931651042546,-0.04413874609808999,0.011459544190061646,0.011900931651042546,-0.0004413874609809007,short_bias,short_bias,normal,normal,0.0,1000.0,1000.0,0,10,10
2026-08-24T04:54:22.703Z,1.0597351150761227,1.0135381807118953,1.048185881485066,1.0597351150761227,-0.011549233591056751,0.01048185881485066,0.010597351150761228,-0.00011549233591056848,short_bias,short_bias,normal,normal,0.0,1000.0,1000.0,0,10,10
2026-08-24T04:54:27.704Z,0.7196103536151833,1.0016080664087965,0.7901097818135867,0.7196103536151833,0.07049942819840338,0.007901097818135867,0.0075,0.00040109781813586765,short_bias,short_bias,normal,normal,0.0,1000.0,1000.0,0,10,10
2026-08-24T04:54:32.704Z,0.7283161026916889,1.0016080664087965,0.7966390936209657,0.7283161026916889,0.06832299092927685,0.007966390936209657,0.0075,0.00046639093620965723,short_bias,short_bias,normal,normal,0.0,1000.0,1000.0,0,10,10
2026-08-24T04:54:37.705Z,0.7290881664952379,1.0016080664087965,0.7972181414736275,0.7290881664952379,0.06812997497838957,0.007972181414736275,0.0075,0.0004721814147362752,normal,normal,normal,normal,0.0,1000.0,1000.0,0,10,10
2026-08-24T04:54:42.706Z,0.7542981186892289,1.0016080664087965,0.8161256056191208,0.7542981186892289,0.06182748692989193,0.008161256056191208,0.007542981186892289,0.0006182748692989196,normal,normal,normal,normal,0.0,1000.0,1000.0,0,10,10
2026-08-24T04:54:47.707Z,0.7600161957857372,1.0016080664087965,0.8204141634415021,0.7600161957857372,0.060397967655764884,0.00820414163441502,0.007600161957857372,0.0006039796765576486,normal,normal,normal,normal,0.0,1000.0,1000.0,0,10,10
2026-08-24T04:54:52.708Z,0.7532202304906735,1.0016080664087965,0.8153171894702043,0.7532202304906735,0.062096958979530714,0.008153171894702042,0.007532202304906735,0.0006209695897953071,normal,normal,normal,normal,0.0,1000.0,1000.0,0,10,10
2026-08-24T04:54:57.710Z,0.7602651331107857,1.0013795800427996,0.8205437448437891,0.7602651331107856,0.06027861173300353,0.00820543744843789,0.007602651331107856,0.0006027861173300347,normal,normal,normal,normal,0.0,1000.0,1000.0,0,10,10
2026-08-24T04:55:02.717Z,0.7561122058445997,1.0013795800427996,0.8174290493941496,0.7561122058445996,0.061316843549550026,0.008174290493941496,0.007561122058445996,0.0006131684354954998,normal,normal,normal,normal,0.0,1000.0,1000.0,0,10,10
2026-08-24T04:55:07.710Z,0.5241146188556378,1.0087445821610523,0.6452721096819914,0.5241146188556378,0.12115749082635363,0.0075,0.0075,0.0,normal,normal,normal,normal,0.0,1000.0,1000.0,0,10,10
2026-08-24T04:55:12.712Z,0.5213004698702309,1.0087445821610523,0.6431614979429363,0.5213004698702309,0.12186102807270538,0.0075,0.0075,0.0,normal,normal,normal,normal,0.0,1000.0,1000.0,0,10,10
2026-08-24T04:55:17.713Z,0.4605929649562327,1.0087445821610523,0.5976308692574376,0.46059296495623264,0.13703790430120494,0.0075,0.0075,0.0,normal,normal,normal,normal,0.0,1000.0,1000.0,0,10,10
2026-08-24T04:55:22.713Z,0.4205991206785705,1.0087445821610523,0.567635486049191,0.4205991206785706,0.14703636537062043,0.0075,0.0075,0.0,normal,normal,normal,normal,0.0,1000.0,1000.0,0,10,10
2026-08-24T04:55:27.714Z,0.48308604524475685,1.0045515278577404,0.6134524158980027,0.4830860452447568,0.1303663706532459,0.0075,0.0075,0.0,normal,normal,normal,normal,0.0,1000.0,1000.0,0,10,10
2026-08-24T04:55:32.715Z,0.47325828153850147,1.0037228788816168,0.6058744308742803,0.4732582815385015,0.13261614933577875,0.0075,0.0075,0.0,normal,normal,normal,normal,0.0,1000.0,1000.0,0,10,10
2026-08-24T04:55:37.714Z,0.46798568369133325,1.0037228788816168,0.6019199824889041,0.46798568369133325,0.13393429879757085,0.0075,0.0075,0.0,normal,normal,normal,normal,0.0,1000.0,1000.0,0,10,10
2026-08-24T04:55:42.716Z,0.38155394712452595,1.0034505957160529,0.5370281092724076,0.38155394712452595,0.15547416214788168,0.0075,0.0075,0.0,normal,normal,normal,normal,0.0,1000.0,1000.0,0,10,10
2026-08-24T04:55:47.717Z,0.39328134304788814,1.0016276394887043,0.5453679171580922,0.39328134304788814,0.15208657411020404,0.0075,0.0075,0.0,normal,normal,normal,normal,0.0,1000.0,1000.0,0,10,10
2026-08-24T04:55:52.718Z,0.37817306976608855,0.9998046832613555,0.5335809731399053,0.37817306976608855,0.1554079033738167,0.0075,0.0075,0.0,normal,normal,normal,normal,0.0,1000.0,1000.0,0,10,10
2026-08-24T04:55:57.719Z,0.36354818824180685,0.9998046832613555,0.522612311996694,0.36354818824180685,0.15906412375488715,0.0075,0.0075,0.0,normal,normal,normal,normal,0.0,1000.0,1000.0,0,10,10
2026-08-24T04:56:02.730Z,0.3651857294961092,0.9998046832613555,0.5238404679374208,0.3651857294961092,0.15865473844131156,0.0075,0.0075,0.0,normal,normal,normal,normal,0.0,1000.0,1000.0,0,10,10
2026-08-24T04:56:07.722Z,0.35387770486477665,1.0009114781136743,0.5156361481770011,0.3538777048647767,0.1617584433122244,0.0075,0.0075,0.0,normal,normal,normal,normal,0.0,1000.0,1000.0,0,10,10
2026-08-24T04:56:12.722Z,0.35349056169679954,1.0020182729659932,0.515622489514098,0.35349056169679954,0.1621319278172984,0.0075,0.0075,0.0,normal,normal,normal,normal,0.0,1000.0,1000.0,0,10,10
2026-08-24T04:56:17.723Z,0.3578847343386118,1.0019747835333435,0.5189072466372947,0.3578847343386118,0.16102251229868292,0.0075,0.0075,0.0,normal,normal,normal,normal,0.0,1000.0,1000.0,0,10,10
2026-08-24T04:56:22.725Z,0.3786359339226953,1.0019747835333435,0.5344706463253573,0.3786359339226953,0.15583471240266206,0.0075,0.0075,0.0,normal,normal,normal,normal,0.0,1000.0,1000.0,0,10,10
2026-08-24T04:56:27.725Z,0.2821183219511917,1.0025388421143997,0.46222345199199366,0.2821183219511917,0.18010513004080198,0.0075,0.0075,0.0,normal,normal,normal,normal,0.0,1000.0,1000.0,0,10,10
2026-08-24T04:56:32.726Z,0.27533698349093255,1.0031681277666868,0.45729476955987114,0.27533698349093255,0.1819577860689386,0.0075,0.0075,0.0,normal,normal,normal,normal,0.0,1000.0,1000.0,0,10,10
2026-08-24T04:56:37.728Z,0.4193526887822334,1.0031028272614837,0.565290223402046,0.4193526887822334,0.14593753461981263,0.0075,0.0075,0.0,normal,normal,normal,normal,0.0,1000.0,1000.0,0,10,10
2026-08-24T04:56:42.728Z,0.4890843890100283,1.0031028272614837,0.6175889985728922,0.4890843890100283,0.12850460956286386,0.0075,0.0075,0.0,normal,normal,normal,normal,0.0,1000.0,1000.0,0,10,10
2026-08-24T04:56:47.730Z,0.4698354538421047,1.0029940119760479,0.6031250933755905,0.46983545384210473,0.13328963953348577,0.0075,0.0075,0.0,normal,normal,normal,normal,0.0,1000.0,1000.0,0,10,10
2026-08-24T04:56:52.731Z,0.47817349590518926,1.0029940119760479,0.6093786249229038,0.47817349590518926,0.13120512901771458,0.0075,0.0075,0.0,normal,normal,normal,normal,0.0,1000.0,1000.0,0,10,10
2026-08-24T04:56:57.732Z,0.47619292716684536,1.0029940119760479,0.607893198369146,0.4761929271668454,0.1317002712023006,0.0075,0.0075,0.0,normal,normal,normal,normal,0.0,1000.0,1000.0,0,10,10
2026-08-24T04:57:02.740Z,0.47706324407854966,1.0029940119760479,0.6085459360529242,0.47706324407854966,0.1314826919743745,0.0075,0.0075,0.0,normal,normal,normal,normal,0.0,1000.0,1000.0,0,10,10
2026-08-24T04:57:07.735Z,0.48226316964040417,1.0015403974659376,0.6120824765967876,0.4822631696404042,0.12981930695638338,0.0075,0.0075,0.0,normal,normal,normal,normal,0.0,1000.0,1000.0,0,10,10
2026-08-24T04:57:12.737Z,0.4831109069647626,1.0000867829558275,0.6123548759625288,0.4831109069647626,0.1292439689977662,0.0075,0.0075,0.0,normal,normal,normal,normal,0.0,1000.0,1000.0,0,10,10
2026-08-24T04:57:17.738Z,0.6062670012826951,1.0000867829558275,0.7047219467009782,0.6062670012826951,0.09845494541828315,0.0075,0.0075,0.0,normal,normal,normal,normal,0.0,1000.0,1000.0,0,10,10
2026-08-24T04:57:22.738Z,0.596564501388266,1.0000867829558275,0.6974450717801564,0.596564501388266,0.10088057039189036,0.0075,0.0075,0.0,normal,normal,normal,normal,0.0,1000.0,1000.0,0,10,10
2026-08-24T04:57:27.739Z,0.5823570506387907,1.000075935086349,0.6867867717506804,0.5823570506387907,0.10442972111188964,0.0075,0.0075,0.0,normal,normal,normal,normal,0.0,1000.0,1000.0,0,10,10
2026-08-24T04:57:32.740Z,0.598554498187757,1.0000650872168706,0.6989321454450355,0.598554498187757,0.10037764725727849,0.0075,0.0075,0.0,normal,normal,normal,normal,0.0,1000.0,1000.0,0,10,10
2026-08-24T04:57:37.742Z,0.4607101911606736,1.0,0.5955326433705052,0.4607101911606735,0.13482245220983163,0.0075,0.0075,0.0,normal,normal,normal,normal,0.0,1000.0,1000.0,0,10,10
2026-08-24T04:57:42.742Z,0.34508062858576616,1.0,0.5088104714393247,0.34508062858576616,0.16372984285355852,0.0075,0.0075,0.0,normal,normal,normal,normal,0.0,1000.0,1000.0,0,10,10
2026-08-24T04:57:47.744Z,0.3420540787397197,1.0,0.5065405590547898,0.3420540787397197,0.16448648031507007,0.0075,0.0075,0.0,normal,normal,normal,normal,0.0,1000.0,1000.0,0,10,10
2026-08-24T04:57:52.744Z,0.3223884341814056,1.003644646924829,0.49270248736726147,0.3223884341814056,0.17031405318585585,0.0075,0.0075,0.0,normal,normal,normal,normal,0.0,1000.0,1000.0,0,10,10
2026-08-24T04:57:57.745Z,0.37454007247344706,1.00363376034537,0.5318134944414278,0.37454007247344706,0.15727342196798072,0.0075,0.0075,0.0,normal,normal,normal,normal,0.0,1000.0,1000.0,0,10,10
2026-08-24T04:58:02.750Z,0.3855230105903164,1.0036228740020827,0.540047976443258,0.3855230105903164,0.15452496585294156,0.0075,0.0075,0.0,normal,normal,normal,normal,0.0,1000.0,1000.0,0,10,10
2026-08-24T04:58:07.747Z,0.37460829242381866,1.0036228740020827,0.5318619378183846,0.3746082924238186,0.15725364539456604,0.0075,0.0075,0.0,normal,normal,normal,normal,0.0,1000.0,1000.0,0,10,10
2026-08-24T04:58:12.748Z,0.37862171463682814,1.00835213467546,0.5360543196464861,0.3786217146368281,0.157432605009658,0.0075,0.0075,0.0,normal,normal,normal,normal,0.0,1000.0,1000.0,0,10,10
2026-08-24T04:58:17.749Z,0.4349031142523966,1.0081771646711781,0.5782216268570919,0.4349031142523965,0.14331851260469536,0.0075,0.0075,0.0,normal,normal,normal,normal,0.0,1000.0,1000.0,0,10,10
2026-08-24T04:58:22.750Z,0.46970648581212143,1.0081771646711781,0.6043241555268857,0.46970648581212143,0.13461766971476424,0.0075,0.0075,0.0,normal,normal,normal,normal,0.0,1000.0,1000.0,0,10,10
2026-08-24T04:58:27.751Z,0.5990766488435127,1.0079585375374074,0.7012971210169864,0.5990766488435127,0.10222047217347363,0.0075,0.0075,0.0,normal,normal,normal,normal,0.0,1000.0,1000.0,0,10,10
2026-08-24T04:58:32.753Z,0.6586201733387367,1.0033829205881077,0.7448108601510794,0.6586201733387367,0.08619068681234276,0.0075,0.0075,0.0,normal,normal,normal,normal,0.0,1000.0,1000.0,0,10,10
2026-08-24T04:58:37.753Z,0.6568666314566063,1.0033611623116123,0.7434902641703578,0.6568666314566063,0.08662363271375151,0.0075,0.0075,0.0,normal,normal,normal,normal,0.0,1000.0,1000.0,0,10,10
2026-08-24T04:58:42.754Z,0.6324905626321258,1.0033611623116123,0.7252082125519974,0.6324905626321258,0.09271764991987164,0.0075,0.0075,0.0,normal,normal,normal,normal,0.0,1000.0,1000.0,0,10,10
2026-08-24T04:58:47.755Z,0.6430500822188846,1.0033611623116123,0.7331278522420666,0.6430500822188846,0.09007777002318196,0.0075,0.0075,0.0,normal,normal,normal,normal,0.0,1000.0,1000.0,0,10,10
2026-08-24T04:58:52.756Z,0.7341267030023683,1.0033611623116123,0.8014353178296794,0.7341267030023683,0.0673086148273111,0.008014353178296794,0.0075,0.0005143531782967944,normal,normal,normal,normal,0.0,1000.0,1000.0,0,10,10
2026-08-24T04:58:57.757Z,0.6871410169602644,1.0033611623116123,0.7661960532981014,0.6871410169602644,0.07905503633783695,0.007661960532981014,0.0075,0.0001619605329810144,normal,normal,normal,normal,0.0,1000.0,1000.0,0,10,10
2026-08-24T04:59:02.768Z,0.7098758753308707,1.0033394049787492,0.7832417577428403,0.7098758753308707,0.07336588241196962,0.007832417577428403,0.0075,0.0003324175774284035,normal,normal,normal,normal,0.0,1000.0,1000.0,0,10,10
2026-08-24T04:59:07.759Z,0.844703175162251,1.0033394049787492,0.8843622326163756,0.844703175162251,0.03965905745412457,0.008843622326163756,0.00844703175162251,0.00039659057454124666,normal,normal,normal,normal,0.0,1000.0,1000.0,0,10,10
2026-08-24T04:59:12.761Z,0.8449959712387368,1.0033394049787492,0.8845818296737399,0.8449959712387368,0.03958585843500306,0.008845818296737399,0.008449959712387368,0.00039585858435003084,normal,normal,normal,normal,0.0,1000.0,1000.0,0,10,10
2026-08-24T04:59:17.762Z,0.8229506656026744,1.0033394049787492,0.8680478504466931,0.8229506656026744,0.0450971848440187,0.00868047850446693,0.008229506656026744,0.0004509718484401858,normal,normal,normal,normal,0.0,1000.0,1000.0,0,10,10
2026-08-24T04:59:22.762Z,0.7974992282290401,1.003241508656671,0.8489347983359478,0.79749922822904,0.0514355701069078,0.008489347983359478,0.0079749922822904,0.0005143557010690789,normal,normal,normal,normal,0.0,1000.0,1000.0,0,10,10
2026-08-24T04:59:27.764Z,0.7292310211268507,1.003241508656671,0.7977336430093057,0.7292310211268506,0.06850262188245515,0.007977336430093056,0.0075,0.00047733643009305673,normal,normal,normal,normal,0.0,1000.0,1000.0,0,10,10
2026-08-24T04:59:32.765Z,0.5867201981651484,1.0032306324667721,0.6908478067405543,0.5867201981651484,0.10412760857540593,0.0075,0.0075,0.0,normal,normal,normal,normal,0.0,1000.0,1000.0,0,10,10
2026-08-24T04:59:37.766Z,0.5932677185351464,1.0030892634545554,0.6957231047649985,0.5932677185351464,0.10245538622985217,0.0075,0.0075,0.0,normal,normal,normal,normal,0.0,1000.0,1000.0,0,10,10
2026-08-24T04:59:42.766Z,0.6330324869470937,1.0030892634545554,0.725546681073959,0.6330324869470937,0.09251419412686535,0.0075,0.0075,0.0,normal,normal,normal,normal,0.0,1000.0,1000.0,0,10,10
2026-08-24T04:59:47.767Z,0.6185978754880181,1.0028392466243308,0.7146582182720963,0.6185978754880181,0.09606034278407816,0.0075,0.0075,0.0,normal,normal,normal,normal,0.0,1000.0,1000.0,0,10,10
2026-08-24T04:59:52.768Z,0.4095456999333894,1.0052883677582956,0.5584813668896159,0.40954569993338935,0.14893566695622656,0.0075,0.0075,0.0,normal,normal,normal,normal,0.0,1000.0,1000.0,0,10,10
2026-08-24T04:59:57.770Z,0.3957418744583722,1.0052230072385246,0.5481121576534103,0.3957418744583722,0.15237028319503804,0.0075,0.0075,0.0,normal,normal,normal,normal,0.0,1000.0,1000.0,0,10,10
2026-08-24T05:00:02.776Z,0.7458548261512672,1.0052230072385246,0.8106968714230816,0.7458548261512673,0.06484204527181425,0.008106968714230816,0.0075,0.0006069687142308162,normal,normal,normal,normal,0.0,1000.0,1000.0,0,10,10
2026-08-24T05:00:07.773Z,0.7395385792018676,1.0050705324059026,0.8059215675028764,0.7395385792018677,0.06638298830100864,0.008059215675028764,0.0075,0.0005592156750287638,normal,normal,normal,normal,0.0,1000.0,1000.0,0,10,10
2026-08-24T05:00:12.776Z,0.7503774479629715,1.0050705324059026,0.8140507190737043,0.7503774479629715,0.06367327111073284,0.008140507190737042,0.007503774479629715,0.0006367327111073276,normal,normal,normal,normal,0.0,1000.0,1000.0,0,10,10
2026-08-24T05:00:17.778Z,0.8675350656534679,1.0049725372940297,0.9018944335636084,0.867535065653468,0.03435936791014038,0.009018944335636084,0.00867535065653468,0.00034359367910140326,normal,normal,normal,normal,0.0,1000.0,1000.0,0,10,10
2026-08-24T05:00:22.780Z,0.8617426455763288,1.0049725372940297,0.8975501185057541,0.8617426455763288,0.03580747292942521,0.00897550118505754,0.008617426455763287,0.00035807472929425335,normal,normal,normal,normal,0.0,1000.0,1000.0,0,10,10
2026-08-24T05:00:27.781Z,0.9327963627155765,1.004961650127833,0.9508376845686406,0.9327963627155765,0.018041321853064063,0.009508376845686405,0.009327963627155765,0.00018041321853064056,normal,normal,normal,normal,0.0,1000.0,1000.0,0,10,10
2026-08-24T05:00:32.783Z,0.918640653074051,0.9982670103762754,0.9385472423996071,0.9186406530740511,0.019906589325556,0.009385472423996071,0.009186406530740512,0.0001990658932555598,normal,normal,normal,normal,0.0,1000.0,1000.0,0,10,10
2026-08-24T05:00:37.786Z,1.6532282668394993,0.9982670103762754,1.4894879527236933,1.6532282668394993,-0.16374031411580603,0.014894879527236933,0.024798424002592488,-0.009903544475355556,normal,defensive,normal,high,500.0,1000.0,500.0,4,10,6
2026-08-24T05:00:42.788Z,1.6833997006453083,0.9982670103762754,1.51211652807805,1.6833997006453083,-0.17128317256725833,0.02268174792117075,0.025250995509679623,-0.0025692475885088738,defensive,defensive,high,high,0.0,500.0,500.0,0,6,6
2026-08-24T05:00:47.790Z,1.7263748379675108,0.9982670103762754,1.544347881069702,1.726374837967511,-0.182026956897809,0.02316521821604553,0.025895622569512666,-0.0027304043534671363,defensive,defensive,high,high,0.0,500.0,500.0,0,6,6
2026-08-24T05:00:52.790Z,1.7263748379675108,0.9991335051881377,1.5445645047726677,1.726374837967511,-0.1818103331948433,0.023168467571590017,0.025895622569512666,-0.0027271549979226498,defensive,defensive,high,high,0.0,500.0,500.0,0,6,6
2026-08-24T05:00:57.793Z,1.7326502473585006,0.9991335051881377,1.54927106181591,1.7326502473585006,-0.18337918554259058,0.02323906592723865,0.025989753710377508,-0.0027506877831388575,defensive,defensive,high,high,0.0,500.0,500.0,0,6,6
2026-08-24T05:01:02.801Z,1.481626747543884,0.9991335051881377,1.3610034369549475,1.481626747543884,-0.1206233105889365,0.02041505155432421,0.01481626747543884,0.005598784078885371,defensive,normal,high,normal,-500.0,500.0,1000.0,-4,6,10
2026-08-24T05:01:07.795Z,1.4992892760089653,0.9991335051881377,1.3742503333037586,1.4992892760089653,-0.12503894270520677,0.02061375499955638,0.014992892760089653,0.005620862239466727,defensive,normal,high,normal,-500.0,500.0,1000.0,-4,6,10
2026-08-24T05:01:12.796Z,1.4973525502847502,0.9991335051881377,1.3727977890105971,1.4973525502847502,-0.1245547612741531,0.020591966835158956,0.014973525502847501,0.0056184413323114545,defensive,normal,high,normal,-500.0,500.0,1000.0,-4,6,10
2026-08-24T05:01:17.798Z,1.5595038386437874,0.9991335051881377,1.419411255279875,1.5595038386437874,-0.1400925833639124,0.021291168829198126,0.02339255757965681,-0.002101388750458684,defensive,defensive,high,high,0.0,500.0,500.0,0,6,6
2026-08-24T05:01:22.799Z,1.8105584522570073,0.9991335051881377,1.60770221548979,1.8105584522570073,-0.2028562367672173,0.02411553323234685,0.02715837678385511,-0.003042843551508259,defensive,defensive,high,high,0.0,500.0,500.0,0,6,6
2026-08-24T05:01:27.801Z,1.8601400199140643,0.9991335051881377,1.6448883912325827,1.8601400199140643,-0.21525162868148162,0.024673325868488742,0.027902100298710965,-0.0032287744302222227,defensive,defensive,high,high,0.0,500.0,500.0,0,6,6
2026-08-24T05:01:32.803Z,1.8602109585198463,1.0023183256055814,1.6457378002912801,1.8602109585198463,-0.21447315822856616,0.024686067004369202,0.027903164377797694,-0.0032170973734284916,defensive,defensive,high,high,0.0,500.0,500.0,0,6,6
2026-08-24T05:01:37.804Z,1.151525230137357,1.0023183256055814,1.1142235040044133,1.151525230137357,-0.0373017261329438,0.011142235040044133,0.01151525230137357,-0.00037301726132943705,normal,normal,normal,normal,0.0,1000.0,1000.0,0,10,10
2026-08-24T05:01:42.805Z,1.3018339590959453,1.0023183256055814,1.2269550507233544,1.3018339590959453,-0.07487890837259092,0.012269550507233544,0.013018339590959454,-0.0007487890837259096,normal,normal,normal,normal,0.0,1000.0,1000.0,0,10,10
2026-08-24T05:01:47.806Z,1.2961347956153244,1.0023183256055814,1.2226806781128887,1.2961347956153244,-0.07345411750243569,0.012226806781128887,0.012961347956153243,-0.0007345411750243561,normal,normal,normal,normal,0.0,1000.0,1000.0,0,10,10
2026-08-24T05:01:52.806Z,1.3093133106702806,1.0033366555444816,1.2328191468888308,1.3093133106702806,-0.0764941637814498,0.012328191468888307,0.013093133106702806,-0.000764941637814499,normal,normal,normal,normal,0.0,1000.0,1000.0,0,10,10
2026-08-24T05:01:57.808Z,1.3137754785269233,1.0033366555444816,1.236165772781313,1.3137754785269233,-0.07760970574561044,0.01236165772781313,0.013137754785269233,-0.0007760970574561023,normal,normal,normal,normal,0.0,1000.0,1000.0,0,10,10
2026-08-24T05:02:02.814Z,1.46431999302249,1.0033366555444816,1.349074158652988,1.46431999302249,-0.11524583436950198,0.01349074158652988,0.0146431999302249,-0.001152458343695019,normal,normal,normal,normal,0.0,1000.0,1000.0,0,10,10
2026-08-24T05:02:07.812Z,1.494603100787911,1.0033366555444816,1.3717864894770537,1.494603100787911,-0.1228166113108573,0.013717864894770537,0.01494603100787911,-0.0012281661131085739,normal,normal,normal,normal,0.0,1000.0,1000.0,0,10,10
2026-08-24T05:02:12.814Z,1.5211774469659918,1.0033366555444816,1.3917172491106142,1.5211774469659918,-0.12946019785537755,0.013917172491106142,0.022817661704489876,-0.008900489213383734,normal,defensive,normal,high,500.0,1000.0,500.0,4,10,6
2026-08-24T05:02:17.816Z,1.328858336852912,1.0033366555444816,1.2474779165258045,1.328858336852912,-0.08138042032710757,0.012474779165258045,0.01328858336852912,-0.0008138042032710749,normal,normal,normal,normal,0.0,1000.0,1000.0,0,10,10
2026-08-24T05:02:22.818Z,1.0733515601086392,1.0033366555444816,1.0558478339675998,1.0733515601086392,-0.017503726141039344,0.010558478339675999,0.010733515601086391,-0.00017503726141039275,normal,normal,normal,normal,0.0,1000.0,1000.0,0,10,10
2026-08-24T05:02:27.821Z,1.0504154177833618,1.0033366555444816,1.0386457272236418,1.0504154177833618,-0.011769690559719992,0.010386457272236417,0.010504154177833618,-0.00011769690559720013,normal,normal,normal,normal,0.0,1000.0,1000.0,0,10,10
2026-08-24T05:02:32.823Z,1.0688192812198611,1.00240499198336,1.0522157089107358,1.0688192812198611,-0.016603572309125347,0.010522157089107358,0.010688192812198611,-0.00016603572309125368,normal,normal,normal,normal,0.0,1000.0,1000.0,0,10,10
2026-08-24T05:02:37.824Z,1.0891610686975315,1.00240499198336,1.0674720495189887,1.0891610686975315,-0.021689019178542823,0.010674720495189888,0.010891610686975315,-0.00021689019178542691,normal,normal,normal,normal,0.0,1000.0,1000.0,0,10,10
2026-08-24T05:02:42.826Z,0.9502272701480226,1.00240499198336,0.963271700606857,0.9502272701480226,0.01304443045883441,0.00963271700606857,0.009502272701480225,0.00013044430458834452,normal,normal,normal,normal,0.0,1000.0,1000.0,0,10,10
2026-08-24T05:02:47.828Z,0.9800642910502898,1.00240499198336,0.9856494662835573,0.9800642910502898,0.005585175233267514,0.009856494662835573,0.009800642910502899,5.585175233267445e-05,normal,normal,normal,normal,0.0,1000.0,1000.0,0,10,10
2026-08-24T05:02:52.827Z,0.9759896052985984,1.0016033279889067,0.9823930359711754,0.9759896052985985,0.006403430672576982,0.009823930359711753,0.009759896052985984,6.403430672576906e-05,normal,normal,normal,normal,0.0,1000.0,1000.0,0,10,10
2026-08-24T05:02:57.829Z,0.9820910973645871,1.0016033279889067,0.986969155020667,0.9820910973645871,0.004878057656079848,0.00986969155020667,0.009820910973645871,4.878057656079911e-05,normal,normal,normal,normal,0.0,1000.0,1000.0,0,10,10
2026-08-24T05:03:02.837Z,0.7316391644462288,1.0014080540692762,0.7990813868519907,0.7316391644462289,0.06744222240576181,0.007990813868519906,0.0075,0.0004908138685199067,normal,normal,normal,normal,0.0,1000.0,1000.0,0,10,10
2026-08-24T05:03:07.834Z,0.7066989456533881,1.0012996014555537,0.7803491096039296,0.7066989456533882,0.07365016395054136,0.007803491096039296,0.0075,0.00030349109603929666,normal,normal,normal,normal,0.0,1000.0,1000.0,0,10,10
2026-08-24T05:03:12.835Z,0.8569686799393981,1.0012996014555537,0.8930514103184369,0.856968679939398,0.036082730379038974,0.00893051410318437,0.00856968679939398,0.00036082730379038974,normal,normal,normal,normal,0.0,1000.0,1000.0,0,10,10
2026-08-24T05:03:17.836Z,0.7827934727997738,1.0012128562765312,0.8373983186689632,0.7827934727997738,0.054604845869189345,0.008373983186689632,0.007827934727997738,0.0005460484586918939,normal,normal,normal,normal,0.0,1000.0,1000.0,0,10,10
2026-08-24T05:03:22.837Z,0.6770814619471887,1.0012128562765312,0.7581143105295243,0.6770814619471887,0.08103284858233561,0.007581143105295243,0.0075,8.114310529524354e-05,normal,normal,normal,normal,0.0,1000.0,1000.0,0,10,10
2026-08-24T05:03:27.842Z,0.6842474505032946,1.0012128562765312,0.7634888019466037,0.6842474505032946,0.07924135144330913,0.007634888019466037,0.0075,0.00013488801946603696,short_bias,short_bias,normal,normal,0.0,1000.0,1000.0,0,10,10
2026-08-24T05:03:32.838Z,0.9205359627054615,1.0010824385174921,0.9406725816584691,0.9205359627054616,0.020136618953007557,0.009406725816584692,0.009205359627054616,0.00020136618953007536,short_bias,short_bias,normal,normal,0.0,1000.0,1000.0,0,10,10
2026-08-24T05:03:37.841Z,0.8959191096576246,1.0010824385174921,0.9222099418725915,0.8959191096576246,0.026290832214966975,0.009222099418725914,0.008959191096576245,0.000262908322149669,normal,normal,normal,normal,0.0,1000.0,1000.0,0,10,10
2026-08-24T05:03:42.842Z,0.9163533857779872,1.0008874266790762,0.9374868960032594,0.9163533857779872,0.021133510225272212,0.009374868960032595,0.009163533857779871,0.00021133510225272364,normal,normal,normal,normal,0.0,1000.0,1000.0,0,10,10
2026-08-24T05:03:47.843Z,0.8860412540274969,1.0006600088722504,0.9146959427386853,0.8860412540274969,0.02865468871118837,0.009146959427386853,0.008860412540274969,0.0002865468871118843,normal,normal,normal,normal,0.0,1000.0,1000.0,0,10,10
2026-08-24T05:03:52.845Z,0.9395492949965801,1.0019367473464398,0.955146158084045,0.9395492949965801,0.015596863087464885,0.00955146158084045,0.0093954929499658,0.00015596863087464878,normal,normal,normal,normal,0.0,1000.0,1000.0,0,10,10
2026-08-24T05:03:57.847Z,0.9409174081566691,1.0028554123042313,0.9564019091935596,0.9409174081566691,0.015484501036890475,0.009564019091935596,0.00940917408156669,0.00015484501036890606,normal,normal,normal,normal,0.0,1000.0,1000.0,0,10,10
2026-08-24T05:04:02.856Z,0.9438888000445598,1.0028554123042313,0.9586304531094776,0.9438888000445598,0.014741653064917815,0.009586304531094776,0.009438888000445598,0.00014741653064917828,short_bias,short_bias,normal,normal,0.0,1000.0,1000.0,0,10,10
2026-08-24T05:04:07.851Z,0.9213596535112792,1.0028554123042313,0.9417335932095172,0.9213596535112792,0.020373939698237975,0.009417335932095173,0.009213596535112792,0.00020373939698238065,normal,normal,normal,normal,0.0,1000.0,1000.0,0,10,10
2026-08-24T05:04:12.856Z,0.7210923533720662,1.0012438349052522,0.7911302237553627,0.7210923533720662,0.07003787038329645,0.007911302237553626,0.0075,0.0004113022375536266,short_bias,short_bias,normal,normal,0.0,1000.0,1000.0,0,10,10
2026-08-24T05:04:17.859Z,0.7222481083945282,0.9996322575062733,0.7915941456724644,0.7222481083945281,0.06934603727793631,0.007915941456724643,0.0075,0.00041594145672464375,short_bias,short_bias,normal,normal,0.0,1000.0,1000.0,0,10,10
2026-08-24T05:04:22.862Z,0.7226395219767453,0.9996322575062733,0.7918877058591273,0.7226395219767453,0.06924818388238196,0.007918877058591274,0.0075,0.000418877058591274,normal,normal,normal,normal,0.0,1000.0,1000.0,0,10,10
2026-08-24T05:04:27.864Z,0.7382524077816635,0.9996322575062733,0.8035973702128159,0.7382524077816633,0.06534496243115251,0.00803597370212816,0.0075,0.0005359737021281598,normal,normal,normal,normal,0.0,1000.0,1000.0,0,10,10
2026-08-24T05:04:32.866Z,0.4067670367219789,0.9983343428225316,0.5546588632471171,0.4067670367219789,0.14789182652513821,0.0075,0.0075,0.0,normal,normal,normal,normal,0.0,1000.0,1000.0,0,10,10
2026-08-24T05:04:37.869Z,0.40669916045046567,0.9970364281387902,0.5542834773725468,0.40669916045046567,0.14758431692208113,0.0075,0.0075,0.0,normal,normal,normal,normal,0.0,1000.0,1000.0,0,10,10
2026-08-24T05:04:42.871Z,0.36590484483195973,0.9970364281387902,0.5236877406586673,0.36590484483195973,0.15778289582670757,0.0075,0.0075,0.0,normal,normal,normal,normal,0.0,1000.0,1000.0,0,10,10
2026-08-24T05:04:47.872Z,0.38208431912228125,0.9970364281387902,0.5358223463764085,0.3820843191222812,0.15373802725412727,0.0075,0.0075,0.0,normal,normal,normal,normal,0.0,1000.0,1000.0,0,10,10
2026-08-24T05:04:52.873Z,0.2958811425963842,0.9970364281387902,0.47116996398198574,0.2958811425963842,0.17528882138560153,0.0075,0.0075,0.0,normal,normal,normal,normal,0.0,1000.0,1000.0,0,10,10
2026-08-24T05:04:57.875Z,0.33384857889620534,0.9970364281387902,0.49964554120685156,0.33384857889620534,0.16579696231064622,0.0075,0.0075,0.0,normal,normal,normal,normal,0.0,1000.0,1000.0,0,10,10
2026-08-24T05:05:02.881Z,0.3002255039738548,0.9970364281387902,0.47442823501508863,0.3002255039738548,0.17420273104123385,0.0075,0.0075,0.0,normal,normal,normal,normal,0.0,1000.0,1000.0,0,10,10
2026-08-24T05:05:07.878Z,0.31499814580196706,0.9970364281387902,0.48550771638617285,0.31499814580196706,0.1705095705842058,0.0075,0.0075,0.0,normal,normal,normal,normal,0.0,1000.0,1000.0,0,10,10
2026-08-24T05:05:12.879Z,0.33537934694335153,0.99859392575928,0.5011829916473336,0.33537934694335153,0.16580364470398207,0.0075,0.0075,0.0,normal,normal,normal,normal,0.0,1000.0,1000.0,0,10,10
2026-08-24T05:05:17.879Z,0.3412839058330668,1.0001514233797697,0.5060007852197426,0.3412839058330668,0.16471687938667579,0.0075,0.0075,0.0,normal,normal,normal,normal,0.0,1000.0,1000.0,0,10,10
2026-08-24T05:05:22.881Z,0.35575089947338145,1.0001514233797697,0.5168510304499785,0.3557508994733814,0.1611001309765971,0.0075,0.0075,0.0,normal,normal,normal,normal,0.0,1000.0,1000.0,0,10,10
2026-08-24T05:05:27.882Z,0.32160440584554933,1.0001514233797697,0.4912411602291044,0.32160440584554933,0.16963675438355508,0.0075,0.0075,0.0,normal,normal,normal,normal,0.0,1000.0,1000.0,0,10,10
2026-08-24T05:05:32.882Z,0.32257718214069697,1.0001514233797697,0.4919707424504651,0.32257718214069697,0.16939356030976815,0.0075,0.0075,0.0,normal,normal,normal,normal,0.0,1000.0,1000.0,0,10,10
2026-08-24T05:05:37.883Z,0.3776654417114426,0.9945054945054944,0.5318754549099556,0.3776654417114426,0.15421001319851296,0.0075,0.0075,0.0,normal,normal,normal,normal,0.0,1000.0,1000.0,0,10,10
2026-08-24T05:05:42.885Z,0.3762186523067802,0.9945054945054944,0.5307903628564588,0.37621865230678014,0.1545717105496786,0.0075,0.0075,0.0,normal,normal,normal,normal,0.0,1000.0,1000.0,0,10,10
2026-08-24T05:05:47.888Z,0.33874637295688415,0.9941377520117677,0.5025942177206051,0.3387463729568842,0.16384784476372088,0.0075,0.0075,0.0,normal,normal,normal,normal,0.0,1000.0,1000.0,0,10,10
2026-08-24T05:05:52.890Z,0.6292622588061771,0.9941377520117677,0.7204811321075748,0.6292622588061771,0.09121887330139766,0.0075,0.0075,0.0,normal,normal,normal,normal,0.0,1000.0,1000.0,0,10,10
2026-08-24T05:05:57.892Z,0.5973004014455132,0.9941377520117677,0.6965097390870768,0.5973004014455132,0.09920933764156359,0.0075,0.0075,0.0,normal,normal,normal,normal,0.0,1000.0,1000.0,0,10,10
2026-08-24T05:06:02.906Z,0.6473103164890947,0.9941377520117677,0.734017175369763,0.6473103164890947,0.08670685888066831,0.0075,0.0075,0.0,normal,normal,normal,normal,0.0,1000.0,1000.0,0,10,10
2026-08-24T05:06:07.896Z,0.6368731375917479,0.9918880332266158,0.7256268615004648,0.6368731375917479,0.08875372390871694,0.0075,0.0075,0.0,normal,normal,normal,normal,0.0,1000.0,1000.0,0,10,10
2026-08-24T05:06:12.896Z,0.7654820871064211,0.9918880332266158,0.8220835736364698,0.7654820871064211,0.056601486530048706,0.008220835736364698,0.007654820871064211,0.0005660148653004867,normal,normal,normal,normal,0.0,1000.0,1000.0,0,10,10
2026-08-24T05:06:17.899Z,0.8138768905149383,0.9918880332266158,0.8583796761928577,0.8138768905149383,0.04450278567791943,0.008583796761928577,0.008138768905149384,0.00044502785677919335,normal,normal,normal,normal,0.0,1000.0,1000.0,0,10,10
2026-08-24T05:06:22.900Z,0.8895868103009166,0.9918880332266158,0.9151621160323413,0.8895868103009166,0.025575305731424747,0.009151621160323413,0.008895868103009167,0.0002557530573142463,normal,normal,normal,normal,0.0,1000.0,1000.0,0,10,10
2026-08-24T05:06:27.902Z,0.8980993534001498,0.9918880332266158,0.9215465233567663,0.8980993534001498,0.023447169956616554,0.009215465233567663,0.008980993534001497,0.0002344716995661654,normal,normal,normal,normal,0.0,1000.0,1000.0,0,10,10
2026-08-24T05:06:32.905Z,0.9633118160453235,0.9918880332266158,0.9704558703406465,0.9633118160453235,0.007144054295323055,0.009704558703406465,0.009633118160453235,7.144054295322999e-05,normal,normal,normal,normal,0.0,1000.0,1000.0,0,10,10
2026-08-24T05:06:37.906Z,0.9633118160453235,0.9918880332266158,0.9704558703406465,0.9633118160453235,0.007144054295323055,0.009704558703406465,0.009633118160453235,7.144054295322999e-05,normal,normal,normal,normal,0.0,1000.0,1000.0,0,10,10
2026-08-24T05:06:42.907Z,1.0179133700338516,0.9918880332266158,1.0114070358320426,1.0179133700338516,-0.0065063342018090164,0.010114070358320426,0.010179133700338516,-6.506334201808982e-05,normal,normal,normal,normal,0.0,1000.0,1000.0,0,10,10
2026-08-24T05:06:47.909Z,1.0179568344196477,0.9966686856450635,1.0126347972260015,1.0179568344196477,-0.005322037193646212,0.010126347972260015,0.010179568344196477,-5.322037193646219e-05,normal,normal,normal,normal,0.0,1000.0,1000.0,0,10,10
2026-08-24T05:06:52.910Z,0.7328082246289502,0.9966686856450635,0.7987733398829785,0.7328082246289501,0.06596511525402837,0.007987733398829786,0.0075,0.0004877333988297858,normal,normal,normal,normal,0.0,1000.0,1000.0,0,10,10
2026-08-24T05:06:57.912Z,0.7332415022528065,0.9966686856450635,0.7990982981008707,0.7332415022528065,0.06585679584806425,0.007990982981008707,0.0075,0.0004909829810087075,normal,normal,normal,normal,0.0,1000.0,1000.0,0,10,10
2026-08-24T05:07:02.920Z,0.7173848450221937,0.9966686856450635,0.7872058051779112,0.7173848450221937,0.06982096015571748,0.007872058051779112,0.0075,0.000372058051779112,normal,normal,normal,normal,0.0,1000.0,1000.0,0,10,10
2026-08-24T05:07:07.915Z,0.9848632959132049,0.9969931643159989,0.9878957630139034,0.9848632959132049,0.0030324671006984882,0.009878957630139034,0.00984863295913205,3.0324671006984327e-05,normal,normal,normal,normal,0.0,1000.0,1000.0,0,10,10
2026-08-24T05:07:12.918Z,0.9667854962793895,0.9969931643159989,0.9743374132885418,0.9667854962793895,0.007551917009152365,0.009743374132885419,0.009667854962793895,7.551917009152379e-05,normal,normal,normal,normal,0.0,1000.0,1000.0,0,10,10
2026-08-24T05:07:17.920Z,0.999673756844724,0.9969931643159989,0.9990036087125427,0.9996737568447239,-0.0006701481321812475,0.009990036087125427,0.00999673756844724,-6.70148132181185e-06,normal,normal,normal,normal,0.0,1000.0,1000.0,0,10,10
2026-08-24T05:07:22.922Z,1.045047183674951,0.9969931643159989,1.033033678835213,1.045047183674951,-0.012013504839738065,0.01033033678835213,0.01045047183674951,-0.0001201350483973785,normal,normal,normal,normal,0.0,1000.0,1000.0,0,10,10
2026-08-24T05:07:27.924Z,1.0521734839224663,0.9905252228086873,1.0367614186440215,1.0521734839224663,-0.015412065278444853,0.010367614186440215,0.010521734839224663,-0.00015412065278444867,short_bias,short_bias,normal,normal,0.0,1000.0,1000.0,0,10,10
2026-08-24T05:07:32.926Z,0.9597395004658786,0.9905252228086873,0.9674359310515809,0.9597395004658787,0.00769643058570213,0.00967435931051581,0.009597395004658787,7.696430585702255e-05,short_bias,short_bias,normal,normal,0.0,1000.0,1000.0,0,10,10
2026-08-24T05:07:37.928Z,1.023803754948971,0.9905252228086873,1.0154841219139,1.023803754948971,-0.008319633035070995,0.010154841219139,0.01023803754948971,-8.319633035071099e-05,short_bias,short_bias,normal,normal,0.0,1000.0,1000.0,0,10,10
2026-08-24T05:07:42.929Z,1.019936521483236,0.9905252228086873,1.012583696814599,1.019936521483236,-0.007352824668637181,0.01012583696814599,0.01019936521483236,-7.352824668637077e-05,short_bias,short_bias,normal,normal,0.0,1000.0,1000.0,0,10,10
2026-08-24T05:07:47.933Z,1.037587890864299,0.9943108073029332,1.0267686199739576,1.037587890864299,-0.010819270890341404,0.010267686199739575,0.01037587890864299,-0.00010819270890341515,short_bias,short_bias,normal,normal,0.0,1000.0,1000.0,0,10,10
2026-08-24T05:07:52.935Z,1.8298461104838653,0.9943108073029332,1.6209622846886322,1.8298461104838653,-0.208883825795233,0.024314434270329484,0.02744769165725798,-0.0031332573869284966,defensive,defensive,high,high,0.0,500.0,500.0,0,6,6
2026-08-24T05:07:57.936Z,1.9672790649048637,0.9943108073029332,1.7240370005043812,1.967279064904864,-0.24324206440048268,0.02586055500756572,0.02950918597357296,-0.0036486309660072394,defensive,defensive,high,high,0.0,500.0,500.0,0,6,6
2026-08-24T05:08:02.945Z,1.9885430456382864,0.9943108073029332,1.7399849860544483,1.9885430456382867,-0.24855805958383836,0.026099774790816724,0.0298281456845743,-0.0037283708937575766,defensive,defensive,high,high,0.0,500.0,500.0,0,6,6
2026-08-24T05:08:07.939Z,1.9403938156205438,0.9966470537336678,1.7044571251488247,1.9403938156205438,-0.23593669047171906,0.02556685687723237,0.029105907234308157,-0.0035390503570757875,defensive,defensive,high,high,0.0,500.0,500.0,0,6,6
2026-08-24T05:08:12.940Z,1.9110693215162091,0.9966470537336678,1.6824637545705738,1.9110693215162093,-0.2286055669456355,0.025236956318558608,0.02866603982274314,-0.0034290835041845304,defensive,defensive,high,high,0.0,500.0,500.0,0,6,6
2026-08-24T05:08:17.941Z,1.9111810138866867,0.9966470537336678,1.682547523848432,1.9111810138866867,-0.22863349003825473,0.02523821285772648,0.0286677152083003,-0.003429502350573821,defensive,defensive,high,high,0.0,500.0,500.0,0,6,6
2026-08-24T05:08:22.941Z,1.9112831585164949,0.9966470537336678,1.682624132320788,1.9112831585164949,-0.22865902619570688,0.02523936198481182,0.028669247377747422,-0.0034298853929356013,defensive,defensive,high,high,0.0,500.0,500.0,0,6,6
2026-08-24T05:08:27.944Z,1.904595558570079,0.9946352859738685,1.6771054904210263,1.904595558570079,-0.2274900681490526,0.025156582356315394,0.028568933378551185,-0.0034123510222357906,defensive,defensive,high,high,0.0,500.0,500.0,0,6,6
2026-08-24T05:08:32.944Z,2.203292090512062,0.9946352859738685,1.9011278893775136,2.203292090512062,-0.30216420113454845,0.028516918340662705,0.03,-0.0014830816593372938,defensive,defensive,high,high,0.0,500.0,500.0,0,6,6
2026-08-24T05:08:37.946Z,2.210455106162283,0.9946352859738685,1.9065001511151793,2.210455106162283,-0.3039549550471037,0.02859750226672769,0.03,-0.00140249773327231,defensive,defensive,high,high,0.0,500.0,500.0,0,6,6
2026-08-24T05:08:42.949Z,2.250833686568179,0.9946352859738685,1.9367840864196013,2.250833686568179,-0.3140496001485775,0.02905176129629402,0.03,-0.0009482387037059795,defensive,defensive,high,high,0.0,500.0,500.0,0,6,6
2026-08-24T05:08:47.949Z,2.266314562452387,0.9947650774422427,1.948427191199851,2.266314562452387,-0.31788737125253586,0.029226407867997763,0.03,-0.0007735921320022356,defensive,defensive,high,high,0.0,500.0,500.0,0,6,6
2026-08-24T05:08:52.950Z,1.1222650018610623,0.9947650774422427,1.0903900207563575,1.1222650018610623,-0.03187498110470477,0.010903900207563575,0.011222650018610622,-0.00031874981104704735,normal,normal,normal,normal,0.0,1000.0,1000.0,0,10,10
2026-08-24T05:08:57.952Z,0.880297555486806,0.9951310294085823,0.9090059239672501,0.880297555486806,0.028708368480444113,0.009090059239672502,0.00880297555486806,0.00028708368480444106,normal,normal,normal,normal,0.0,1000.0,1000.0,0,10,10
2026-08-24T05:09:02.958Z,0.9300481206459514,0.9951310294085823,0.9463188478366092,0.9300481206459515,0.016270727190657697,0.009463188478366092,0.009300481206459515,0.0001627072719065769,normal,normal,normal,normal,0.0,1000.0,1000.0,0,10,10
2026-08-24T05:09:07.953Z,0.5759770021454956,0.9982255307177944,0.6815391342885703,0.5759770021454956,0.10556213214307464,0.0075,0.0075,0.0,normal,normal,normal,normal,0.0,1000.0,1000.0,0,10,10
2026-08-24T05:09:12.953Z,0.5621995603146983,0.9984415921733295,0.6712600682793561,0.5621995603146983,0.10906050796465783,0.0075,0.0075,0.0,normal,normal,normal,normal,0.0,1000.0,1000.0,0,10,10
2026-08-24T05:09:17.956Z,0.5619370378027898,0.9990686996448063,0.671219953263294,0.5619370378027898,0.10928291546050417,0.0075,0.0075,0.0,normal,normal,normal,normal,0.0,1000.0,1000.0,0,10,10
2026-08-24T05:09:22.957Z,0.5621801409001205,0.9990686996448063,0.6714022805862919,0.5621801409001205,0.10922213968617145,0.0075,0.0075,0.0,normal,normal,normal,normal,0.0,1000.0,1000.0,0,10,10
2026-08-24T05:09:27.958Z,0.5635706473953449,1.0017759681192064,0.6731219775763103,0.5635706473953449,0.10955133018096541,0.0075,0.0075,0.0,normal,normal,normal,normal,0.0,1000.0,1000.0,0,10,10
2026-08-24T05:09:32.961Z,0.9828057175854017,1.0017759681192064,0.9875482802188529,0.9828057175854017,0.004742562633451186,0.009875482802188529,0.009828057175854017,4.742562633451228e-05,normal,normal,normal,normal,0.0,1000.0,1000.0,0,10,10
2026-08-24T05:09:37.963Z,1.9549213952271502,1.0011471613168546,1.7164778367495763,1.9549213952271502,-0.23844355847757392,0.025747167551243646,0.029323820928407254,-0.0035766533771636085,defensive,defensive,high,high,0.0,500.0,500.0,0,6,6
2026-08-24T05:09:42.965Z,1.9528060435208265,1.0009305143796932,1.714837161235543,1.9528060435208265,-0.23796888228528346,0.025722557418533146,0.029292090652812398,-0.003569533234279252,defensive,defensive,high,high,0.0,500.0,500.0,0,6,6
2026-08-24T05:09:47.965Z,1.9692655832217119,1.0009305143796932,1.7271818160112071,1.9692655832217119,-0.24208376721050473,0.025907727240168106,0.029538983748325677,-0.003631256508157571,defensive,defensive,high,high,0.0,500.0,500.0,0,6,6
2026-08-24T05:09:52.967Z,2.0585334459177407,1.0009305143796932,1.7941327130332287,2.0585334459177407,-0.26440073288451194,0.02691199069549843,0.03,-0.003088009304501569,defensive,defensive,high,high,0.0,500.0,500.0,0,6,6
2026-08-24T05:09:57.968Z,2.078733392325598,1.0005624296962878,1.8091906516682705,2.078733392325598,-0.2695427406573274,0.02713785977502406,0.03,-0.00286214022497594,defensive,defensive,high,high,0.0,500.0,500.0,0,6,6
2026-08-24T05:10:02.977Z,2.0581303197073213,1.0005624296962878,1.793738347204563,2.0581303197073213,-0.26439197250275837,0.026906075208068446,0.03,-0.003093924791931553,defensive,defensive,high,high,0.0,500.0,500.0,0,6,6
2026-08-24T05:10:07.970Z,2.0665596817161243,1.0005624296962878,1.8000603687111651,2.0665596817161243,-0.2664993130049591,0.027000905530667477,0.03,-0.0029990944693325215,defensive,defensive,high,high,0.0,500.0,500.0,0,6,6
2026-08-24T05:10:12.971Z,2.1382101797356876,1.0005624296962878,1.8537982422258377,2.1382101797356876,-0.28441193750984994,0.027806973633387567,0.03,-0.002193026366612432,defensive,defensive,high,high,0.0,500.0,500.0,0,6,6
2026-08-24T05:10:17.973Z,2.226052460654083,1.0005624296962878,1.9196799529146342,2.226052460654083,-0.3063725077394488,0.028795199293719514,0.03,-0.0012048007062804844,defensive,defensive,high,high,0.0,500.0,500.0,0,6,6
2026-08-24T05:10:22.975Z,2.230909529308426,1.0005624296962878,1.9233227544053915,2.230909529308426,-0.30758677490303454,0.02884984131608087,0.03,-0.001150158683919128,defensive,defensive,high,high,0.0,500.0,500.0,0,6,6
2026-08-24T05:10:27.977Z,2.3984593813054076,1.0005624296962878,2.0489851434031277,2.3984593813054076,-0.34947423790227994,0.03,0.03,0.0,defensive,defensive,high,high,0.0,500.0,500.0,0,6,6
2026-08-24T05:10:32.978Z,2.2530914830200994,1.0005624296962878,1.9399592196891464,2.2530914830200994,-0.313132263330953,0.029099388295337196,0.03,-0.0009006117046628029,defensive,defensive,high,high,0.0,500.0,500.0,0,6,6
2026-08-24T05:10:37.981Z,1.202683525217045,1.0005624296962878,1.1521532513368555,1.202683525217045,-0.05053027388018938,0.011521532513368555,0.01202683525217045,-0.0005053027388018955,normal,normal,normal,normal,0.0,1000.0,1000.0,0,10,10
2026-08-24T05:10:42.983Z,1.1988811833229878,1.0005624296962878,1.1493014949163127,1.1988811833229878,-0.04957968840667504,0.011493014949163128,0.011988811833229878,-0.0004957968840667501,normal,normal,normal,normal,0.0,1000.0,1000.0,0,10,10
2026-08-24T05:10:47.985Z,1.2016084667397264,0.999783680886043,1.1511522702763055,1.2016084667397264,-0.05045619646342092,0.011511522702763056,0.012016084667397264,-0.0005045619646342082,normal,normal,normal,normal,0.0,1000.0,1000.0,0,10,10
2026-08-24T05:10:52.986Z,1.120418768753185,0.999783680886043,1.0902599967863995,1.120418768753185,-0.030158771966785514,0.010902599967863994,0.01120418768753185,-0.00030158771966785555,normal,normal,normal,normal,0.0,1000.0,1000.0,0,10,10
2026-08-24T05:10:57.988Z,1.1245041568425032,0.999783680886043,1.093324037853388,1.1245041568425032,-0.031180118989115213,0.01093324037853388,0.011245041568425032,-0.00031180118989115185,normal,normal,normal,normal,0.0,1000.0,1000.0,0,10,10
2026-08-24T05:11:02.993Z,1.125637340902234,0.999783680886043,1.0941739258981862,1.125637340902234,-0.03146341500404781,0.010941739258981863,0.01125637340902234,-0.0003146341500404777,normal,normal,normal,normal,0.0,1000.0,1000.0,0,10,10
2026-08-24T05:11:07.990Z,1.139996980673521,1.0061218309249804,1.106528193236386,1.139996980673521,-0.033468787437135106,0.01106528193236386,0.01139996980673521,-0.0003346878743713498,normal,normal,normal,normal,0.0,1000.0,1000.0,0,10,10
2026-08-24T05:11:12.992Z,1.077350685492659,1.0061218309249804,1.0595434718507395,1.077350685492659,-0.017807213641919617,0.010595434718507395,0.01077350685492659,-0.000178072136419195,normal,normal,normal,normal,0.0,1000.0,1000.0,0,10,10
2026-08-24T05:11:17.993Z,0.9594537927509718,1.0061218309249804,0.971120802294474,0.9594537927509718,0.011667009543502194,0.00971120802294474,0.009594537927509719,0.000116670095435022,normal,normal,normal,normal,0.0,1000.0,1000.0,0,10,10
2026-08-24T05:11:22.996Z,0.9591386798424778,1.0061218309249804,0.9708844676131034,0.9591386798424778,0.011745787770625626,0.009708844676131034,0.009591386798424778,0.00011745787770625626,normal,normal,normal,normal,0.0,1000.0,1000.0,0,10,10
2026-08-24T05:11:27.998Z,0.7064394897766222,1.0028986761270224,0.7805542863642222,0.7064394897766221,0.07411479658760012,0.007805542863642222,0.0075,0.00030554286364222263,normal,normal,normal,normal,0.0,1000.0,1000.0,0,10,10
2026-08-24T05:11:33.000Z,0.34605378164780076,1.0028986761270224,0.5102650052676062,0.3460537816478008,0.1642112236198054,0.0075,0.0075,0.0,normal,normal,normal,normal,0.0,1000.0,1000.0,0,10,10
2026-08-24T05:11:38.002Z,0.3666663441107203,1.0028986761270224,0.5257244271147958,0.3666663441107203,0.15905808300407553,0.0075,0.0075,0.0,normal,normal,normal,normal,0.0,1000.0,1000.0,0,10,10
2026-08-24T05:11:43.004Z,0.6211101981183111,1.0028986761270224,0.7165573176204889,0.6211101981183111,0.09544711950217777,0.0075,0.0075,0.0,normal,normal,normal,normal,0.0,1000.0,1000.0,0,10,10
2026-08-24T05:11:48.005Z,0.5868869706342187,1.0028770442156267,0.6908844890295707,0.5868869706342187,0.10399751839535198,0.0075,0.0075,0.0,normal,normal,normal,normal,0.0,1000.0,1000.0,0,10,10
2026-08-24T05:11:53.007Z,0.5868869706342187,1.0028554123042313,0.6908790810517218,0.5868869706342187,0.10399211041750311,0.0075,0.0075,0.0,normal,normal,normal,normal,0.0,1000.0,1000.0,0,10,10
2026-08-24T05:11:58.010Z,0.7158324710310535,1.0028554123042313,0.787588206349348,0.7158324710310535,0.07175573531829449,0.00787588206349348,0.0075,0.00037588206349348056,normal,normal,normal,normal,0.0,1000.0,1000.0,0,10,10
2026-08-24T05:12:03.020Z,0.9251026980376299,1.0028554123042313,0.9445408766042802,0.9251026980376299,0.01943817856665031,0.009445408766042803,0.009251026980376298,0.0001943817856665045,normal,normal,normal,normal,0.0,1000.0,1000.0,0,10,10
2026-08-24T05:12:08.012Z,0.9988281481588148,1.0027039889244613,0.9997971083502265,0.9988281481588149,0.000968960191411572,0.009997971083502265,0.00998828148158815,9.689601914115997e-06,normal,normal,normal,normal,0.0,1000.0,1000.0,0,10,10
2026-08-24T05:12:13.014Z,1.020013847462481,1.0024007786309073,1.0156105802545874,1.020013847462481,-0.004403267207893524,0.010156105802545874,0.01020013847462481,-4.403267207893531e-05,normal,normal,normal,normal,0.0,1000.0,1000.0,0,10,10
2026-08-24T05:12:18.016Z,1.0292801932885831,1.0024007786309073,1.022560339624164,1.0292801932885831,-0.006719853664419073,0.01022560339624164,0.010292801932885832,-6.719853664419184e-05,normal,normal,normal,normal,0.0,1000.0,1000.0,0,10,10
2026-08-24T05:12:23.017Z,1.030643951494281,1.0024007786309073,1.0235831582784374,1.030643951494281,-0.007060793215843519,0.010235831582784374,0.01030643951494281,-7.060793215843582e-05,normal,normal,normal,normal,0.0,1000.0,1000.0,0,10,10
2026-08-24T05:12:28.018Z,1.0335482039305073,1.000854331134422,1.025374735731486,1.0335482039305073,-0.008173468199021316,0.01025374735731486,0.010335482039305073,-8.173468199021254e-05,normal,normal,normal,normal,0.0,1000.0,1000.0,0,10,10
2026-08-24T05:12:33.019Z,1.1717449574334053,0.9991566108732322,1.128597870793362,1.1717449574334053,-0.04314708664004341,0.01128597870793362,0.011717449574334054,-0.0004314708664004338,normal,normal,normal,normal,0.0,1000.0,1000.0,0,10,10
2026-08-24T05:12:38.021Z,1.2277626959632668,0.9991566108732322,1.1706111746907581,1.2277626959632668,-0.057151521272508665,0.011706111746907581,0.012277626959632668,-0.0005715152127250874,normal,normal,normal,normal,0.0,1000.0,1000.0,0,10,10
2026-08-24T05:12:43.021Z,1.081988663662546,0.9991566108732322,1.0612806504652175,1.081988663662546,-0.020708013197328512,0.010612806504652175,0.01081988663662546,-0.00020708013197328484,normal,normal,normal,normal,0.0,1000.0,1000.0,0,10,10
2026-08-24T05:12:48.023Z,1.0852503882139393,0.9956857402361489,1.0628592262194916,1.0852503882139393,-0.022391161994447684,0.010628592262194916,0.010852503882139392,-0.0002239116199444762,normal,normal,normal,normal,0.0,1000.0,1000.0,0,10,10
2026-08-24T05:12:53.025Z,1.237544120510085,0.9923650913809885,1.1762493632278108,1.237544120510085,-0.06129475728227418,0.011762493632278107,0.01237544120510085,-0.0006129475728227432,normal,normal,normal,normal,0.0,1000.0,1000.0,0,10,10
2026-08-24T05:12:58.027Z,1.1721669063415996,0.9923650913809885,1.1272164526014468,1.1721669063415996,-0.04495045374015283,0.011272164526014468,0.011721669063415995,-0.00044950453740152767,normal,normal,normal,normal,0.0,1000.0,1000.0,0,10,10
2026-08-24T05:13:03.038Z,0.964203942920493,0.9923650913809885,0.9712442300356169,0.964203942920493,0.007040287115123833,0.009712442300356169,0.00964203942920493,7.040287115123861e-05,normal,normal,normal,normal,0.0,1000.0,1000.0,0,10,10
2026-08-24T05:13:08.031Z,0.8799249559879946,0.9930463934248946,0.9082053153472196,0.8799249559879946,0.028280359359225016,0.009082053153472196,0.008799249559879947,0.0002828035935922499,normal,normal,normal,normal,0.0,1000.0,1000.0,0,10,10
2026-08-24T05:13:13.034Z,0.8698785206111869,0.9938781690750195,0.900878432727145,0.8698785206111869,0.030999912115958095,0.00900878432727145,0.00869878520611187,0.00030999912115958067,normal,normal,normal,normal,0.0,1000.0,1000.0,0,10,10
2026-08-24T05:13:18.035Z,0.8571170419046057,0.9938781690750195,0.8913073236972091,0.8571170419046057,0.034190281792603416,0.008913073236972092,0.008571170419046058,0.000341902817926034,normal,normal,normal,normal,0.0,1000.0,1000.0,0,10,10
2026-08-24T05:13:23.035Z,0.8714886043720786,0.9938781690750195,0.9020859955478138,0.8714886043720785,0.030597391175735233,0.009020859955478138,0.008714886043720785,0.00030597391175735296,normal,normal,normal,normal,0.0,1000.0,1000.0,0,10,10
2026-08-24T05:13:28.036Z,0.9292418808985815,0.9938781690750195,0.945400952942691,0.9292418808985815,0.01615907204410949,0.00945400952942691,0.009292418808985814,0.00016159072044109532,normal,normal,normal,normal,0.0,1000.0,1000.0,0,10,10
2026-08-24T05:13:33.036Z,0.7672111722494502,0.9942026477459548,0.8239590411235763,0.7672111722494502,0.056747868874126084,0.008239590411235762,0.007672111722494502,0.0005674786887412599,normal,normal,normal,normal,0.0,1000.0,1000.0,0,10,10
2026-08-24T05:13:38.037Z,0.7114757576269468,0.9942026477459548,0.7821574801566987,0.7114757576269467,0.07068172252975202,0.007821574801566988,0.0075,0.00032157480156698795,normal,normal,normal,normal,0.0,1000.0,1000.0,0,10,10
2026-08-24T05:13:43.039Z,0.7144566070532905,0.9942026477459548,0.7843931172264565,0.7144566070532905,0.06993651017316604,0.007843931172264566,0.0075,0.0003439311722645659,normal,normal,normal,normal,0.0,1000.0,1000.0,0,10,10
2026-08-24T05:13:48.039Z,0.6994925703584701,0.9942026477459548,0.7731700897053413,0.6994925703584701,0.07367751934687117,0.007731700897053413,0.0075,0.00023170089705341294,normal,normal,normal,normal,0.0,1000.0,1000.0,0,10,10
2026-08-24T05:13:53.040Z,0.6354282293990956,1.0007572807131422,0.7267604922276072,0.6354282293990956,0.09133226282851159,0.0075,0.0075,0.0,normal,normal,normal,normal,0.0,1000.0,1000.0,0,10,10
2026-08-24T05:13:58.041Z,0.5788931448390336,1.0007572807131422,0.6843591788075608,0.5788931448390336,0.10546603396852716,0.0075,0.0075,0.0,normal,normal,normal,normal,0.0,1000.0,1000.0,0,10,10
2026-08-24T05:14:03.046Z,0.5565900626691754,1.0007572807131422,0.6676318671801671,0.5565900626691754,0.11104180451099166,0.0075,0.0075,0.0,normal,normal,normal,normal,0.0,1000.0,1000.0,0,10,10
2026-08-24T05:14:08.044Z,0.6743012483083566,1.0007572807131422,0.7559152564095529,0.6743012483083565,0.08161400810119646,0.007559152564095529,0.0075,5.915256409552965e-05,normal,normal,normal,normal,0.0,1000.0,1000.0,0,10,10
2026-08-24T05:14:13.045Z,0.7743561986123431,1.002163659180406,0.8313080637543588,0.7743561986123431,0.05695186514201578,0.008313080637543588,0.007743561986123431,0.0005695186514201572,normal,normal,normal,normal,0.0,1000.0,1000.0,0,10,10
2026-08-24T05:14:18.046Z,0.7746020644720533,1.002163659180406,0.8314924631491414,0.7746020644720533,0.056890398677088116,0.008314924631491414,0.007746020644720533,0.0005689039867708811,normal,normal,normal,normal,0.0,1000.0,1000.0,0,10,10
2026-08-24T05:14:23.047Z,1.2015593611808175,1.002163659180406,1.1517104356807146,1.2015593611808175,-0.04984892550010289,0.011517104356807147,0.012015593611808175,-0.0004984892550010285,normal,normal,normal,normal,0.0,1000.0,1000.0,0,10,10
2026-08-24T05:14:28.048Z,1.152512873489323,1.002163659180406,1.1149255699120937,1.152512873489323,-0.03758730357722939,0.011149255699120937,0.01152512873489323,-0.00037587303577229364,normal,normal,normal,normal,0.0,1000.0,1000.0,0,10,10
2026-08-24T05:14:33.049Z,1.2335514010991286,0.9974252455753171,1.1745198622181758,1.2335514010991286,-0.059031538880952805,0.011745198622181758,0.012335514010991287,-0.000590315388809529,normal,normal,normal,normal,0.0,1000.0,1000.0,0,10,10
2026-08-24T05:14:38.049Z,1.4428240613589225,0.9974252455753171,1.3314743574130212,1.4428240613589225,-0.11134970394590127,0.013314743574130213,0.014428240613589225,-0.0011134970394590122,normal,normal,normal,normal,0.0,1000.0,1000.0,0,10,10
2026-08-24T05:14:43.050Z,1.4444138680522156,0.9974252455753171,1.332666712432991,1.4444138680522156,-0.11174715561922466,0.01332666712432991,0.014444138680522156,-0.0011174715561922469,normal,normal,normal,normal,0.0,1000.0,1000.0,0,10,10
2026-08-24T05:14:48.051Z,1.451436575041843,0.9974252455753171,1.3379337426752116,1.451436575041843,-0.11350283236663139,0.013379337426752116,0.01451436575041843,-0.001135028323666314,normal,normal,normal,normal,0.0,1000.0,1000.0,0,10,10
2026-08-24T05:14:53.052Z,1.443983843350027,0.9990045660124213,1.3327390240156254,1.4439838433500267,-0.11124481933440133,0.013327390240156254,0.014439838433500267,-0.001112448193344013,normal,normal,normal,normal,0.0,1000.0,1000.0,0,10,10
2026-08-24T05:14:58.053Z,1.437168012195754,0.9990045660124213,1.3276271506499209,1.4371680121957542,-0.10954086154583331,0.01327627150649921,0.014371680121957543,-0.0010954086154583327,normal,normal,normal,normal,0.0,1000.0,1000.0,0,10,10
2026-08-24T05:15:03.063Z,1.4418647677446692,0.9990045660124213,1.3311497173116071,1.4418647677446692,-0.11071505043306207,0.01331149717311607,0.014418647677446692,-0.0011071505043306219,normal,normal,normal,normal,0.0,1000.0,1000.0,0,10,10
2026-08-24T05:15:08.055Z,1.4259931138666795,0.999177542583815,1.3192892210459632,1.4259931138666795,-0.10670389282071624,0.013192892210459632,0.014259931138666795,-0.0010670389282071632,normal,normal,normal,normal,0.0,1000.0,1000.0,0,10,10
2026-08-24T05:15:13.057Z,1.621343821994343,0.997381122437937,1.4653531471052414,1.621343821994343,-0.15599067488910157,0.014653531471052413,0.024320157329915146,-0.009666625858862733,normal,defensive,normal,high,500.0,1000.0,500.0,4,10,6
2026-08-24T05:15:18.057Z,1.6764497210928422,0.997381122437937,1.5066825714291159,1.6764497210928422,-0.1697671496637263,0.02260023857143674,0.025146745816392632,-0.0025465072449558923,defensive,defensive,high,high,0.0,500.0,500.0,0,6,6
2026-08-24T05:15:23.058Z,1.1080223252272003,0.9982021011588866,1.080567269210122,1.1080223252272003,-0.027455056017078316,0.01080567269210122,0.011080223252272004,-0.00027455056017078316,short_bias,short_bias,normal,normal,0.0,1000.0,1000.0,0,10,10
2026-08-24T05:15:28.059Z,1.1917469089873813,0.9982021011588866,1.1433607070302576,1.1917469089873813,-0.04838620195712373,0.011433607070302576,0.011917469089873813,-0.0004838620195712368,short_bias,short_bias,normal,normal,0.0,1000.0,1000.0,0,10,10
2026-08-24T05:15:33.061Z,1.1188067656961678,0.9972273367269576,1.0884119084538653,1.1188067656961678,-0.03039485724230251,0.010884119084538653,0.011188067656961677,-0.000303948572423024,short_bias,short_bias,normal,normal,0.0,1000.0,1000.0,0,10,10
2026-08-24T05:15:38.062Z,1.0951617409220307,0.9972273367269576,1.0706781398732625,1.0951617409220307,-0.024483601048768122,0.010706781398732625,0.010951617409220307,-0.0002448360104876819,short_bias,short_bias,normal,normal,0.0,1000.0,1000.0,0,10,10
2026-08-24T05:15:43.063Z,1.0927362178855278,0.9972273367269576,1.0688589975958853,1.0927362178855278,-0.023877220289642453,0.010688589975958854,0.010927362178855277,-0.00023877220289642356,normal,normal,normal,normal,0.0,1000.0,1000.0,0,10,10
2026-08-24T05:15:48.064Z,1.1721857943105878,0.9972273367269576,1.1284461799146803,1.1721857943105878,-0.043739614395907456,0.011284461799146803,0.011721857943105879,-0.0004373961439590752,normal,normal,normal,normal,0.0,1000.0,1000.0,0,10,10
2026-08-24T05:15:53.065Z,1.172234523377241,1.0022961117729883,1.1297499204761778,1.172234523377241,-0.04248460290106326,0.011297499204761778,0.01172234523377241,-0.000424846029010632,normal,normal,normal,normal,0.0,1000.0,1000.0,0,10,10
2026-08-24T05:15:58.066Z,1.1958999822163725,1.0022961117729883,1.1474990146055264,1.1958999822163725,-0.04840096761084611,0.011474990146055264,0.011958999822163726,-0.0004840096761084614,normal,normal,normal,normal,0.0,1000.0,1000.0,0,10,10
2026-08-24T05:16:03.070Z,1.2298667736517634,1.001471765902647,1.1727680217144845,1.2298667736517634,-0.05709875193727898,0.011727680217144845,0.012298667736517634,-0.0005709875193727898,normal,normal,normal,normal,0.0,1000.0,1000.0,0,10,10
2026-08-24T05:16:08.068Z,1.2192864637183258,1.001471765902647,1.1648327892644061,1.2192864637183258,-0.05445367445391969,0.011648327892644061,0.012192864637183259,-0.0005445367445391976,normal,normal,normal,normal,0.0,1000.0,1000.0,0,10,10
2026-08-24T05:16:13.068Z,0.8177704990050226,1.0012336861242777,0.8636362957848365,0.8177704990050226,0.04586579677981384,0.008636362957848365,0.008177704990050227,0.00045865796779813797,normal,normal,normal,normal,0.0,1000.0,1000.0,0,10,10
2026-08-24T05:16:18.069Z,0.7914589692840597,1.0010603535954643,0.8438593153619108,0.7914589692840597,0.052400346077851157,0.008438593153619108,0.007914589692840597,0.0005240034607785111,normal,normal,normal,normal,0.0,1000.0,1000.0,0,10,10
2026-08-24T05:16:23.069Z,0.7694769837770762,1.0007249356213888,0.8272889717381543,0.7694769837770762,0.057811987961078115,0.008272889717381543,0.007694769837770762,0.0005781198796107811,normal,normal,normal,normal,0.0,1000.0,1000.0,0,10,10
2026-08-24T05:16:28.071Z,0.6977012574670028,1.0007249356213888,0.7734571770055994,0.6977012574670028,0.0757559195385965,0.007734571770055994,0.0075,0.00023457177005599406,normal,normal,normal,normal,0.0,1000.0,1000.0,0,10,10
2026-08-24T05:16:33.071Z,0.6992153612170752,1.0003895176473132,0.7745089003246347,0.6992153612170752,0.07529353910755954,0.007745089003246347,0.0075,0.0002450890032463472,normal,normal,normal,normal,0.0,1000.0,1000.0,0,10,10
2026-08-24T05:16:38.072Z,0.6803757095720513,1.0003895176473132,0.7603791615908667,0.6803757095720512,0.08000345201881554,0.007603791615908667,0.0075,0.0001037916159086676,normal,normal,normal,normal,0.0,1000.0,1000.0,0,10,10
2026-08-24T05:16:43.072Z,0.6959252375187167,0.997035337906559,0.7712027626156773,0.6959252375187167,0.07527752509696062,0.007712027626156773,0.0075,0.00021202762615677318,normal,normal,normal,normal,0.0,1000.0,1000.0,0,10,10
2026-08-24T05:16:48.074Z,0.5810859025329672,0.997035337906559,0.6850732613763652,0.5810859025329672,0.10398735884339794,0.0075,0.0075,0.0,normal,normal,normal,normal,0.0,1000.0,1000.0,0,10,10
2026-08-24T05:16:53.075Z,0.5810007505723752,0.9936811581658046,0.6841708524707325,0.5810007505723752,0.10317010189835729,0.0075,0.0075,0.0,normal,normal,normal,normal,0.0,1000.0,1000.0,0,10,10
2026-08-24T05:16:58.076Z,0.5580170483087273,0.9938532129948272,0.6669760894802523,0.5580170483087273,0.108959041171525,0.0075,0.0075,0.0,normal,normal,normal,normal,0.0,1000.0,1000.0,0,10,10
2026-08-24T05:17:03.086Z,0.5741911752668097,0.9951842953920742,0.6794394552981258,0.5741911752668097,0.10524828003131603,0.0075,0.0075,0.0,normal,normal,normal,normal,0.0,1000.0,1000.0,0,10,10
2026-08-24T05:17:08.078Z,0.3174996378444515,0.9951842953920742,0.4869208022313572,0.3174996378444515,0.1694211643869057,0.0075,0.0075,0.0,normal,normal,normal,normal,0.0,1000.0,1000.0,0,10,10
2026-08-24T05:17:13.079Z,0.4216520085892383,0.9973356438860609,0.565572917413444,0.4216520085892383,0.14392090882420566,0.0075,0.0075,0.0,normal,normal,normal,normal,0.0,1000.0,1000.0,0,10,10
2026-08-24T05:17:18.080Z,0.504943289564674,0.9973356438860609,0.6280413781450208,0.504943289564674,0.12309808858034677,0.0075,0.0075,0.0,normal,normal,normal,normal,0.0,1000.0,1000.0,0,10,10
2026-08-24T05:17:23.080Z,0.5049952324205107,0.9975630889201775,0.6281371965454274,0.5049952324205107,0.12314196412491674,0.0075,0.0075,0.0,normal,normal,normal,normal,0.0,1000.0,1000.0,0,10,10
2026-08-24T05:17:28.081Z,0.5069579438849628,0.9975630889201775,0.6296092301437665,0.5069579438849628,0.12265128625880362,0.0075,0.0075,0.0,normal,normal,normal,normal,0.0,1000.0,1000.0,0,10,10
2026-08-24T05:17:33.082Z,0.5204284312495088,0.9978337629703442,0.6397797641797176,0.5204284312495088,0.11935133293020883,0.0075,0.0075,0.0,normal,normal,normal,normal,0.0,1000.0,1000.0,0,10,10
2026-08-24T05:17:38.083Z,0.550675208994826,0.9980932157483045,0.6625297106831957,0.550675208994826,0.11185450168836963,0.0075,0.0075,0.0,normal,normal,normal,normal,0.0,1000.0,1000.0,0,10,10
2026-08-24T05:17:43.084Z,0.5531567640348725,0.9973335645689264,0.6642009641683859,0.5531567640348725,0.11104420013351346,0.0075,0.0075,0.0,normal,normal,normal,normal,0.0,1000.0,1000.0,0,10,10
2026-08-24T05:17:48.085Z,0.5571249843551127,0.9973335645689264,0.6671771294085661,0.5571249843551127,0.1100521450534534,0.0075,0.0075,0.0,normal,normal,normal,normal,0.0,1000.0,1000.0,0,10,10
2026-08-24T05:17:53.086Z,0.5709586199081034,0.9960978993691605,0.6772434397733677,0.5709586199081034,0.10628481986526428,0.0075,0.0075,0.0,normal,normal,normal,normal,0.0,1000.0,1000.0,0,10,10
2026-08-24T05:17:58.087Z,0.5774626588901822,0.9960978993691605,0.6821214690099269,0.5774626588901822,0.10465881011974465,0.0075,0.0075,0.0,normal,normal,normal,normal,0.0,1000.0,1000.0,0,10,10
2026-08-24T05:18:03.096Z,0.4971846176293082,0.9963773617648973,0.6219828036632055,0.4971846176293082,0.12479818603389725,0.0075,0.0075,0.0,normal,normal,normal,normal,0.0,1000.0,1000.0,0,10,10
2026-08-24T05:18:08.090Z,0.5092626509490391,0.9963773617648973,0.6310413286530037,0.5092626509490391,0.12177867770396456,0.0075,0.0075,0.0,normal,normal,normal,normal,0.0,1000.0,1000.0,0,10,10
2026-08-24T05:18:13.090Z,0.46912098365788696,0.9960085902080306,0.6008428852954228,0.46912098365788696,0.1317219016375359,0.0075,0.0075,0.0,normal,normal,normal,normal,0.0,1000.0,1000.0,0,10,10
2026-08-24T05:18:18.091Z,0.35950986923387346,0.9960085902080306,0.5186345494774127,0.35950986923387346,0.15912468024353926,0.0075,0.0075,0.0,normal,normal,normal,normal,0.0,1000.0,1000.0,0,10,10
2026-08-24T05:18:23.092Z,0.36322739943250504,0.9969950749604044,0.5216693183144798,0.36322739943250504,0.15844191888197479,0.0075,0.0075,0.0,normal,normal,normal,normal,0.0,1000.0,1000.0,0,10,10
2026-08-24T05:18:28.093Z,0.3952504000899973,0.9969950749604044,0.5456865688075991,0.3952504000899973,0.15043616871760185,0.0075,0.0075,0.0,normal,normal,normal,normal,0.0,1000.0,1000.0,0,10,10
2026-08-24T05:18:33.094Z,0.3947393185284506,0.9978086828231107,0.5455066596021156,0.3947393185284506,0.15076734107366502,0.0075,0.0075,0.0,normal,normal,normal,normal,0.0,1000.0,1000.0,0,10,10
2026-08-24T05:18:38.094Z,0.3646995775432093,0.9978086828231107,0.5229768538631847,0.3646995775432093,0.1582772763199754,0.0075,0.0075,0.0,normal,normal,normal,normal,0.0,1000.0,1000.0,0,10,10
2026-08-24T05:18:43.095Z,0.5799962115011407,1.000650886290165,0.6851598801983968,0.5799962115011407,0.10516366869725613,0.0075,0.0075,0.0,normal,normal,normal,normal,0.0,1000.0,1000.0,0,10,10
2026-08-24T05:18:48.096Z,0.5772614647633918,1.000650886290165,0.6831088201450851,0.5772614647633918,0.10584735538169332,0.0075,0.0075,0.0,normal,normal,normal,normal,0.0,1000.0,1000.0,0,10,10
2026-08-24T05:18:53.097Z,1.3008369063649816,1.0034930897572194,1.226500952213041,1.3008369063649816,-0.07433595415194061,0.01226500952213041,0.013008369063649817,-0.0007433595415194064,normal,normal,normal,normal,0.0,1000.0,1000.0,0,10,10
2026-08-24T05:18:58.098Z,1.409010561579534,1.0034930897572194,1.3076311936239553,1.409010561579534,-0.10137936795557878,0.013076311936239553,0.01409010561579534,-0.0010137936795557873,normal,normal,normal,normal,0.0,1000.0,1000.0,0,10,10
2026-08-24T05:19:03.108Z,1.400663104024101,1.004708077498861,1.3016743473927912,1.400663104024101,-0.0989887566313099,0.013016743473927912,0.01400663104024101,-0.000989887566313099,normal,normal,normal,normal,0.0,1000.0,1000.0,0,10,10
2026-08-24T05:19:08.100Z,1.43365321103292,1.004708077498861,1.3264169276494053,1.4336532110329199,-0.10723628338351454,0.013264169276494053,0.0143365321103292,-0.001072362833835147,normal,normal,normal,normal,0.0,1000.0,1000.0,0,10,10
2026-08-24T05:19:13.101Z,1.4358150177244133,1.0059230652405025,1.3283420296034354,1.4358150177244131,-0.10747298812097772,0.013283420296034354,0.014358150177244131,-0.001074729881209777,normal,normal,normal,normal,0.0,1000.0,1000.0,0,10,10
2026-08-24T05:19:18.102Z,1.4359066679387138,1.0059230652405025,1.328410767264161,1.435906667938714,-0.10749590067455306,0.01328410767264161,0.01435906667938714,-0.0010749590067455298,normal,normal,normal,normal,0.0,1000.0,1000.0,0,10,10
2026-08-24T05:19:23.102Z,1.7082669615877462,1.0044151786682867,1.5323040158578811,1.7082669615877462,-0.17596294572986504,0.022984560237868216,0.025624004423816193,-0.002639444185947977,defensive,defensive,high,high,0.0,500.0,500.0,0,6,6
2026-08-24T05:19:28.104Z,1.7709930134527692,1.0044151786682867,1.5793485547566486,1.7709930134527692,-0.19164445869612057,0.02369022832134973,0.026564895201791536,-0.0028746668804418077,defensive,defensive,high,high,0.0,500.0,500.0,0,6,6
2026-08-24T05:19:33.104Z,1.8537967653461545,1.0029072920960709,1.6410743970336337,1.8537967653461545,-0.21272236831252078,0.024616115955504506,0.027806951480192316,-0.00319083552468781,defensive,defensive,high,high,0.0,500.0,500.0,0,6,6
2026-08-24T05:19:38.105Z,1.8792642028958912,1.0029072920960709,1.660174975195936,1.8792642028958912,-0.2190892276999552,0.02490262462793904,0.02818896304343837,-0.003286338415499329,defensive,defensive,high,high,0.0,500.0,500.0,0,6,6
2026-08-24T05:19:43.106Z,1.709054367324967,1.0029072920960709,1.5325175985177428,1.709054367324967,-0.17653676880722413,0.022987763977766144,0.025635815509874506,-0.002648051532108363,defensive,defensive,high,high,0.0,500.0,500.0,0,6,6
2026-08-24T05:19:48.107Z,1.709094215907492,1.0015729752012323,1.532213905730927,1.709094215907492,-0.17688031017656503,0.022983208585963904,0.02563641323861238,-0.002653204652648476,defensive,defensive,high,high,0.0,500.0,500.0,0,6,6
2026-08-24T05:19:53.108Z,0.9577607357351076,1.0002386583063938,0.9683802163779291,0.9577607357351076,0.010619480642821588,0.00968380216377929,0.009577607357351076,0.00010619480642821456,short_bias,short_bias,normal,normal,0.0,1000.0,1000.0,0,10,10
2026-08-24T05:19:58.110Z,0.7678320788845567,1.0000650773335646,0.8258903284968087,0.7678320788845566,0.05805824961225203,0.008258903284968087,0.007678320788845566,0.0005805824961225212,normal,normal,normal,normal,0.0,1000.0,1000.0,0,10,10
2026-08-24T05:20:03.119Z,0.855166832876027,1.0000650773335646,0.8913913939904115,0.855166832876027,0.036224561114384435,0.008913913939904115,0.00855166832876027,0.0003622456111438445,short_bias,short_bias,normal,normal,0.0,1000.0,1000.0,0,10,10
2026-08-24T05:20:08.111Z,0.8668332271244555,0.9995119199982645,0.9000029003429078,0.8668332271244555,0.03316967321845221,0.009000029003429078,0.008668332271244555,0.00033169673218452246,normal,normal,normal,normal,0.0,1000.0,1000.0,0,10,10
2026-08-24T05:20:13.112Z,1.0439235339025934,0.9989587626629645,1.0326823410926862,1.0439235339025934,-0.011241192809907208,0.010326823410926863,0.010439235339025934,-0.00011241192809907131,normal,normal,normal,normal,0.0,1000.0,1000.0,0,10,10
2026-08-24T05:20:18.112Z,1.0520004909208487,0.9989587626629645,1.0387400588563778,1.0520004909208487,-0.013260432064470917,0.010387400588563777,0.010520004909208487,-0.00013260432064471014,short_bias,short_bias,normal,normal,0.0,1000.0,1000.0,0,10,10
2026-08-24T05:20:23.114Z,1.1995148783395164,0.999175508255766,1.1494300358185787,1.1995148783395164,-0.0500848425209377,0.011494300358185787,0.011995148783395164,-0.0005008484252093763,normal,normal,normal,normal,0.0,1000.0,1000.0,0,10,10
2026-08-24T05:20:28.116Z,1.1130013300412644,0.998372713662696,1.0843441759466224,1.1130013300412644,-0.02865715409464209,0.010843441759466225,0.011130013300412644,-0.00028657154094641896,normal,normal,normal,normal,0.0,1000.0,1000.0,0,10,10
2026-08-24T05:20:33.118Z,1.4051132136382507,0.9975699190696261,1.3032273899960947,1.405113213638251,-0.10188582364215626,0.013032273899960947,0.01405113213638251,-0.0010188582364215638,normal,normal,normal,normal,0.0,1000.0,1000.0,0,10,10
2026-08-24T05:20:38.120Z,1.412441974524414,0.9975699190696261,1.3087239606607168,1.4124419745244137,-0.10371801386369683,0.013087239606607168,0.014124419745244136,-0.0010371801386369686,short_bias,short_bias,normal,normal,0.0,1000.0,1000.0,0,10,10
2026-08-24T05:20:43.120Z,1.4235697729459045,0.9975699190696261,1.317069809476835,1.4235697729459045,-0.10649996346906954,0.01317069809476835,0.014235697729459046,-0.0010649996346906963,normal,normal,normal,normal,0.0,1000.0,1000.0,0,10,10
2026-08-24T05:20:48.122Z,1.464090353991828,0.9990995682266918,1.3478426575505438,1.4640903539918277,-0.11624769644128397,0.013478426575505438,0.014640903539918277,-0.0011624769644128386,normal,normal,normal,normal,0.0,1000.0,1000.0,0,10,10
2026-08-24T05:20:53.123Z,1.189135978712246,1.0006292173837574,1.1420092883801238,1.189135978712246,-0.047126690332122134,0.011420092883801239,0.01189135978712246,-0.00047126690332122134,short_bias,short_bias,normal,normal,0.0,1000.0,1000.0,0,10,10
2026-08-24T05:20:58.124Z,1.1924043507622482,1.0006292173837574,1.1444605674176254,1.1924043507622482,-0.04794378334462279,0.011444605674176255,0.011924043507622483,-0.0004794378334462279,normal,normal,normal,normal,0.0,1000.0,1000.0,0,10,10
2026-08-24T05:21:03.128Z,1.2020609179820185,1.0006292173837574,1.1517029928324531,1.2020609179820185,-0.050357925149565386,0.011517029928324532,0.012020609179820185,-0.000503579251495653,normal,normal,normal,normal,0.0,1000.0,1000.0,0,10,10
2026-08-24T05:21:08.126Z,1.3160705311863579,1.002180090674418,1.237597921058373,1.3160705311863579,-0.0784726101279849,0.01237597921058373,0.013160705311863578,-0.0007847261012798486,normal,normal,normal,normal,0.0,1000.0,1000.0,0,10,10
2026-08-24T05:21:13.127Z,1.254705914902527,1.0039480249029262,1.1920164424026267,1.254705914902527,-0.06268947249990031,0.011920164424026268,0.01254705914902527,-0.0006268947249990029,normal,normal,normal,normal,0.0,1000.0,1000.0,0,10,10
2026-08-24T05:21:18.128Z,1.2545864987081743,1.0039480249029262,1.1919268802568623,1.2545864987081743,-0.06265961845131196,0.011919268802568623,0.012545864987081743,-0.0006265961845131202,normal,normal,normal,normal,0.0,1000.0,1000.0,0,10,10
2026-08-24T05:21:23.129Z,1.0866871258550965,1.0039480249029262,1.066002350617054,1.0866871258550965,-0.020684775238042574,0.01066002350617054,0.010866871258550966,-0.0002068477523804249,normal,normal,normal,normal,0.0,1000.0,1000.0,0,10,10
2026-08-24T05:21:28.130Z,1.0862296612153275,1.0016919005683051,1.065095221053572,1.0862296612153275,-0.021134440161755474,0.01065095221053572,0.010862296612153275,-0.0002113444016175539,normal,normal,normal,normal,0.0,1000.0,1000.0,0,10,10
2026-08-24T05:21:33.131Z,0.6698464766214476,1.0016919005683051,0.752807832608162,0.6698464766214475,0.0829613559867145,0.00752807832608162,0.0075,2.8078326081619996e-05,normal,normal,normal,normal,0.0,1000.0,1000.0,0,10,10
2026-08-24T05:21:38.132Z,0.6700017033908033,0.9995011062426793,0.7523765541037724,0.6700017033908033,0.08237485071296902,0.007523765541037724,0.0075,2.3765541037724415e-05,normal,normal,normal,normal,0.0,1000.0,1000.0,0,10,10
2026-08-24T05:21:43.134Z,0.6541021356077331,0.9995011062426793,0.7404518782664697,0.6541021356077331,0.08634974265873663,0.0075,0.0075,0.0,normal,normal,normal,normal,0.0,1000.0,1000.0,0,10,10
2026-08-24T05:21:48.135Z,0.6628838286828307,0.9995011062426793,0.7470381480727928,0.6628838286828307,0.0841543193899621,0.0075,0.0075,0.0,normal,normal,normal,normal,0.0,1000.0,1000.0,0,10,10
2026-08-24T05:21:53.136Z,0.6968984364820445,0.9995011062426793,0.7725491039222032,0.6968984364820446,0.07565066744015858,0.007725491039222032,0.0075,0.00022549103922203228,normal,normal,normal,normal,0.0,1000.0,1000.0,0,10,10
2026-08-24T05:21:58.137Z,0.708743572886941,0.9995011062426793,0.7814329562258755,0.708743572886941,0.07268938333893449,0.007814329562258755,0.0075,0.0003143295622587555,normal,normal,normal,normal,0.0,1000.0,1000.0,0,10,10
2026-08-24T05:22:03.141Z,0.6426512158482517,0.9995011062426793,0.7318636884468586,0.6426512158482517,0.08921247259860687,0.0075,0.0075,0.0,normal,normal,normal,normal,0.0,1000.0,1000.0,0,10,10
2026-08-24T05:22:08.139Z,1.0605561580172158,0.9981887987505964,1.044964318200561,1.0605561580172158,-0.015591839816654796,0.01044964318200561,0.010605561580172158,-0.00015591839816654803,normal,normal,normal,normal,0.0,1000.0,1000.0,0,10,10
2026-08-24T05:22:13.140Z,1.0605698248354725,0.9981887987505964,1.0449745683142535,1.0605698248354725,-0.015595256521218959,0.010449745683142535,0.010605698248354724,-0.00015595256521218868,normal,normal,normal,normal,0.0,1000.0,1000.0,0,10,10
2026-08-24T05:22:18.141Z,1.0825526103234113,0.9968764912585137,1.061133580557187,1.0825526103234113,-0.02141902976622423,0.01061133580557187,0.010825526103234112,-0.00021419029766224333,normal,normal,normal,normal,0.0,1000.0,1000.0,0,10,10
2026-08-24T05:22:23.142Z,1.0782254183711109,0.9968764912585137,1.0578881865929617,1.0782254183711109,-0.020337231778149167,0.010578881865929616,0.010782254183711109,-0.00020337231778149237,normal,normal,normal,normal,0.0,1000.0,1000.0,0,10,10
2026-08-24T05:22:28.143Z,1.0565227048772072,0.9968764912585137,1.0416111514725337,1.0565227048772072,-0.014911553404673539,0.010416111514725337,0.010565227048772071,-0.00014911553404673393,normal,normal,normal,normal,0.0,1000.0,1000.0,0,10,10
2026-08-24T05:22:33.144Z,1.0544485541695805,0.9968764912585137,1.040055538441814,1.0544485541695805,-0.014393015727766523,0.01040055538441814,0.010544485541695806,-0.0001439301572776653,normal,normal,normal,normal,0.0,1000.0,1000.0,0,10,10
2026-08-24T05:22:38.145Z,1.0654333144730876,0.9968764912585137,1.0482941086694442,1.0654333144730876,-0.017139205803643476,0.010482941086694442,0.010654333144730877,-0.0001713920580364344,normal,normal,normal,normal,0.0,1000.0,1000.0,0,10,10
2026-08-24T05:22:43.147Z,1.0642101235818584,0.9968764912585137,1.0473767155010223,1.0642101235818584,-0.01683340808083611,0.010473767155010224,0.010642101235818584,-0.0001683340808083609,normal,normal,normal,normal,0.0,1000.0,1000.0,0,10,10
2026-08-24T05:22:48.147Z,1.06816625746048,0.9966270443798534,1.0502814541903234,1.06816625746048,-0.017884803270156624,0.010502814541903233,0.0106816625746048,-0.00017884803270156596,normal,normal,normal,normal,0.0,1000.0,1000.0,0,10,10
2026-08-24T05:22:53.148Z,1.041590237371958,0.9966270443798534,1.030349439123932,1.041590237371958,-0.01124079824802604,0.01030349439123932,0.01041590237371958,-0.00011240798248026047,normal,normal,normal,normal,0.0,1000.0,1000.0,0,10,10
2026-08-24T05:22:58.148Z,1.8955621909525495,0.996377597501193,1.6707660425897104,1.8955621909525495,-0.22479614836283912,0.025061490638845656,0.028433432864288243,-0.0033719422254425875,defensive,defensive,high,high,0.0,500.0,500.0,0,6,6
2026-08-24T05:23:03.156Z,1.884695700135873,0.996377597501193,1.662616174477203,1.8846957001358728,-0.22207952565866984,0.024939242617158044,0.02827043550203809,-0.003331192884880048,defensive,defensive,high,high,0.0,500.0,500.0,0,6,6
2026-08-24T05:23:08.150Z,1.4998455680826341,0.9985792373432824,1.3745289853977962,1.4998455680826341,-0.12531658268483792,0.02061793478096694,0.01499845568082634,0.005619479100140601,defensive,normal,high,normal,-500.0,500.0,1000.0,-4,6,10
2026-08-24T05:23:13.151Z,1.4891559124132336,0.9985792373432824,1.366511743645746,1.4891559124132339,-0.12264416876748796,0.02049767615468619,0.014891559124132338,0.005606117030553852,defensive,normal,high,normal,-500.0,500.0,1000.0,-4,6,10
2026-08-24T05:23:18.152Z,1.4804078416009883,1.0007808771853717,1.3605011004970842,1.4804078416009883,-0.11990674110390409,0.02040751650745626,0.014804078416009883,0.005603438091446379,defensive,long_bias,high,normal,-500.0,500.0,1000.0,-4,6,10
2026-08-24T05:23:23.153Z,1.480673648296628,1.0004336701504837,1.360613653760092,1.480673648296628,-0.12005999453653615,0.02040920480640138,0.01480673648296628,0.005602468323435099,defensive,long_bias,high,normal,-500.0,500.0,1000.0,-4,6,10
2026-08-24T05:23:28.154Z,1.6670581439038328,1.0007589227633462,1.500483338618711,1.6670581439038328,-0.1665748052851217,0.022507250079280665,0.025005872158557492,-0.002498622079276827,defensive,defensive,high,high,0.0,500.0,500.0,0,6,6
2026-08-24T05:23:33.156Z,1.6670581439038328,1.0007589227633462,1.500483338618711,1.6670581439038328,-0.1665748052851217,0.022507250079280665,0.025005872158557492,-0.002498622079276827,defensive,defensive,high,high,0.0,500.0,500.0,0,6,6
2026-08-24T05:23:38.156Z,1.6624763632940682,1.0006938271069579,1.4970307292472906,1.6624763632940682,-0.1654456340467776,0.02245546093870936,0.024937145449411023,-0.002481684510701663,defensive,defensive,high,high,0.0,500.0,500.0,0,6,6
2026-08-24T05:23:43.157Z,1.723687898911941,1.0006938271069579,1.5429393809606953,1.723687898911941,-0.1807485179512458,0.02314409071441043,0.025855318483679116,-0.002711227769268687,defensive,defensive,high,high,0.0,500.0,500.0,0,6,6
2026-08-24T05:23:48.157Z,1.7144054977927494,0.9934097856012487,1.5341565697448742,1.7144054977927494,-0.18024892804787518,0.023012348546173112,0.025716082466891242,-0.00270373392071813,defensive,defensive,high,high,0.0,500.0,500.0,0,6,6
2026-08-24T05:23:53.157Z,2.0142607274556608,0.9934097856012487,1.7590479919920579,2.0142607274556608,-0.2552127354636029,0.026385719879880868,0.03,-0.003614280120119131,defensive,defensive,high,high,0.0,500.0,500.0,0,6,6
2026-08-24T05:23:58.158Z,0.8521975154369776,0.9934097856012487,0.8875005829780453,0.8521975154369775,0.03530306754106782,0.008875005829780453,0.008521975154369775,0.00035303067541067774,long_bias,long_bias,normal,normal,0.0,1000.0,1000.0,0,10,10
2026-08-24T05:24:03.163Z,0.7899604341701412,0.9934097856012487,0.840822772027918,0.7899604341701411,0.05086233785777694,0.00840822772027918,0.007899604341701411,0.0005086233785777695,normal,normal,normal,normal,0.0,1000.0,1000.0,0,10,10
2026-08-24T05:24:08.160Z,0.8309111414233996,0.9935820992606405,0.8715788808827098,0.8309111414233996,0.04066773945931024,0.008715788808827098,0.008309111414233995,0.00040667739459310237,normal,normal,normal,normal,0.0,1000.0,1000.0,0,10,10
2026-08-24T05:24:13.161Z,0.8424786207360784,0.9935820992606405,0.8802544903672189,0.8424786207360784,0.037775869631140546,0.00880254490367219,0.008424786207360783,0.0003777586963114067,normal,normal,normal,normal,0.0,1000.0,1000.0,0,10,10
2026-08-24T05:24:18.163Z,0.8444997592760578,0.9936467322954161,0.8817865025308973,0.8444997592760578,0.037286743254839494,0.008817865025308973,0.008444997592760578,0.00037286743254839536,normal,normal,normal,normal,0.0,1000.0,1000.0,0,10,10
2026-08-24T05:24:23.163Z,0.8446721388336902,0.9936467322954161,0.8819157871991217,0.8446721388336901,0.03724364836543159,0.008819157871991216,0.008446721388336902,0.0003724364836543148,normal,normal,normal,normal,0.0,1000.0,1000.0,0,10,10
2026-08-24T05:24:28.164Z,0.575774457820038,0.9944056550587623,0.6804322571297191,0.575774457820038,0.10465779930968111,0.0075,0.0075,0.0,normal,normal,normal,normal,0.0,1000.0,1000.0,0,10,10
2026-08-24T05:24:33.164Z,0.5772934301740018,0.994750770031669,0.6816577651384186,0.5772934301740018,0.10436433496441677,0.0075,0.0075,0.0,normal,normal,normal,normal,0.0,1000.0,1000.0,0,10,10
2026-08-24T05:24:38.166Z,0.5817640291971514,0.994750770031669,0.6850107144057808,0.5817640291971514,0.10324668520862934,0.0075,0.0075,0.0,normal,normal,normal,normal,0.0,1000.0,1000.0,0,10,10
2026-08-24T05:24:43.167Z,0.5140000528559204,0.994750770031669,0.6341877321498576,0.5140000528559204,0.12018767929393714,0.0075,0.0075,0.0,normal,normal,normal,normal,0.0,1000.0,1000.0,0,10,10
2026-08-24T05:24:48.168Z,0.5140000528559204,0.994815505759344,0.6342039160817763,0.5140000528559204,0.12020386322585586,0.0075,0.0075,0.0,short_bias,short_bias,normal,normal,0.0,1000.0,1000.0,0,10,10
2026-08-24T05:24:53.168Z,0.51344886735542,0.994815505759344,0.633790526956401,0.51344886735542,0.12034165960098109,0.0075,0.0075,0.0,normal,normal,normal,normal,0.0,1000.0,1000.0,0,10,10
2026-08-24T05:24:58.169Z,0.4892546172359508,0.994815505759344,0.615644839366799,0.4892546172359508,0.12639022213084822,0.0075,0.0075,0.0,normal,normal,normal,normal,0.0,1000.0,1000.0,0,10,10
2026-08-24T05:25:03.173Z,0.4956607590716264,0.994815505759344,0.6204494457435558,0.4956607590716264,0.12478868667192938,0.0075,0.0075,0.0,normal,normal,normal,normal,0.0,1000.0,1000.0,0,10,10
2026-08-24T05:25:08.172Z,0.5682858392112291,0.9954212056768369,0.6750696808276311,0.5682858392112291,0.10678384161640198,0.0075,0.0075,0.0,normal,normal,normal,normal,0.0,1000.0,1000.0,0,10,10
2026-08-24T05:25:13.173Z,0.5584323672241543,0.9954212056768369,0.6676795768373249,0.5584323672241543,0.10924720961317058,0.0075,0.0075,0.0,normal,normal,normal,normal,0.0,1000.0,1000.0,0,10,10
2026-08-24T05:25:18.174Z,0.558134131560039,0.9954212056768369,0.6674559000892385,0.558134131560039,0.1093217685291995,0.0075,0.0075,0.0,normal,normal,normal,normal,0.0,1000.0,1000.0,0,10,10
2026-08-24T05:25:23.175Z,0.5820313966810289,0.9954212056768369,0.6853788489299809,0.5820313966810289,0.10334745224895203,0.0075,0.0075,0.0,normal,normal,normal,normal,0.0,1000.0,1000.0,0,10,10
2026-08-24T05:25:28.177Z,0.6194745127255742,0.9954860131513271,0.7134773878320124,0.6194745127255742,0.09400287510643823,0.0075,0.0075,0.0,normal,normal,normal,normal,0.0,1000.0,1000.0,0,10,10
2026-08-24T05:25:33.179Z,0.7163616135895676,0.9954860131513271,0.7861427134800075,0.7163616135895676,0.0697810998904399,0.007861427134800075,0.0075,0.00036142713480007485,normal,normal,normal,normal,0.0,1000.0,1000.0,0,10,10
2026-08-24T05:25:38.181Z,0.7447194603170595,0.9954860131513271,0.8074110985256264,0.7447194603170595,0.06269163820856694,0.008074110985256264,0.0075,0.0005741109852562647,normal,normal,normal,normal,0.0,1000.0,1000.0,0,10,10
2026-08-24T05:25:43.183Z,0.7452091166221634,0.9954860131513271,0.8077783407544543,0.7452091166221634,0.06256922413229093,0.008077783407544543,0.0075,0.0005777834075445434,normal,normal,normal,normal,0.0,1000.0,1000.0,0,10,10
2026-08-24T05:25:48.185Z,0.7758581758500989,0.9980685344734044,0.8314107655059253,0.7758581758500989,0.055552589655826434,0.008314107655059253,0.007758581758500989,0.0005555258965582637,normal,normal,normal,normal,0.0,1000.0,1000.0,0,10,10
2026-08-24T05:25:53.186Z,0.7774386640696259,0.9980685344734044,0.8325961316705706,0.7774386640696259,0.05515746760094464,0.008325961316705707,0.007774386640696259,0.0005515746760094472,normal,normal,normal,normal,0.0,1000.0,1000.0,0,10,10
2026-08-24T05:25:58.186Z,0.7774386640696259,0.9981226872700835,0.8326096698697403,0.7774386640696259,0.05517100580011436,0.008326096698697404,0.007774386640696259,0.0005517100580011442,normal,normal,normal,normal,0.0,1000.0,1000.0,0,10,10
2026-08-24T05:26:03.191Z,0.8000237698445837,0.9981768459434822,0.8495620388693084,0.8000237698445837,0.04953826902472469,0.008495620388693084,0.008000237698445836,0.0004953826902472473,normal,normal,normal,normal,0.0,1000.0,1000.0,0,10,10
2026-08-24T05:26:08.190Z,0.680401178898151,0.9981768459434822,0.7598450956594838,0.6804011788981509,0.07944391676133289,0.007598450956594838,0.0075,9.845095659483799e-05,normal,normal,normal,normal,0.0,1000.0,1000.0,0,10,10
2026-08-24T05:26:13.190Z,0.6813663577344873,0.9984152139461172,0.7606285717873948,0.6813663577344874,0.07926221405290745,0.007606285717873948,0.0075,0.00010628571787394802,normal,normal,normal,normal,0.0,1000.0,1000.0,0,10,10
2026-08-24T05:26:18.191Z,0.9666160007859332,0.9984152139461172,0.9745658040759793,0.9666160007859332,0.00794980329004602,0.009745658040759792,0.009666160007859331,7.94980329004609e-05,normal,normal,normal,normal,0.0,1000.0,1000.0,0,10,10
2026-08-24T05:26:23.193Z,0.9569151169028717,0.9986428532652951,0.9673470509934775,0.9569151169028717,0.010431934090605832,0.009673470509934775,0.009569151169028718,0.00010431934090605714,normal,normal,normal,normal,0.0,1000.0,1000.0,0,10,10
2026-08-24T05:26:28.196Z,0.8243485663524887,0.9960154171869063,0.8672652790610931,0.8243485663524887,0.04291671270860442,0.00867265279061093,0.008243485663524888,0.0004291671270860425,normal,normal,normal,normal,0.0,1000.0,1000.0,0,10,10
2026-08-24T05:26:33.198Z,0.7588094033113024,0.9960478599813251,0.8181190174788081,0.7588094033113024,0.059309614167505686,0.008181190174788081,0.007588094033113024,0.0005930961416750575,normal,normal,normal,normal,0.0,1000.0,1000.0,0,10,10
2026-08-24T05:26:38.199Z,0.7242753835970401,0.9960478599813251,0.7922185026931114,0.7242753835970402,0.0679431190960712,0.007922185026931114,0.0075,0.00042218502693111386,normal,normal,normal,normal,0.0,1000.0,1000.0,0,10,10
2026-08-24T05:26:43.199Z,0.7278725406296843,0.9960478599813251,0.7949163704675946,0.7278725406296843,0.06704382983791024,0.007949163704675946,0.0075,0.00044916370467594675,normal,normal,normal,normal,0.0,1000.0,1000.0,0,10,10
2026-08-24T05:26:48.200Z,0.6939873016356826,0.9961235680547261,0.7695213682404435,0.6939873016356826,0.07553406660476092,0.007695213682404435,0.0075,0.00019521368240443555,normal,normal,normal,normal,0.0,1000.0,1000.0,0,10,10
2026-08-24T05:26:53.201Z,0.6808717143248784,0.996231742411902,0.7597117213466343,0.6808717143248785,0.07884000702175586,0.007597117213466343,0.0075,9.711721346634342e-05,normal,normal,normal,normal,0.0,1000.0,1000.0,0,10,10
2026-08-24T05:26:58.202Z,0.6818015987857955,0.9962425611398288,0.7604118393743039,0.6818015987857956,0.0786102405885083,0.007604118393743039,0.0075,0.00010411839374303931,normal,normal,normal,normal,0.0,1000.0,1000.0,0,10,10
2026-08-24T05:27:03.205Z,0.697706660387826,0.9962425611398288,0.7723406355758268,0.697706660387826,0.07463397518800075,0.007723406355758268,0.0075,0.0002234063557582681,normal,normal,normal,normal,0.0,1000.0,1000.0,0,10,10
2026-08-24T05:27:08.203Z,0.7573393541507042,0.9963724830028021,0.8170976363637287,0.7573393541507042,0.05975828221302448,0.008170976363637287,0.007573393541507042,0.0005975828221302451,normal,normal,normal,normal,0.0,1000.0,1000.0,0,10,10
2026-08-24T05:27:13.205Z,0.8427569950726438,0.9963724830028021,0.8811608670551834,0.8427569950726438,0.038403871982539584,0.008811608670551835,0.008427569950726438,0.00038403871982539695,normal,normal,normal,normal,0.0,1000.0,1000.0,0,10,10
2026-08-24T05:27:18.206Z,0.40430317857132464,0.9963724830028021,0.552320504679194,0.40430317857132464,0.14801732610786938,0.0075,0.0075,0.0,normal,normal,normal,normal,0.0,1000.0,1000.0,0,10,10
2026-08-24T05:27:23.207Z,0.40430317857132464,0.9963724830028021,0.552320504679194,0.40430317857132464,0.14801732610786938,0.0075,0.0075,0.0,normal,normal,normal,normal,0.0,1000.0,1000.0,0,10,10
2026-08-24T05:27:28.208Z,0.40430317857132464,0.9968937690745386,0.5524508261971282,0.40430317857132464,0.1481476476258035,0.0075,0.0075,0.0,normal,normal,normal,normal,0.0,1000.0,1000.0,0,10,10
2026-08-24T05:27:33.209Z,0.4058985115381893,0.9974042335972544,0.5537749420529556,0.4058985115381893,0.14787643051476634,0.0075,0.0075,0.0,normal,normal,normal,normal,0.0,1000.0,1000.0,0,10,10
2026-08-24T05:27:38.209Z,0.3960023304758432,0.9977943653096039,0.5464503391842833,0.39600233047584316,0.15044800870844016,0.0075,0.0075,0.0,normal,normal,normal,normal,0.0,1000.0,1000.0,0,10,10
2026-08-24T05:27:43.211Z,0.38922623766806386,0.9977943653096039,0.5413682695784489,0.3892262376680639,0.15214203191038495,0.0075,0.0075,0.0,normal,normal,normal,normal,0.0,1000.0,1000.0,0,10,10
2026-08-24T05:27:48.212Z,0.3900020325305615,0.9978919459294998,0.541974510880296,0.3900020325305615,0.15197247834973454,0.0075,0.0075,0.0,short_bias,short_bias,normal,normal,0.0,1000.0,1000.0,0,10,10
2026-08-24T05:27:53.213Z,0.3900020325305615,0.9978919459294998,0.541974510880296,0.3900020325305615,0.15197247834973454,0.0075,0.0075,0.0,normal,normal,normal,normal,0.0,1000.0,1000.0,0,10,10
2026-08-24T05:27:58.213Z,0.5325547130066556,0.9978919459294998,0.6488890212373666,0.5325547130066556,0.116334308230711,0.0075,0.0075,0.0,short_bias,short_bias,normal,normal,0.0,1000.0,1000.0,0,10,10
2026-08-24T05:28:03.224Z,0.47930276024788665,0.9978919459294998,0.6089500566682899,0.4793027602478867,0.12964729642040324,0.0075,0.0075,0.0,short_bias,short_bias,normal,normal,0.0,1000.0,1000.0,0,10,10
2026-08-24T05:28:08.215Z,0.47700563748920394,0.9977398183161647,0.6071891826959441,0.47700563748920394,0.1301835452067402,0.0075,0.0075,0.0,normal,normal,normal,normal,0.0,1000.0,1000.0,0,10,10
2026-08-24T05:28:13.216Z,0.04859371527728193,0.9975876907028296,0.28584220913366887,0.04859371527728193,0.23724849385638694,0.0075,0.0075,0.0,normal,normal,normal,normal,0.0,1000.0,1000.0,0,10,10
2026-08-24T05:28:18.217Z,0.04860808732876044,0.9975876907028296,0.2858529881722777,0.04860808732876044,0.2372449008435173,0.0075,0.0075,0.0,normal,normal,normal,normal,0.0,1000.0,1000.0,0,10,10
2026-08-24T05:28:23.218Z,0.1308863997315765,0.9975876907028296,0.34756172247438977,0.1308863997315765,0.21667532274281326,0.0075,0.0075,0.0,normal,normal,normal,normal,0.0,1000.0,1000.0,0,10,10
2026-08-24T05:28:28.219Z,0.15235603721858193,0.9982287999304559,0.36382422789655045,0.15235603721858193,0.21146819067796851,0.0075,0.0075,0.0,short_bias,short_bias,normal,normal,0.0,1000.0,1000.0,0,10,10
2026-08-24T05:28:33.219Z,0.21895281507415432,0.9988699091580823,0.4139320885951363,0.21895281507415432,0.194979273520982,0.0075,0.0075,0.0,normal,normal,normal,normal,0.0,1000.0,1000.0,0,10,10
2026-08-24T05:28:38.220Z,0.2597768286871475,0.9988699091580823,0.44455009880488117,0.2597768286871475,0.18477327011773365,0.0075,0.0075,0.0,normal,normal,normal,normal,0.0,1000.0,1000.0,0,10,10
2026-08-24T05:28:43.221Z,0.2664752731035293,0.9988699091580823,0.44957393211716756,0.2664752731035293,0.18309865901363825,0.0075,0.0075,0.0,normal,normal,normal,normal,0.0,1000.0,1000.0,0,10,10
2026-08-24T05:28:48.223Z,0.2725337515545817,1.0006845742600077,0.45457145723093817,0.2725337515545817,0.18203770567635646,0.0075,0.0075,0.0,normal,normal,normal,normal,0.0,1000.0,1000.0,0,10,10
2026-08-24T05:28:53.224Z,0.275357279998072,1.0024992393619332,0.45714276983903734,0.275357279998072,0.18178548984096532,0.0075,0.0075,0.0,normal,normal,normal,normal,0.0,1000.0,1000.0,0,10,10
2026-08-24T05:28:58.225Z,0.2958155925382202,1.0024992393619332,0.47248650424414845,0.2958155925382202,0.17667091170592825,0.0075,0.0075,0.0,normal,normal,normal,normal,0.0,1000.0,1000.0,0,10,10
2026-08-24T05:29:03.229Z,0.29617355912364124,1.0024992393619332,0.47275497918321424,0.29617355912364124,0.176581420059573,0.0075,0.0075,0.0,normal,normal,normal,normal,0.0,1000.0,1000.0,0,10,10
2026-08-24T05:29:08.227Z,0.38610660408421293,1.0024992393619332,0.540204762903643,0.38610660408421293,0.15409815881943012,0.0075,0.0075,0.0,normal,normal,normal,normal,0.0,1000.0,1000.0,0,10,10
2026-08-24T05:29:13.227Z,0.3888837212774002,1.0024992393619332,0.5422876007985334,0.3888837212774002,0.15340387952113327,0.0075,0.0075,0.0,normal,normal,normal,normal,0.0,1000.0,1000.0,0,10,10
2026-08-24T05:29:18.228Z,0.3895875242409015,1.0024992393619332,0.5428154530211594,0.3895875242409015,0.15322792878025793,0.0075,0.0075,0.0,normal,normal,normal,normal,0.0,1000.0,1000.0,0,10,10
2026-08-24T05:29:23.230Z,0.3583459953969308,1.0024992393619332,0.5193843063881813,0.3583459953969308,0.16103831099125054,0.0075,0.0075,0.0,normal,normal,normal,normal,0.0,1000.0,1000.0,0,10,10
2026-08-24T05:29:28.230Z,0.3762154363891791,1.0024992393619332,0.5327863871323676,0.37621543638917904,0.15657095074318855,0.0075,0.0075,0.0,normal,normal,normal,normal,0.0,1000.0,1000.0,0,10,10
2026-08-24T05:29:33.232Z,0.3236598469423687,1.0026079019428868,0.4933968606924982,0.3236598469423687,0.1697370137501295,0.0075,0.0075,0.0,normal,normal,normal,normal,0.0,1000.0,1000.0,0,10,10
2026-08-24T05:29:38.233Z,0.7791635254604785,1.0026079019428868,0.8350246195810807,0.7791635254604786,0.05586109412060203,0.008350246195810807,0.007791635254604786,0.0005586109412060213,normal,normal,normal,normal,0.0,1000.0,1000.0,0,10,10
2026-08-24T05:29:43.233Z,0.7852884653674377,1.0026079019428868,0.8396183245113,0.7852884653674378,0.054329859143862236,0.008396183245113,0.007852884653674378,0.0005432985914386231,normal,normal,normal,normal,0.0,1000.0,1000.0,0,10,10
2026-08-24T05:29:48.234Z,0.7981197173355096,1.0026079019428868,0.8492417634873539,0.7981197173355096,0.05112204615184435,0.00849241763487354,0.007981197173355097,0.000511220461518443,normal,normal,normal,normal,0.0,1000.0,1000.0,0,10,10
2026-08-24T05:29:53.235Z,0.8030338226531387,1.0015864736819229,0.8526719854103348,0.8030338226531387,0.049638162757196125,0.008526719854103347,0.008030338226531387,0.0004963816275719603,normal,normal,normal,normal,0.0,1000.0,1000.0,0,10,10
2026-08-24T05:29:58.236Z,0.7940841524092109,1.0015864736819229,0.8459597327273889,0.7940841524092109,0.05187558031817796,0.00845959732727389,0.007940841524092109,0.0005187558031817807,normal,normal,normal,normal,0.0,1000.0,1000.0,0,10,10
2026-08-24T05:30:03.242Z,1.2765462748803802,1.0015864736819229,1.2078063245807658,1.2765462748803802,-0.06873995029961444,0.012078063245807657,0.012765462748803802,-0.0006873995029961447,normal,normal,normal,normal,0.0,1000.0,1000.0,0,10,10
2026-08-24T05:30:08.238Z,1.3922137709784068,1.0015864736819229,1.294556946654286,1.392213770978407,-0.09765682432412115,0.01294556946654286,0.01392213770978407,-0.000976568243241209,normal,normal,normal,normal,0.0,1000.0,1000.0,0,10,10
2026-08-24T05:30:13.240Z,1.4198373597345082,1.0015864736819229,1.3152746382213618,1.4198373597345082,-0.10456272151314638,0.013152746382213618,0.014198373597345082,-0.0010456272151314634,normal,normal,normal,normal,0.0,1000.0,1000.0,0,10,10
2026-08-24T05:30:18.240Z,1.4551979310050362,1.0015864736819229,1.3417950666742577,1.455197931005036,-0.11340286433077829,0.013417950666742577,0.01455197931005036,-0.0011340286433077825,normal,normal,normal,normal,0.0,1000.0,1000.0,0,10,10
2026-08-24T05:30:23.241Z,1.465468427436519,1.0015864736819229,1.3494979389978699,1.4654684274365188,-0.11597048843864899,0.0134949793899787,0.014654684274365188,-0.0011597048843864886,short_bias,short_bias,normal,normal,0.0,1000.0,1000.0,0,10,10
2026-08-24T05:30:28.241Z,1.632202016397341,1.0015864736819229,1.4745481307184864,1.632202016397341,-0.15765388567885452,0.014745481307184864,0.024483030245960116,-0.009737548938775252,normal,defensive,normal,high,500.0,1000.0,500.0,4,10,6
2026-08-24T05:30:33.241Z,1.8159396157147492,1.0036945277524232,1.6128783437241678,1.8159396157147494,-0.20306127199058155,0.024193175155862518,0.02723909423572124,-0.0030459190798587214,defensive,defensive,high,high,0.0,500.0,500.0,0,6,6
2026-08-24T05:30:38.242Z,1.4928240412668015,1.0036945277524232,1.370541662888207,1.4928240412668015,-0.12228237837859446,0.020558124943323104,0.014928240412668015,0.005629884530655089,defensive,normal,high,normal,-500.0,500.0,1000.0,-4,6,10
2026-08-24T05:30:43.243Z,1.5806562931615684,1.0036945277524232,1.4364158518092822,1.5806562931615684,-0.1442404413522862,0.021546237777139234,0.023709844397423525,-0.002163606620284291,defensive,defensive,high,high,0.0,500.0,500.0,0,6,6
2026-08-24T05:30:48.244Z,1.602929499428324,1.0036945277524232,1.453120756509349,1.602929499428324,-0.14980874291897517,0.021796811347640235,0.02404394249142486,-0.002247131143784626,defensive,defensive,high,high,0.0,500.0,500.0,0,6,6
2026-08-24T05:30:53.245Z,1.6215923388547009,1.0036945277524232,1.4671178860791316,1.621592338854701,-0.15447445277556948,0.022006768291186973,0.024323885082820514,-0.002317116791633541,defensive,defensive,high,high,0.0,500.0,500.0,0,6,6
2026-08-24T05:30:58.246Z,1.6215923388547009,1.0036945277524232,1.4671178860791316,1.621592338854701,-0.15447445277556948,0.022006768291186973,0.024323885082820514,-0.002317116791633541,defensive,defensive,high,high,0.0,500.0,500.0,0,6,6
2026-08-24T05:31:03.252Z,0.9345872679771715,1.0036945277524232,0.9518640829209843,0.9345872679771715,0.017276814943812835,0.009518640829209843,0.009345872679771714,0.00017276814943812877,normal,normal,normal,normal,0.0,1000.0,1000.0,0,10,10
2026-08-24T05:31:08.248Z,0.8218954116911384,1.0036945277524232,0.8673451907064595,0.8218954116911384,0.0454497790153211,0.008673451907064596,0.008218954116911384,0.00045449779015321184,normal,normal,normal,normal,0.0,1000.0,1000.0,0,10,10
2026-08-24T05:31:13.249Z,0.9466118738407517,1.0051071413048203,0.961235690706769,0.9466118738407517,0.014623816866017214,0.00961235690706769,0.009466118738407516,0.0001462381686601743,normal,normal,normal,normal,0.0,1000.0,1000.0,0,10,10
2026-08-24T05:31:18.249Z,2.077362801260465,1.0051071413048203,1.8092988862715538,2.077362801260465,-0.26806391498891124,0.027139483294073306,0.03,-0.0028605167059266925,defensive,defensive,high,high,0.0,500.0,500.0,0,6,6
2026-08-24T05:31:23.250Z,2.1080321038705456,1.0051071413048203,1.8323008632291142,2.1080321038705456,-0.2757312406414314,0.027484512948436714,0.03,-0.002515487051563285,defensive,defensive,high,high,0.0,500.0,500.0,0,6,6
2026-08-24T05:31:28.250Z,2.1081468778208174,1.0051071413048203,1.832386943691818,2.1081468778208174,-0.27575993412899935,0.02748580415537727,0.03,-0.0025141958446227297,defensive,defensive,high,high,0.0,500.0,500.0,0,6,6
2026-08-24T05:31:33.252Z,1.9635724630756057,1.0054113965314904,1.7240321964395768,1.9635724630756057,-0.2395402666360289,0.02586048294659365,0.029453586946134085,-0.0035931039995404333,defensive,defensive,high,high,0.0,500.0,500.0,0,6,6
2026-08-24T05:31:38.253Z,1.955130187426442,1.0054113965314904,1.717700489702704,1.955130187426442,-0.237429697723738,0.02576550734554056,0.02932695281139663,-0.003561445465856069,defensive,defensive,high,high,0.0,500.0,500.0,0,6,6
2026-08-24T05:31:43.254Z,1.8159853881542452,1.0054113965314904,1.6133418902485563,1.8159853881542452,-0.2026434979056888,0.024200128353728343,0.027239780822313677,-0.003039652468585334,defensive,defensive,high,high,0.0,500.0,500.0,0,6,6
2026-08-24T05:31:48.256Z,1.8250255759092247,1.0054113965314904,1.620122031064791,1.8250255759092247,-0.20490354484443363,0.024301830465971865,0.02737538363863837,-0.003073553172666506,defensive,defensive,high,high,0.0,500.0,500.0,0,6,6
2026-08-24T05:31:53.258Z,1.8429376987487118,1.0087682127839892,1.6343953272575313,1.842937698748712,-0.2085423714911807,0.02451592990886297,0.02764406548123068,-0.0031281355723677094,defensive,defensive,high,high,0.0,500.0,500.0,0,6,6
2026-08-24T05:31:58.260Z,1.8429376987487118,1.0087682127839892,1.6343953272575313,1.842937698748712,-0.2085423714911807,0.02451592990886297,0.02764406548123068,-0.0031281355723677094,defensive,defensive,high,high,0.0,500.0,500.0,0,6,6
2026-08-24T05:32:03.266Z,1.8744589026341325,1.0083737903619954,1.6579376245660982,1.8744589026341325,-0.21652127806803434,0.024869064368491473,0.028116883539511986,-0.0032478191710205127,defensive,defensive,high,high,0.0,500.0,500.0,0,6,6
2026-08-24T05:32:08.264Z,1.9366066594872504,1.0083737903619954,1.7045484422059367,1.9366066594872506,-0.23205821728131393,0.02556822663308905,0.02904909989230876,-0.0034808732592197106,defensive,defensive,high,high,0.0,500.0,500.0,0,6,6
2026-08-24T05:32:13.266Z,1.8667818177473405,1.0098943229828505,1.652559944056218,1.8667818177473405,-0.21422187369112256,0.02478839916084327,0.028001727266210107,-0.003213328105366838,defensive,defensive,high,high,0.0,500.0,500.0,0,6,6
2026-08-24T05:32:18.268Z,0.663319575382741,1.0098943229828505,0.7499632622827683,0.663319575382741,0.08664368690002733,0.0075,0.0075,0.0,normal,normal,normal,normal,0.0,1000.0,1000.0,0,10,10
2026-08-24T05:32:23.270Z,0.6072632621206876,1.0098943229828505,0.7079210273362284,0.6072632621206876,0.10065776521554082,0.0075,0.0075,0.0,normal,normal,normal,normal,0.0,1000.0,1000.0,0,10,10
2026-08-24T05:32:28.272Z,0.5581913011727835,1.0098943229828505,0.6711170566253002,0.5581913011727835,0.11292575545251671,0.0075,0.0075,0.0,normal,normal,normal,normal,0.0,1000.0,1000.0,0,10,10
2026-08-24T05:32:33.274Z,0.5294269579239309,1.0110238615012002,0.6498261838182482,0.5294269579239309,0.12039922589431729,0.0075,0.0075,0.0,normal,normal,normal,normal,0.0,1000.0,1000.0,0,10,10
2026-08-24T05:32:38.276Z,0.48795396871325697,1.0110238615012002,0.6187214419102427,0.48795396871325697,0.13076747319698573,0.0075,0.0075,0.0,normal,normal,normal,normal,0.0,1000.0,1000.0,0,10,10
2026-08-24T05:32:43.278Z,0.48527789383701797,1.010826247950397,0.6166649823653627,0.48527789383701797,0.13138708852834474,0.0075,0.0075,0.0,normal,normal,normal,normal,0.0,1000.0,1000.0,0,10,10
2026-08-24T05:32:48.280Z,0.4629433969209617,1.010782344318367,0.599903133770313,0.4629433969209617,0.1369597368493513,0.0075,0.0075,0.0,normal,normal,normal,normal,0.0,1000.0,1000.0,0,10,10
2026-08-24T05:32:53.282Z,0.4249087693177815,1.0107055221384986,0.5713579575229608,0.4249087693177815,0.14644918820517933,0.0075,0.0075,0.0,normal,normal,normal,normal,0.0,1000.0,1000.0,0,10,10
2026-08-24T05:32:58.284Z,0.4475936031231375,1.0107055221384986,0.5883715828769778,0.4475936031231375,0.14077797975384027,0.0075,0.0075,0.0,normal,normal,normal,normal,0.0,1000.0,1000.0,0,10,10
2026-08-24T05:33:03.289Z,0.7413494070126523,1.0107055221384986,0.8086884357941138,0.7413494070126522,0.06733902878146159,0.008086884357941138,0.0075,0.0005868843579411379,normal,normal,normal,normal,0.0,1000.0,1000.0,0,10,10
2026-08-24T05:33:08.286Z,0.7433145765512505,1.0101461699564855,0.8100224749025593,0.7433145765512505,0.06670789835130875,0.008100224749025593,0.0075,0.0006002247490255932,normal,normal,normal,normal,0.0,1000.0,1000.0,0,10,10
2026-08-24T05:33:13.288Z,0.7510959527429146,1.0106339113262006,0.8159804423887361,0.7510959527429146,0.0648844896458215,0.00815980442388736,0.007510959527429146,0.0006488448964582149,normal,normal,normal,normal,0.0,1000.0,1000.0,0,10,10
2026-08-24T05:33:18.290Z,0.745885595355866,1.0106339113262006,0.8120726743484497,0.745885595355866,0.06618707899258369,0.008120726743484496,0.0075,0.0006207267434844965,normal,normal,normal,normal,0.0,1000.0,1000.0,0,10,10
2026-08-24T05:33:23.291Z,0.7454542258986837,1.0106339113262006,0.8117491472555629,0.7454542258986837,0.0662949213568792,0.00811749147255563,0.0075,0.0006174914725556296,normal,normal,normal,normal,0.0,1000.0,1000.0,0,10,10
2026-08-24T05:33:28.294Z,0.7455250028520375,1.0106339113262006,0.8118022299705783,0.7455250028520375,0.06627722711854078,0.008118022299705784,0.0075,0.0006180222997057838,normal,normal,normal,normal,0.0,1000.0,1000.0,0,10,10
2026-08-24T05:33:33.296Z,0.74808671056397,1.0119577247770135,0.8140544641172309,0.74808671056397,0.0659677535532609,0.00814054464117231,0.0075,0.0006405446411723095,normal,normal,normal,normal,0.0,1000.0,1000.0,0,10,10
2026-08-24T05:33:38.297Z,0.8862215509603835,1.0119577247770135,0.917655594414541,0.8862215509603835,0.03143404345415757,0.00917655594414541,0.008862215509603835,0.0003143404345415761,normal,normal,normal,normal,0.0,1000.0,1000.0,0,10,10
2026-08-24T05:33:43.299Z,0.8857006672228692,1.0119577247770135,0.9172649316114052,0.8857006672228692,0.03156426438853599,0.009172649316114051,0.008857006672228692,0.0003156426438853596,normal,normal,normal,normal,0.0,1000.0,1000.0,0,10,10
2026-08-24T05:33:48.300Z,0.886041237542149,1.0119577247770135,0.9175203593508652,0.886041237542149,0.03147912180871615,0.009175203593508652,0.00886041237542149,0.0003147912180871612,normal,normal,normal,normal,0.0,1000.0,1000.0,0,10,10
2026-08-24T05:33:53.303Z,0.9327726171085287,1.0085722346405086,0.9517225214915237,0.9327726171085287,0.018949904382995042,0.009517225214915237,0.009327726171085286,0.00018949904382995104,normal,normal,normal,normal,0.0,1000.0,1000.0,0,10,10
2026-08-24T05:33:58.302Z,1.1364498315219649,1.0085722346405086,1.1044804323016009,1.1364498315219649,-0.031969399220364014,0.01104480432301601,0.01136449831521965,-0.0003196939922036398,normal,normal,normal,normal,0.0,1000.0,1000.0,0,10,10
2026-08-24T05:34:03.306Z,0.936985061853465,1.0085722346405086,0.9548818550502258,0.936985061853465,0.017896793196760852,0.009548818550502257,0.00936985061853465,0.00017896793196760762,normal,normal,normal,normal,0.0,1000.0,1000.0,0,10,10
2026-08-24T05:34:08.304Z,0.8820988436178945,1.0085722346405086,0.913717191373548,0.8820988436178944,0.03161834775565364,0.00913717191373548,0.008820988436178944,0.0003161834775565371,normal,normal,normal,normal,0.0,1000.0,1000.0,0,10,10
2026-08-24T05:34:13.305Z,0.8749799222971635,1.0081816011632196,0.9082803420136775,0.8749799222971634,0.033300419716514096,0.009082803420136775,0.008749799222971633,0.00033300419716514144,normal,normal,normal,normal,0.0,1000.0,1000.0,0,10,10
2026-08-24T05:34:18.307Z,0.8749799222971635,1.0081816011632196,0.9082803420136775,0.8749799222971634,0.033300419716514096,0.009082803420136775,0.008749799222971633,0.00033300419716514144,long_bias,long_bias,normal,normal,0.0,1000.0,1000.0,0,10,10
2026-08-24T05:34:23.309Z,0.8752547386167014,1.0081816011632196,0.908486454253331,0.8752547386167014,0.03323171563662952,0.00908486454253331,0.008752547386167014,0.0003323171563662953,long_bias,long_bias,normal,normal,0.0,1000.0,1000.0,0,10,10
2026-08-24T05:34:28.310Z,0.9344327399411151,1.0081816011632196,0.9528699552466412,0.9344327399411151,0.01843721530552611,0.009528699552466413,0.009344327399411151,0.00018437215305526153,normal,normal,normal,normal,0.0,1000.0,1000.0,0,10,10
2026-08-24T05:34:33.311Z,0.974039232278506,1.0061633281972264,0.982070256258186,0.974039232278506,0.00803102397968003,0.00982070256258186,0.00974039232278506,8.031023979680058e-05,normal,normal,normal,normal,0.0,1000.0,1000.0,0,10,10
2026-08-24T05:34:38.312Z,0.8881875055080052,1.0061633281972264,0.9176814611803106,0.8881875055080052,0.029493955672305394,0.009176814611803107,0.008881875055080053,0.0002949395567230541,normal,normal,normal,normal,0.0,1000.0,1000.0,0,10,10
2026-08-24T05:34:43.313Z,1.0375278527651601,1.0061633281972264,1.0296867216231766,1.0375278527651601,-0.007841131141983482,0.010296867216231766,0.010375278527651601,-7.841131141983482e-05,normal,normal,normal,normal,0.0,1000.0,1000.0,0,10,10
2026-08-24T05:34:48.314Z,1.0398510636471754,1.0061633281972264,1.0314291297846883,1.0398510636471754,-0.00842193386248713,0.010314291297846882,0.010398510636471753,-8.421933862487116e-05,normal,normal,normal,normal,0.0,1000.0,1000.0,0,10,10
2026-08-24T05:34:53.315Z,0.9864227675966466,1.0061633281972264,0.9913579077467916,0.9864227675966465,0.004935140150145068,0.009913579077467916,0.009864227675966465,4.935140150145144e-05,normal,normal,normal,normal,0.0,1000.0,1000.0,0,10,10
2026-08-24T05:34:58.316Z,0.7457697123488806,1.0061633281972264,0.810868116310967,0.7457697123488806,0.06509840396208644,0.00810868116310967,0.0075,0.0006086811631096697,normal,normal,normal,normal,0.0,1000.0,1000.0,0,10,10
2026-08-24T05:35:03.321Z,0.8674902740377598,1.0061633281972264,0.9021585375776264,0.8674902740377598,0.03466826353986663,0.009021585375776265,0.008674902740377598,0.0003466826353986669,normal,normal,normal,normal,0.0,1000.0,1000.0,0,10,10
2026-08-24T05:35:08.320Z,0.8536805955749325,1.005988673595591,0.8917576150800972,0.8536805955749326,0.03807701950516462,0.008917576150800972,0.008536805955749327,0.00038077019505164574,normal,normal,normal,normal,0.0,1000.0,1000.0,0,10,10
2026-08-24T05:35:13.320Z,1.0010554266256748,0.9884783127563087,0.9979111481583333,1.0010554266256748,-0.0031442784673415547,0.009979111481583333,0.010010554266256747,-3.144278467341437e-05,normal,normal,normal,normal,0.0,1000.0,1000.0,0,10,10
2026-08-24T05:35:18.323Z,1.0151717812102068,0.9884783127563087,1.0084984140967324,1.0151717812102068,-0.006673367113474438,0.010084984140967325,0.010151717812102067,-6.673367113474264e-05,short_bias,short_bias,normal,normal,0.0,1000.0,1000.0,0,10,10
2026-08-24T05:35:23.324Z,1.0146860016996093,0.9884783127563087,1.008134079463784,1.0146860016996093,-0.006551922235825236,0.01008134079463784,0.010146860016996093,-6.551922235825333e-05,short_bias,short_bias,normal,normal,0.0,1000.0,1000.0,0,10,10
2026-08-24T05:35:28.326Z,1.0398832905288407,0.9884783127563087,1.0270320460857076,1.0398832905288407,-0.012851244443133014,0.010270320460857076,0.010398832905288407,-0.00012851244443133104,normal,normal,normal,normal,0.0,1000.0,1000.0,0,10,10
2026-08-24T05:35:33.328Z,1.2763914711406976,0.9884783127563087,1.2044131815446004,1.2763914711406976,-0.0719782895960972,0.012044131815446004,0.012763914711406976,-0.0007197828959609725,short_bias,short_bias,normal,normal,0.0,1000.0,1000.0,0,10,10
2026-08-24T05:35:38.328Z,1.312161682330502,0.9884783127563087,1.2312408399369537,1.312161682330502,-0.08092084239354835,0.012312408399369538,0.01312161682330502,-0.0008092084239354827,normal,normal,normal,normal,0.0,1000.0,1000.0,0,10,10
2026-08-24T05:35:43.329Z,1.2606074968705097,0.9884783127563087,1.1925752008419594,1.2606074968705097,-0.06803229602855021,0.011925752008419594,0.012606074968705097,-0.0006803229602855027,normal,normal,normal,normal,0.0,1000.0,1000.0,0,10,10
2026-08-24T05:35:48.332Z,1.263344635391321,0.9884783127563087,1.1946280547325678,1.263344635391321,-0.06871658065875308,0.011946280547325678,0.01263344635391321,-0.0006871658065875329,normal,normal,normal,normal,0.0,1000.0,1000.0,0,10,10
2026-08-24T05:35:53.332Z,1.263344635391321,0.9898886887842558,1.1949806487395547,1.263344635391321,-0.06836398665176624,0.011949806487395548,0.01263344635391321,-0.000683639866517663,normal,normal,normal,normal,0.0,1000.0,1000.0,0,10,10
2026-08-24T05:35:58.335Z,1.2608546533856253,0.9914711690791901,1.1935087823090165,1.2608546533856253,-0.06734587107660883,0.011935087823090164,0.012608546533856253,-0.0006734587107660884,short_bias,short_bias,normal,normal,0.0,1000.0,1000.0,0,10,10
2026-08-24T05:36:03.342Z,1.2572019092284088,0.9914711690791901,1.190769224191104,1.2572019092284088,-0.0664326850373047,0.01190769224191104,0.012572019092284089,-0.0006643268503730478,normal,normal,normal,normal,0.0,1000.0,1000.0,0,10,10
2026-08-24T05:36:08.338Z,1.2445233425526199,0.9914711690791901,1.1812602991842625,1.2445233425526199,-0.06326304336835742,0.011812602991842626,0.0124452334255262,-0.0006326304336835738,normal,normal,normal,normal,0.0,1000.0,1000.0,0,10,10
2026-08-24T05:36:13.340Z,1.111504856234307,0.9939560320319452,1.0821176501837166,1.111504856234307,-0.02938720605059042,0.010821176501837166,0.01111504856234307,-0.0002938720605059047,normal,normal,normal,normal,0.0,1000.0,1000.0,0,10,10
2026-08-24T05:36:18.342Z,1.3709286176464128,0.9964408949847002,1.2773066869809846,1.3709286176464126,-0.09362193066542801,0.012773066869809845,0.013709286176464126,-0.0009362193066542804,normal,normal,normal,normal,0.0,1000.0,1000.0,0,10,10
2026-08-24T05:36:23.344Z,1.4006303677735095,0.9964408949847002,1.2995829995763073,1.4006303677735097,-0.10104736819720239,0.012995829995763073,0.014006303677735097,-0.0010104736819720236,normal,normal,normal,normal,0.0,1000.0,1000.0,0,10,10
2026-08-24T05:36:28.344Z,1.3527928341429123,0.9971658468254228,1.26388608731354,1.3527928341429123,-0.08890674682937227,0.0126388608731354,0.013527928341429123,-0.0008890674682937218,normal,normal,normal,normal,0.0,1000.0,1000.0,0,10,10
2026-08-24T05:36:33.346Z,0.9227911927110742,0.9990333756910277,0.9418517384560625,0.9227911927110742,0.019060545744988278,0.009418517384560624,0.009227911927110742,0.00019060545744988173,normal,normal,normal,normal,0.0,1000.0,1000.0,0,10,10
2026-08-24T05:36:38.344Z,0.9325344428267056,1.0007059615739684,0.9495773225135213,0.9325344428267056,0.017042879686815726,0.009495773225135213,0.009325344428267057,0.00017042879686815678,normal,normal,normal,normal,0.0,1000.0,1000.0,0,10,10
2026-08-24T05:36:43.343Z,0.9448971475986211,0.9986532425358138,0.9583361713329193,0.9448971475986211,0.013439023734298172,0.009583361713329193,0.009448971475986211,0.00013439023734298193,normal,normal,normal,normal,0.0,1000.0,1000.0,0,10,10
2026-08-24T05:36:48.345Z,0.9636137278025446,0.9969903408411835,0.9719578810622044,0.9636137278025446,0.008344153259659759,0.009719578810622045,0.009636137278025446,8.344153259659884e-05,normal,normal,normal,normal,0.0,1000.0,1000.0,0,10,10
2026-08-24T05:36:53.348Z,0.9770979746143778,0.9969903408411835,0.9820710661710792,0.9770979746143778,0.004973091556701448,0.009820710661710792,0.009770979746143778,4.973091556701413e-05,normal,normal,normal,normal,0.0,1000.0,1000.0,0,10,10
2026-08-24T05:36:58.348Z,1.5994980120309885,0.997564793877196,1.4490147074925404,1.5994980120309885,-0.15048330453844816,0.014490147074925405,0.02399247018046483,-0.009502323105539424,normal,defensive,normal,high,500.0,1000.0,500.0,4,10,6
2026-08-24T05:37:03.359Z,1.5350633714609572,0.9969449880408785,1.4005337756059375,1.5350633714609572,-0.13452959585501967,0.014005337756059374,0.02302595057191436,-0.009020612815854985,normal,defensive,normal,high,500.0,1000.0,500.0,4,10,6
2026-08-24T05:37:08.350Z,1.6324221760806092,0.9962818003913895,1.4733870821583042,1.632422176080609,-0.15903509392230486,0.014733870821583043,0.024486332641209134,-0.009752461819626091,normal,defensive,normal,high,500.0,1000.0,500.0,4,10,6
2026-08-24T05:37:13.350Z,1.6407614157258712,0.9962818003913895,1.4796415118922508,1.6407614157258712,-0.1611199038336204,0.014796415118922508,0.024611421235888067,-0.00981500611696556,normal,defensive,normal,high,500.0,1000.0,500.0,4,10,6
2026-08-24T05:37:18.352Z,1.9030811372019434,0.9962818003913895,1.6763813029993049,1.9030811372019434,-0.2266998342026385,0.025145719544989575,0.02854621705802915,-0.003400497513039575,defensive,defensive,high,high,0.0,500.0,500.0,0,6,6
2026-08-24T05:37:23.352Z,1.9503349112827775,0.9962818003913895,1.7118216335599306,1.9503349112827777,-0.23851327772284714,0.02567732450339896,0.029255023669241667,-0.0035776991658427078,defensive,defensive,high,high,0.0,500.0,500.0,0,6,6
2026-08-24T05:37:28.353Z,1.8625878627547239,0.9967384213959556,1.6461255024150319,1.8625878627547239,-0.21646236033969202,0.02469188253622548,0.02793881794132086,-0.0032469354050953803,defensive,defensive,high,high,0.0,500.0,500.0,0,6,6
2026-08-24T05:37:33.354Z,1.9301988393782439,0.9967384213959556,1.6968337348826719,1.9301988393782439,-0.23336510449557202,0.02545250602324008,0.028952982590673658,-0.003500476567433578,defensive,defensive,high,high,0.0,500.0,500.0,0,6,6
2026-08-24T05:37:38.355Z,1.8991830541792158,0.9967384213959556,1.6735718959834007,1.8991830541792158,-0.22561115819581512,0.02510357843975101,0.028487745812688238,-0.0033841673729372267,defensive,defensive,high,high,0.0,500.0,500.0,0,6,6
2026-08-24T05:37:43.357Z,1.8472784288861257,0.9967384213959556,1.6346434270135832,1.8472784288861257,-0.21263500187254247,0.02451965140520375,0.027709176433291887,-0.003189525028088138,defensive,defensive,high,high,0.0,500.0,500.0,0,6,6
2026-08-24T05:37:48.357Z,1.8489485800814445,0.9931941726462276,1.6350099782226404,1.8489485800814445,-0.2139386018588041,0.024525149673339606,0.027734228701221667,-0.0032090790278820613,defensive,defensive,high,high,0.0,500.0,500.0,0,6,6
2026-08-24T05:37:53.359Z,1.8525052573105247,0.9931941726462276,1.6376774861444505,1.8525052573105247,-0.2148277711660742,0.024565162292166758,0.02778757885965787,-0.003222416567491112,defensive,defensive,high,high,0.0,500.0,500.0,0,6,6
2026-08-24T05:37:58.361Z,1.2129560283212986,0.9931941726462276,1.158015564402531,1.2129560283212986,-0.05494046391876761,0.01158015564402531,0.012129560283212985,-0.0005494046391876749,normal,normal,normal,normal,0.0,1000.0,1000.0,0,10,10
2026-08-24T05:38:03.377Z,1.2486855500903873,0.9931941726462276,1.1848127057293474,1.2486855500903873,-0.0638728443610399,0.011848127057293474,0.012486855500903874,-0.0006387284436104,long_bias,long_bias,normal,normal,0.0,1000.0,1000.0,0,10,10
2026-08-24T05:38:08.363Z,1.2268174029448171,0.9934116112198305,1.1684659550135705,1.2268174029448171,-0.05835144793124658,0.011684659550135704,0.012268174029448171,-0.0005835144793124667,normal,normal,normal,normal,0.0,1000.0,1000.0,0,10,10
2026-08-24T05:38:13.365Z,1.2405635395094585,0.9934116112198305,1.1787755574370515,1.2405635395094585,-0.06178798207240699,0.011787755574370515,0.012405635395094585,-0.0006178798207240703,normal,normal,normal,normal,0.0,1000.0,1000.0,0,10,10
2026-08-24T05:38:18.367Z,0.9067392550096272,0.9934116112198305,0.928407344062178,0.9067392550096272,0.0216680890525508,0.00928407344062178,0.009067392550096273,0.00021668089052550785,normal,normal,normal,normal,0.0,1000.0,1000.0,0,10,10
2026-08-24T05:38:23.371Z,1.0087571865541465,0.9934116112198305,1.0049207927205674,1.0087571865541465,-0.0038363938335790326,0.010049207927205674,0.010087571865541465,-3.8363938335790604e-05,normal,normal,normal,normal,0.0,1000.0,1000.0,0,10,10
2026-08-24T05:38:28.371Z,1.1002068815880592,0.9913676886279627,1.0729970833480351,1.1002068815880592,-0.02720979824002412,0.01072997083348035,0.011002068815880593,-0.0002720979824002417,normal,normal,normal,normal,0.0,1000.0,1000.0,0,10,10
2026-08-24T05:38:33.373Z,1.0291673524463707,0.991701921717474,1.0198009947641464,1.0291673524463707,-0.009366357682224269,0.010198009947641464,0.010291673524463706,-9.366357682224179e-05,long_bias,long_bias,normal,normal,0.0,1000.0,1000.0,0,10,10
2026-08-24T05:38:38.374Z,1.0146152677441664,0.9919716287367826,1.0089543579923204,1.0146152677441664,-0.005660909751846077,0.010089543579923204,0.010146152677441664,-5.660909751845945e-05,long_bias,long_bias,normal,normal,0.0,1000.0,1000.0,0,10,10
2026-08-24T05:38:43.376Z,0.8803761514540995,0.9919716287367826,0.9082750207747703,0.8803761514540995,0.02789886932067076,0.009082750207747703,0.008803761514540995,0.00027898869320670816,normal,normal,normal,normal,0.0,1000.0,1000.0,0,10,10
2026-08-24T05:38:48.376Z,0.8518794527573859,0.9931900265436666,0.8872070962039561,0.851879452757386,0.035327643446570134,0.008872070962039562,0.00851879452757386,0.0003532764344657026,long_bias,long_bias,normal,normal,0.0,1000.0,1000.0,0,10,10
2026-08-24T05:38:53.378Z,0.8518813431041522,0.9931900265436666,0.8872085139640308,0.8518813431041522,0.035327170859878576,0.008872085139640308,0.008518813431041522,0.00035327170859878604,normal,normal,normal,normal,0.0,1000.0,1000.0,0,10,10
2026-08-24T05:38:58.380Z,0.8786656831694575,0.9931900265436666,0.9072967690130097,0.8786656831694574,0.02863108584355234,0.009072967690130097,0.008786656831694575,0.000286310858435522,normal,normal,normal,normal,0.0,1000.0,1000.0,0,10,10
2026-08-24T05:39:03.391Z,0.8837466990314854,0.9931900265436666,0.9111075309095307,0.8837466990314854,0.027360831878045277,0.009111075309095306,0.008837466990314855,0.0002736083187804515,normal,normal,normal,normal,0.0,1000.0,1000.0,0,10,10
2026-08-24T05:39:08.385Z,0.8221508265234634,0.9953657369131022,0.865454554120873,0.8221508265234633,0.04330372759740975,0.00865454554120873,0.008221508265234634,0.0004330372759740967,normal,normal,normal,normal,0.0,1000.0,1000.0,0,10,10
2026-08-24T05:39:13.386Z,0.8875454129855085,0.9953657369131022,0.914500493967407,0.8875454129855086,0.02695508098189836,0.00914500493967407,0.008875454129855086,0.00026955080981898305,normal,normal,normal,normal,0.0,1000.0,1000.0,0,10,10
2026-08-24T05:39:18.388Z,0.8686907671453996,0.9953657369131022,0.9003595095873252,0.8686907671453996,0.031668742441925635,0.009003595095873252,0.008686907671453995,0.0003166874244192562,normal,normal,normal,normal,0.0,1000.0,1000.0,0,10,10
2026-08-24T05:39:23.389Z,0.62721460889215,0.9953657369131022,0.719252390897388,0.62721460889215,0.09203778200523804,0.0075,0.0075,0.0,normal,normal,normal,normal,0.0,1000.0,1000.0,0,10,10
2026-08-24T05:39:28.390Z,0.4640176134394535,0.9898176754710414,0.5954676289473505,0.4640176134394535,0.13145001550789698,0.0075,0.0075,0.0,normal,normal,normal,normal,0.0,1000.0,1000.0,0,10,10
2026-08-24T05:39:33.393Z,0.41026268358016205,0.9898176754710414,0.5551514315528818,0.410262683580162,0.14488874797271983,0.0075,0.0075,0.0,normal,normal,normal,normal,0.0,1000.0,1000.0,0,10,10
2026-08-24T05:39:38.394Z,0.40600132146986584,0.9898176754710414,0.5519554099701597,0.40600132146986584,0.14595408850029384,0.0075,0.0075,0.0,normal,normal,normal,normal,0.0,1000.0,1000.0,0,10,10
2026-08-24T05:39:43.396Z,0.4141050577337438,0.9898176754710414,0.5580332121680682,0.4141050577337438,0.14392815443432444,0.0075,0.0075,0.0,normal,normal,normal,normal,0.0,1000.0,1000.0,0,10,10
2026-08-24T05:39:48.397Z,0.41845077704116523,0.9902093033375399,0.5613904086152589,0.41845077704116523,0.14293963157409367,0.0075,0.0075,0.0,normal,normal,normal,normal,0.0,1000.0,1000.0,0,10,10
2026-08-24T05:39:53.399Z,0.5949596778564694,0.9902093033375399,0.693772084226737,0.5949596778564694,0.09881240637026756,0.0075,0.0075,0.0,normal,normal,normal,normal,0.0,1000.0,1000.0,0,10,10
2026-08-24T05:39:58.402Z,0.6514994464855197,0.9902093033375399,0.7361769106985248,0.6514994464855197,0.08467746421300504,0.0075,0.0075,0.0,normal,normal,normal,normal,0.0,1000.0,1000.0,0,10,10
2026-08-24T05:40:03.413Z,0.7748600988695121,0.9902093033375399,0.828697399986519,0.7748600988695121,0.05383730111700691,0.00828697399986519,0.007748600988695121,0.0005383730111700692,normal,normal,normal,normal,0.0,1000.0,1000.0,0,10,10
2026-08-24T05:40:08.406Z,0.7749500761870757,0.9861189678430008,0.8277422991010569,0.7749500761870757,0.052792222913981224,0.008277422991010568,0.007749500761870757,0.0005279222291398114,normal,normal,normal,normal,0.0,1000.0,1000.0,0,10,10
2026-08-24T05:40:13.408Z,0.7688085607463359,0.9861189678430008,0.823136162520502,0.7688085607463359,0.05432760177416618,0.00823136162520502,0.007688085607463359,0.0005432760177416602,normal,normal,normal,normal,0.0,1000.0,1000.0,0,10,10
2026-08-24T05:40:18.410Z,0.7958067274711793,0.9861189678430008,0.8433847875641347,0.7958067274711794,0.04757806009295529,0.008433847875641347,0.007958067274711794,0.00047578060092955295,normal,normal,normal,normal,0.0,1000.0,1000.0,0,10,10
2026-08-24T05:40:23.414Z,0.8486753782445322,0.9861189678430008,0.8830362756441493,0.8486753782445322,0.03436089739961712,0.008830362756441492,0.008486753782445322,0.00034360897399617063,normal,normal,normal,normal,0.0,1000.0,1000.0,0,10,10
2026-08-24T05:40:28.413Z,0.9298078433501666,0.9922327139811149,0.9454140610079036,0.9298078433501665,0.015606217657737065,0.009454140610079036,0.009298078433501665,0.000156062176577371,normal,normal,normal,normal,0.0,1000.0,1000.0,0,10,10
2026-08-24T05:40:33.415Z,0.9710222099822263,0.9922327139811149,0.9763248359819485,0.9710222099822263,0.005302625999722199,0.009763248359819485,0.009710222099822263,5.3026259997222824e-05,normal,normal,normal,normal,0.0,1000.0,1000.0,0,10,10
2026-08-24T05:40:38.417Z,0.9772702243420534,0.9922327139811149,0.9810108467518188,0.9772702243420534,0.0037406224097654706,0.009810108467518189,0.009772702243420533,3.740622409765561e-05,normal,normal,normal,normal,0.0,1000.0,1000.0,0,10,10
2026-08-24T05:40:43.419Z,1.0169524254378306,0.9922327139811149,1.0107724975736516,1.0169524254378306,-0.00617992786417898,0.010107724975736516,0.010169524254378306,-6.179927864178973e-05,normal,normal,normal,normal,0.0,1000.0,1000.0,0,10,10
2026-08-24T05:40:48.420Z,1.0153490908253977,0.993211783647361,1.0098147640308885,1.0153490908253977,-0.005534326794509159,0.010098147640308886,0.010153490908253977,-5.5343267945090827e-05,normal,normal,normal,normal,0.0,1000.0,1000.0,0,10,10
2026-08-24T05:40:53.422Z,0.9671674587575821,0.9938496707124586,0.9738380117463012,0.9671674587575821,0.006670552988719103,0.009738380117463011,0.009671674587575821,6.670552988718992e-05,normal,normal,normal,normal,0.0,1000.0,1000.0,0,10,10
2026-08-24T05:40:58.424Z,0.9217678910572266,0.9941851601803253,0.9398722083380012,0.9217678910572266,0.018104317280774662,0.009398722083380011,0.009217678910572265,0.00018104317280774607,normal,normal,normal,normal,0.0,1000.0,1000.0,0,10,10
2026-08-24T05:41:03.432Z,0.8155989071612141,0.9941851601803253,0.8602454704159919,0.8155989071612141,0.04464656325477778,0.008602454704159919,0.00815598907161214,0.0004464656325477781,normal,normal,normal,normal,0.0,1000.0,1000.0,0,10,10
2026-08-24T05:41:08.428Z,0.8130528774901639,0.9950998540845438,0.8585646216387588,0.8130528774901639,0.045511744148594935,0.008585646216387587,0.008130528774901639,0.00045511744148594817,normal,normal,normal,normal,0.0,1000.0,1000.0,0,10,10
2026-08-24T05:41:13.428Z,0.7201055105687931,0.9950998540845438,0.7888540964477307,0.7201055105687931,0.06874858587893762,0.007888540964477306,0.0075,0.00038854096447730677,normal,normal,normal,normal,0.0,1000.0,1000.0,0,10,10
2026-08-24T05:41:18.431Z,0.6945098111928285,0.9950998540845438,0.7696573219157573,0.6945098111928285,0.0751475107229288,0.007696573219157573,0.0075,0.0001965732191575734,normal,normal,normal,normal,0.0,1000.0,1000.0,0,10,10
2026-08-24T05:41:23.433Z,0.6271356290121048,0.9950998540845438,0.7191266852802146,0.6271356290121048,0.09199105626810977,0.0075,0.0075,0.0,normal,normal,normal,normal,0.0,1000.0,1000.0,0,10,10
2026-08-24T05:41:28.434Z,0.520978043814748,0.99215976653527,0.6387734744948785,0.520978043814748,0.11779543068013054,0.0075,0.0075,0.0,normal,normal,normal,normal,0.0,1000.0,1000.0,0,10,10
2026-08-24T05:41:33.436Z,0.5981842169348355,0.99215976653527,0.6966781043349441,0.5981842169348355,0.09849388740010867,0.0075,0.0075,0.0,normal,normal,normal,normal,0.0,1000.0,1000.0,0,10,10
2026-08-24T05:41:38.437Z,0.7001752764933604,0.99215976653527,0.7731713990038378,0.7001752764933604,0.07299612251047738,0.007731713990038378,0.0075,0.00023171399003837825,normal,normal,normal,normal,0.0,1000.0,1000.0,0,10,10
2026-08-24T05:41:43.439Z,0.6868564133499694,0.99215976653527,0.7631822516462945,0.6868564133499694,0.07632583829632511,0.007631822516462945,0.0075,0.00013182251646294552,normal,normal,normal,normal,0.0,1000.0,1000.0,0,10,10
2026-08-24T05:41:48.441Z,0.6878921777561426,0.9937713700807979,0.7643619758373064,0.6878921777561425,0.07646979808116383,0.007643619758373064,0.0075,0.0001436197583730642,normal,normal,normal,normal,0.0,1000.0,1000.0,0,10,10
2026-08-24T05:41:53.443Z,0.5389503694376426,0.9937713700807979,0.6526556195984314,0.5389503694376426,0.1137052501607888,0.0075,0.0075,0.0,normal,normal,normal,normal,0.0,1000.0,1000.0,0,10,10
2026-08-24T05:41:58.445Z,0.6427638965557362,0.9937713700807979,0.7305157649370015,0.6427638965557362,0.08775186838126536,0.0075,0.0075,0.0,normal,normal,normal,normal,0.0,1000.0,1000.0,0,10,10
2026-08-24T05:42:03.448Z,0.6261091090606172,0.9937713700807979,0.7180246743156624,0.6261091090606172,0.09191556525504518,0.0075,0.0075,0.0,normal,normal,normal,normal,0.0,1000.0,1000.0,0,10,10
2026-08-24T05:42:08.447Z,0.6400514002967752,0.9914846353202517,0.7279097090526443,0.6400514002967752,0.08785830875586909,0.0075,0.0075,0.0,normal,normal,normal,normal,0.0,1000.0,1000.0,0,10,10
2026-08-24T05:42:13.448Z,0.8204675757426643,0.9914846353202517,0.8632218406370612,0.8204675757426644,0.04275426489439682,0.008632218406370611,0.008204675757426644,0.0004275426489439675,normal,normal,normal,normal,0.0,1000.0,1000.0,0,10,10
2026-08-24T05:42:18.449Z,0.8892349726643333,0.9914846353202517,0.9147973883283129,0.8892349726643333,0.025562415663979654,0.00914797388328313,0.008892349726643333,0.00025562415663979605,normal,normal,normal,normal,0.0,1000.0,1000.0,0,10,10
2026-08-24T05:42:23.452Z,0.8887674134303587,0.9914846353202517,0.9144467189028319,0.8887674134303586,0.025679305472473324,0.009144467189028319,0.008887674134303586,0.0002567930547247334,normal,normal,normal,normal,0.0,1000.0,1000.0,0,10,10
2026-08-24T05:42:28.454Z,0.8822002806185542,0.998954635538036,0.9113888693484246,0.8822002806185542,0.0291885887298704,0.009113888693484246,0.008822002806185543,0.00029188588729870367,normal,normal,normal,normal,0.0,1000.0,1000.0,0,10,10
2026-08-24T05:42:33.455Z,0.8105648061881339,0.998954635538036,0.8576622635256094,0.8105648061881339,0.0470974573374755,0.008576622635256093,0.008105648061881339,0.00047097457337475467,short_bias,short_bias,normal,normal,0.0,1000.0,1000.0,0,10,10
2026-08-24T05:42:38.456Z,0.6978208228576523,0.9989981487531308,0.773115154331522,0.6978208228576523,0.07529433147386966,0.00773115154331522,0.0075,0.0002311515433152207,normal,normal,normal,normal,0.0,1000.0,1000.0,0,10,10
2026-08-24T05:42:43.457Z,0.7971492409067511,0.9989981487531308,0.847611467868346,0.7971492409067511,0.05046222696159486,0.00847611467868346,0.007971492409067511,0.0005046222696159491,short_bias,short_bias,normal,normal,0.0,1000.0,1000.0,0,10,10
2026-08-24T05:42:48.459Z,0.8045976608645543,0.9988021343787433,0.8531487792431015,0.8045976608645543,0.0485511183785472,0.008531487792431016,0.008045976608645544,0.0004855111837854722,normal,normal,normal,normal,0.0,1000.0,1000.0,0,10,10
2026-08-24T05:42:53.462Z,0.8062420940570344,0.9989109126551949,0.8544092987065746,0.8062420940570344,0.04816720464954016,0.008544092987065747,0.008062420940570345,0.000481672046495402,normal,normal,normal,normal,0.0,1000.0,1000.0,0,10,10
2026-08-24T05:42:58.462Z,0.7624704771351171,0.9990632420538963,0.8216186683648119,0.7624704771351171,0.059148191229694835,0.00821618668364812,0.007624704771351171,0.0005914819122969485,normal,normal,normal,normal,0.0,1000.0,1000.0,0,10,10
2026-08-24T05:43:03.475Z,0.7372932305140755,0.9990632420538963,0.8027357333990306,0.7372932305140755,0.06544250288495512,0.008027357333990306,0.0075,0.0005273573339903068,normal,normal,normal,normal,0.0,1000.0,1000.0,0,10,10
2026-08-24T05:43:08.465Z,0.7550927125342235,0.9965579591747816,0.815459024194363,0.7550927125342235,0.060366311660139504,0.00815459024194363,0.007550927125342235,0.0006036631166013951,normal,normal,normal,normal,0.0,1000.0,1000.0,0,10,10
2026-08-24T05:43:13.465Z,0.4482454601292901,0.9970575414123802,0.5854484804500626,0.44824546012929006,0.13720302032077253,0.0075,0.0075,0.0,normal,normal,normal,normal,0.0,1000.0,1000.0,0,10,10
2026-08-24T05:43:18.467Z,0.44064333461283217,0.9970575414123802,0.5797468863127192,0.44064333461283217,0.13910355169988703,0.0075,0.0075,0.0,normal,normal,normal,normal,0.0,1000.0,1000.0,0,10,10
2026-08-24T05:43:23.469Z,0.5335616327754833,0.9970575414123802,0.6494356099347075,0.5335616327754833,0.1158739771592242,0.0075,0.0075,0.0,normal,normal,normal,normal,0.0,1000.0,1000.0,0,10,10
2026-08-24T05:43:28.472Z,0.6574471393038746,0.9975146613181016,0.7424640198074313,0.6574471393038746,0.08501688050355671,0.0075,0.0075,0.0,normal,normal,normal,normal,0.0,1000.0,1000.0,0,10,10
2026-08-24T05:43:33.473Z,0.6635231168243401,0.9975146613181016,0.7470210029477804,0.6635231168243401,0.08349788612344033,0.0075,0.0075,0.0,normal,normal,normal,normal,0.0,1000.0,1000.0,0,10,10
2026-08-24T05:43:38.474Z,0.6219542073229394,0.9975146613181016,0.71584432082173,0.6219542073229394,0.09389011349879062,0.0075,0.0075,0.0,normal,normal,normal,normal,0.0,1000.0,1000.0,0,10,10
2026-08-24T05:43:43.474Z,0.6390284191019215,0.9975146613181016,0.7286499796559666,0.6390284191019215,0.08962156055404502,0.0075,0.0075,0.0,normal,normal,normal,normal,0.0,1000.0,1000.0,0,10,10
2026-08-24T05:43:48.476Z,0.6526149111716092,0.9978521587440035,0.7389242230647077,0.6526149111716092,0.08630931189309854,0.0075,0.0075,0.0,normal,normal,normal,normal,0.0,1000.0,1000.0,0,10,10
2026-08-24T05:43:53.478Z,0.947435664295657,0.9979938944614042,0.9600752218370937,0.9474356642956568,0.012639557541436863,0.009600752218370937,0.009474356642956568,0.00012639557541436856,normal,normal,normal,normal,0.0,1000.0,1000.0,0,10,10
2026-08-24T05:43:58.480Z,0.9699381052319873,0.9979938944614042,0.9769520525393415,0.9699381052319872,0.0070139473073542735,0.009769520525393415,0.009699381052319872,7.013947307354246e-05,normal,normal,normal,normal,0.0,1000.0,1000.0,0,10,10
2026-08-24T05:44:03.490Z,0.9703180299603326,0.9979938944614042,0.9772369960856004,0.9703180299603326,0.006918966125267878,0.009772369960856004,0.009703180299603325,6.918966125267836e-05,normal,normal,normal,normal,0.0,1000.0,1000.0,0,10,10
2026-08-24T05:44:08.481Z,0.9665340851506149,0.999760084624696,0.9748405850191352,0.9665340851506149,0.008306499868520278,0.009748405850191351,0.009665340851506148,8.306499868520299e-05,normal,normal,normal,normal,0.0,1000.0,1000.0,0,10,10
2026-08-24T05:44:13.483Z,0.9943389169961562,1.0015052356020944,0.9961304966476408,0.9943389169961562,0.001791579651484576,0.009961304966476408,0.009943389169961563,1.791579651484569e-05,normal,normal,normal,normal,0.0,1000.0,1000.0,0,10,10
2026-08-24T05:44:18.485Z,1.0301865104330847,1.0015052356020944,1.023016191725337,1.0301865104330847,-0.007170318707747647,0.01023016191725337,0.010301865104330846,-7.170318707747612e-05,normal,normal,normal,normal,0.0,1000.0,1000.0,0,10,10
2026-08-24T05:44:23.486Z,1.0799722152891524,1.0015052356020944,1.0603554703673879,1.0799722152891524,-0.019616744921764573,0.010603554703673879,0.010799722152891524,-0.00019616744921764455,normal,normal,normal,normal,0.0,1000.0,1000.0,0,10,10
2026-08-24T05:44:28.488Z,1.028122933846,0.9993019197207679,1.020917680314692,1.028122933846,-0.007205253531308076,0.01020917680314692,0.01028122933846,-7.205253531307985e-05,normal,normal,normal,normal,0.0,1000.0,1000.0,0,10,10
2026-08-24T05:44:33.490Z,1.1122109319492286,0.9970986038394415,1.0834328499217818,1.1122109319492286,-0.028778082027446805,0.010834328499217819,0.011122109319492287,-0.0002877808202744678,normal,normal,normal,normal,0.0,1000.0,1000.0,0,10,10
2026-08-24T05:44:38.492Z,1.1290824016517893,0.9970986038394415,1.0960864521987024,1.1290824016517893,-0.032995949453086926,0.010960864521987024,0.011290824016517893,-0.00032995949453086884,normal,normal,normal,normal,0.0,1000.0,1000.0,0,10,10
2026-08-24T05:44:43.494Z,1.0350602766878128,0.9970986038394415,1.02556985847572,1.0350602766878128,-0.009490418212092733,0.0102556985847572,0.010350602766878127,-9.490418212092754e-05,normal,normal,normal,normal,0.0,1000.0,1000.0,0,10,10
2026-08-24T05:44:48.495Z,1.0256710914599116,0.9971312324792477,1.0185361267147457,1.0256710914599116,-0.00713496474516595,0.010185361267147457,0.010256710914599116,-7.134964745165832e-05,normal,normal,normal,normal,0.0,1000.0,1000.0,0,10,10
2026-08-24T05:44:53.496Z,0.766331285388456,0.9975555992055697,0.8241373638427344,0.766331285388456,0.05780607845427843,0.008241373638427344,0.00766331285388456,0.0005780607845427841,normal,normal,normal,normal,0.0,1000.0,1000.0,0,10,10
2026-08-24T05:44:58.497Z,0.7765085484349113,0.9975555992055697,0.8317703111275759,0.7765085484349113,0.055261762692664584,0.008317703111275759,0.007765085484349113,0.000552617626926646,normal,normal,normal,normal,0.0,1000.0,1000.0,0,10,10
2026-08-24T05:45:03.508Z,0.8168212045692561,0.9975555992055697,0.8620048032283345,0.8168212045692561,0.045183598659078394,0.008620048032283344,0.00816821204569256,0.00045183598659078415,normal,normal,normal,normal,0.0,1000.0,1000.0,0,10,10
2026-08-24T05:45:08.501Z,0.8177264670490664,0.9976865492481285,0.8627164875988319,0.8177264670490664,0.04499002054976553,0.00862716487598832,0.008177264670490665,0.00044990020549765496,short_bias,short_bias,normal,normal,0.0,1000.0,1000.0,0,10,10
2026-08-24T05:45:13.503Z,0.8778291282173477,0.998057107928746,0.9078861231451973,0.8778291282173477,0.030056994927849634,0.009078861231451973,0.008778291282173478,0.0003005699492784949,normal,normal,normal,normal,0.0,1000.0,1000.0,0,10,10
2026-08-24T05:45:18.505Z,0.8748151999911654,0.9982205434438488,0.9056665358543363,0.8748151999911654,0.030851335863170903,0.009056665358543364,0.008748151999911654,0.00030851335863170924,normal,normal,normal,normal,0.0,1000.0,1000.0,0,10,10
2026-08-24T05:45:23.507Z,0.8192879264949112,0.9989293829750044,0.8641982906149346,0.8192879264949112,0.04491036412002336,0.008641982906149346,0.008192879264949111,0.0004491036412002346,normal,normal,normal,normal,0.0,1000.0,1000.0,0,10,10
2026-08-24T05:45:28.509Z,0.8152026268868153,0.9989293829750044,0.8611343159088626,0.8152026268868152,0.04593168902204736,0.008611343159088626,0.008152026268868151,0.000459316890220475,normal,normal,normal,normal,0.0,1000.0,1000.0,0,10,10
2026-08-24T05:45:33.511Z,0.6898197131486385,1.0048505506030414,0.7685774225122393,0.6898197131486384,0.07875770936360083,0.007685774225122393,0.0075,0.00018577422512239348,normal,normal,normal,normal,0.0,1000.0,1000.0,0,10,10
2026-08-24T05:45:38.512Z,0.6231900025073934,1.0048505506030414,0.7186051395313053,0.6231900025073934,0.09541513702391191,0.0075,0.0075,0.0,normal,normal,normal,normal,0.0,1000.0,1000.0,0,10,10
2026-08-24T05:45:43.514Z,0.7626827926256997,1.0048505506030414,0.8232247321200352,0.7626827926256997,0.060541939494335506,0.008232247321200353,0.007626827926256997,0.0006054193949433552,normal,normal,normal,normal,0.0,1000.0,1000.0,0,10,10
2026-08-24T05:45:48.516Z,0.7734620234830717,1.0048505506030414,0.831309155263064,0.7734620234830717,0.057847131779992345,0.00831309155263064,0.007734620234830717,0.0005784713177999241,normal,normal,normal,normal,0.0,1000.0,1000.0,0,10,10
2026-08-24T05:45:53.518Z,0.8185721572040925,1.0044572627163084,0.8650434335821464,0.8185721572040925,0.04647127637805393,0.008650434335821465,0.008185721572040925,0.0004647127637805396,normal,normal,normal,normal,0.0,1000.0,1000.0,0,10,10
2026-08-24T05:45:58.520Z,0.7822436778560636,1.0044572627163084,0.8377970740711249,0.7822436778560636,0.05555339621506128,0.00837797074071125,0.007822436778560636,0.0005555339621506131,normal,normal,normal,normal,0.0,1000.0,1000.0,0,10,10
2026-08-24T05:46:03.524Z,0.8293217832226398,1.0044572627163084,0.873105653096057,0.8293217832226398,0.0437838698734172,0.00873105653096057,0.008293217832226397,0.0004378386987341724,normal,normal,normal,normal,0.0,1000.0,1000.0,0,10,10
2026-08-24T05:46:08.523Z,0.8300666508274533,1.0044572627163084,0.8736643037996672,0.8300666508274533,0.04359765297221385,0.008736643037996672,0.008300666508274534,0.0004359765297221388,normal,normal,normal,normal,0.0,1000.0,1000.0,0,10,10
2026-08-24T05:46:13.523Z,0.7869173055318991,0.997836916622968,0.8396472083046663,0.7869173055318991,0.052729902772767234,0.008396472083046664,0.00786917305531899,0.0005272990277276728,normal,normal,normal,normal,0.0,1000.0,1000.0,0,10,10
2026-08-24T05:46:18.525Z,0.7310949930978066,0.9979786501753657,0.7978159073671964,0.7310949930978067,0.06672091426938975,0.007978159073671965,0.0075,0.00047815907367196493,normal,normal,normal,normal,0.0,1000.0,1000.0,0,10,10
2026-08-24T05:46:23.527Z,0.6389036216334752,0.9981204239973773,0.7287078222244507,0.6389036216334752,0.08980420059097549,0.0075,0.0075,0.0,normal,normal,normal,normal,0.0,1000.0,1000.0,0,10,10
2026-08-24T05:46:28.528Z,0.8231114668435798,0.9981204239973773,0.8668637061320292,0.8231114668435798,0.0437522392884494,0.008668637061320292,0.008231114668435797,0.000437522392884495,normal,normal,normal,normal,0.0,1000.0,1000.0,0,10,10
2026-08-24T05:46:33.528Z,0.806945213889517,1.003234619167304,0.8560175652089638,0.806945213889517,0.04907235131944676,0.008560175652089637,0.00806945213889517,0.000490723513194468,normal,normal,normal,normal,0.0,1000.0,1000.0,0,10,10
2026-08-24T05:46:38.530Z,0.8397180419379979,1.003234619167304,0.8805971862453245,0.8397180419379979,0.04087914430732653,0.008805971862453245,0.00839718041937998,0.00040879144307326594,normal,normal,normal,normal,0.0,1000.0,1000.0,0,10,10
2026-08-24T05:46:43.531Z,0.6403116913349488,1.003234619167304,0.7310424232930376,0.6403116913349488,0.09073073195808878,0.0075,0.0075,0.0,normal,normal,normal,normal,0.0,1000.0,1000.0,0,10,10
2026-08-24T05:46:48.531Z,0.6223950672858276,1.003234619167304,0.7176049552561967,0.6223950672858276,0.09520988797036911,0.0075,0.0075,0.0,normal,normal,normal,normal,0.0,1000.0,1000.0,0,10,10
2026-08-24T05:46:53.533Z,0.622794067845953,1.003234619167304,0.7179042056762908,0.622794067845953,0.09511013783033773,0.0075,0.0075,0.0,short_bias,short_bias,normal,normal,0.0,1000.0,1000.0,0,10,10
2026-08-24T05:46:58.534Z,0.6206498948620619,1.003234619167304,0.7162960759383724,0.6206498948620619,0.09564618107631051,0.0075,0.0075,0.0,short_bias,short_bias,normal,normal,0.0,1000.0,1000.0,0,10,10
2026-08-24T05:47:03.540Z,0.5675436535844129,1.0007103048847121,0.6758353164094877,0.5675436535844129,0.10829166282507474,0.0075,0.0075,0.0,normal,normal,normal,normal,0.0,1000.0,1000.0,0,10,10
2026-08-24T05:47:08.538Z,0.5949901245924918,1.0007103048847121,0.6964201696655469,0.5949901245924918,0.10143004507305509,0.0075,0.0075,0.0,normal,normal,normal,normal,0.0,1000.0,1000.0,0,10,10
2026-08-24T05:47:13.540Z,0.6634006963710091,0.99818599060212,0.7470970199287867,0.6634006963710091,0.08369632355777767,0.0075,0.0075,0.0,normal,normal,normal,normal,0.0,1000.0,1000.0,0,10,10
2026-08-24T05:47:18.542Z,0.6681368090996659,0.99818599060212,0.7506491044752794,0.6681368090996659,0.08251229537561355,0.007506491044752794,0.0075,6.491044752794314e-06,normal,normal,normal,normal,0.0,1000.0,1000.0,0,10,10
2026-08-24T05:47:23.545Z,0.6681368090996659,0.9983169031017072,0.7506818326001762,0.6681368090996659,0.0825450235005103,0.007506818326001762,0.0075,6.8183260017624925e-06,normal,normal,normal,normal,0.0,1000.0,1000.0,0,10,10
2026-08-24T05:47:28.545Z,0.29291278708645113,0.9983169031017072,0.46926381609026513,0.29291278708645113,0.176351029003814,0.0075,0.0075,0.0,normal,normal,normal,normal,0.0,1000.0,1000.0,0,10,10
2026-08-24T05:47:33.547Z,0.545513156619828,0.9983169031017072,0.6587140932402978,0.545513156619828,0.11320093662046982,0.0075,0.0075,0.0,short_bias,short_bias,normal,normal,0.0,1000.0,1000.0,0,10,10
2026-08-24T05:47:38.547Z,0.561938716254851,0.9983169031017072,0.6710332629665651,0.561938716254851,0.10909454671171404,0.0075,0.0075,0.0,normal,normal,normal,normal,0.0,1000.0,1000.0,0,10,10
2026-08-24T05:47:43.549Z,0.5802939067817796,0.9996611651546616,0.6851357213750001,0.5802939067817796,0.1048418145932205,0.0075,0.0075,0.0,normal,normal,normal,normal,0.0,1000.0,1000.0,0,10,10
2026-08-24T05:47:48.550Z,0.6132894245162933,0.9996611651546616,0.7098823596758854,0.6132894245162933,0.09659293515959211,0.0075,0.0075,0.0,normal,normal,normal,normal,0.0,1000.0,1000.0,0,10,10
2026-08-24T05:47:53.550Z,0.6247613471705672,1.0009181331293038,0.7188005436602514,0.6247613471705672,0.09403919648968417,0.0075,0.0075,0.0,normal,normal,normal,normal,0.0,1000.0,1000.0,0,10,10
2026-08-24T05:47:58.552Z,0.6446309315553286,1.0009181331293038,0.7337027319488223,0.6446309315553286,0.08907180039349372,0.0075,0.0075,0.0,normal,normal,normal,normal,0.0,1000.0,1000.0,0,10,10
2026-08-24T05:48:03.563Z,0.6440942909759751,1.001213247349437,0.7333740300693405,0.6440942909759751,0.0892797390933654,0.0075,0.0075,0.0,normal,normal,normal,normal,0.0,1000.0,1000.0,0,10,10
2026-08-24T05:48:08.554Z,0.6111430536472507,1.001213247349437,0.7086606020727972,0.6111430536472507,0.0975175484255465,0.0075,0.0075,0.0,normal,normal,normal,normal,0.0,1000.0,1000.0,0,10,10
2026-08-24T05:48:13.556Z,0.595677951186707,1.0015083615695703,0.6971355537824229,0.595677951186707,0.1014576025957159,0.0075,0.0075,0.0,normal,normal,normal,normal,0.0,1000.0,1000.0,0,10,10
2026-08-24T05:48:18.558Z,0.8570996315672061,1.0015083615695703,0.8932018140677971,0.857099631567206,0.03610218250059105,0.008932018140677971,0.00857099631567206,0.0003610218250059104,normal,normal,normal,normal,0.0,1000.0,1000.0,0,10,10
2026-08-24T05:48:23.560Z,0.8694498838400141,0.9999781396873973,0.9020819478018599,0.8694498838400141,0.032632063961845814,0.0090208194780186,0.008694498838400141,0.00032632063961845863,normal,normal,normal,normal,0.0,1000.0,1000.0,0,10,10
2026-08-24T05:48:28.562Z,0.8935040100952459,0.9999781396873973,0.9201225424932837,0.8935040100952459,0.026618532398037797,0.009201225424932838,0.008935040100952458,0.00026618532398037936,normal,normal,normal,normal,0.0,1000.0,1000.0,0,10,10
2026-08-24T05:48:33.564Z,0.7069248656473271,0.9984697446659672,0.7798110854019872,0.7069248656473271,0.07288621975466003,0.007798110854019872,0.0075,0.00029811085401987205,normal,normal,normal,normal,0.0,1000.0,1000.0,0,10,10
2026-08-24T05:48:38.565Z,0.7312296085714329,0.9984697446659672,0.7980396425950664,0.7312296085714328,0.06681003402363361,0.007980396425950664,0.0075,0.0004803964259506646,normal,normal,normal,normal,0.0,1000.0,1000.0,0,10,10
2026-08-24T05:48:43.567Z,0.7707523634993475,0.9987863414207458,0.8277608579796971,0.7707523634993475,0.057008494480349614,0.008277608579796971,0.007707523634993475,0.0005700849448034961,normal,normal,normal,normal,0.0,1000.0,1000.0,0,10,10
2026-08-24T05:48:48.568Z,0.7414248384608423,0.9987863414207458,0.8057652142008181,0.7414248384608423,0.06434037573997586,0.008057652142008181,0.0075,0.0005576521420081818,normal,normal,normal,normal,0.0,1000.0,1000.0,0,10,10
2026-08-24T05:48:53.568Z,0.8309749493013782,0.9990157265032044,0.8729851436018347,0.8309749493013782,0.042010194300456494,0.008729851436018347,0.008309749493013783,0.0004201019430045642,normal,normal,normal,normal,0.0,1000.0,1000.0,0,10,10
2026-08-24T05:48:58.570Z,0.9233072558702635,0.9990157265032044,0.9422343735284987,0.9233072558702635,0.018927117658235182,0.009422343735284987,0.009233072558702635,0.00018927117658235244,normal,normal,normal,normal,0.0,1000.0,1000.0,0,10,10
2026-08-24T05:49:03.582Z,0.9231949807657354,0.9989719810144579,0.942139230827916,0.9231949807657354,0.01894425006218059,0.00942139230827916,0.009231949807657354,0.0001894425006218059,normal,normal,normal,normal,0.0,1000.0,1000.0,0,10,10
2026-08-24T05:49:08.574Z,0.9424840280328196,0.9989719810144579,0.9566060162782293,0.9424840280328196,0.014121988245409667,0.009566060162782292,0.009424840280328197,0.00014121988245409563,normal,normal,normal,normal,0.0,1000.0,1000.0,0,10,10
2026-08-24T05:49:13.574Z,0.9439698728732779,0.9990593485441779,0.957742241791003,0.943969872873278,0.013772368917724931,0.00957742241791003,0.00943969872873278,0.0001377236891772493,normal,normal,normal,normal,0.0,1000.0,1000.0,0,10,10
2026-08-24T05:49:18.577Z,0.6150944973702613,0.9991904959852977,0.7111184970240204,0.6150944973702613,0.09602399965375907,0.0075,0.0075,0.0,normal,normal,normal,normal,0.0,1000.0,1000.0,0,10,10
2026-08-24T05:49:23.578Z,1.0452947710888738,0.9990701643074364,1.0337386193935145,1.0452947710888738,-0.011556151695359285,0.010337386193935144,0.010452947710888737,-0.00011556151695359292,normal,normal,normal,normal,0.0,1000.0,1000.0,0,10,10
2026-08-24T05:49:28.578Z,1.0604773319604652,0.9990701643074364,1.0451255400472081,1.0604773319604652,-0.015351791913257085,0.01045125540047208,0.010604773319604651,-0.00015351791913257098,normal,normal,normal,normal,0.0,1000.0,1000.0,0,10,10
2026-08-24T05:49:33.579Z,1.1285973114713284,0.9989498326295754,1.09618544176089,1.1285973114713284,-0.0324118697104383,0.0109618544176089,0.011285973114713284,-0.0003241186971043829,normal,normal,normal,normal,0.0,1000.0,1000.0,0,10,10
2026-08-24T05:49:38.582Z,1.1196445337296368,0.9989498326295754,1.0894708584546215,1.1196445337296368,-0.030173675275015244,0.010894708584546215,0.011196445337296367,-0.0003017367527501525,normal,normal,normal,normal,0.0,1000.0,1000.0,0,10,10
2026-08-24T05:49:43.583Z,1.114574809259196,0.9990811035508784,1.0857013828321167,1.114574809259196,-0.02887342642707935,0.010857013828321167,0.01114574809259196,-0.0002887342642707933,normal,normal,normal,normal,0.0,1000.0,1000.0,0,10,10
2026-08-24T05:49:48.585Z,1.1145531748803892,0.9990811035508784,1.0856851570480115,1.1145531748803892,-0.02886801783237769,0.010856851570480115,0.011145531748803892,-0.0002886801783237771,normal,normal,normal,normal,0.0,1000.0,1000.0,0,10,10
2026-08-24T05:49:53.587Z,1.2855612267172616,0.9995404009454609,1.2140560202743114,1.2855612267172616,-0.07150520644295022,0.012140560202743114,0.012855612267172616,-0.0007150520644295024,normal,normal,normal,normal,0.0,1000.0,1000.0,0,10,10
2026-08-24T05:49:58.590Z,1.1978953563145287,0.9995404009454609,1.1483066174722616,1.1978953563145287,-0.04958873884226711,0.011483066174722617,0.011978953563145288,-0.0004958873884226712,normal,normal,normal,normal,0.0,1000.0,1000.0,0,10,10
2026-08-24T05:50:03.597Z,1.1978953563145287,1.000558084566226,1.148561038377453,1.1978953563145287,-0.04933431793707577,0.01148561038377453,0.011978953563145288,-0.0004933431793707581,normal,normal,normal,normal,0.0,1000.0,1000.0,0,10,10
2026-08-24T05:50:08.594Z,1.2288991112448424,1.000558084566226,1.1718138545751884,1.2288991112448424,-0.05708525666965403,0.011718138545751884,0.012288991112448425,-0.0005708525666965406,normal,normal,normal,normal,0.0,1000.0,1000.0,0,10,10
2026-08-24T05:50:13.596Z,1.24972985748278,1.0015757681869912,1.1876913351588327,1.24972985748278,-0.06203852232394724,0.011876913351588327,0.0124972985748278,-0.0006203852232394731,normal,normal,normal,normal,0.0,1000.0,1000.0,0,10,10
2026-08-24T05:50:18.598Z,1.2073820951141472,1.0015757681869912,1.155930513382358,1.2073820951141472,-0.0514515817317891,0.01155930513382358,0.012073820951141472,-0.0005145158173178923,normal,normal,normal,normal,0.0,1000.0,1000.0,0,10,10
2026-08-24T05:50:23.599Z,0.7386776528777438,1.0013564661867986,0.8043473562050074,0.7386776528777438,0.06566970332726363,0.008043473562050074,0.0075,0.0005434735620500741,normal,normal,normal,normal,0.0,1000.0,1000.0,0,10,10
2026-08-24T05:50:28.601Z,0.7386776528777438,1.0013564661867986,0.8043473562050074,0.7386776528777438,0.06566970332726363,0.008043473562050074,0.0075,0.0005434735620500741,normal,normal,normal,normal,0.0,1000.0,1000.0,0,10,10
2026-08-24T05:50:33.604Z,0.7522679996939472,1.0014658586212177,0.8145674644257649,0.7522679996939473,0.06229946473181758,0.00814567464425765,0.007522679996939473,0.0006229946473181765,normal,normal,normal,normal,0.0,1000.0,1000.0,0,10,10
2026-08-24T05:50:38.605Z,0.7545127092266359,1.0014658586212177,0.8162509965752814,0.754512709226636,0.06173828734864539,0.008162509965752815,0.00754512709226636,0.0006173828734864547,normal,normal,normal,normal,0.0,1000.0,1000.0,0,10,10
2026-08-24T05:50:43.608Z,0.8090104127964056,1.0014658586212177,0.8571242742526086,0.8090104127964056,0.048113861456203,0.008571242742526086,0.008090104127964057,0.00048113861456202875,normal,normal,normal,normal,0.0,1000.0,1000.0,0,10,10
2026-08-24T05:50:48.609Z,0.8602474423928255,1.0014658586212177,0.8955520464499235,0.8602474423928254,0.03530460405709812,0.008955520464499236,0.008602474423928254,0.00035304604057098156,normal,normal,normal,normal,0.0,1000.0,1000.0,0,10,10
2026-08-24T05:50:53.611Z,0.5145012075000183,1.0014658586212177,0.6362423702803182,0.5145012075000183,0.1217411627802999,0.0075,0.0075,0.0,normal,normal,normal,normal,0.0,1000.0,1000.0,0,10,10
2026-08-24T05:50:58.613Z,0.5370305225184621,1.0013344125303525,0.6531064950214347,0.5370305225184621,0.11607597250297264,0.0075,0.0075,0.0,normal,normal,normal,normal,0.0,1000.0,1000.0,0,10,10
2026-08-24T05:51:03.629Z,1.0166940807872287,0.9999453163449445,1.0125068896766576,1.0166940807872287,-0.004187191110571087,0.010125068896766575,0.010166940807872287,-4.1871911105712326e-05,normal,normal,normal,normal,0.0,1000.0,1000.0,0,10,10
2026-08-24T05:51:08.617Z,0.9424857501861204,0.9999453163449445,0.9568506417258265,0.9424857501861204,0.014364891539706104,0.009568506417258265,0.009424857501861204,0.00014364891539706166,normal,normal,normal,normal,0.0,1000.0,1000.0,0,10,10
2026-08-24T05:51:13.618Z,0.9406862470268708,0.9987093951657006,0.9551920340615782,0.9406862470268708,0.014505787034707396,0.009551920340615782,0.009406862470268708,0.00014505787034707444,normal,normal,normal,normal,0.0,1000.0,1000.0,0,10,10
2026-08-24T05:51:18.618Z,1.4509088078943884,0.9987093951657006,1.3378589547122166,1.4509088078943886,-0.11304985318217198,0.013378589547122167,0.014509088078943886,-0.0011304985318217192,normal,normal,normal,normal,0.0,1000.0,1000.0,0,10,10
2026-08-24T05:51:23.621Z,1.497218877849074,0.9987530899306544,1.3726024308694693,1.4972188778490743,-0.12461644697960494,0.013726024308694693,0.014972188778490743,-0.0012461644697960503,normal,normal,normal,normal,0.0,1000.0,1000.0,0,10,10
2026-08-24T05:51:28.622Z,1.71903317532646,1.0003281773032577,1.5393569258206594,1.7190331753264598,-0.1796762495058004,0.02309035388730989,0.025785497629896896,-0.0026951437425870063,defensive,defensive,high,high,0.0,500.0,500.0,0,6,6
2026-08-24T05:51:33.624Z,1.7256817819558177,1.0017721574375917,1.5447043758262613,1.725681781955818,-0.1809774061295566,0.02317056563739392,0.02588522672933727,-0.002714661091943349,defensive,defensive,high,high,0.0,500.0,500.0,0,6,6
2026-08-24T05:51:38.626Z,1.7343352609999134,1.0017721574375917,1.551194485109333,1.7343352609999136,-0.18314077589058053,0.023267917276639995,0.026015028914998704,-0.0027471116383587096,defensive,defensive,high,high,0.0,500.0,500.0,0,6,6
2026-08-24T05:51:43.629Z,1.738167472829398,1.0017721574375917,1.5540686439814466,1.7381674728293983,-0.1840988288479517,0.023311029659721698,0.026072512092440974,-0.002761482432719276,defensive,defensive,high,high,0.0,500.0,500.0,0,6,6
2026-08-24T05:51:48.629Z,1.6965783791740066,1.0033583477366708,1.5232733713146727,1.6965783791740066,-0.1733050078593339,0.02284910056972009,0.025448675687610098,-0.0025995751178900066,defensive,defensive,high,high,0.0,500.0,500.0,0,6,6
2026-08-24T05:51:53.631Z,1.6965783791740066,1.0049445380357496,1.5236699188894423,1.6965783791740066,-0.1729084602845643,0.022855048783341634,0.025448675687610098,-0.002593626904268464,defensive,defensive,high,high,0.0,500.0,500.0,0,6,6
2026-08-24T05:51:58.633Z,1.6556598144455321,1.0049445380357496,1.4929809953430864,1.6556598144455321,-0.16267881910244575,0.022394714930146296,0.024834897216682982,-0.002440182286536686,defensive,defensive,high,high,0.0,500.0,500.0,0,6,6
2026-08-24T05:52:03.644Z,1.3016931224325392,1.0049445380357496,1.2275059763333418,1.3016931224325392,-0.07418714609919741,0.012275059763333419,0.013016931224325392,-0.0007418714609919736,normal,normal,normal,normal,0.0,1000.0,1000.0,0,10,10
2026-08-24T05:52:08.636Z,1.2993837575723586,1.0049445380357496,1.2257739526882063,1.2993837575723586,-0.07360980488415225,0.012257739526882062,0.012993837575723586,-0.0007360980488415238,normal,normal,normal,normal,0.0,1000.0,1000.0,0,10,10
2026-08-24T05:52:13.638Z,1.3694724752046488,1.0049445380357496,1.2783404909124239,1.3694724752046488,-0.09113198429222491,0.01278340490912424,0.013694724752046488,-0.0009113198429222483,normal,normal,normal,normal,0.0,1000.0,1000.0,0,10,10
2026-08-24T05:52:18.639Z,0.7276681197185388,1.0049445380357496,0.7969872242978415,0.727668119718539,0.06931910457930257,0.007969872242978415,0.0075,0.0004698722429784148,normal,normal,normal,normal,0.0,1000.0,1000.0,0,10,10
2026-08-24T05:52:23.641Z,0.6513289071905101,1.0049445380357496,0.7397328149018199,0.6513289071905101,0.08840390771130979,0.0075,0.0075,0.0,normal,normal,normal,normal,0.0,1000.0,1000.0,0,10,10
2026-08-24T05:52:28.644Z,0.4786844494935712,1.00517426214803,0.6103069026571859,0.4786844494935712,0.1316224531636147,0.0075,0.0075,0.0,normal,normal,normal,normal,0.0,1000.0,1000.0,0,10,10
2026-08-24T05:52:33.647Z,0.4974599966686081,1.0054039862603104,0.6244459940665337,0.497459996668608,0.12698599739792565,0.0075,0.0075,0.0,normal,normal,normal,normal,0.0,1000.0,1000.0,0,10,10
2026-08-24T05:52:38.650Z,0.47759607888052785,1.0054039862603104,0.6095480557254735,0.47759607888052785,0.1319519768449457,0.0075,0.0075,0.0,normal,normal,normal,normal,0.0,1000.0,1000.0,0,10,10
2026-08-24T05:52:43.653Z,0.46829752373041195,1.0054039862603104,0.6025741393628865,0.46829752373041195,0.13427661563247456,0.0075,0.0075,0.0,normal,normal,normal,normal,0.0,1000.0,1000.0,0,10,10
2026-08-24T05:52:48.655Z,1.269245089667932,1.0042766827817031,1.2030029879463746,1.269245089667932,-0.06624210172155731,0.012030029879463746,0.01269245089667932,-0.0006624210172155743,normal,normal,normal,normal,0.0,1000.0,1000.0,0,10,10
2026-08-24T05:52:53.657Z,1.2825859220517486,1.0032374494148528,1.2127488038925245,1.2825859220517486,-0.06983711815922411,0.012127488038925245,0.012825859220517486,-0.000698371181592241,normal,normal,normal,normal,0.0,1000.0,1000.0,0,10,10
2026-08-24T05:52:58.658Z,1.2881159504619546,1.0032374494148528,1.216896325200179,1.2881159504619546,-0.07121962526177561,0.01216896325200179,0.012881159504619545,-0.0007121962526177548,normal,normal,normal,normal,0.0,1000.0,1000.0,0,10,10
2026-08-24T05:53:03.673Z,1.2454927059990346,1.0031825887242303,1.1849151766803334,1.2454927059990346,-0.060577529318701195,0.011849151766803335,0.012454927059990345,-0.0006057752931870105,normal,normal,normal,normal,0.0,1000.0,1000.0,0,10,10
2026-08-24T05:53:08.661Z,1.259135205289458,1.0036091212336633,1.1952536842755093,1.259135205289458,-0.06388152101394873,0.011952536842755093,0.01259135205289458,-0.0006388152101394866,normal,normal,normal,normal,0.0,1000.0,1000.0,0,10,10
2026-08-24T05:53:13.663Z,1.1839678096601198,1.0040027122203024,1.1389765353001655,1.1839678096601198,-0.044991274359954314,0.011389765353001655,0.011839678096601199,-0.0004499127435995433,normal,normal,normal,normal,0.0,1000.0,1000.0,0,10,10
2026-08-24T05:53:18.666Z,1.2701992478548072,1.0040027122203024,1.203650113946181,1.2701992478548072,-0.06654913390862616,0.01203650113946181,0.012701992478548071,-0.0006654913390862615,normal,normal,normal,normal,0.0,1000.0,1000.0,0,10,10
2026-08-24T05:53:23.667Z,1.2649753382290796,1.0040027122203024,1.1997321817268853,1.2649753382290796,-0.06524315650219425,0.011997321817268853,0.012649753382290796,-0.0006524315650219426,normal,normal,normal,normal,0.0,1000.0,1000.0,0,10,10
2026-08-24T05:53:28.669Z,1.3232561522090132,1.0053806951158162,1.243787287935714,1.3232561522090132,-0.07946886427329924,0.01243787287935714,0.013232561522090132,-0.0007946886427329918,normal,normal,normal,normal,0.0,1000.0,1000.0,0,10,10
2026-08-24T05:53:33.671Z,1.3232561522090132,1.0066926206202704,1.2441152693118274,1.3232561522090132,-0.0791408828971858,0.012441152693118273,0.013232561522090132,-0.0007914088289718586,normal,normal,normal,normal,0.0,1000.0,1000.0,0,10,10
2026-08-24T05:53:38.673Z,1.3330948790390318,1.0065275150613937,1.2514530380446223,1.3330948790390318,-0.08164184099440952,0.012514530380446223,0.013330948790390318,-0.0008164184099440953,normal,normal,normal,normal,0.0,1000.0,1000.0,0,10,10
2026-08-24T05:53:43.676Z,1.3476657338164124,1.0065275150613937,1.2623811791276578,1.3476657338164124,-0.08528455468875462,0.012623811791276578,0.013476657338164125,-0.000852845546887547,normal,normal,normal,normal,0.0,1000.0,1000.0,0,10,10
2026-08-24T05:53:48.676Z,0.4375919092748306,1.0054324064358169,0.5795520335650772,0.4375919092748306,0.14196012429024663,0.0075,0.0075,0.0,normal,normal,normal,normal,0.0,1000.0,1000.0,0,10,10
2026-08-24T05:53:53.678Z,0.4116102749309605,1.0054324064358169,0.5600658078071745,0.4116102749309605,0.14845553287621405,0.0075,0.0075,0.0,normal,normal,normal,normal,0.0,1000.0,1000.0,0,10,10
2026-08-24T05:53:58.681Z,0.4189594613745602,1.0046343862717235,0.565378192598851,0.4189594613745602,0.14641873122429083,0.0075,0.0075,0.0,normal,normal,normal,normal,0.0,1000.0,1000.0,0,10,10
2026-08-24T05:54:03.684Z,0.4189594613745602,1.0046343862717235,0.565378192598851,0.4189594613745602,0.14641873122429083,0.0075,0.0075,0.0,normal,normal,normal,normal,0.0,1000.0,1000.0,0,10,10
2026-08-24T05:54:08.683Z,0.3834181863867838,1.002929281888731,0.5382959602622706,0.3834181863867838,0.15487777387548674,0.0075,0.0075,0.0,normal,normal,normal,normal,0.0,1000.0,1000.0,0,10,10
2026-08-24T05:54:13.685Z,0.6354232944031113,1.002929281888731,0.7272997912745163,0.6354232944031113,0.09187649687140498,0.0075,0.0075,0.0,normal,normal,normal,normal,0.0,1000.0,1000.0,0,10,10
2026-08-24T05:54:18.686Z,0.7713261661946573,1.002929281888731,0.8292269451181757,0.7713261661946573,0.057900778923518414,0.008292269451181757,0.007713261661946573,0.0005790077892351836,normal,normal,normal,normal,0.0,1000.0,1000.0,0,10,10
2026-08-24T05:54:23.689Z,2.0515972017870894,1.002929281888731,1.7894302218124998,2.0515972017870894,-0.2621669799745896,0.026841453327187497,0.03,-0.003158546672812502,defensive,defensive,high,high,0.0,500.0,500.0,0,6,6
2026-08-24T05:54:28.690Z,1.9936908019843418,1.002929281888731,1.746000421960439,1.9936908019843418,-0.24769038002390276,0.026190006329406584,0.029905362029765126,-0.003715355700358542,defensive,defensive,high,high,0.0,500.0,500.0,0,6,6
2026-08-24T05:54:33.692Z,2.1355253288082507,1.002929281888731,1.8523763170783707,2.1355253288082507,-0.28314901172988005,0.02778564475617556,0.03,-0.0022143552438244375,defensive,defensive,high,high,0.0,500.0,500.0,0,6,6
2026-08-24T05:54:38.694Z,2.1355253288082507,1.0027100863293628,1.8523215181885286,2.1355253288082507,-0.2832038106197221,0.027784822772827927,0.03,-0.0022151772271720716,defensive,defensive,high,high,0.0,500.0,500.0,0,6,6
2026-08-24T05:54:43.695Z,2.1349269412468375,1.0027100863293628,1.851872727517469,2.1349269412468375,-0.28305421372936856,0.027778090912762034,0.03,-0.0022219090872379645,defensive,defensive,high,high,0.0,500.0,500.0,0,6,6
2026-08-24T05:54:48.697Z,2.128618152880047,1.0014861763741667,1.846835158753577,2.128618152880047,-0.28178299412647023,0.027702527381303656,0.03,-0.0022974726186963425,defensive,defensive,high,high,0.0,500.0,500.0,0,6,6
2026-08-24T05:54:53.697Z,2.2100976001565633,1.0014861763741667,1.907944744210964,2.2100976001565633,-0.30215285594559926,0.02861917116316446,0.03,-0.001380828836835539,defensive,defensive,high,high,0.0,500.0,500.0,0,6,6
2026-08-24T05:54:58.699Z,2.2197420705950752,1.0013439244780002,1.9151425340658066,2.2197420705950752,-0.30459953652926863,0.0287271380109871,0.03,-0.0012728619890128995,defensive,defensive,high,high,0.0,500.0,500.0,0,6,6
2026-08-24T05:55:03.711Z,2.2197420705950752,1.00128922297002,1.9151288586888116,2.2197420705950752,-0.30461321190626367,0.028726932880332175,0.03,-0.0012730671196678235,defensive,defensive,high,high,0.0,500.0,500.0,0,6,6
2026-08-24T05:55:08.702Z,2.274382630836919,0.9932261165981995,1.954093502277239,2.274382630836919,-0.32028912855967984,0.029311402534158586,0.03,-0.0006885974658414132,defensive,defensive,high,high,0.0,500.0,500.0,0,6,6
2026-08-24T05:55:13.703Z,2.118622676003556,0.9932261165981995,1.837273536152217,2.118622676003556,-0.281349139851339,0.027559103042283255,0.03,-0.002440896957716744,defensive,defensive,high,high,0.0,500.0,500.0,0,6,6
2026-08-24T05:55:18.703Z,2.0724729393159804,0.9932261165981995,1.802661233636535,2.0724729393159804,-0.26981170567944535,0.027039918504548024,0.03,-0.0029600814954519744,defensive,defensive,high,high,0.0,500.0,500.0,0,6,6
2026-08-24T05:55:23.704Z,0.7269698378235906,0.9932261165981995,0.7935339075172428,0.7269698378235906,0.06656406969365225,0.007935339075172429,0.0075,0.0004353390751724289,normal,normal,normal,normal,0.0,1000.0,1000.0,0,10,10
2026-08-24T05:55:28.705Z,0.7134474006695737,0.9932261165981995,0.7833920796517302,0.7134474006695738,0.0699446789821564,0.007833920796517301,0.0075,0.00033392079651730147,normal,normal,normal,normal,0.0,1000.0,1000.0,0,10,10
2026-08-24T05:55:33.706Z,0.42899374394191375,0.9932261165981995,0.5700518371059852,0.42899374394191375,0.14105809316407142,0.0075,0.0075,0.0,normal,normal,normal,normal,0.0,1000.0,1000.0,0,10,10
2026-08-24T05:55:38.708Z,0.5520269947708373,0.9932261165981995,0.6623267752276778,0.5520269947708373,0.11029978045684052,0.0075,0.0075,0.0,normal,normal,normal,normal,0.0,1000.0,1000.0,0,10,10
2026-08-24T05:55:43.708Z,0.5273196785153392,0.9932261165981995,0.6437962880360543,0.5273196785153392,0.11647660952071504,0.0075,0.0075,0.0,normal,normal,normal,normal,0.0,1000.0,1000.0,0,10,10
2026-08-24T05:55:48.710Z,0.54384389086392,0.9984267109518399,0.6574895958859,0.54384389086392,0.1136457050219799,0.0075,0.0075,0.0,normal,normal,normal,normal,0.0,1000.0,1000.0,0,10,10
2026-08-24T05:55:53.711Z,0.8701211702380539,0.9984267109518399,0.9021975554165004,0.8701211702380539,0.032076385178446465,0.009021975554165004,0.00870121170238054,0.0003207638517844641,normal,normal,normal,normal,0.0,1000.0,1000.0,0,10,10
2026-08-24T05:55:58.712Z,0.8798731803954778,0.9984267109518399,0.9095115630345683,0.8798731803954777,0.029638382639090577,0.009095115630345683,0.008798731803954777,0.0002963838263909061,normal,normal,normal,normal,0.0,1000.0,1000.0,0,10,10
2026-08-24T05:56:03.716Z,0.9096440915150654,0.9984267109518399,0.931839746374259,0.9096440915150654,0.022195654859193614,0.00931839746374259,0.009096440915150654,0.00022195654859193635,normal,normal,normal,normal,0.0,1000.0,1000.0,0,10,10
2026-08-24T05:56:08.713Z,0.8755910819351601,0.9986452233196399,0.9063546172812801,0.8755910819351601,0.030763535346119975,0.009063546172812801,0.008755910819351601,0.0003076353534612001,normal,normal,normal,normal,0.0,1000.0,1000.0,0,10,10
2026-08-24T05:56:13.714Z,0.8810341983025833,0.9986452233196399,0.9104369545568475,0.8810341983025833,0.02940275625426414,0.009104369545568475,0.008810341983025834,0.00029402756254264147,normal,normal,normal,normal,0.0,1000.0,1000.0,0,10,10
2026-08-24T05:56:18.715Z,0.8831520585180156,0.9986452233196399,0.9120253497184216,0.8831520585180156,0.028873291200406048,0.009120253497184216,0.008831520585180157,0.00028873291200405896,normal,normal,normal,normal,0.0,1000.0,1000.0,0,10,10
2026-08-24T05:56:23.716Z,0.8999038573144897,0.9986452233196399,0.9245891988157773,0.8999038573144897,0.02468534150128754,0.009245891988157773,0.008999038573144897,0.0002468534150128765,normal,normal,normal,normal,0.0,1000.0,1000.0,0,10,10
2026-08-24T05:56:28.717Z,0.9121755689204976,0.9986889257931999,0.9338039081386731,0.9121755689204974,0.02162833921817564,0.009338039081386732,0.009121755689204975,0.00021628339218175696,normal,normal,normal,normal,0.0,1000.0,1000.0,0,10,10
2026-08-24T05:56:33.717Z,0.912210258559479,0.9986889257931999,0.9338299253679092,0.912210258559479,0.021619666808430194,0.009338299253679091,0.00912210258559479,0.00021619666808430152,normal,normal,normal,normal,0.0,1000.0,1000.0,0,10,10
2026-08-24T05:56:38.718Z,0.8255812914126971,0.9986889257931999,0.8688582000078228,0.8255812914126971,0.043276908595125674,0.008688582000078228,0.008255812914126972,0.00043276908595125604,normal,normal,normal,normal,0.0,1000.0,1000.0,0,10,10
2026-08-24T05:56:43.719Z,0.8373736981129483,0.9986889257931999,0.8777025050330112,0.8373736981129483,0.04032880692006291,0.008777025050330112,0.008373736981129483,0.0004032880692006295,normal,normal,normal,normal,0.0,1000.0,1000.0,0,10,10
2026-08-24T05:56:48.720Z,0.8241362178392081,0.9958264137750198,0.867058766823161,0.8241362178392081,0.04292254898395287,0.00867058766823161,0.008241362178392081,0.0004292254898395284,normal,normal,normal,normal,0.0,1000.0,1000.0,0,10,10
2026-08-24T05:56:53.722Z,0.3491279747313895,0.9958264137750198,0.5108025844922971,0.3491279747313895,0.16167460976090758,0.0075,0.0075,0.0,normal,normal,normal,normal,0.0,1000.0,1000.0,0,10,10
2026-08-24T05:56:58.723Z,0.34374885238451247,0.9958264137750198,0.5067682427321393,0.34374885238451247,0.1630193903476268,0.0075,0.0075,0.0,normal,normal,normal,normal,0.0,1000.0,1000.0,0,10,10
2026-08-24T05:57:03.731Z,0.3513069416012709,0.9958264137750198,0.5124368096447082,0.3513069416012709,0.16112986804343726,0.0075,0.0075,0.0,normal,normal,normal,normal,0.0,1000.0,1000.0,0,10,10
2026-08-24T05:57:08.724Z,0.3527795895083215,0.9958264137750198,0.5135412955749961,0.3527795895083215,0.16076170606667456,0.0075,0.0075,0.0,normal,normal,normal,normal,0.0,1000.0,1000.0,0,10,10
2026-08-24T05:57:13.725Z,0.3417415762447278,0.9958264137750198,0.5052627856273008,0.3417415762447278,0.16352120938257297,0.0075,0.0075,0.0,normal,normal,normal,normal,0.0,1000.0,1000.0,0,10,10
2026-08-24T05:57:18.726Z,0.2537637832759692,0.9958264137750198,0.4392794409007319,0.2537637832759692,0.1855156576247627,0.0075,0.0075,0.0,normal,normal,normal,normal,0.0,1000.0,1000.0,0,10,10
2026-08-24T05:57:23.726Z,0.2711248095358329,0.9958264137750198,0.45230021059562964,0.2711248095358329,0.18117540105979674,0.0075,0.0075,0.0,normal,normal,normal,normal,0.0,1000.0,1000.0,0,10,10
2026-08-24T05:57:28.728Z,0.2877928110932185,0.9943842321475395,0.46444066635679876,0.2877928110932185,0.17664785526358023,0.0075,0.0075,0.0,normal,normal,normal,normal,0.0,1000.0,1000.0,0,10,10
2026-08-24T05:57:33.729Z,0.7342810628931392,0.9944385564284387,0.799320436276964,0.7342810628931392,0.06503937338382482,0.00799320436276964,0.0075,0.0004932043627696395,normal,normal,normal,normal,0.0,1000.0,1000.0,0,10,10
2026-08-24T05:57:38.730Z,0.7242704731926145,0.9945798273412741,0.7918478117297794,0.7242704731926145,0.06757733853716485,0.007918478117297794,0.0075,0.00041847811729779465,normal,normal,normal,normal,0.0,1000.0,1000.0,0,10,10
2026-08-24T05:57:43.731Z,0.729129687913156,0.9945798273412741,0.7954922227701855,0.729129687913156,0.06636253485702948,0.007954922227701855,0.0075,0.0004549222277018556,normal,normal,normal,normal,0.0,1000.0,1000.0,0,10,10
2026-08-24T05:57:48.732Z,0.7990165716216472,0.9945798273412741,0.8479073855515539,0.7990165716216472,0.048890813929906685,0.008479073855515539,0.007990165716216472,0.0004889081392990668,normal,normal,normal,normal,0.0,1000.0,1000.0,0,10,10
2026-08-24T05:57:53.732Z,0.8007253001952606,0.9945798273412741,0.8491889319817639,0.8007253001952606,0.04846363178650337,0.008491889319817638,0.008007253001952605,0.000484636317865033,normal,normal,normal,normal,0.0,1000.0,1000.0,0,10,10
2026-08-24T05:57:58.733Z,0.794383223715271,0.994797245600612,0.8444867291866063,0.794383223715271,0.05010350547133524,0.008444867291866063,0.00794383223715271,0.0005010350547133523,normal,normal,normal,normal,0.0,1000.0,1000.0,0,10,10
2026-08-24T05:58:03.738Z,0.7907814949967333,0.994797245600612,0.841785432647703,0.7907814949967333,0.051003937650969666,0.00841785432647703,0.007907814949967333,0.000510039376509697,normal,normal,normal,normal,0.0,1000.0,1000.0,0,10,10
2026-08-24T05:58:08.735Z,0.7918374007464363,0.9934637665318613,0.8422439921927926,0.7918374007464363,0.050406591446356286,0.008422439921927927,0.007918374007464363,0.0005040659144635636,normal,normal,normal,normal,0.0,1000.0,1000.0,0,10,10
2026-08-24T05:58:13.736Z,0.8403481093045708,0.9934637665318613,0.8786270236113934,0.8403481093045708,0.03827891430682262,0.008786270236113934,0.008403481093045707,0.0003827891430682271,normal,normal,normal,normal,0.0,1000.0,1000.0,0,10,10
2026-08-24T05:58:18.737Z,0.8432869964771055,0.9934854844351172,0.8808366184666084,0.8432869964771056,0.037549621989502846,0.008808366184666084,0.008432869964771056,0.00037549621989502874,normal,normal,normal,normal,0.0,1000.0,1000.0,0,10,10
2026-08-24T05:58:23.738Z,0.8215521632609402,0.9934854844351172,0.8645354935544843,0.82155216326094,0.042983330293544286,0.008645354935544842,0.0082155216326094,0.0004298333029354416,normal,normal,normal,normal,0.0,1000.0,1000.0,0,10,10
2026-08-24T05:58:28.739Z,0.8811625667310482,0.9938005007708371,0.9093220502409954,0.8811625667310482,0.028159483509947236,0.009093220502409955,0.008811625667310481,0.00028159483509947354,normal,normal,normal,normal,0.0,1000.0,1000.0,0,10,10
2026-08-24T05:58:33.740Z,0.4450828096013186,0.9938005007708371,0.5822622323936982,0.4450828096013186,0.13717942279237966,0.0075,0.0075,0.0,normal,normal,normal,normal,0.0,1000.0,1000.0,0,10,10
2026-08-24T05:58:38.741Z,0.4398801219469538,0.9939635186562267,0.578400971124272,0.43988012194695375,0.13852084917731827,0.0075,0.0075,0.0,normal,normal,normal,normal,0.0,1000.0,1000.0,0,10,10
2026-08-24T05:58:43.742Z,0.40815888349642476,0.9940287407861064,0.5546263478188451,0.40815888349642476,0.14646746432242036,0.0075,0.0075,0.0,normal,normal,normal,normal,0.0,1000.0,1000.0,0,10,10
2026-08-24T05:58:48.744Z,0.4085086574697853,0.9938318860867473,0.5548394646240258,0.4085086574697853,0.14633080715424046,0.0075,0.0075,0.0,normal,normal,normal,normal,0.0,1000.0,1000.0,0,10,10
2026-08-24T05:58:53.744Z,0.42906428375398276,0.9938318860867473,0.5702561843371738,0.4290642837539827,0.14119190058319114,0.0075,0.0075,0.0,normal,normal,normal,normal,0.0,1000.0,1000.0,0,10,10
2026-08-24T05:58:58.745Z,0.42605369274227234,0.9938318860867473,0.567998241078391,0.4260536927422723,0.14194454833611875,0.0075,0.0075,0.0,normal,normal,normal,normal,0.0,1000.0,1000.0,0,10,10
2026-08-24T05:59:03.753Z,0.42605369274227234,0.9938644939027724,0.5680063930323973,0.4260536927422723,0.14195270029012502,0.0075,0.0075,0.0,normal,normal,normal,normal,0.0,1000.0,1000.0,0,10,10
2026-08-24T05:59:08.746Z,0.42605369274227234,0.9965549297315033,0.56867900198958,0.4260536927422723,0.1426253092473077,0.0075,0.0075,0.0,normal,normal,normal,normal,0.0,1000.0,1000.0,0,10,10
2026-08-24T05:59:13.747Z,0.33768383186183226,0.9966094279776878,0.5024152308907961,0.33768383186183226,0.16473139902896383,0.0075,0.0075,0.0,normal,normal,normal,normal,0.0,1000.0,1000.0,0,10,10
2026-08-24T05:59:18.749Z,0.34231697649861664,0.9966094279776878,0.5058900893683844,0.34231697649861664,0.16357311286976778,0.0075,0.0075,0.0,normal,normal,normal,normal,0.0,1000.0,1000.0,0,10,10
2026-08-24T05:59:23.749Z,0.47641506383622423,0.9966530308664932,0.6064745555937915,0.4764150638362243,0.1300594917575672,0.0075,0.0075,0.0,normal,normal,normal,normal,0.0,1000.0,1000.0,0,10,10
2026-08-24T05:59:28.750Z,1.0414165632119716,0.9968276194018423,1.0302693272594392,1.0414165632119716,-0.01114723595253242,0.010302693272594391,0.010414165632119715,-0.00011147235952532406,normal,normal,normal,normal,0.0,1000.0,1000.0,0,10,10
2026-08-24T05:59:33.752Z,1.1331303086381386,0.9968713763756099,1.0990655755725065,1.1331303086381386,-0.03406473306563207,0.010990655755725064,0.011331303086381386,-0.00034064733065632125,normal,normal,normal,normal,0.0,1000.0,1000.0,0,10,10
2026-08-24T05:59:38.753Z,1.143185462458442,0.9968713763756099,1.1066069409377342,1.143185462458442,-0.03657852152070795,0.011066069409377342,0.01143185462458442,-0.00036578521520707827,normal,normal,normal,normal,0.0,1000.0,1000.0,0,10,10
2026-08-24T05:59:43.754Z,1.1508934425011847,0.9968713763756099,1.112387925969791,1.1508934425011847,-0.03850551653139367,0.01112387925969791,0.011508934425011847,-0.0003850551653139366,normal,normal,normal,normal,0.0,1000.0,1000.0,0,10,10
2026-08-24T05:59:48.754Z,1.1508934425011847,0.9983591134837115,1.1127598602468165,1.1508934425011847,-0.03813358225436825,0.011127598602468165,0.011508934425011847,-0.0003813358225436825,normal,normal,normal,normal,0.0,1000.0,1000.0,0,10,10
2026-08-24T05:59:53.754Z,1.1270030450391493,0.9998468505918131,1.095213996427315,1.1270030450391493,-0.03178904861183418,0.01095213996427315,0.011270030450391494,-0.000317890486118343,normal,normal,normal,normal,0.0,1000.0,1000.0,0,10,10
2026-08-24T05:59:58.755Z,1.1270030450391493,0.9998468505918131,1.095213996427315,1.1270030450391493,-0.03178904861183418,0.01095213996427315,0.011270030450391494,-0.000317890486118343,normal,normal,normal,normal,0.0,1000.0,1000.0,0,10,10
2026-08-24T06:00:03.763Z,1.20616604450166,0.9999124803080693,1.1546026534532623,1.20616604450166,-0.05156339104839769,0.011546026534532622,0.0120616604450166,-0.0005156339104839779,normal,normal,normal,normal,0.0,1000.0,1000.0,0,10,10
2026-08-24T06:00:08.757Z,1.242630966494392,0.9991795028881498,1.1817681005928313,1.242630966494392,-0.06086286590156065,0.011817681005928313,0.01242630966494392,-0.0006086286590156059,normal,normal,normal,normal,0.0,1000.0,1000.0,0,10,10
2026-08-24T06:00:13.758Z,1.354642578924182,0.9984465254682304,1.2655935655601942,1.3546425789241823,-0.08904901336398807,0.012655935655601943,0.013546425789241824,-0.0008904901336398811,normal,normal,normal,normal,0.0,1000.0,1000.0,0,10,10
2026-08-24T06:00:18.759Z,1.586946011541917,0.9984465254682304,1.4398211400234953,1.586946011541917,-0.14712487151842168,0.014398211400234954,0.023804190173128754,-0.0094059787728938,normal,defensive,normal,high,500.0,1000.0,500.0,4,10,6
2026-08-24T06:00:23.760Z,1.657943559575973,0.9984902192464226,1.4930802244935855,1.6579435595759733,-0.16486333508238782,0.014930802244935855,0.024869153393639598,-0.009938351148703744,normal,defensive,normal,high,500.0,1000.0,500.0,4,10,6
2026-08-24T06:00:28.761Z,1.224352054939011,0.997396175222091,1.167613085009781,1.224352054939011,-0.05673896992923,0.01167613085009781,0.01224352054939011,-0.0005673896992923009,normal,normal,normal,normal,0.0,1000.0,1000.0,0,10,10
2026-08-24T06:00:33.762Z,1.224352054939011,0.9963021311977595,1.167339574003698,1.224352054939011,-0.05701248093531297,0.01167339574003698,0.01224352054939011,-0.0005701248093531314,normal,normal,normal,normal,0.0,1000.0,1000.0,0,10,10
2026-08-24T06:00:38.763Z,1.2722532072586814,0.9963021311977595,1.203265438243451,1.2722532072586814,-0.06898776901523052,0.01203265438243451,0.012722532072586813,-0.0006898776901523036,normal,normal,normal,normal,0.0,1000.0,1000.0,0,10,10
2026-08-24T06:00:43.764Z,1.274236500624815,0.9963457330415755,1.2047638087290051,1.274236500624815,-0.06947269189580996,0.012047638087290051,0.01274236500624815,-0.0006947269189580985,normal,normal,normal,normal,0.0,1000.0,1000.0,0,10,10
2026-08-24T06:00:48.765Z,1.3019340286762282,0.9963457330415755,1.225536954767565,1.3019340286762282,-0.07639707390866324,0.01225536954767565,0.013019340286762281,-0.0007639707390866314,normal,normal,normal,normal,0.0,1000.0,1000.0,0,10,10
2026-08-24T06:00:53.766Z,1.515762036075236,0.9963457330415755,1.385907960316821,1.515762036075236,-0.129854075758415,0.01385907960316821,0.02273643054112854,-0.00887735093796033,normal,defensive,normal,high,500.0,1000.0,500.0,4,10,6
2026-08-24T06:00:58.767Z,2.0260508039898273,0.9965201785870612,1.7686681476391357,2.0260508039898273,-0.2573826563506916,0.026530022214587036,0.03,-0.003469977785412963,defensive,defensive,high,high,0.0,500.0,500.0,0,6,6
2026-08-24T06:01:03.777Z,2.202218231729476,0.9965201785870612,1.9007937184438721,2.202218231729476,-0.3014245132856037,0.028511905776658082,0.03,-0.0014880942233419167,defensive,defensive,high,high,0.0,500.0,500.0,0,6,6
2026-08-24T06:01:08.770Z,2.2444180723183713,0.9955462663048236,1.9322001208149844,2.2444180723183713,-0.31221795150338694,0.028983001812224764,0.03,-0.0010169981877752345,defensive,defensive,high,high,0.0,500.0,500.0,0,6,6
2026-08-24T06:01:13.770Z,2.388420725198952,0.994572354022586,2.0399586324048604,2.388420725198952,-0.34846209279409157,0.03,0.03,0.0,defensive,defensive,high,high,0.0,500.0,500.0,0,6,6
2026-08-24T06:01:18.773Z,2.169583477629206,0.994572354022586,1.8758306967275509,2.169583477629206,-0.2937527809016549,0.028137460450913265,0.03,-0.0018625395490867343,defensive,defensive,high,high,0.0,500.0,500.0,0,6,6
2026-08-24T06:01:23.772Z,2.0819813511135425,0.994572354022586,1.8101291018408034,2.0819813511135425,-0.2718522492727391,0.02715193652761205,0.03,-0.0028480634723879496,defensive,defensive,high,high,0.0,500.0,500.0,0,6,6
2026-08-24T06:01:28.773Z,1.8320040603854684,0.994572354022586,1.6226461337947478,1.8320040603854684,-0.2093579265907206,0.024339692006921217,0.027480060905782026,-0.0031403688988608097,defensive,defensive,high,high,0.0,500.0,500.0,0,6,6
2026-08-24T06:01:33.773Z,1.8371309385279715,0.994572354022586,1.626491292401625,1.8371309385279713,-0.21063964612634622,0.024397369386024374,0.02755696407791957,-0.0031595946918951956,defensive,defensive,high,high,0.0,500.0,500.0,0,6,6
2026-08-24T06:01:38.775Z,1.9177819119525,0.9949643123002146,1.6870775120394286,1.9177819119525,-0.23070439991307135,0.02530616268059143,0.0287667286792875,-0.003460565998696069,defensive,defensive,high,high,0.0,500.0,500.0,0,6,6
2026-08-24T06:01:43.775Z,1.9234692997617482,0.9949643123002146,1.6913430528963647,1.923469299761748,-0.2321262468653833,0.02537014579344547,0.02885203949642622,-0.00348189370298075,defensive,defensive,high,high,0.0,500.0,500.0,0,6,6
2026-08-24T06:01:48.777Z,1.899589097059984,0.9949643123002146,1.6734329008700417,1.899589097059984,-0.22615619618994232,0.025101493513050625,0.02849383645589976,-0.003392342942849135,defensive,defensive,high,high,0.0,500.0,500.0,0,6,6
2026-08-24T06:01:53.777Z,1.93419743135831,0.9989490738713491,1.7003853419865695,1.93419743135831,-0.23381208937174036,0.025505780129798542,0.02901296147037465,-0.003507181340576107,defensive,defensive,high,high,0.0,500.0,500.0,0,6,6
2026-08-24T06:01:58.779Z,1.4043696490627573,0.9989490738713491,1.3030145052649051,1.4043696490627573,-0.10135514379785215,0.019545217578973578,0.014043696490627573,0.005501521088346005,defensive,normal,high,normal,-500.0,500.0,1000.0,-4,6,10
2026-08-24T06:02:03.782Z,1.0723160057758192,0.9989490738713491,1.0539742727997017,1.0723160057758192,-0.01834173297611752,0.010539742727997016,0.010723160057758191,-0.00018341732976117492,normal,normal,normal,normal,0.0,1000.0,1000.0,0,10,10
2026-08-24T06:02:08.779Z,0.9891675096949961,0.9989928183569802,0.9916238368604922,0.9891675096949961,0.0024563271654960417,0.009916238368604922,0.009891675096949961,2.4563271654960694e-05,normal,normal,normal,normal,0.0,1000.0,1000.0,0,10,10
2026-08-24T06:02:13.792Z,0.533832812125337,0.999649675950254,0.6502870280815662,0.533832812125337,0.11645421595622929,0.0075,0.0075,0.0,normal,normal,normal,normal,0.0,1000.0,1000.0,0,10,10
2026-08-24T06:02:18.792Z,0.5405316648011511,0.999649675950254,0.6553111675884269,0.5405316648011511,0.11477950278727578,0.0075,0.0075,0.0,normal,normal,normal,normal,0.0,1000.0,1000.0,0,10,10
2026-08-24T06:02:23.792Z,0.7810175317755145,0.999649675950254,0.8356755678191994,0.7810175317755145,0.05465803604368491,0.008356755678191994,0.007810175317755145,0.0005465803604368493,normal,normal,normal,normal,0.0,1000.0,1000.0,0,10,10
2026-08-24T06:02:28.794Z,0.7820383706107547,0.999649675950254,0.8364411969456296,0.7820383706107547,0.05440282633487492,0.008364411969456295,0.007820383706107548,0.0005440282633487475,normal,normal,normal,normal,0.0,1000.0,1000.0,0,10,10
2026-08-24T06:02:33.794Z,0.8292958653595287,0.9977009984235418,0.871397148625532,0.8292958653595287,0.042101283266003264,0.00871397148625532,0.008292958653595287,0.00042101283266003306,normal,normal,normal,normal,0.0,1000.0,1000.0,0,10,10
2026-08-24T06:02:38.794Z,0.6740697200222527,0.9977009984235418,0.754977539622575,0.6740697200222527,0.08090781960032223,0.00754977539622575,0.0075,4.977539622575029e-05,normal,normal,normal,normal,0.0,1000.0,1000.0,0,10,10
2026-08-24T06:02:43.794Z,0.8849582906767123,0.9977009984235418,0.9131439676134196,0.8849582906767123,0.02818567693670737,0.009131439676134195,0.008849582906767123,0.00028185676936707225,normal,normal,normal,normal,0.0,1000.0,1000.0,0,10,10
2026-08-24T06:02:48.795Z,0.9797082741520796,0.9977228438177399,0.9842119165684946,0.9797082741520796,0.004503642416414988,0.009842119165684947,0.009797082741520797,4.503642416415002e-05,normal,normal,normal,normal,0.0,1000.0,1000.0,0,10,10
2026-08-24T06:02:53.796Z,0.9414835732362622,0.9966937443892185,0.9552861160245012,0.9414835732362622,0.013802542788239003,0.009552861160245013,0.009414835732362622,0.00013802542788239093,normal,normal,normal,normal,0.0,1000.0,1000.0,0,10,10
2026-08-24T06:02:58.797Z,0.9411705732617822,0.9967155682067003,0.9550568219980118,0.9411705732617822,0.013886248736229567,0.009550568219980118,0.009411705732617822,0.00013886248736229637,normal,normal,normal,normal,0.0,1000.0,1000.0,0,10,10
2026-08-24T06:03:03.805Z,0.940968691569193,0.9967155682067003,0.9549054107285699,0.9409686915691932,0.013936719159376776,0.009549054107285699,0.009409686915691932,0.0001393671915937665,normal,normal,normal,normal,0.0,1000.0,1000.0,0,10,10
2026-08-24T06:03:08.800Z,0.9407667979626573,0.9967919590947413,0.9547730882456783,0.9407667979626573,0.014006290283021028,0.009547730882456784,0.009407667979626572,0.00014006290283021146,normal,normal,normal,normal,0.0,1000.0,1000.0,0,10,10
2026-08-24T06:03:13.801Z,0.9502614921730882,0.9976787473995401,0.9621158059797011,0.9502614921730882,0.011854313806612948,0.00962115805979701,0.009502614921730882,0.00011854313806612844,normal,normal,normal,normal,0.0,1000.0,1000.0,0,10,10
2026-08-24T06:03:18.802Z,0.9457392775111946,0.9976787473995401,0.958724144983281,0.9457392775111946,0.012984867472086381,0.00958724144983281,0.009457392775111945,0.00012984867472086437,normal,normal,normal,normal,0.0,1000.0,1000.0,0,10,10
2026-08-24T06:03:23.803Z,0.7746736518849968,0.9976896714077675,0.8304276567656895,0.7746736518849969,0.0557540048806926,0.008304276567656895,0.007746736518849969,0.000557540048806926,normal,normal,normal,normal,0.0,1000.0,1000.0,0,10,10
2026-08-24T06:03:28.804Z,0.7908219099283125,0.9976896714077675,0.8425388502981762,0.7908219099283125,0.05171694036986374,0.008425388502981763,0.007908219099283124,0.0005171694036986384,normal,normal,normal,normal,0.0,1000.0,1000.0,0,10,10
2026-08-24T06:03:33.805Z,0.8268487405895251,0.9978098512889025,0.8695890182643695,0.8268487405895252,0.04274027767484434,0.008695890182643695,0.008268487405895251,0.0004274027767484437,normal,normal,normal,normal,0.0,1000.0,1000.0,0,10,10
2026-08-24T06:03:38.806Z,0.931686908608914,0.9978098512889025,0.9482176442789112,0.931686908608914,0.016530735669997187,0.009482176442789113,0.00931686908608914,0.00016530735669997333,normal,normal,normal,normal,0.0,1000.0,1000.0,0,10,10
2026-08-24T06:03:43.808Z,0.723449342033479,0.9978754161555984,0.7920558605640089,0.723449342033479,0.0686065185305299,0.00792055860564009,0.0075,0.00042055860564008986,normal,normal,normal,normal,0.0,1000.0,1000.0,0,10,10
2026-08-24T06:03:48.809Z,0.7094848179281608,0.9978754161555984,0.7815824674850202,0.7094848179281609,0.07209764955685938,0.007815824674850202,0.0075,0.00031582467485020277,normal,normal,normal,normal,0.0,1000.0,1000.0,0,10,10
2026-08-24T06:03:53.808Z,0.6937237262790693,0.9957508323111968,0.7692305027871011,0.6937237262790693,0.07550677650803184,0.007692305027871011,0.0075,0.0001923050278710113,normal,normal,normal,normal,0.0,1000.0,1000.0,0,10,10
2026-08-24T06:03:58.810Z,0.6935089595592359,0.9957508323111968,0.7690694277472261,0.6935089595592357,0.07556046818799034,0.007690694277472261,0.0075,0.00019069427747226125,normal,normal,normal,normal,0.0,1000.0,1000.0,0,10,10
2026-08-24T06:04:03.814Z,0.7206042920949206,0.9957508323111968,0.7893909271489896,0.7206042920949206,0.06878663505406901,0.007893909271489896,0.0075,0.0003939092714898961,normal,normal,normal,normal,0.0,1000.0,1000.0,0,10,10
2026-08-24T06:04:08.813Z,0.7664202595865193,0.9957508323111968,0.8237529027676886,0.7664202595865192,0.057332643181169485,0.008237529027676885,0.007664202595865192,0.000573326431811693,normal,normal,normal,normal,0.0,1000.0,1000.0,0,10,10
2026-08-24T06:04:13.813Z,0.7691935116528164,0.9974373576309795,0.8262544731473571,0.7691935116528162,0.057060961494540874,0.008262544731473571,0.007691935116528162,0.0005706096149454094,normal,normal,normal,normal,0.0,1000.0,1000.0,0,10,10
2026-08-24T06:04:18.815Z,1.121699327113001,0.9979400872175838,1.0907595171391467,1.121699327113001,-0.03093980997385426,0.010907595171391468,0.01121699327113001,-0.00030939809973854274,normal,normal,normal,normal,0.0,1000.0,1000.0,0,10,10
2026-08-24T06:04:23.816Z,1.0831746700519769,0.9979400872175838,1.0618660243433786,1.0831746700519769,-0.02130864570859825,0.010618660243433786,0.010831746700519769,-0.00021308645708598313,normal,normal,normal,normal,0.0,1000.0,1000.0,0,10,10
2026-08-24T06:04:28.817Z,1.1523952229274084,0.9979400872175838,1.1137814389999523,1.1523952229274084,-0.03861378392745607,0.011137814389999523,0.011523952229274085,-0.00038613783927456125,normal,normal,normal,normal,0.0,1000.0,1000.0,0,10,10
2026-08-24T06:04:33.817Z,1.1270444551935466,1.0000657433380085,1.095299777229662,1.1270444551935466,-0.03174467796388458,0.01095299777229662,0.011270444551935465,-0.00031744677963884554,normal,normal,normal,normal,0.0,1000.0,1000.0,0,10,10
2026-08-24T06:04:38.819Z,1.0119318418534646,1.0000657433380085,1.0089653172246005,1.0119318418534646,-0.0029665246288641534,0.010089653172246004,0.010119318418534647,-2.9665246288642158e-05,normal,normal,normal,normal,0.0,1000.0,1000.0,0,10,10
2026-08-24T06:04:43.819Z,1.0119318418534646,1.0000657433380085,1.0089653172246005,1.0119318418534646,-0.0029665246288641534,0.010089653172246004,0.010119318418534647,-2.9665246288642158e-05,normal,normal,normal,normal,0.0,1000.0,1000.0,0,10,10
2026-08-24T06:04:48.820Z,0.9106412082416082,1.0000657433380085,0.9329973420157083,0.9106412082416083,0.02235613377409995,0.009329973420157083,0.009106412082416084,0.00022356133774099896,normal,normal,normal,normal,0.0,1000.0,1000.0,0,10,10
2026-08-24T06:04:53.821Z,0.9106412082416082,0.9972168653576438,0.9322851225206171,0.9106412082416083,0.021643914279008802,0.009322851225206171,0.009106412082416084,0.0002164391427900876,normal,normal,normal,normal,0.0,1000.0,1000.0,0,10,10
2026-08-24T06:04:58.823Z,0.9106412082416082,0.9973480033314338,0.9323179070140647,0.9106412082416083,0.02167669877245637,0.009323179070140648,0.009106412082416084,0.00021676698772456378,normal,normal,normal,normal,0.0,1000.0,1000.0,0,10,10
2026-08-24T06:05:03.826Z,0.9085381663217416,0.9973480033314338,0.9307406255741647,0.9085381663217417,0.022202459252423035,0.009307406255741647,0.009085381663217417,0.00022202459252423055,normal,normal,normal,normal,0.0,1000.0,1000.0,0,10,10
2026-08-24T06:05:08.824Z,0.8637602573359769,0.9973480033314338,0.8971571938348412,0.8637602573359769,0.033396936498864216,0.008971571938348412,0.008637602573359769,0.0003339693649886434,normal,normal,normal,normal,0.0,1000.0,1000.0,0,10,10
2026-08-24T06:05:13.824Z,0.8737937170651281,0.9947398413185464,0.9040302481284826,0.8737937170651281,0.030236531063354555,0.009040302481284826,0.00873793717065128,0.00030236531063354555,normal,normal,normal,normal,0.0,1000.0,1000.0,0,10,10
2026-08-24T06:05:18.825Z,0.4554218834577165,0.9956782133690191,0.5904859659355421,0.45542188345771645,0.1350640824778257,0.0075,0.0075,0.0,normal,normal,normal,normal,0.0,1000.0,1000.0,0,10,10
2026-08-24T06:05:23.826Z,0.44078941602633737,0.9958966932174752,0.5795662353241218,0.4407894160263373,0.13877681929778446,0.0075,0.0075,0.0,normal,normal,normal,normal,0.0,1000.0,1000.0,0,10,10
2026-08-24T06:05:28.827Z,0.45372910415177276,0.9958966932174752,0.5892710014181983,0.45372910415177276,0.13554189726642557,0.0075,0.0075,0.0,normal,normal,normal,normal,0.0,1000.0,1000.0,0,10,10
2026-08-24T06:05:33.829Z,0.4631642241679293,0.9987712022469445,0.5970659686876831,0.4631642241679293,0.13390174451975384,0.0075,0.0075,0.0,normal,normal,normal,normal,0.0,1000.0,1000.0,0,10,10
2026-08-24T06:05:38.830Z,0.4644052832045863,0.9987712022469445,0.5979967629651759,0.46440528320458635,0.13359147976058955,0.0075,0.0075,0.0,normal,normal,normal,normal,0.0,1000.0,1000.0,0,10,10
2026-08-24T06:05:43.830Z,0.46454378456386414,0.9987712022469445,0.5981006389846343,0.4645437845638642,0.1335568544207701,0.0075,0.0075,0.0,normal,normal,normal,normal,0.0,1000.0,1000.0,0,10,10
2026-08-24T06:05:48.831Z,0.8573791141483703,0.9987712022469445,0.8927271361730139,0.8573791141483703,0.0353480220246436,0.00892727136173014,0.008573791141483702,0.0003534802202464372,normal,normal,normal,normal,0.0,1000.0,1000.0,0,10,10
2026-08-24T06:05:53.832Z,0.8629747497555892,0.9989028591490575,0.8969567771039563,0.8629747497555892,0.03398202734836708,0.008969567771039563,0.008629747497555892,0.00033982027348367083,normal,normal,normal,normal,0.0,1000.0,1000.0,0,10,10
2026-08-24T06:05:58.834Z,0.9407968002287296,0.9989028591490575,0.9553233149588115,0.9407968002287296,0.01452651473008193,0.009553233149588116,0.009407968002287296,0.00014526514730081944,normal,normal,normal,normal,0.0,1000.0,1000.0,0,10,10
2026-08-24T06:06:03.837Z,1.0189784967880533,0.9990343889218074,1.013992469821492,1.0189784967880533,-0.004986026966561363,0.01013992469821492,0.010189784967880533,-4.9860269665613285e-05,normal,normal,normal,normal,0.0,1000.0,1000.0,0,10,10
2026-08-24T06:06:08.836Z,1.040593024869038,0.9990343889218074,1.0302033658822305,1.040593024869038,-0.010389658986807548,0.010302033658822304,0.01040593024869038,-0.00010389658986807541,normal,normal,normal,normal,0.0,1000.0,1000.0,0,10,10
2026-08-24T06:06:13.837Z,1.1686026558198568,0.999297737397678,1.1262764262143121,1.1686026558198568,-0.04232622960554466,0.011262764262143121,0.011686026558198568,-0.0004232622960554464,normal,normal,normal,normal,0.0,1000.0,1000.0,0,10,10
2026-08-24T06:06:18.839Z,1.0182032063604853,0.999297737397678,1.0134768391197835,1.0182032063604853,-0.004726367240701856,0.010134768391197835,0.010182032063604853,-4.726367240701773e-05,normal,normal,normal,normal,0.0,1000.0,1000.0,0,10,10
2026-08-24T06:06:23.840Z,1.038542791984646,0.9993635326134668,1.028747977141851,1.038542791984646,-0.009794814842794874,0.01028747977141851,0.01038542791984646,-9.794814842795097e-05,normal,normal,normal,normal,0.0,1000.0,1000.0,0,10,10
2026-08-24T06:06:28.844Z,1.038542791984646,0.9993635326134668,1.028747977141851,1.038542791984646,-0.009794814842794874,0.01028747977141851,0.01038542791984646,-9.794814842795097e-05,normal,normal,normal,normal,0.0,1000.0,1000.0,0,10,10
2026-08-24T06:06:33.844Z,1.0943827495823812,0.9975419190589061,1.0701725419515125,1.0943827495823812,-0.024210207630868785,0.010701725419515125,0.010943827495823812,-0.00024210207630868778,normal,normal,normal,normal,0.0,1000.0,1000.0,0,10,10
2026-08-24T06:06:38.844Z,1.1482269214940586,0.9975857073877353,1.1105666179674778,1.1482269214940586,-0.037660303526580785,0.011105666179674779,0.011482269214940586,-0.0003766030352658073,normal,normal,normal,normal,0.0,1000.0,1000.0,0,10,10
2026-08-24T06:06:43.845Z,1.167814119604937,0.9976294995610184,1.1252679645939574,1.167814119604937,-0.04254615501097958,0.011252679645939574,0.01167814119604937,-0.0004254615501097965,normal,normal,normal,normal,0.0,1000.0,1000.0,0,10,10
2026-08-24T06:06:48.846Z,0.6318323345432093,0.9976294995610184,0.7232816257976615,0.6318323345432093,0.09144929125445223,0.0075,0.0075,0.0,normal,normal,normal,normal,0.0,1000.0,1000.0,0,10,10
2026-08-24T06:06:53.848Z,0.627594110079802,0.9944029850746269,0.7192963288285082,0.627594110079802,0.09170221874870621,0.0075,0.0075,0.0,normal,normal,normal,normal,0.0,1000.0,1000.0,0,10,10
2026-08-24T06:06:58.849Z,0.6223769061200249,0.9944029850746269,0.7153834258586754,0.6223769061200249,0.09300651973865048,0.0075,0.0075,0.0,normal,normal,normal,normal,0.0,1000.0,1000.0,0,10,10
2026-08-24T06:07:03.860Z,0.8018356584097742,0.9944248117825238,0.8499829467529616,0.8018356584097742,0.04814728834318738,0.008499829467529616,0.008018356584097741,0.0004814728834318747,normal,normal,normal,normal,0.0,1000.0,1000.0,0,10,10
2026-08-24T06:07:08.851Z,0.8698988708795886,0.9944248117825238,0.9010303561053224,0.8698988708795886,0.031131485225733835,0.009010303561053224,0.008698988708795886,0.00031131485225733765,normal,normal,normal,normal,0.0,1000.0,1000.0,0,10,10
2026-08-24T06:07:13.853Z,0.8443127345746771,0.9970587589718826,0.8824992406739786,0.8443127345746771,0.03818650609930141,0.008824992406739786,0.008443127345746771,0.0003818650609930148,long_bias,long_bias,normal,normal,0.0,1000.0,1000.0,0,10,10
2026-08-24T06:07:18.854Z,0.8452872103706718,0.9970587589718826,0.8832300975209745,0.8452872103706718,0.037942887150302695,0.008832300975209746,0.008452872103706719,0.0003794288715030271,long_bias,long_bias,normal,normal,0.0,1000.0,1000.0,0,10,10
2026-08-24T06:07:23.854Z,0.8511751125639304,0.9970587589718826,0.8876460241659185,0.8511751125639305,0.03647091160198801,0.008876460241659185,0.008511751125639304,0.0003647091160198807,normal,normal,normal,normal,0.0,1000.0,1000.0,0,10,10
2026-08-24T06:07:28.856Z,0.8511751125639304,0.9970587589718826,0.8876460241659185,0.8511751125639305,0.03647091160198801,0.008876460241659185,0.008511751125639304,0.0003647091160198807,normal,normal,normal,normal,0.0,1000.0,1000.0,0,10,10
2026-08-24T06:07:33.857Z,0.7352442109534922,0.9987817994249215,0.8011286080713496,0.7352442109534922,0.06588439711785732,0.008011286080713496,0.0075,0.0005112860807134963,normal,normal,normal,normal,0.0,1000.0,1000.0,0,10,10
2026-08-24T06:07:38.858Z,0.981939277630639,1.0005048398779606,0.9865806681924694,0.981939277630639,0.0046413905618303275,0.009865806681924693,0.00981939277630639,4.641390561830293e-05,long_bias,long_bias,normal,normal,0.0,1000.0,1000.0,0,10,10
2026-08-24T06:07:43.858Z,1.0082190782867089,1.0005048398779606,1.0062905186845217,1.0082190782867089,-0.0019285596021871854,0.010062905186845217,0.010082190782867088,-1.9285596021871576e-05,normal,normal,normal,normal,0.0,1000.0,1000.0,0,10,10
2026-08-24T06:07:48.860Z,1.0407134293516378,1.0005048398779606,1.0306612819832184,1.0407134293516378,-0.010052147368419417,0.010306612819832184,0.010407134293516378,-0.00010052147368419355,normal,normal,normal,normal,0.0,1000.0,1000.0,0,10,10
2026-08-24T06:07:53.860Z,1.2502591066267323,0.9994183366623499,1.1875489141356368,1.2502591066267323,-0.06271019249109555,0.011875489141356369,0.012502591066267324,-0.0006271019249109548,normal,normal,normal,normal,0.0,1000.0,1000.0,0,10,10
2026-08-24T06:07:58.862Z,1.2685518586429232,0.9987702848108215,1.2011064651848977,1.2685518586429232,-0.06744539345802547,0.012011064651848978,0.012685518586429231,-0.0006744539345802537,normal,normal,normal,normal,0.0,1000.0,1000.0,0,10,10
2026-08-24T06:08:03.865Z,1.044159217218788,0.9990228156085993,1.0328751168162407,1.044159217218788,-0.011284100402547237,0.010328751168162406,0.01044159217218788,-0.00011284100402547334,normal,normal,normal,normal,0.0,1000.0,1000.0,0,10,10
2026-08-24T06:08:08.864Z,0.9613575515519562,0.9992753464063769,0.9708370002655614,0.9613575515519562,0.009479448713605176,0.009708370002655614,0.009613575515519562,9.479448713605246e-05,normal,normal,normal,normal,0.0,1000.0,1000.0,0,10,10
2026-08-24T06:08:13.865Z,0.9746590186393164,0.9992753464063769,0.9808131005810815,0.9746590186393164,0.006154081941765144,0.009808131005810815,0.009746590186393164,6.15408194176506e-05,normal,normal,normal,normal,0.0,1000.0,1000.0,0,10,10
2026-08-24T06:08:18.866Z,0.9779558615498418,0.9993631272647415,0.9833076779785668,0.9779558615498418,0.005351816428724954,0.009833076779785668,0.009779558615498419,5.35181642872494e-05,normal,normal,normal,normal,0.0,1000.0,1000.0,0,10,10
2026-08-24T06:08:23.866Z,0.9976432090578302,1.0003403974964316,0.9983175061674805,0.9976432090578302,0.0006742971096502792,0.009983175061674805,0.009976432090578302,6.742971096502376e-06,normal,normal,normal,normal,0.0,1000.0,1000.0,0,10,10
2026-08-24T06:08:28.865Z,1.0003521347075195,1.0013176677281213,1.00059351796267,1.0003521347075195,0.00024138325515044023,0.0100059351796267,0.010003521347075195,2.413832551504888e-06,normal,normal,normal,normal,0.0,1000.0,1000.0,0,10,10
2026-08-24T06:08:33.865Z,1.011596146729525,1.0013176677281213,1.009026526979174,1.011596146729525,-0.00256961975035086,0.01009026526979174,0.01011596146729525,-2.5696197503510473e-05,normal,normal,normal,normal,0.0,1000.0,1000.0,0,10,10
2026-08-24T06:08:38.866Z,0.7114180921626937,1.0013176677281213,0.7838929860540507,0.7114180921626937,0.07247489389135697,0.007838929860540507,0.0075,0.0003389298605405069,normal,normal,normal,normal,0.0,1000.0,1000.0,0,10,10
2026-08-24T06:08:43.865Z,1.0013508457457396,0.9997694081475789,1.0009554863461994,1.0013508457457396,-0.00039535939954027377,0.010009554863461993,0.010013508457457396,-3.95359399540246e-06,normal,normal,normal,normal,0.0,1000.0,1000.0,0,10,10
2026-08-24T06:08:48.865Z,1.0487106916298239,0.9982211485670364,1.036088305864127,1.0487106916298239,-0.012622385765696853,0.01036088305864127,0.010487106916298238,-0.00012622385765696797,normal,normal,normal,normal,0.0,1000.0,1000.0,0,10,10
2026-08-24T06:08:53.866Z,0.7950313088167799,0.9982211485670364,0.845828768754344,0.7950313088167799,0.05079745993756413,0.00845828768754344,0.007950313088167798,0.0005079745993756424,normal,normal,normal,normal,0.0,1000.0,1000.0,0,10,10
2026-08-24T06:08:58.867Z,0.7705384831282271,0.9982649946192871,0.8274701110009921,0.770538483128227,0.05693162787276507,0.00827470111000992,0.00770538483128227,0.0005693162787276506,normal,normal,normal,normal,0.0,1000.0,1000.0,0,10,10
2026-08-24T06:09:03.873Z,1.298538383225594,0.9989787626556562,1.2236484780831094,1.298538383225594,-0.0748899051424845,0.012236484780831095,0.01298538383225594,-0.0007488990514248443,normal,normal,normal,normal,0.0,1000.0,1000.0,0,10,10
2026-08-24T06:09:08.869Z,1.5383113087252924,0.9996925306920255,1.4036566142169757,1.5383113087252924,-0.13465469450831669,0.014036566142169757,0.023074669630879386,-0.009038103488709629,normal,defensive,normal,high,500.0,1000.0,500.0,4,10,6
2026-08-24T06:09:13.870Z,1.5263443618411288,0.9996925306920255,1.3946814040538529,1.5263443618411288,-0.13166295778727588,0.01394681404053853,0.022895165427616933,-0.008948351387078404,normal,defensive,normal,high,500.0,1000.0,500.0,4,10,6
2026-08-24T06:09:18.870Z,1.799041026031086,0.9996925306920255,1.599203902196321,1.7990410260310863,-0.19983712383476537,0.023988058532944816,0.026985615390466296,-0.0029975568575214794,defensive,defensive,high,high,0.0,500.0,500.0,0,6,6
2026-08-24T06:09:23.871Z,1.8067295032385358,0.9996925306920255,1.6049702601019082,1.8067295032385358,-0.20175924313662752,0.024074553901528625,0.027100942548578037,-0.003026388647049412,defensive,defensive,high,high,0.0,500.0,500.0,0,6,6
2026-08-24T06:09:28.872Z,1.8056584153362762,0.9998901895328662,1.6042163588854237,1.805658415336276,-0.20144205645085234,0.024063245383281355,0.02708487623004414,-0.0030216308467627857,defensive,defensive,high,high,0.0,500.0,500.0,0,6,6
2026-08-24T06:09:33.872Z,1.8217624246243866,0.9999011694943173,1.6162971108418693,1.8217624246243866,-0.2054653137825173,0.02424445666262804,0.027326436369365797,-0.003081979706737757,defensive,defensive,high,high,0.0,500.0,500.0,0,6,6
2026-08-24T06:09:38.874Z,1.8206841250670645,1.0,1.6155130938002984,1.8206841250670645,-0.20517103126676606,0.024232696407004477,0.027310261876005968,-0.0030775654690014913,defensive,defensive,high,high,0.0,500.0,500.0,0,6,6
2026-08-24T06:09:43.874Z,1.816243843056852,1.0,1.612182882292639,1.816243843056852,-0.20406096076421298,0.024182743234389584,0.02724365764585278,-0.0030609144114631948,defensive,defensive,high,high,0.0,500.0,500.0,0,6,6
2026-08-24T06:09:48.876Z,1.8188829209772674,0.9993191003338604,1.6139919658164157,1.8188829209772674,-0.20489095516085176,0.024209879487246237,0.027283243814659013,-0.003073364327412776,defensive,defensive,high,high,0.0,500.0,500.0,0,6,6
2026-08-24T06:09:53.877Z,1.808583386808519,0.9993191003338604,1.6062673151898543,1.808583386808519,-0.20231607161866472,0.024094009727847813,0.027128750802127784,-0.0030347410742799716,defensive,defensive,high,high,0.0,500.0,500.0,0,6,6
2026-08-24T06:09:58.878Z,1.804958626975154,0.9993959296642466,1.6035679526474274,1.8049586269751543,-0.20139067432772695,0.02405351928971141,0.027074379404627313,-0.0030208601149159034,defensive,defensive,high,high,0.0,500.0,500.0,0,6,6
2026-08-24T06:10:03.882Z,1.2359479777927147,0.9994288601366341,1.1768181983786945,1.2359479777927147,-0.0591297794140202,0.011768181983786945,0.012359479777927148,-0.0005912977941402026,normal,normal,normal,normal,0.0,1000.0,1000.0,0,10,10
2026-08-24T06:10:08.881Z,1.0021430073921398,0.998528216505942,1.0012393096705905,1.0021430073921398,-0.0009036977215493014,0.010012393096705905,0.010021430073921398,-9.036977215493014e-06,normal,normal,normal,normal,0.0,1000.0,1000.0,0,10,10
2026-08-24T06:10:13.881Z,1.0021430073921398,0.998528216505942,1.0012393096705905,1.0021430073921398,-0.0009036977215493014,0.010012393096705905,0.010021430073921398,-9.036977215493014e-06,normal,normal,normal,normal,0.0,1000.0,1000.0,0,10,10
2026-08-24T06:10:18.881Z,1.186791055736905,0.998528216505942,1.1397253459291643,1.186791055736905,-0.04706570980774072,0.011397253459291642,0.01186791055736905,-0.00047065709807740837,normal,normal,normal,normal,0.0,1000.0,1000.0,0,10,10
2026-08-24T06:10:23.881Z,1.189629209669832,0.998528216505942,1.1418539613788596,1.189629209669832,-0.04777524829097235,0.011418539613788596,0.01189629209669832,-0.00047775248290972405,normal,normal,normal,normal,0.0,1000.0,1000.0,0,10,10
2026-08-24T06:10:28.883Z,1.1979558124295862,1.0017573534257407,1.1489061976786248,1.1979558124295862,-0.04904961475096137,0.011489061976786247,0.011979558124295861,-0.0004904961475096139,normal,normal,normal,normal,0.0,1000.0,1000.0,0,10,10
2026-08-24T06:10:33.884Z,1.1914450720605028,1.0017243462311503,1.1440148906031646,1.1914450720605028,-0.04743018145733813,0.011440148906031646,0.011914450720605029,-0.0004743018145733826,normal,normal,normal,normal,0.0,1000.0,1000.0,0,10,10
2026-08-24T06:10:38.885Z,1.2044482910939989,1.0016473379019504,1.1537480527959867,1.2044482910939989,-0.05070023829801218,0.011537480527959868,0.012044482910939989,-0.000507002382980121,normal,normal,normal,normal,0.0,1000.0,1000.0,0,10,10
2026-08-24T06:10:43.885Z,0.8093434801485287,1.0016473379019504,0.8574194445868841,0.8093434801485287,0.04807596443835538,0.00857419444586884,0.008093434801485286,0.0004807596443835542,normal,normal,normal,normal,0.0,1000.0,1000.0,0,10,10
2026-08-24T06:10:48.886Z,0.8461323901349719,1.0003075030750308,0.8846761683699866,0.8461323901349719,0.03854377823501476,0.008846761683699866,0.008461323901349719,0.0003854377823501471,normal,normal,normal,normal,0.0,1000.0,1000.0,0,10,10
2026-08-24T06:10:53.887Z,0.8770451504279949,1.0003075030750308,0.9078607385897539,0.8770451504279949,0.030815588161759,0.009078607385897539,0.00877045150427995,0.0003081558816175889,normal,normal,normal,normal,0.0,1000.0,1000.0,0,10,10
2026-08-24T06:10:58.888Z,1.107737745122049,1.0003075030750308,1.0808801846102944,1.107737745122049,-0.026857560511754475,0.010808801846102944,0.01107737745122049,-0.0002685756051175447,normal,normal,normal,normal,0.0,1000.0,1000.0,0,10,10
2026-08-24T06:11:03.900Z,1.1693710299255289,1.0003075030750308,1.1271051482129044,1.1693710299255289,-0.042265881712624465,0.011271051482129044,0.011693710299255288,-0.0004226588171262445,normal,normal,normal,normal,0.0,1000.0,1000.0,0,10,10
2026-08-24T06:11:08.890Z,1.362375537325149,1.0034703918467756,1.2726492509555556,1.362375537325149,-0.08972628636959334,0.012726492509555556,0.01362375537325149,-0.0008972628636959336,normal,normal,normal,normal,0.0,1000.0,1000.0,0,10,10
2026-08-24T06:11:13.891Z,1.36742606591208,1.0034703918467756,1.2764371473957539,1.36742606591208,-0.09098891851632618,0.012764371473957538,0.0136742606591208,-0.000909889185163262,normal,normal,normal,normal,0.0,1000.0,1000.0,0,10,10
2026-08-24T06:11:18.892Z,1.1410076819366348,1.0034703918467756,1.10662335941417,1.1410076819366348,-0.03438432252246493,0.0110662335941417,0.011410076819366347,-0.0003438432252246479,normal,normal,normal,normal,0.0,1000.0,1000.0,0,10,10
2026-08-24T06:11:23.892Z,1.2808251447079544,1.0034703918467756,1.2114864564926597,1.2808251447079544,-0.06933868821529465,0.012114864564926596,0.012808251447079543,-0.0006933868821529469,normal,normal,normal,normal,0.0,1000.0,1000.0,0,10,10
2026-08-24T06:11:28.894Z,1.3354888684277915,1.0034703918467756,1.2524842492825374,1.3354888684277915,-0.08300461914525403,0.012524842492825374,0.013354888684277914,-0.0008300461914525405,normal,normal,normal,normal,0.0,1000.0,1000.0,0,10,10
2026-08-24T06:11:33.895Z,1.5701041926563042,1.0034703918467756,1.428445742453922,1.5701041926563042,-0.1416584502023821,0.01428445742453922,0.023551562889844564,-0.009267105465305344,normal,defensive,normal,high,500.0,1000.0,500.0,4,10,6
2026-08-24T06:11:38.897Z,1.6176807721885968,1.0034703918467756,1.4641281771031416,1.6176807721885968,-0.15355259508545527,0.014641281771031417,0.024265211582828954,-0.009623929811797537,normal,defensive,normal,high,500.0,1000.0,500.0,4,10,6
2026-08-24T06:11:43.897Z,1.9288528304027144,1.0034703918467756,1.6975072207637296,1.9288528304027144,-0.23134560963898476,0.025462608311455946,0.028932792456040714,-0.003470184144584769,defensive,defensive,high,high,0.0,500.0,500.0,0,6,6
2026-08-24T06:11:48.898Z,1.9653364407330838,1.0059084519416621,1.7254794435352285,1.9653364407330838,-0.23985699719785525,0.02588219165302843,0.029480046610996256,-0.0035978549579678276,defensive,defensive,high,high,0.0,500.0,500.0,0,6,6
2026-08-24T06:11:53.899Z,1.9416528481735693,1.0059084519416621,1.7077167491155927,1.9416528481735693,-0.23393609905797663,0.025615751236733892,0.02912479272260354,-0.0035090414858696475,defensive,defensive,high,high,0.0,500.0,500.0,0,6,6
2026-08-24T06:11:58.901Z,1.7764302838097965,1.0059084519416621,1.583799825842763,1.7764302838097965,-0.19263045796703349,0.023756997387641445,0.026646454257146946,-0.002889456869505501,defensive,defensive,high,high,0.0,500.0,500.0,0,6,6
2026-08-24T06:12:03.905Z,1.8470769270168488,1.0059084519416621,1.636784808248052,1.8470769270168488,-0.21029211876879672,0.02455177212372078,0.02770615390525273,-0.0031543817815319515,defensive,defensive,high,high,0.0,500.0,500.0,0,6,6
2026-08-24T06:12:08.902Z,2.382169355873935,1.000263574064312,2.0366929104215292,2.382169355873935,-0.34547644545240574,0.03,0.03,0.0,defensive,defensive,high,high,0.0,500.0,500.0,0,6,6
2026-08-24T06:12:13.904Z,2.4710130489210176,1.000263574064312,2.103325680206841,2.4710130489210176,-0.3676873687141766,0.03,0.03,0.0,defensive,defensive,high,high,0.0,500.0,500.0,0,6,6
2026-08-24T06:12:18.904Z,2.6540538866209173,1.000263574064312,2.240606308481766,2.6540538866209173,-0.41344757813915134,0.03,0.03,0.0,defensive,defensive,high,high,0.0,500.0,500.0,0,6,6
2026-08-24T06:12:23.905Z,2.5735801036710018,1.000263574064312,2.180250971269329,2.5735801036710018,-0.3933291324016728,0.03,0.03,0.0,defensive,defensive,high,high,0.0,500.0,500.0,0,6,6
2026-08-24T06:12:28.905Z,2.6668670599695434,1.0007687576875768,2.250342484399052,2.6668670599695434,-0.4165245755704916,0.03,0.03,0.0,defensive,defensive,high,high,0.0,500.0,500.0,0,6,6
2026-08-24T06:12:33.906Z,2.440470325526041,1.0007687576875768,2.0805449335664252,2.440470325526041,-0.3599253919596159,0.03,0.03,0.0,defensive,defensive,high,high,0.0,500.0,500.0,0,6,6
2026-08-24T06:12:38.907Z,2.475905345719722,1.000669851205183,2.1070964720910874,2.475905345719722,-0.3688088736286348,0.03,0.03,0.0,defensive,defensive,high,high,0.0,500.0,500.0,0,6,6
2026-08-24T06:12:43.917Z,2.136019601124754,1.0006588628028024,1.852179416544266,2.136019601124754,-0.2838401845804881,0.02778269124816399,0.03,-0.002217308751836008,defensive,defensive,high,high,0.0,500.0,500.0,0,6,6
2026-08-24T06:12:48.920Z,2.173011658973755,0.998616388114115,1.8794128412588451,2.173011658973755,-0.2935988177149098,0.028191192618882678,0.03,-0.0018088073811173208,defensive,defensive,high,high,0.0,500.0,500.0,0,6,6
2026-08-24T06:12:53.919Z,2.1990885252840466,0.998616388114115,1.8989704909915637,2.1990885252840466,-0.30011803429248296,0.028484557364873455,0.03,-0.001515442635126544,defensive,defensive,high,high,0.0,500.0,500.0,0,6,6
2026-08-24T06:12:58.920Z,2.17065813933875,0.998616388114115,1.8776477015325912,2.17065813933875,-0.29301043780615865,0.028164715522988867,0.03,-0.0018352844770111315,defensive,defensive,high,high,0.0,500.0,500.0,0,6,6
2026-08-24T06:13:03.923Z,2.0935739040642494,0.998616388114115,1.8198345250767158,2.0935739040642494,-0.27373937898753353,0.027297517876150736,0.03,-0.0027024821238492633,defensive,defensive,high,high,0.0,500.0,500.0,0,6,6
2026-08-24T06:13:08.922Z,1.224652474200023,0.9980234115915929,1.1679952085479155,1.224652474200023,-0.0566572656521076,0.011679952085479155,0.01224652474200023,-0.0005665726565210749,normal,normal,normal,normal,0.0,1000.0,1000.0,0,10,10
2026-08-24T06:13:13.922Z,1.1250170565030586,0.9980234115915929,1.093268645275192,1.1250170565030586,-0.031748411227866535,0.01093268645275192,0.011250170565030587,-0.0003174841122786671,normal,normal,normal,normal,0.0,1000.0,1000.0,0,10,10
2026-08-24T06:13:18.923Z,0.890210151960791,0.9980234115915929,0.9171634668684914,0.8902101519607909,0.026953314907700476,0.009171634668684914,0.00890210151960791,0.00026953314907700483,normal,normal,normal,normal,0.0,1000.0,1000.0,0,10,10
2026-08-24T06:13:23.924Z,0.8678088228522775,0.9980234115915929,0.9003624700371062,0.8678088228522775,0.03255364718482878,0.009003624700371061,0.008678088228522776,0.00032553647184828567,normal,normal,normal,normal,0.0,1000.0,1000.0,0,10,10
2026-08-24T06:13:28.927Z,,,,,,0.0,0.0,0.0,pause,pause,normal,initializing,0.0,0.0,0.0,0,0,0
2026-08-24T06:13:33.928Z,0.6640028521977638,1.0077965431664946,0.7499512749399464,0.6640028521977638,0.08594842274218262,0.0075,0.0075,0.0,normal,normal,normal,normal,0.0,1000.0,1000.0,0,10,10
2026-08-24T06:13:38.929Z,0.6381327500039222,1.0077965431664946,0.7305486982945653,0.6381327500039222,0.09241594829064304,0.0075,0.0075,0.0,normal,normal,normal,normal,0.0,1000.0,1000.0,0,10,10
2026-08-24T06:13:43.931Z,0.7798170347970483,1.0077965431664946,0.83681191188941,0.7798170347970483,0.05699487709236162,0.0083681191188941,0.007798170347970483,0.0005699487709236164,normal,normal,normal,normal,0.0,1000.0,1000.0,0,10,10
2026-08-24T06:13:48.932Z,0.7139658043978151,1.0048755847407376,0.7866932494835457,0.7139658043978151,0.07272744508573059,0.007866932494835457,0.0075,0.0003669324948354577,normal,normal,normal,normal,0.0,1000.0,1000.0,0,10,10
2026-08-24T06:13:53.932Z,0.7362810762412819,1.0048755847407376,0.8034297033661459,0.736281076241282,0.06714862712486391,0.008034297033661458,0.0075,0.0005342970336614586,normal,normal,normal,normal,0.0,1000.0,1000.0,0,10,10
2026-08-24T06:13:58.932Z,0.7388036012898098,1.0048535160539378,0.8053160799808419,0.7388036012898098,0.06651247869103205,0.00805316079980842,0.0075,0.0005531607998084196,normal,normal,normal,normal,0.0,1000.0,1000.0,0,10,10
2026-08-24T06:14:03.935Z,0.7802673242042999,1.0048314483364447,0.836408355237336,0.7802673242042998,0.05614103103303625,0.00836408355237336,0.007802673242042998,0.0005614103103303621,normal,normal,normal,normal,0.0,1000.0,1000.0,0,10,10
2026-08-24T06:14:08.933Z,0.7905618394105123,1.0001976501592182,0.8429707920976888,0.7905618394105124,0.05240895268717638,0.008429707920976888,0.007905618394105123,0.0005240895268717651,normal,normal,normal,normal,0.0,1000.0,1000.0,0,10,10
2026-08-24T06:14:13.934Z,0.7830428453639002,1.0001976501592182,0.8373315465627298,0.7830428453639002,0.05428870119882956,0.008373315465627298,0.007830428453639002,0.0005428870119882964,normal,normal,normal,normal,0.0,1000.0,1000.0,0,10,10
2026-08-24T06:14:18.935Z,0.7779062634995896,1.0001976501592182,0.8334791101644967,0.7779062634995896,0.05557284666490714,0.008334791101644968,0.007779062634995896,0.0005557284666490719,normal,normal,normal,normal,0.0,1000.0,1000.0,0,10,10
2026-08-24T06:14:23.936Z,0.7039526444592141,1.0001976501592182,0.7780138958842151,0.7039526444592141,0.07406125142500097,0.007780138958842151,0.0075,0.0002801389588421516,normal,normal,normal,normal,0.0,1000.0,1000.0,0,10,10
2026-08-24T06:14:28.937Z,0.6764273962674318,1.0003513780608324,0.7574083917157819,0.6764273962674318,0.08098099544835013,0.007574083917157819,0.0075,7.408391715781927e-05,normal,normal,normal,normal,0.0,1000.0,1000.0,0,10,10
2026-08-24T06:14:33.938Z,0.6981578619935364,1.0003513780608324,0.7737062410103603,0.6981578619935364,0.07554837901682399,0.007737062410103603,0.0075,0.00023706241010360354,normal,normal,normal,normal,0.0,1000.0,1000.0,0,10,10
2026-08-24T06:14:38.939Z,0.678712251598533,1.0003513780608324,0.7591220332141078,0.678712251598533,0.08040978161557477,0.007591220332141078,0.0075,9.122033214107803e-05,normal,normal,normal,normal,0.0,1000.0,1000.0,0,10,10
2026-08-24T06:14:43.939Z,0.5374392482305173,1.0003513780608324,0.653167280688096,0.5374392482305173,0.11572803245757879,0.0075,0.0075,0.0,normal,normal,normal,normal,0.0,1000.0,1000.0,0,10,10
2026-08-24T06:14:48.940Z,0.4110528150963842,0.9983968375974526,0.5578888207216512,0.4110528150963842,0.14683600562526705,0.0075,0.0075,0.0,normal,normal,normal,normal,0.0,1000.0,1000.0,0,10,10
2026-08-24T06:14:53.941Z,0.46139570175659944,0.9984187640005272,0.5956514673175813,0.46139570175659944,0.1342557655609819,0.0075,0.0075,0.0,normal,normal,normal,normal,0.0,1000.0,1000.0,0,10,10
2026-08-24T06:14:58.942Z,0.4899632112619521,0.9984406913667011,0.6170825812881393,0.4899632112619521,0.12711937002618723,0.0075,0.0075,0.0,normal,normal,normal,normal,0.0,1000.0,1000.0,0,10,10
2026-08-24T06:15:03.953Z,0.4942706117672936,0.9984406913667011,0.6203131316671455,0.49427061176729364,0.12604251989985188,0.0075,0.0075,0.0,short_bias,short_bias,normal,normal,0.0,1000.0,1000.0,0,10,10
2026-08-24T06:15:08.944Z,0.5674587449288523,1.0021083609689674,0.6761211489388811,0.5674587449288523,0.1086624040100288,0.0075,0.0075,0.0,normal,normal,normal,normal,0.0,1000.0,1000.0,0,10,10
2026-08-24T06:15:13.946Z,0.790830639402784,1.0021083609689674,0.8436500697943299,0.7908306394027841,0.052819430391545796,0.008436500697943298,0.00790830639402784,0.000528194303915458,normal,normal,normal,normal,0.0,1000.0,1000.0,0,10,10
2026-08-24T06:15:18.947Z,0.7923584712757367,1.0021083609689674,0.8447959436990443,0.7923584712757367,0.05243747242330765,0.008447959436990444,0.007923584712757366,0.0005243747242330773,normal,normal,normal,normal,0.0,1000.0,1000.0,0,10,10
2026-08-24T06:15:23.947Z,0.8323380192980063,1.0021083609689674,0.8747806047157466,0.8323380192980063,0.042442585417740264,0.008747806047157466,0.008323380192980063,0.00042442585417740326,normal,normal,normal,normal,0.0,1000.0,1000.0,0,10,10
2026-08-24T06:15:28.948Z,0.829386887095241,1.002470735510509,0.872657849199058,0.8293868870952409,0.04327096210381709,0.00872657849199058,0.008293868870952409,0.00043270962103817215,normal,normal,normal,normal,0.0,1000.0,1000.0,0,10,10
2026-08-24T06:15:33.949Z,0.8540882723947207,1.0028331100520502,0.891274481809053,0.8540882723947206,0.03718620941433237,0.00891274481809053,0.008540882723947206,0.0003718620941433239,normal,normal,normal,normal,0.0,1000.0,1000.0,0,10,10
2026-08-24T06:15:38.951Z,0.8572832090575244,1.0028331100520502,0.8936706843061559,0.8572832090575244,0.03638747524863151,0.008936706843061559,0.008572832090575244,0.0003638747524863147,normal,normal,normal,normal,0.0,1000.0,1000.0,0,10,10
2026-08-24T06:15:43.952Z,0.8572102412047231,1.0028110862212853,0.8936104524588637,0.8572102412047231,0.03640021125414061,0.008936104524588637,0.008572102412047231,0.00036400211254140544,normal,normal,normal,normal,0.0,1000.0,1000.0,0,10,10
2026-08-24T06:15:48.953Z,1.2305776050919153,1.0035357417371253,1.1738171392532177,1.2305776050919153,-0.05676046583869754,0.011738171392532177,0.012305776050919153,-0.0005676046583869762,normal,normal,normal,normal,0.0,1000.0,1000.0,0,10,10
2026-08-24T06:15:53.953Z,1.2064554420708087,1.004282420116394,1.155912186582205,1.2064554420708087,-0.05054325548860361,0.01155912186582205,0.012064554420708086,-0.0005054325548860365,normal,normal,normal,normal,0.0,1000.0,1000.0,0,10,10
2026-08-24T06:15:58.955Z,1.2046715815837656,1.004282420116394,1.1545742912169228,1.2046715815837656,-0.05009729036684285,0.011545742912169229,0.012046715815837656,-0.0005009729036684271,normal,normal,normal,normal,0.0,1000.0,1000.0,0,10,10
2026-08-24T06:16:03.966Z,1.2180792684717316,1.0042383117025715,1.1646190292794416,1.2180792684717316,-0.05346023919229004,0.011646190292794416,0.012180792684717315,-0.000534602391922899,normal,normal,normal,normal,0.0,1000.0,1000.0,0,10,10
2026-08-24T06:16:08.956Z,1.2041099908576383,1.0051933507542985,1.1543808308318033,1.2041099908576383,-0.04972916002583494,0.011543808308318033,0.012041099908576384,-0.0004972916002583504,normal,normal,normal,normal,0.0,1000.0,1000.0,0,10,10
2026-08-24T06:16:13.958Z,1.0657145112893027,1.006192494345506,1.0508340070533535,1.0657145112893027,-0.014880504235949221,0.010508340070533535,0.010657145112893026,-0.00014880504235949103,normal,normal,normal,normal,0.0,1000.0,1000.0,0,10,10
2026-08-24T06:16:18.958Z,1.066023197590802,1.006192494345506,1.0510655217794782,1.066023197590802,-0.0149576758113239,0.010510655217794781,0.01066023197590802,-0.00014957675811323907,normal,normal,normal,normal,0.0,1000.0,1000.0,0,10,10
2026-08-24T06:16:23.959Z,1.0395759804571127,1.0061814468757893,1.0312273470617819,1.0395759804571127,-0.008348633395330873,0.01031227347061782,0.010395759804571128,-8.348633395330839e-05,normal,normal,normal,normal,0.0,1000.0,1000.0,0,10,10
2026-08-24T06:16:28.961Z,1.0414317560780233,1.0050944224857268,1.0323474226799492,1.0414317560780233,-0.00908433339807413,0.010323474226799492,0.010414317560780232,-9.08433339807408e-05,normal,normal,normal,normal,0.0,1000.0,1000.0,0,10,10
2026-08-24T06:16:33.962Z,1.0143765414201944,1.0040184453227932,1.011787017395844,1.0143765414201944,-0.0025895240243503093,0.01011787017395844,0.010143765414201944,-2.5895240243503648e-05,normal,normal,normal,normal,0.0,1000.0,1000.0,0,10,10
2026-08-24T06:16:38.963Z,1.0611542523243307,1.0040184453227932,1.0468703005739464,1.0611542523243307,-0.014283951750384327,0.010468703005739464,0.010611542523243306,-0.00014283951750384237,normal,normal,normal,normal,0.0,1000.0,1000.0,0,10,10
2026-08-24T06:16:43.964Z,1.1023340412228655,1.0039963988493885,1.0777496306294962,1.1023340412228655,-0.024584410593369244,0.010777496306294963,0.011023340412228655,-0.00024584410593369264,normal,normal,normal,normal,0.0,1000.0,1000.0,0,10,10
2026-08-24T06:16:48.964Z,0.5631906574213659,1.0070374599271004,0.6741523580477995,0.5631906574213659,0.11096170062643362,0.0075,0.0075,0.0,normal,normal,normal,normal,0.0,1000.0,1000.0,0,10,10
2026-08-24T06:16:53.965Z,0.5336929573364942,1.0101005665100347,0.6527948596298794,0.5336929573364942,0.11910190229338513,0.0075,0.0075,0.0,normal,normal,normal,normal,0.0,1000.0,1000.0,0,10,10
2026-08-24T06:16:58.967Z,0.5333025765878091,1.0101005665100347,0.6525020740683656,0.5333025765878091,0.11919949748055647,0.0075,0.0075,0.0,normal,normal,normal,normal,0.0,1000.0,1000.0,0,10,10
2026-08-24T06:17:03.971Z,0.5535558921223617,1.0101005665100347,0.66769206071928,0.5535558921223617,0.11413616859691833,0.0075,0.0075,0.0,normal,normal,normal,normal,0.0,1000.0,1000.0,0,10,10
2026-08-24T06:17:08.969Z,0.6209893980081315,1.009760221334153,0.7181821038396368,0.6209893980081315,0.0971927058315053,0.0075,0.0075,0.0,normal,normal,normal,normal,0.0,1000.0,1000.0,0,10,10
2026-08-24T06:17:13.970Z,0.5357732251941119,1.0094198761582716,0.6541848879351517,0.5357732251941119,0.11841166274103987,0.0075,0.0075,0.0,normal,normal,normal,normal,0.0,1000.0,1000.0,0,10,10
2026-08-24T06:17:18.971Z,0.6180713596940013,1.0094198761582716,0.7159084888100689,0.6180713596940013,0.09783712911606757,0.0075,0.0075,0.0,normal,normal,normal,normal,0.0,1000.0,1000.0,0,10,10
2026-08-24T06:17:23.972Z,0.6481761191935805,1.0094198761582716,0.7384870584347533,0.6481761191935805,0.09031093924117273,0.0075,0.0075,0.0,normal,normal,normal,normal,0.0,1000.0,1000.0,0,10,10
2026-08-24T06:17:28.974Z,0.7220074410878865,1.0094198761582716,0.7938605498554827,0.7220074410878864,0.07185310876759632,0.007938605498554827,0.0075,0.00043860549855482753,normal,normal,normal,normal,0.0,1000.0,1000.0,0,10,10
2026-08-24T06:17:33.973Z,0.6940316168316406,1.0042598041368407,0.7715886636579405,0.6940316168316406,0.07755704682629994,0.007715886636579405,0.0075,0.0002158866365794057,normal,normal,normal,normal,0.0,1000.0,1000.0,0,10,10
2026-08-24T06:17:38.974Z,0.5421670435514101,1.0042598041368407,0.6576902336977677,0.5421670435514101,0.11552319014635759,0.0075,0.0075,0.0,normal,normal,normal,normal,0.0,1000.0,1000.0,0,10,10
2026-08-24T06:17:43.975Z,0.5413210371115614,1.0042598041368407,0.6570557288678813,0.5413210371115614,0.1157346917563199,0.0075,0.0075,0.0,normal,normal,normal,normal,0.0,1000.0,1000.0,0,10,10
2026-08-24T06:17:48.976Z,0.5606602008494095,1.0042598041368407,0.6715601016712673,0.5606602008494095,0.11089990082185786,0.0075,0.0075,0.0,normal,normal,normal,normal,0.0,1000.0,1000.0,0,10,10
2026-08-24T06:17:53.977Z,0.5606926399718624,1.0042598041368407,0.6715844310131069,0.5606926399718624,0.11089179104124458,0.0075,0.0075,0.0,normal,normal,normal,normal,0.0,1000.0,1000.0,0,10,10
2026-08-24T06:17:58.980Z,0.5610904535774891,1.0042598041368407,0.6718827912173271,0.5610904535774891,0.11079233763983798,0.0075,0.0075,0.0,normal,normal,normal,normal,0.0,1000.0,1000.0,0,10,10
2026-08-24T06:18:03.990Z,0.4033736517833367,1.004237753332016,0.5535896771705064,0.4033736517833367,0.15021602538716977,0.0075,0.0075,0.0,normal,normal,normal,normal,0.0,1000.0,1000.0,0,10,10
2026-08-24T06:18:08.980Z,0.40809592952144275,1.0042157034955208,0.5571258730149622,0.40809592952144275,0.14902994349351945,0.0075,0.0075,0.0,normal,normal,normal,normal,0.0,1000.0,1000.0,0,10,10
2026-08-24T06:18:13.984Z,0.4594006034755285,1.0046109256982259,0.5957031840312028,0.4594006034755285,0.1363025805556743,0.0075,0.0075,0.0,normal,normal,normal,normal,0.0,1000.0,1000.0,0,10,10
2026-08-24T06:18:18.982Z,0.3731376436752422,1.0046109256982259,0.5310059641809881,0.3731376436752422,0.1578683205057459,0.0075,0.0075,0.0,normal,normal,normal,normal,0.0,1000.0,1000.0,0,10,10
2026-08-24T06:18:23.982Z,0.3395039450518286,1.0045230985420692,0.5057587334243887,0.3395039450518286,0.16625478837256008,0.0075,0.0075,0.0,normal,normal,normal,normal,0.0,1000.0,1000.0,0,10,10
2026-08-24T06:18:28.983Z,0.2379746716819639,1.0045230985420692,0.4296117783969902,0.23797467168196387,0.19163710671502635,0.0075,0.0075,0.0,normal,normal,normal,normal,0.0,1000.0,1000.0,0,10,10
2026-08-24T06:18:33.983Z,0.43314435979303295,1.0044352713859124,0.5759670876912528,0.43314435979303295,0.14282272789821987,0.0075,0.0075,0.0,normal,normal,normal,normal,0.0,1000.0,1000.0,0,10,10
2026-08-24T06:18:38.984Z,0.44504950099524987,1.0044352713859124,0.5848959435929155,0.4450495009952499,0.1398464425976656,0.0075,0.0075,0.0,normal,normal,normal,normal,0.0,1000.0,1000.0,0,10,10
2026-08-24T06:18:43.985Z,0.5110525170615112,1.0044352713859124,0.6343982056426115,0.5110525170615112,0.12334568858110029,0.0075,0.0075,0.0,normal,normal,normal,normal,0.0,1000.0,1000.0,0,10,10
2026-08-24T06:18:48.986Z,0.5299830580934792,1.0044352713859124,0.6485961114165875,0.5299830580934792,0.11861305332310823,0.0075,0.0075,0.0,normal,normal,normal,normal,0.0,1000.0,1000.0,0,10,10
2026-08-24T06:18:53.987Z,0.5335637760709724,1.0044352713859124,0.6512816498997074,0.5335637760709724,0.117717873828735,0.0075,0.0075,0.0,normal,normal,normal,normal,0.0,1000.0,1000.0,0,10,10
2026-08-24T06:18:58.988Z,0.5344390139738611,1.0044352713859124,0.6519380783268739,0.5344390139738611,0.11749906435301283,0.0075,0.0075,0.0,normal,normal,normal,normal,0.0,1000.0,1000.0,0,10,10
2026-08-24T06:19:03.989Z,0.6396257229543284,1.0049234586061726,0.7309501568672894,0.6396257229543284,0.09132443391296097,0.0075,0.0075,0.0,normal,normal,normal,normal,0.0,1000.0,1000.0,0,10,10
2026-08-24T06:19:08.990Z,0.667676236715877,1.0048462429268452,0.7519687382686191,0.667676236715877,0.08429250155274215,0.007519687382686191,0.0075,1.96873826861909e-05,normal,normal,normal,normal,0.0,1000.0,1000.0,0,10,10
2026-08-24T06:19:13.991Z,0.6224268196876224,1.0054005400540054,0.7181702497792182,0.6224268196876224,0.0957434300915958,0.0075,0.0075,0.0,normal,normal,normal,normal,0.0,1000.0,1000.0,0,10,10
2026-08-24T06:19:18.992Z,0.6202481932469557,1.0054005400540054,0.716536279948718,0.6202481932469557,0.09628808670176237,0.0075,0.0075,0.0,normal,normal,normal,normal,0.0,1000.0,1000.0,0,10,10
2026-08-24T06:19:23.993Z,0.6231882722313365,1.0048956115123706,0.7186151070515951,0.6231882722313365,0.0954268348202586,0.0075,0.0075,0.0,normal,normal,normal,normal,0.0,1000.0,1000.0,0,10,10
2026-08-24T06:19:28.994Z,0.6249330394427558,1.0047632636038368,0.7198905954830261,0.6249330394427558,0.09495755604027034,0.0075,0.0075,0.0,normal,normal,normal,normal,0.0,1000.0,1000.0,0,10,10
2026-08-24T06:19:33.994Z,0.4830123368542816,1.004258401562877,0.6133238530314304,0.4830123368542816,0.13031151617714887,0.0075,0.0075,0.0,normal,normal,normal,normal,0.0,1000.0,1000.0,0,10,10
2026-08-24T06:19:38.995Z,0.47602139882805466,1.004258401562877,0.6080806495117603,0.47602139882805466,0.13205925068370566,0.0075,0.0075,0.0,normal,normal,normal,normal,0.0,1000.0,1000.0,0,10,10
2026-08-24T06:19:43.995Z,0.41431973743017164,1.0054986061417563,0.5621144546080679,0.41431973743017164,0.14779471717789622,0.0075,0.0075,0.0,normal,normal,normal,normal,0.0,1000.0,1000.0,0,10,10
2026-08-24T06:19:48.996Z,0.4661382098462597,1.0054986061417563,0.6009783089201339,0.4661382098462597,0.13484009907387423,0.0075,0.0075,0.0,normal,normal,normal,normal,0.0,1000.0,1000.0,0,10,10
2026-08-24T06:19:53.998Z,0.47619757020756187,1.0066062375172837,0.6087997370349923,0.47619757020756187,0.13260216682743048,0.0075,0.0075,0.0,normal,normal,normal,normal,0.0,1000.0,1000.0,0,10,10
2026-08-24T06:19:58.999Z,0.4801157177546484,1.0066062375172837,0.6117383476953072,0.4801157177546484,0.13162262994065882,0.0075,0.0075,0.0,normal,normal,normal,normal,0.0,1000.0,1000.0,0,10,10
2026-08-24T06:20:04.000Z,0.4073977938342364,1.0059697561617982,0.5570407844161269,0.4073977938342364,0.1496429905818905,0.0075,0.0075,0.0,normal,normal,normal,normal,0.0,1000.0,1000.0,0,10,10
2026-08-24T06:20:09.004Z,0.41342533497911615,1.0057600526633388,0.5615090144001718,0.41342533497911615,0.1480836794210556,0.0075,0.0075,0.0,normal,normal,normal,normal,0.0,1000.0,1000.0,0,10,10
2026-08-24T06:20:14.003Z,0.4473352706900782,1.004914220525646,0.5867300081489701,0.4473352706900782,0.13939473745889192,0.0075,0.0075,0.0,normal,normal,normal,normal,0.0,1000.0,1000.0,0,10,10
2026-08-24T06:20:19.004Z,0.5278984402551551,1.004914220525646,0.6471523853227779,0.5278984402551551,0.11925394506762277,0.0075,0.0075,0.0,normal,normal,normal,normal,0.0,1000.0,1000.0,0,10,10
2026-08-24T06:20:24.005Z,0.5317104663248402,1.0047709400397031,0.649975584753556,0.5317104663248402,0.11826511842871579,0.0075,0.0075,0.0,normal,normal,normal,normal,0.0,1000.0,1000.0,0,10,10
2026-08-24T06:20:29.006Z,0.5330624960652147,1.0046277004057462,0.6509537971503476,0.5330624960652147,0.1178913010851329,0.0075,0.0075,0.0,normal,normal,normal,normal,0.0,1000.0,1000.0,0,10,10
2026-08-24T06:20:34.008Z,0.5491176716682856,1.0046277004057462,0.6629951788526507,0.5491176716682856,0.11387750718436507,0.0075,0.0075,0.0,normal,normal,normal,normal,0.0,1000.0,1000.0,0,10,10
2026-08-24T06:20:39.008Z,0.5540900709577936,1.0045395732362552,0.666702446527409,0.5540900709577936,0.11261237556961534,0.0075,0.0075,0.0,short_bias,short_bias,normal,normal,0.0,1000.0,1000.0,0,10,10
2026-08-24T06:20:44.009Z,0.5540900709577936,1.002949367366182,0.6663048950598907,0.5540900709577936,0.11221482410209704,0.0075,0.0075,0.0,normal,normal,normal,normal,0.0,1000.0,1000.0,0,10,10
2026-08-24T06:20:49.010Z,0.6671070411682672,1.002949367366182,0.751067622717746,0.6671070411682672,0.08396058154947872,0.00751067622717746,0.0075,1.0676227177460265e-05,normal,normal,normal,normal,0.0,1000.0,1000.0,0,10,10
2026-08-24T06:20:54.011Z,0.6767875157629192,1.00144727320571,0.757952455123617,0.6767875157629192,0.0811649393606978,0.00757952455123617,0.0075,7.952455123617051e-05,normal,normal,normal,normal,0.0,1000.0,1000.0,0,10,10
2026-08-24T06:20:59.012Z,0.6778890020626382,1.001161873027008,0.7587072198037306,0.6778890020626381,0.08081821774109244,0.007587072198037306,0.0075,8.707219803730671e-05,short_bias,short_bias,normal,normal,0.0,1000.0,1000.0,0,10,10
2026-08-24T06:21:04.013Z,0.4239807161413549,1.0022682942865284,0.5685526106776483,0.4239807161413549,0.14457189453629338,0.0075,0.0075,0.0,short_bias,short_bias,normal,normal,0.0,1000.0,1000.0,0,10,10
2026-08-24T06:21:09.013Z,0.48630621007145425,1.0022682942865284,0.6152967311252228,0.4863062100714542,0.12899052105376857,0.0075,0.0075,0.0,normal,normal,normal,normal,0.0,1000.0,1000.0,0,10,10
2026-08-24T06:21:14.015Z,0.542342928638927,1.0036599531000021,0.6576721847541958,0.542342928638927,0.11532925611526879,0.0075,0.0075,0.0,normal,normal,normal,normal,0.0,1000.0,1000.0,0,10,10
2026-08-24T06:21:19.017Z,0.5802533186628364,1.0034785180965111,0.6860596185212551,0.5802533186628364,0.10580629985841872,0.0075,0.0075,0.0,normal,normal,normal,normal,0.0,1000.0,1000.0,0,10,10
2026-08-24T06:21:24.016Z,0.5833652999848234,1.0031158448101196,0.6883029361911475,0.5833652999848234,0.10493763620632401,0.0075,0.0075,0.0,normal,normal,normal,normal,0.0,1000.0,1000.0,0,10,10
2026-08-24T06:21:29.019Z,0.5967310692716519,1.0029346064561342,0.6982819535677725,0.5967310692716519,0.10155088429612058,0.0075,0.0075,0.0,normal,normal,normal,normal,0.0,1000.0,1000.0,0,10,10
2026-08-24T06:21:34.019Z,0.6189850069405589,1.0029346064561342,0.7149724068194527,0.6189850069405589,0.09598739987889382,0.0075,0.0075,0.0,normal,normal,normal,normal,0.0,1000.0,1000.0,0,10,10
2026-08-24T06:21:39.020Z,0.6815754500038467,1.0028577372414622,0.7618960218132506,0.6815754500038467,0.08032057180940388,0.007618960218132506,0.0075,0.0001189602181325064,normal,normal,normal,normal,0.0,1000.0,1000.0,0,10,10
2026-08-24T06:21:44.021Z,0.8428481256772822,1.0028246731918808,0.8828422625559319,0.8428481256772823,0.03999413687864961,0.008828422625559319,0.008428481256772823,0.0003999413687864953,normal,normal,normal,normal,0.0,1000.0,1000.0,0,10,10
2026-08-24T06:21:49.022Z,0.8428481256772822,1.0026380603141591,0.8827956093365015,0.8428481256772823,0.039947483659219185,0.008827956093365015,0.008428481256772823,0.0003994748365921917,normal,normal,normal,normal,0.0,1000.0,1000.0,0,10,10
2026-08-24T06:21:54.023Z,0.8428481256772822,1.0024952939631397,0.8827599177487466,0.8428481256772823,0.039911792071464336,0.008827599177487466,0.008428481256772823,0.0003991179207146426,normal,normal,normal,normal,0.0,1000.0,1000.0,0,10,10
2026-08-24T06:21:59.025Z,0.9776050620846259,1.0024952939631397,0.9838276200542544,0.9776050620846259,0.0062225579696284505,0.009838276200542544,0.00977605062084626,6.222557969628485e-05,normal,normal,normal,normal,0.0,1000.0,1000.0,0,10,10
2026-08-24T06:22:04.026Z,1.0688797394032885,1.0028892877467934,1.0523821264891646,1.0688797394032885,-0.016497612914123883,0.010523821264891646,0.010688797394032884,-0.00016497612914123834,normal,normal,normal,normal,0.0,1000.0,1000.0,0,10,10
2026-08-24T06:22:09.027Z,1.017476289574462,1.0028892877467934,1.013829539117545,1.017476289574462,-0.0036467504569170917,0.01013829539117545,0.01017476289574462,-3.646750456916953e-05,normal,normal,normal,normal,0.0,1000.0,1000.0,0,10,10
2026-08-24T06:22:14.028Z,0.9939071229871429,1.0032832815304469,0.9962511626229689,0.9939071229871429,0.0023440396358259674,0.009962511626229688,0.009939071229871428,2.344039635826002e-05,normal,normal,normal,normal,0.0,1000.0,1000.0,0,10,10
2026-08-24T06:22:19.029Z,0.7903314775517569,1.0032832815304469,0.8435694285464295,0.7903314775517569,0.053237950994672545,0.008435694285464295,0.007903314775517568,0.0005323795099467267,normal,normal,normal,normal,0.0,1000.0,1000.0,0,10,10
2026-08-24T06:22:24.030Z,0.8017501251225515,1.0027470122138074,0.8519993468953655,0.8017501251225515,0.05024922177281399,0.008519993468953655,0.008017501251225514,0.0005024922177281413,normal,normal,normal,normal,0.0,1000.0,1000.0,0,10,10
2026-08-24T06:22:29.032Z,0.8194737456245317,1.0026372808649404,0.8652646294346338,0.8194737456245317,0.0457908838101021,0.008652646294346337,0.008194737456245316,0.0004579088381010208,normal,normal,normal,normal,0.0,1000.0,1000.0,0,10,10
2026-08-24T06:22:34.032Z,1.0125044945927562,1.0016954899966088,1.0098022434437195,1.0125044945927562,-0.0027022511490366607,0.010098022434437194,0.010125044945927562,-2.7022511490367232e-05,normal,normal,normal,normal,0.0,1000.0,1000.0,0,10,10
2026-08-24T06:22:39.035Z,1.093046100205581,1.0013997331758633,1.0701345084481515,1.093046100205581,-0.022911591757429406,0.010701345084481515,0.01093046100205581,-0.00022911591757429454,normal,normal,normal,normal,0.0,1000.0,1000.0,0,10,10
2026-08-24T06:22:44.037Z,0.8997181171504308,0.9998359687684534,0.9247475800549365,0.8997181171504308,0.025029462904505695,0.009247475800549364,0.008997181171504307,0.0002502946290450572,normal,normal,normal,normal,0.0,1000.0,1000.0,0,10,10
2026-08-24T06:22:49.037Z,1.3382962610646592,0.9998359687684534,1.2536811879906076,1.3382962610646592,-0.08461507307405158,0.012536811879906075,0.013382962610646592,-0.0008461507307405171,normal,normal,normal,normal,0.0,1000.0,1000.0,0,10,10
2026-08-24T06:22:54.037Z,1.3382962610646592,0.9982722043610437,1.2532902468887552,1.3382962610646592,-0.08500601417590392,0.012532902468887552,0.013382962610646592,-0.00085006014175904,normal,normal,normal,normal,0.0,1000.0,1000.0,0,10,10
2026-08-24T06:22:59.039Z,1.1793964781987636,0.9982722043610437,1.1341154097393336,1.1793964781987636,-0.04528106845943003,0.011341154097393336,0.011793964781987637,-0.00045281068459430106,normal,normal,normal,normal,0.0,1000.0,1000.0,0,10,10
2026-08-24T06:23:04.040Z,1.178847727825811,0.9982722043610437,1.133703846959619,1.178847727825811,-0.04514388086619192,0.01133703846959619,0.01178847727825811,-0.00045143880866191886,normal,normal,normal,normal,0.0,1000.0,1000.0,0,10,10
2026-08-24T06:23:09.041Z,1.2175022332192462,0.9982722043610437,1.1626947260046956,1.2175022332192462,-0.05480750721455063,0.011626947260046957,0.012175022332192462,-0.0005480750721455051,normal,normal,normal,normal,0.0,1000.0,1000.0,0,10,10
2026-08-24T06:23:14.042Z,1.2627907158720595,0.9982722043610437,1.1966610879943056,1.2627907158720595,-0.0661296278777539,0.011966610879943057,0.012627907158720595,-0.000661296278777538,normal,normal,normal,normal,0.0,1000.0,1000.0,0,10,10
2026-08-24T06:23:19.044Z,1.2662681421080253,0.9982722043610437,1.19926915767128,1.2662681421080253,-0.06699898443674535,0.0119926915767128,0.012662681421080253,-0.000669989844367452,normal,normal,normal,normal,0.0,1000.0,1000.0,0,10,10
2026-08-24T06:23:24.045Z,1.2789726864341604,0.9982722043610437,1.2087975659158812,1.2789726864341604,-0.07017512051827923,0.012087975659158812,0.012789726864341605,-0.0007017512051827931,normal,normal,normal,normal,0.0,1000.0,1000.0,0,10,10
2026-08-24T06:23:29.046Z,1.8694364629740126,1.000404610371148,1.6521784998232965,1.8694364629740126,-0.2172579631507161,0.024782677497349446,0.02804154694461019,-0.0032588694472607434,defensive,defensive,high,high,0.0,500.0,500.0,0,6,6
2026-08-24T06:23:34.047Z,2.2075552126875437,1.002460280143899,1.9062814795516327,2.2075552126875437,-0.301273733135911,0.02859422219327449,0.03,-0.0014057778067255097,defensive,defensive,high,high,0.0,500.0,500.0,0,6,6
2026-08-24T06:23:39.048Z,2.220139323798617,1.0023835556527445,1.9157003817621487,2.220139323798617,-0.30443894203646815,0.028735505726432232,0.03,-0.001264494273567767,defensive,defensive,high,high,0.0,500.0,500.0,0,6,6
2026-08-24T06:23:44.049Z,2.3086349156974095,1.0023835556527445,1.9820720756862433,2.3086349156974095,-0.3265628400111662,0.02973108113529365,0.03,-0.0002689188647063481,defensive,defensive,high,high,0.0,500.0,500.0,0,6,6
2026-08-24T06:23:49.050Z,1.820170719346764,0.9994697280306135,1.6149954715177262,1.8201707193467638,-0.20517524782903762,0.02422493207276589,0.027302560790201456,-0.0030776287174355647,defensive,defensive,high,high,0.0,500.0,500.0,0,6,6
2026-08-24T06:23:54.051Z,1.9272009735033042,0.9965832991663249,1.6945465549190595,1.9272009735033044,-0.23265441858424496,0.025418198323785893,0.028908014602549565,-0.0034898162787636716,defensive,defensive,high,high,0.0,500.0,500.0,0,6,6
2026-08-24T06:23:59.052Z,1.9272009735033042,0.9965832991663249,1.6945465549190595,1.9272009735033044,-0.23265441858424496,0.025418198323785893,0.028908014602549565,-0.0034898162787636716,defensive,defensive,high,high,0.0,500.0,500.0,0,6,6
2026-08-24T06:24:04.054Z,2.1528234087817903,0.9965832991663249,1.863763381377924,2.1528234087817903,-0.2890600274038664,0.02795645072066886,0.03,-0.0020435492793311402,defensive,defensive,high,high,0.0,500.0,500.0,0,6,6
2026-08-24T06:24:09.071Z,2.107819680875782,0.9983107831078311,1.8304424564337944,2.107819680875782,-0.27737722444198765,0.027456636846506916,0.03,-0.0025433631534930827,defensive,defensive,high,high,0.0,500.0,500.0,0,6,6
2026-08-24T06:24:14.057Z,2.1114652637106337,1.000038267049337,1.8336085145453096,2.1114652637106337,-0.2778567491653241,0.027504127718179644,0.03,-0.002495872281820355,defensive,defensive,high,high,0.0,500.0,500.0,0,6,6
2026-08-24T06:24:19.058Z,2.5300468495420874,1.0000109331438256,2.147537870442522,2.5300468495420874,-0.3825089790995655,0.03,0.03,0.0,defensive,defensive,high,high,0.0,500.0,500.0,0,6,6
2026-08-24T06:24:24.060Z,2.566620470829397,0.9992620168260163,2.174780857328552,2.566620470829397,-0.3918396135008453,0.03,0.03,0.0,defensive,defensive,high,high,0.0,500.0,500.0,0,6,6
2026-08-24T06:24:29.061Z,1.7808729985933396,0.9985185671100032,1.5852843907225054,1.7808729985933394,-0.19558860787083399,0.023779265860837583,0.026713094978900093,-0.00293382911806251,defensive,defensive,high,high,0.0,500.0,500.0,0,6,6
2026-08-24T06:24:34.063Z,1.3621046158681926,0.9985185671100032,1.2712081036786453,1.3621046158681926,-0.09089651218954731,0.01906812155517968,0.013621046158681926,0.005447075396497754,defensive,normal,high,normal,-500.0,500.0,1000.0,-4,6,10
2026-08-24T06:24:39.066Z,1.254310363870631,0.9985185671100032,1.190362414680474,1.254310363870631,-0.0639479491901569,0.01190362414680474,0.01254310363870631,-0.0006394794919015699,normal,normal,normal,normal,0.0,1000.0,1000.0,0,10,10
2026-08-24T06:24:44.067Z,1.2553715477748717,0.9985513663621802,1.1911665024216989,1.2553715477748717,-0.06420504535317284,0.01191166502421699,0.012553715477748717,-0.0006420504535317277,normal,normal,normal,normal,0.0,1000.0,1000.0,0,10,10
2026-08-24T06:24:49.067Z,1.2767496822792115,0.9985841656143573,1.2072083031129979,1.2767496822792115,-0.06954137916621361,0.01207208303112998,0.012767496822792115,-0.0006954137916621358,normal,normal,normal,normal,0.0,1000.0,1000.0,0,10,10
2026-08-24T06:24:54.069Z,1.1401334075123435,0.9985841656143573,1.1047460970378469,1.1401334075123435,-0.035387310474496614,0.011047460970378469,0.011401334075123434,-0.0003538731047449655,normal,normal,normal,normal,0.0,1000.0,1000.0,0,10,10
2026-08-24T06:24:59.070Z,1.1571723527603366,0.9985841656143573,1.1175253059738417,1.1571723527603366,-0.03964704678649489,0.011175253059738417,0.011571723527603366,-0.00039647046786494937,normal,normal,normal,normal,0.0,1000.0,1000.0,0,10,10
2026-08-24T06:25:04.070Z,1.1455148277347813,0.9996884071043179,1.1090582225771655,1.1455148277347813,-0.03645660515761584,0.011090582225771655,0.011455148277347813,-0.00036456605157615847,normal,normal,normal,normal,0.0,1000.0,1000.0,0,10,10
2026-08-24T06:25:09.098Z,1.1448779282846349,1.0007926485942786,1.1088566083620457,1.1448779282846349,-0.03602131992258917,0.011088566083620457,0.01144877928284635,-0.0003602131992258926,normal,normal,normal,normal,0.0,1000.0,1000.0,0,10,10
2026-08-24T06:25:14.074Z,1.1258613904688388,1.0007871777491089,1.0945928372889062,1.1258613904688388,-0.0312685531799326,0.010945928372889062,0.011258613904688387,-0.0003126855317993251,normal,normal,normal,normal,0.0,1000.0,1000.0,0,10,10
2026-08-24T06:25:19.075Z,0.45726722289043253,1.0007543539341197,0.5931390056513544,0.4572672228904325,0.13587178276092188,0.0075,0.0075,0.0,normal,normal,normal,normal,0.0,1000.0,1000.0,0,10,10
2026-08-24T06:25:24.077Z,0.3266772762047523,1.0007215322721708,0.4951883402216069,0.3266772762047523,0.16851106401685462,0.0075,0.0075,0.0,normal,normal,normal,normal,0.0,1000.0,1000.0,0,10,10
2026-08-24T06:25:29.079Z,0.28196348087366857,0.9998250830855344,0.461428881426635,0.28196348087366857,0.17946540055296645,0.0075,0.0075,0.0,normal,normal,normal,normal,0.0,1000.0,1000.0,0,10,10
2026-08-24T06:25:34.080Z,0.28149567276520066,0.9998250830855344,0.4610780253452841,0.28149567276520066,0.17958235258008343,0.0075,0.0075,0.0,normal,normal,normal,normal,0.0,1000.0,1000.0,0,10,10
2026-08-24T06:25:39.081Z,0.28196908201002574,0.9998250830855344,0.4614330822789029,0.28196908201002574,0.17946400026887716,0.0075,0.0075,0.0,short_bias,short_bias,normal,normal,0.0,1000.0,1000.0,0,10,10
2026-08-24T06:25:44.082Z,0.2612992275104657,0.9998250830855344,0.44593069140423286,0.2612992275104657,0.18463146389376717,0.0075,0.0075,0.0,normal,normal,normal,normal,0.0,1000.0,1000.0,0,10,10
2026-08-24T06:25:49.084Z,0.5393387685379127,1.0,0.6545040764034346,0.5393387685379127,0.11516530786552182,0.0075,0.0075,0.0,normal,normal,normal,normal,0.0,1000.0,1000.0,0,10,10
2026-08-24T06:25:54.085Z,0.5395841492947131,1.0,0.6546881119710348,0.5395841492947131,0.11510396267632172,0.0075,0.0075,0.0,short_bias,short_bias,normal,normal,0.0,1000.0,1000.0,0,10,10
2026-08-24T06:25:59.086Z,0.5070205106763331,1.0,0.6302653830072499,0.5070205106763331,0.12324487233091674,0.0075,0.0075,0.0,normal,normal,normal,normal,0.0,1000.0,1000.0,0,10,10
2026-08-24T06:26:04.088Z,0.5163288570389206,1.0,0.6372466427791905,0.5163288570389206,0.1209177857402699,0.0075,0.0075,0.0,normal,normal,normal,normal,0.0,1000.0,1000.0,0,10,10
2026-08-24T06:26:09.089Z,0.5018906649406844,1.0045478397761065,0.6275549586495399,0.5018906649406844,0.12566429370885557,0.0075,0.0075,0.0,normal,normal,normal,normal,0.0,1000.0,1000.0,0,10,10
2026-08-24T06:26:14.093Z,0.5276897011382334,1.0045478397761065,0.6469042357977017,0.5276897011382334,0.1192145346594683,0.0075,0.0075,0.0,normal,normal,normal,normal,0.0,1000.0,1000.0,0,10,10
2026-08-24T06:26:19.092Z,0.5482341295577075,1.0045478397761065,0.6623125571123072,0.5482341295577075,0.11407842755459974,0.0075,0.0075,0.0,normal,normal,normal,normal,0.0,1000.0,1000.0,0,10,10
2026-08-24T06:26:24.092Z,0.5484057926918411,1.0045478397761065,0.6624413044629074,0.5484057926918411,0.1140355117710663,0.0075,0.0075,0.0,normal,normal,normal,normal,0.0,1000.0,1000.0,0,10,10
2026-08-24T06:26:29.094Z,0.548821216875909,1.0044603813188735,0.6627310079866502,0.548821216875909,0.11390979111074118,0.0075,0.0075,0.0,normal,normal,normal,normal,0.0,1000.0,1000.0,0,10,10
2026-08-24T06:26:34.096Z,0.536000385188665,1.0044603813188735,0.6531153842212172,0.536000385188665,0.11711499903255218,0.0075,0.0075,0.0,normal,normal,normal,normal,0.0,1000.0,1000.0,0,10,10
2026-08-24T06:26:39.097Z,0.6311454265598084,1.004443909984859,0.724470047416071,0.6311454265598084,0.09332462085626259,0.0075,0.0075,0.0,normal,normal,normal,normal,0.0,1000.0,1000.0,0,10,10
2026-08-24T06:26:44.100Z,0.6218281130710858,1.0044274391910357,0.7174779446010733,0.6218281130710858,0.09564983152998752,0.0075,0.0075,0.0,normal,normal,normal,normal,0.0,1000.0,1000.0,0,10,10
2026-08-24T06:26:49.102Z,0.3708258261393596,1.0065263733260454,0.5297509629360311,0.3708258261393596,0.15892513679667147,0.0075,0.0075,0.0,normal,normal,normal,normal,0.0,1000.0,1000.0,0,10,10
2026-08-24T06:26:54.104Z,0.37044881038997984,1.0065263733260454,0.5294682011239962,0.37044881038997984,0.15901939073401633,0.0075,0.0075,0.0,normal,normal,normal,normal,0.0,1000.0,1000.0,0,10,10
2026-08-24T06:26:59.106Z,0.3766668531225091,1.0065263733260454,0.5341317331733932,0.3766668531225091,0.15746488005088416,0.0075,0.0075,0.0,normal,normal,normal,normal,0.0,1000.0,1000.0,0,10,10
2026-08-24T06:27:04.108Z,0.38646885631892114,1.0065263733260454,0.5414832355707022,0.38646885631892114,0.15501437925178108,0.0075,0.0075,0.0,normal,normal,normal,normal,0.0,1000.0,1000.0,0,10,10
2026-08-24T06:27:09.109Z,0.4583754571723013,1.0051268597164376,0.5950633078083354,0.4583754571723013,0.13668785063603406,0.0075,0.0075,0.0,normal,normal,normal,normal,0.0,1000.0,1000.0,0,10,10
2026-08-24T06:27:14.111Z,0.4583754571723013,1.0050334745183769,0.5950399615088202,0.4583754571723013,0.1366645043365189,0.0075,0.0075,0.0,normal,normal,normal,normal,0.0,1000.0,1000.0,0,10,10
2026-08-24T06:27:19.111Z,0.4467668518110873,1.00498404232064,0.5863211494384755,0.4467668518110873,0.1395542976273882,0.0075,0.0075,0.0,normal,normal,normal,normal,0.0,1000.0,1000.0,0,10,10
2026-08-24T06:27:24.113Z,0.47677699196059187,1.00498404232064,0.6088287545506039,0.4767769919605918,0.1320517625900121,0.0075,0.0075,0.0,normal,normal,normal,normal,0.0,1000.0,1000.0,0,10,10
2026-08-24T06:27:29.115Z,0.48712932159074895,1.0064049315787174,0.6169482240877411,0.4871293215907489,0.12981890249699218,0.0075,0.0075,0.0,normal,normal,normal,normal,0.0,1000.0,1000.0,0,10,10
2026-08-24T06:27:34.117Z,0.7494614397436725,1.0064049315787174,0.8136973127024336,0.7494614397436724,0.06423587295876121,0.008136973127024336,0.0075,0.0006369731270243362,normal,normal,normal,normal,0.0,1000.0,1000.0,0,10,10
2026-08-24T06:27:39.118Z,0.8258847641863265,1.0064049315787174,0.8710148060344243,0.8258847641863265,0.04513004184809777,0.008710148060344243,0.008258847641863265,0.00045130041848097727,normal,normal,normal,normal,0.0,1000.0,1000.0,0,10,10
2026-08-24T06:27:44.119Z,0.8258847641863265,1.0063609338113142,0.8710038065925734,0.8258847641863265,0.04511904240624687,0.008710038065925733,0.008258847641863265,0.00045119042406246805,normal,normal,normal,normal,0.0,1000.0,1000.0,0,10,10
2026-08-24T06:27:49.121Z,0.8776871846213312,1.0054863387978141,0.9096369731654519,0.8776871846213311,0.03194978854412078,0.009096369731654518,0.008776871846213312,0.00031949788544120665,normal,normal,normal,normal,0.0,1000.0,1000.0,0,10,10
2026-08-24T06:27:54.122Z,0.8776871846213312,1.0054753499961748,0.9096342259650421,0.8776871846213311,0.03194704134371096,0.009096342259650421,0.008776871846213312,0.0003194704134371097,normal,normal,normal,normal,0.0,1000.0,1000.0,0,10,10
2026-08-24T06:27:59.125Z,0.8776871846213312,1.0054643614347227,0.9096314788246791,0.8776871846213311,0.03194429420334799,0.00909631478824679,0.008776871846213312,0.00031944294203347864,normal,normal,normal,normal,0.0,1000.0,1000.0,0,10,10
2026-08-24T06:28:04.126Z,0.8636117842362497,1.0054313971914104,0.8990666874750399,0.8636117842362497,0.03545490323879019,0.008990666874750398,0.008636117842362496,0.00035454903238790227,normal,normal,normal,normal,0.0,1000.0,1000.0,0,10,10
2026-08-24T06:28:09.127Z,0.8388059530223838,1.004830178782183,0.8803120094623336,0.8388059530223838,0.04150605643994976,0.008803120094623336,0.008388059530223839,0.0004150605643994977,normal,normal,normal,normal,0.0,1000.0,1000.0,0,10,10
2026-08-24T06:28:14.129Z,0.8400123216691073,1.0048191981116612,0.8812140407797459,0.8400123216691074,0.04120171911063841,0.008812140407797459,0.008400123216691074,0.0004120171911063848,normal,normal,normal,normal,0.0,1000.0,1000.0,0,10,10
2026-08-24T06:28:19.131Z,0.8400123216691073,1.0048082176811277,0.8812112956721125,0.8400123216691074,0.041198974003005095,0.008812112956721125,0.008400123216691074,0.0004119897400300509,normal,normal,normal,normal,0.0,1000.0,1000.0,0,10,10
2026-08-24T06:28:24.132Z,0.8191365938668649,1.0048082176811277,0.8655544998204305,0.8191365938668649,0.04641790595356565,0.008655544998204305,0.008191365938668649,0.00046417905953565625,normal,normal,normal,normal,0.0,1000.0,1000.0,0,10,10
2026-08-24T06:28:29.136Z,0.9860954435872216,1.0102283903398535,0.9921286802753795,0.9860954435872215,0.006033236688158028,0.009921286802753795,0.009860954435872215,6.033236688158042e-05,normal,normal,normal,normal,0.0,1000.0,1000.0,0,10,10
2026-08-24T06:28:34.137Z,0.761779691382087,1.0102283903398535,0.8238918661215286,0.761779691382087,0.06211217473944164,0.008238918661215285,0.00761779691382087,0.0006211217473944151,normal,normal,normal,normal,0.0,1000.0,1000.0,0,10,10
2026-08-24T06:28:39.138Z,0.425964775977628,1.0102283903398535,0.5720306795681844,0.425964775977628,0.14606590359055643,0.0075,0.0075,0.0,normal,normal,normal,normal,0.0,1000.0,1000.0,0,10,10
2026-08-24T06:28:44.139Z,0.4279358081003139,1.0102283903398535,0.5735089536601987,0.4279358081003139,0.14557314555988482,0.0075,0.0075,0.0,normal,normal,normal,normal,0.0,1000.0,1000.0,0,10,10
2026-08-24T06:28:49.141Z,0.4279358081003139,1.0045896623319857,0.5720992716582318,0.4279358081003139,0.14416346355791793,0.0075,0.0075,0.0,normal,normal,normal,normal,0.0,1000.0,1000.0,0,10,10
2026-08-24T06:28:54.142Z,0.44699841037367044,1.004282374532981,0.586319401413498,0.44699841037367044,0.1393209910398276,0.0075,0.0075,0.0,normal,normal,normal,normal,0.0,1000.0,1000.0,0,10,10
2026-08-24T06:28:59.143Z,0.44699841037367044,1.004282374532981,0.586319401413498,0.44699841037367044,0.1393209910398276,0.0075,0.0075,0.0,normal,normal,normal,normal,0.0,1000.0,1000.0,0,10,10
2026-08-24T06:29:04.145Z,0.45432210758818464,1.004282374532981,0.5918121743243837,0.45432210758818464,0.13749006673619907,0.0075,0.0075,0.0,normal,normal,normal,normal,0.0,1000.0,1000.0,0,10,10
2026-08-24T06:29:09.145Z,0.36022109656489304,0.9979899058314581,0.5196632988815343,0.36022109656489304,0.15944220231664125,0.0075,0.0075,0.0,normal,normal,normal,normal,0.0,1000.0,1000.0,0,10,10
2026-08-24T06:29:14.150Z,0.4275104418327503,0.9979899058314581,0.5701303078324272,0.4275104418327503,0.14261986599967696,0.0075,0.0075,0.0,normal,normal,normal,normal,0.0,1000.0,1000.0,0,10,10
2026-08-24T06:29:19.151Z,0.7553726232515535,0.9979899058314581,0.8160269438965297,0.7553726232515535,0.06065432064497622,0.008160269438965298,0.007553726232515535,0.0006065432064497629,normal,normal,normal,normal,0.0,1000.0,1000.0,0,10,10
2026-08-24T06:29:24.151Z,0.7856929473790683,0.9979899058314581,0.8387671869921658,0.7856929473790683,0.05307423961309754,0.008387671869921658,0.007856929473790682,0.000530742396130976,normal,normal,normal,normal,0.0,1000.0,1000.0,0,10,10
2026-08-24T06:29:29.152Z,0.6161339801487473,0.9983176385763289,0.7116798947556428,0.6161339801487473,0.09554591460689543,0.0075,0.0075,0.0,normal,normal,normal,normal,0.0,1000.0,1000.0,0,10,10
2026-08-24T06:29:34.152Z,0.7999134070351437,0.9983176385763289,0.84951446492044,0.7999134070351438,0.04960105788529623,0.0084951446492044,0.007999134070351438,0.0004960105788529619,normal,normal,normal,normal,0.0,1000.0,1000.0,0,10,10
2026-08-24T06:29:39.154Z,0.7999134070351437,0.9983176385763289,0.84951446492044,0.7999134070351438,0.04960105788529623,0.0084951446492044,0.007999134070351438,0.0004960105788529619,normal,normal,normal,normal,0.0,1000.0,1000.0,0,10,10
2026-08-24T06:29:44.156Z,0.865186494992535,0.9983176385763289,0.8984692808884834,0.865186494992535,0.033282785895948463,0.008984692808884835,0.00865186494992535,0.0003328278589594842,normal,normal,normal,normal,0.0,1000.0,1000.0,0,10,10
2026-08-24T06:29:49.158Z,0.8839293562615849,0.9980117546811161,0.9124499558664677,0.8839293562615849,0.028520599604882846,0.009124499558664676,0.00883929356261585,0.00028520599604882693,normal,normal,normal,normal,0.0,1000.0,1000.0,0,10,10
2026-08-24T06:29:54.160Z,0.9022843699749119,0.9980117546811161,0.926216216151463,0.9022843699749119,0.023931846176551086,0.00926216216151463,0.009022843699749119,0.00023931846176551176,normal,normal,normal,normal,0.0,1000.0,1000.0,0,10,10
2026-08-24T06:29:59.162Z,0.9170122694786681,0.9980117546811161,0.9372621407792802,0.9170122694786681,0.020249871300612066,0.009372621407792802,0.00917012269478668,0.00020249871300612177,normal,normal,normal,normal,0.0,1000.0,1000.0,0,10,10
2026-08-24T06:30:04.163Z,1.6802292900279236,0.9980117546811161,1.5096749061912216,1.6802292900279234,-0.17055438383670185,0.022645123592868324,0.02520343935041885,-0.0025583157575505278,defensive,defensive,high,high,0.0,500.0,500.0,0,6,6
2026-08-24T06:30:09.164Z,1.8103636388014055,0.9964604863553934,1.6068878506899025,1.8103636388014055,-0.20347578811150302,0.024103317760348537,0.027155454582021083,-0.0030521368216725464,defensive,defensive,high,high,0.0,500.0,500.0,0,6,6
2026-08-24T06:30:14.165Z,1.8860588111845846,0.9964604863553934,1.6636592299772868,1.8860588111845846,-0.22239958120729786,0.0249548884496593,0.028290882167768767,-0.0033359937181094666,defensive,defensive,high,high,0.0,500.0,500.0,0,6,6
2026-08-24T06:30:19.167Z,1.7577852657194086,0.9964604863553934,1.5674540708784048,1.7577852657194086,-0.1903311948410038,0.023511811063176073,0.02636677898579113,-0.002854967922615057,defensive,defensive,high,high,0.0,500.0,500.0,0,6,6
2026-08-24T06:30:24.168Z,1.8346884796803806,0.9964604863553934,1.6251314813491338,1.8346884796803806,-0.20955699833124686,0.024376972220237006,0.02752032719520571,-0.003143354974968704,defensive,defensive,high,high,0.0,500.0,500.0,0,6,6
2026-08-24T06:30:29.172Z,1.8310352788874589,0.9984050339749612,1.6228777176593345,1.8310352788874589,-0.20815756122812434,0.024343165764890016,0.027465529183311882,-0.003122363418421866,defensive,defensive,high,high,0.0,500.0,500.0,0,6,6
2026-08-24T06:30:34.172Z,2.0939194581655167,0.9984050339749612,1.820040852117878,2.0939194581655167,-0.2738786060476388,0.02730061278176817,0.03,-0.0026993872182318294,defensive,defensive,high,high,0.0,500.0,500.0,0,6,6
2026-08-24T06:30:39.174Z,2.094131332662267,0.9984050339749612,1.8201997579904408,2.094131332662267,-0.2739315746718263,0.027302996369856614,0.03,-0.0026970036301433853,defensive,defensive,high,high,0.0,500.0,500.0,0,6,6
2026-08-24T06:30:44.177Z,2.0714855690470415,0.9984050339749612,1.8032154352790215,2.0714855690470415,-0.26827013376802,0.027048231529185323,0.03,-0.002951768470814676,defensive,defensive,high,high,0.0,500.0,500.0,0,6,6
2026-08-24T06:30:49.178Z,2.2556531919820193,0.9965041840547095,1.940865940000192,2.2556531919820193,-0.31478725198182733,0.02911298910000288,0.03,-0.0008870108999971191,defensive,defensive,high,high,0.0,500.0,500.0,0,6,6
2026-08-24T06:30:54.178Z,2.2385354366470707,0.9965041840547095,1.9280276234989802,2.2385354366470707,-0.3105078131480905,0.028920414352484703,0.03,-0.0010795856475152958,defensive,defensive,high,high,0.0,500.0,500.0,0,6,6
2026-08-24T06:30:59.182Z,2.240025766707782,0.9965041840547095,1.929145371044514,2.240025766707782,-0.31088039566326797,0.02893718056566771,0.03,-0.0010628194343322885,defensive,defensive,high,high,0.0,500.0,500.0,0,6,6
2026-08-24T06:31:04.183Z,1.4152406162831106,0.9965041840547095,1.3105565082260102,1.4152406162831106,-0.10468410805710038,0.01965834762339015,0.014152406162831106,0.005505941460559046,defensive,normal,high,normal,-500.0,500.0,1000.0,-4,6,10
2026-08-24T06:31:09.185Z,1.3487759089619018,0.9965915794533418,1.2607298265847617,1.3487759089619018,-0.08804608237714007,0.018910947398771426,0.013487759089619017,0.005423188309152409,defensive,normal,high,normal,-500.0,500.0,1000.0,-4,6,10
2026-08-24T06:31:14.220Z,1.8514684840170352,0.9965915794533418,1.637749257876112,1.8514684840170352,-0.2137192261409233,0.02456623886814168,0.027772027260255527,-0.003205788392113846,defensive,defensive,high,high,0.0,500.0,500.0,0,6,6
2026-08-24T06:31:19.188Z,1.8598325444250206,0.9965915794533418,1.6440223031821009,1.8598325444250206,-0.2158102412429197,0.024660334547731512,0.027897488166375307,-0.0032371536186437955,defensive,defensive,high,high,0.0,500.0,500.0,0,6,6
2026-08-24T06:31:24.190Z,1.777148079777332,0.996918302224942,1.5820906353892346,1.777148079777332,-0.19505744438809747,0.02373135953083852,0.02665722119665998,-0.002925861665821459,defensive,defensive,high,high,0.0,500.0,500.0,0,6,6
2026-08-24T06:31:29.194Z,1.7777443928167058,0.996918302224942,1.582537870168765,1.7777443928167058,-0.19520652264794092,0.023738068052531473,0.026666165892250588,-0.0029280978397191147,defensive,defensive,high,high,0.0,500.0,500.0,0,6,6
2026-08-24T06:31:34.192Z,1.3435388369954822,0.996918302224942,1.256883703302847,1.3435388369954822,-0.08665513369263511,0.018853255549542706,0.013435388369954821,0.005417867179587884,defensive,normal,high,normal,-500.0,500.0,1000.0,-4,6,10
2026-08-24T06:31:39.194Z,1.396657685977152,0.996918302224942,1.2967228400390995,1.396657685977152,-0.09993484593805246,0.019450842600586493,0.01396657685977152,0.005484265740814974,defensive,short_bias,high,normal,-500.0,500.0,1000.0,-4,6,10
2026-08-24T06:31:44.196Z,1.418666373561858,0.996918302224942,1.313229355727629,1.418666373561858,-0.10543701783422899,0.019698440335914436,0.01418666373561858,0.005511776600295856,defensive,normal,high,normal,-500.0,500.0,1000.0,-4,6,10
2026-08-24T06:31:49.198Z,1.4451562161613452,0.9972241043911608,1.333173188218799,1.445156216161345,-0.111983027942546,0.019997597823281987,0.01445156216161345,0.005546035661668537,defensive,normal,high,normal,-500.0,500.0,1000.0,-4,6,10
2026-08-24T06:31:54.200Z,1.4453115279248292,0.9974645362942887,1.333349780017194,1.4453115279248292,-0.11196174790763513,0.02000024670025791,0.014453115279248292,0.005547131421009618,defensive,short_bias,high,normal,-500.0,500.0,1000.0,-4,6,10
2026-08-24T06:31:59.204Z,1.4415356480954675,0.9974863387978141,1.3305233207710543,1.4415356480954677,-0.11101232732441346,0.019957849811565814,0.014415356480954678,0.0055424933306111365,defensive,short_bias,high,normal,-500.0,500.0,1000.0,-4,6,10
2026-08-24T06:32:04.204Z,1.5642627717320685,0.9974863387978141,1.4225686634985049,1.5642627717320685,-0.14169410823356365,0.021338529952477574,0.02346394157598103,-0.0021254116235034544,defensive,defensive,high,high,0.0,500.0,500.0,0,6,6
2026-08-24T06:32:09.208Z,1.4987888909604978,0.9966773051195734,1.3732609945002667,1.4987888909604978,-0.1255278964602311,0.020598914917504,0.014987888909604978,0.005611026007899022,defensive,short_bias,high,normal,-500.0,500.0,1000.0,-4,6,10
2026-08-24T06:32:14.217Z,1.4339019739833074,0.9957810518952477,1.3243717434612927,1.4339019739833077,-0.10953023052201494,0.01986557615191939,0.014339019739833076,0.005526556412086313,defensive,normal,high,normal,-500.0,500.0,1000.0,-4,6,10
2026-08-24T06:32:19.216Z,0.6585694243689315,0.9957810518952477,0.7428723312505106,0.6585694243689315,0.08430290688157904,0.0075,0.0075,0.0,normal,normal,normal,normal,0.0,1000.0,1000.0,0,10,10
2026-08-24T06:32:24.216Z,0.6515724552573905,0.9957810518952477,0.7376246044168548,0.6515724552573905,0.08605214915946435,0.0075,0.0075,0.0,short_bias,short_bias,normal,normal,0.0,1000.0,1000.0,0,10,10
2026-08-24T06:32:29.220Z,0.6601084477813493,0.99626196825952,0.7441468279008919,0.6601084477813493,0.08403838011954268,0.0075,0.0075,0.0,normal,normal,normal,normal,0.0,1000.0,1000.0,0,10,10
2026-08-24T06:32:34.219Z,0.7062898828417052,0.9967428846237922,0.7789031332872269,0.7062898828417051,0.0726132504455218,0.007789031332872269,0.0075,0.00028903133287226917,normal,normal,normal,normal,0.0,1000.0,1000.0,0,10,10
2026-08-24T06:32:39.220Z,0.6936230407471694,0.9967428846237922,0.7694030017163251,0.6936230407471694,0.07577996096915574,0.007694030017163251,0.0075,0.00019403001716325127,normal,normal,normal,normal,0.0,1000.0,1000.0,0,10,10
2026-08-24T06:32:44.222Z,0.7634311521908758,0.9967428846237922,0.8217590852991049,0.7634311521908758,0.058327933108229146,0.00821759085299105,0.007634311521908758,0.0005832793310822917,normal,normal,normal,normal,0.0,1000.0,1000.0,0,10,10
2026-08-24T06:32:49.223Z,0.7168833814412973,0.9969177633017093,0.7868919769064002,0.7168833814412973,0.07000859546510296,0.007868919769064002,0.0075,0.00036891976906400226,normal,normal,normal,normal,0.0,1000.0,1000.0,0,10,10
2026-08-24T06:32:54.225Z,0.7168515354897916,0.9970926419796267,0.7869118121122504,0.7168515354897916,0.07006027662245873,0.007869118121122504,0.0075,0.00036911812112250426,normal,normal,normal,normal,0.0,1000.0,1000.0,0,10,10
2026-08-24T06:32:59.228Z,0.732659906016597,0.9970926419796267,0.7987680900073545,0.7326599060165971,0.06610818399075735,0.007987680900073546,0.0075,0.00048768090007354596,normal,normal,normal,normal,0.0,1000.0,1000.0,0,10,10
2026-08-24T06:33:04.227Z,0.48938486976900614,0.9970926419796267,0.6163118128216613,0.48938486976900614,0.12692694305265512,0.0075,0.0075,0.0,normal,normal,normal,normal,0.0,1000.0,1000.0,0,10,10
2026-08-24T06:33:09.228Z,0.4790886861169015,0.9970926419796267,0.6085896750825828,0.4790886861169015,0.1295009889656813,0.0075,0.0075,0.0,normal,normal,normal,normal,0.0,1000.0,1000.0,0,10,10
2026-08-24T06:33:14.231Z,0.4837497374955147,0.9934420495781052,0.6111728155161623,0.4837497374955147,0.12742307802064762,0.0075,0.0075,0.0,normal,normal,normal,normal,0.0,1000.0,1000.0,0,10,10
2026-08-24T06:33:19.231Z,0.4840967570837817,0.9935397833477257,0.6114575136497677,0.4840967570837817,0.12736075656598606,0.0075,0.0075,0.0,normal,normal,normal,normal,0.0,1000.0,1000.0,0,10,10
2026-08-24T06:33:24.232Z,0.4840967570837817,0.9936266739546324,0.6114792363014944,0.4840967570837817,0.12738247921771267,0.0075,0.0075,0.0,normal,normal,normal,normal,0.0,1000.0,1000.0,0,10,10
2026-08-24T06:33:29.235Z,0.47585215466789665,0.9936266739546324,0.6052957844895805,0.47585215466789665,0.1294436298216839,0.0075,0.0075,0.0,normal,normal,normal,normal,0.0,1000.0,1000.0,0,10,10
2026-08-24T06:33:34.235Z,0.45103748677144084,0.9940746895224768,0.5867967874591998,0.45103748677144084,0.135759300687759,0.0075,0.0075,0.0,normal,normal,normal,normal,0.0,1000.0,1000.0,0,10,10
2026-08-24T06:33:39.238Z,0.44746009960286653,0.9940746895224768,0.5841137470827691,0.44746009960286653,0.13665364747990255,0.0075,0.0075,0.0,normal,normal,normal,normal,0.0,1000.0,1000.0,0,10,10
2026-08-24T06:33:44.242Z,0.2202334259070663,0.9940746895224768,0.4136937418109189,0.2202334259070663,0.1934603159038526,0.0075,0.0075,0.0,normal,normal,normal,normal,0.0,1000.0,1000.0,0,10,10
2026-08-24T06:33:49.244Z,0.22244570276197212,0.9940746895224768,0.4153529494520983,0.2224457027619721,0.19290724669012618,0.0075,0.0075,0.0,normal,normal,normal,normal,0.0,1000.0,1000.0,0,10,10
2026-08-24T06:33:54.243Z,0.221698915093811,0.9952769335053463,0.41509341969669483,0.221698915093811,0.19339450460288382,0.0075,0.0075,0.0,normal,normal,normal,normal,0.0,1000.0,1000.0,0,10,10
2026-08-24T06:33:59.243Z,0.17128336566605618,0.9952769335053463,0.3772817576258787,0.17128336566605618,0.2059983919598225,0.0075,0.0075,0.0,normal,normal,normal,normal,0.0,1000.0,1000.0,0,10,10
2026-08-24T06:34:04.243Z,0.35148415779261993,0.9952878150112066,0.5124350720972666,0.35148415779261993,0.16095091430464664,0.0075,0.0075,0.0,normal,normal,normal,normal,0.0,1000.0,1000.0,0,10,10
2026-08-24T06:34:09.246Z,0.36288980773428375,0.9952878150112066,0.5209893095535145,0.36288980773428375,0.15809950181923077,0.0075,0.0075,0.0,normal,normal,normal,normal,0.0,1000.0,1000.0,0,10,10
2026-08-24T06:34:14.247Z,0.4347378807289906,0.995079601119664,0.5748233108266589,0.4347378807289906,0.14008543009766833,0.0075,0.0075,0.0,normal,normal,normal,normal,0.0,1000.0,1000.0,0,10,10
2026-08-24T06:34:19.250Z,0.44018759421801157,0.995079601119664,0.5789105959434246,0.44018759421801157,0.13872300172541308,0.0075,0.0075,0.0,normal,normal,normal,normal,0.0,1000.0,1000.0,0,10,10
2026-08-24T06:34:24.252Z,0.44018759421801157,0.995079601119664,0.5789105959434246,0.44018759421801157,0.13872300172541308,0.0075,0.0075,0.0,normal,normal,normal,normal,0.0,1000.0,1000.0,0,10,10
2026-08-24T06:34:29.256Z,0.4403532701874944,0.995079601119664,0.5790348529205368,0.4403532701874944,0.13868158273304237,0.0075,0.0075,0.0,normal,normal,normal,normal,0.0,1000.0,1000.0,0,10,10
2026-08-24T06:34:34.256Z,0.4457755320382746,0.9951988801032406,0.5831313690545161,0.4457755320382746,0.13735583701624154,0.0075,0.0075,0.0,normal,normal,normal,normal,0.0,1000.0,1000.0,0,10,10
2026-08-24T06:34:39.258Z,0.4457755320382746,0.9952641882949985,0.5831476961024555,0.4457755320382746,0.13737216406418096,0.0075,0.0075,0.0,normal,normal,normal,normal,0.0,1000.0,1000.0,0,10,10
2026-08-24T06:34:44.261Z,0.44769900801767293,0.9952641882949985,0.5845903030870043,0.447699008017673,0.13689129506933134,0.0075,0.0075,0.0,normal,normal,normal,normal,0.0,1000.0,1000.0,0,10,10
2026-08-24T06:34:49.261Z,0.6065342278534444,0.9954492747281599,0.7037629895721232,0.6065342278534444,0.09722876171867889,0.0075,0.0075,0.0,normal,normal,normal,normal,0.0,1000.0,1000.0,0,10,10
2026-08-24T06:34:54.263Z,0.6120600248775065,0.9956891835707564,0.707967314550819,0.6120600248775065,0.09590728967331241,0.0075,0.0075,0.0,normal,normal,normal,normal,0.0,1000.0,1000.0,0,10,10
2026-08-24T06:34:59.265Z,0.6109185660890789,0.9957545518207283,0.7071275625219913,0.6109185660890789,0.09620899643291236,0.0075,0.0075,0.0,normal,normal,normal,normal,0.0,1000.0,1000.0,0,10,10
2026-08-24T06:35:04.268Z,0.5820734641615953,0.9957545518207283,0.6854937360763786,0.5820734641615953,0.10342027191478331,0.0075,0.0075,0.0,normal,normal,normal,normal,0.0,1000.0,1000.0,0,10,10
2026-08-24T06:35:09.269Z,0.5872128075036658,0.9957545518207283,0.6893482435829315,0.5872128075036658,0.10213543607926567,0.0075,0.0075,0.0,normal,normal,normal,normal,0.0,1000.0,1000.0,0,10,10
2026-08-24T06:35:14.270Z,0.4891615584684145,0.9950323879551821,0.6156292658401064,0.4891615584684145,0.12646770737169183,0.0075,0.0075,0.0,short_bias,short_bias,normal,normal,0.0,1000.0,1000.0,0,10,10
2026-08-24T06:35:19.272Z,0.49091390264781437,0.9951194957541801,0.6169653009244058,0.49091390264781437,0.12605139827659145,0.0075,0.0075,0.0,short_bias,short_bias,normal,normal,0.0,1000.0,1000.0,0,10,10
2026-08-24T06:35:24.273Z,0.5447511095280322,0.9951194957541801,0.6573432060845692,0.5447511095280322,0.11259209655653701,0.0075,0.0075,0.0,normal,normal,normal,normal,0.0,1000.0,1000.0,0,10,10
2026-08-24T06:35:29.276Z,0.5447511095280322,0.9951194957541801,0.6573432060845692,0.5447511095280322,0.11259209655653701,0.0075,0.0075,0.0,short_bias,short_bias,normal,normal,0.0,1000.0,1000.0,0,10,10
2026-08-24T06:35:34.276Z,0.8777062568027285,0.9922524730806268,0.9063428108722031,0.8777062568027286,0.028636554069474518,0.009063428108722031,0.008777062568027285,0.00028636554069474615,normal,normal,normal,normal,0.0,1000.0,1000.0,0,10,10
2026-08-24T06:35:39.278Z,0.8790430687260603,0.992556591794737,0.9074214494932296,0.8790430687260603,0.028378380767169253,0.009074214494932295,0.008790430687260603,0.00028378380767169267,normal,normal,normal,normal,0.0,1000.0,1000.0,0,10,10
2026-08-24T06:35:44.279Z,1.4581593009753604,0.992556591794737,1.3417586236802046,1.4581593009753604,-0.1164006772951558,0.013417586236802045,0.014581593009753605,-0.001164006772951559,normal,normal,normal,normal,0.0,1000.0,1000.0,0,10,10
2026-08-24T06:35:49.281Z,1.3113667469032304,0.992556591794737,1.231664208126107,1.3113667469032304,-0.0797025387771233,0.01231664208126107,0.013113667469032303,-0.0007970253877712333,normal,normal,normal,normal,0.0,1000.0,1000.0,0,10,10
2026-08-24T06:35:54.281Z,1.634684955966007,0.9934322868777091,1.4743717886939327,1.634684955966007,-0.16031316727207434,0.014743717886939327,0.024520274339490104,-0.009776556452550777,normal,defensive,normal,high,500.0,1000.0,500.0,4,10,6
2026-08-24T06:35:59.283Z,1.7021871363632177,0.9934322868777091,1.5249984239918406,1.7021871363632177,-0.17718871237137712,0.02287497635987761,0.025532807045448264,-0.0026578306855706557,defensive,defensive,high,high,0.0,500.0,500.0,0,6,6
2026-08-24T06:36:04.285Z,1.7116101617454746,0.9934322868777091,1.5320656930285335,1.7116101617454749,-0.1795444687169414,0.022980985395428002,0.025674152426182123,-0.0026931670307541213,defensive,defensive,high,high,0.0,500.0,500.0,0,6,6
2026-08-24T06:36:09.287Z,1.7602113581166061,0.9934540359480701,1.568522027574472,1.760211358116606,-0.19168933054213388,0.02352783041361708,0.02640317037174909,-0.002875339958132009,defensive,defensive,high,high,0.0,500.0,500.0,0,6,6
2026-08-24T06:36:14.288Z,2.570495761642165,0.9934540359480701,2.176235330218641,2.570495761642165,-0.39426043142352407,0.03,0.03,0.0,defensive,defensive,high,high,0.0,500.0,500.0,0,6,6
2026-08-24T06:36:19.289Z,2.6279774332581978,0.9934540359480701,2.219346583930666,2.6279774332581978,-0.4086308493275319,0.03,0.03,0.0,defensive,defensive,high,high,0.0,500.0,500.0,0,6,6
2026-08-24T06:36:24.292Z,2.57852276531882,0.9934540359480701,2.1822555829761328,2.57852276531882,-0.3962671823426871,0.03,0.03,0.0,defensive,defensive,high,high,0.0,500.0,500.0,0,6,6
2026-08-24T06:36:29.293Z,2.6141966236258,0.9936498204431988,2.20905992283015,2.6141966236258,-0.4051367007956501,0.03,0.03,0.0,defensive,defensive,high,high,0.0,500.0,500.0,0,6,6
2026-08-24T06:36:34.293Z,2.229287762726519,1.0004379434177104,1.9220753078993167,2.229287762726519,-0.3072124548272024,0.02883112961848975,0.03,-0.0011688703815102494,defensive,defensive,high,high,0.0,500.0,500.0,0,6,6
2026-08-24T06:36:39.296Z,2.269349216787134,1.0004379434177104,1.952121398444778,2.269349216787134,-0.317227818342356,0.02928182097667167,0.03,-0.0007181790233283282,defensive,defensive,high,high,0.0,500.0,500.0,0,6,6
2026-08-24T06:36:44.299Z,1.3522580628318677,1.0004379434177104,1.2643030329783285,1.3522580628318677,-0.0879550298535392,0.01896454549467493,0.013522580628318678,0.005441964866356251,defensive,normal,high,normal,-500.0,500.0,1000.0,-4,6,10
2026-08-24T06:36:49.301Z,1.3718684756774824,1.0004379434177104,1.2790108426125393,1.3718684756774824,-0.0928576330649431,0.01918516263918809,0.013718684756774823,0.0054664778824132666,defensive,normal,high,normal,-500.0,500.0,1000.0,-4,6,10
2026-08-24T06:36:54.302Z,0.7120855907599668,0.9912849259875625,0.7818854245668657,0.7120855907599668,0.06979983380689891,0.007818854245668657,0.0075,0.00031885424566865765,normal,normal,normal,normal,0.0,1000.0,1000.0,0,10,10
2026-08-24T06:36:59.303Z,0.5292118787750312,0.9912849259875625,0.644730140578164,0.5292118787750312,0.11551826180313285,0.0075,0.0075,0.0,normal,normal,normal,normal,0.0,1000.0,1000.0,0,10,10
2026-08-24T06:37:04.305Z,0.4889283229109863,0.9913174865601699,0.6145256138232822,0.48892832291098626,0.12559729091229593,0.0075,0.0075,0.0,normal,normal,normal,normal,0.0,1000.0,1000.0,0,10,10
2026-08-24T06:37:09.305Z,0.5100198021666322,0.9913500492718712,0.630352363942942,0.5100198021666322,0.1203325617763098,0.0075,0.0075,0.0,normal,normal,normal,normal,0.0,1000.0,1000.0,0,10,10
2026-08-24T06:37:14.306Z,0.4829377833005593,0.9914157451001862,0.610057273750466,0.4829377833005593,0.12711949044990672,0.0075,0.0075,0.0,normal,normal,normal,normal,0.0,1000.0,1000.0,0,10,10
2026-08-24T06:37:19.306Z,0.48233896784810554,0.9914157451001862,0.6096081621611257,0.48233896784810554,0.12726919431302014,0.0075,0.0075,0.0,normal,normal,normal,normal,0.0,1000.0,1000.0,0,10,10
2026-08-24T06:37:24.307Z,0.48173957186428795,0.9916546195295046,0.6092183337805921,0.4817395718642879,0.1274787619163042,0.0075,0.0075,0.0,normal,normal,normal,normal,0.0,1000.0,1000.0,0,10,10
2026-08-24T06:37:29.313Z,0.38885902045023557,0.9918718780124441,0.5396122348407877,0.38885902045023557,0.15075321439055211,0.0075,0.0075,0.0,normal,normal,normal,normal,0.0,1000.0,1000.0,0,10,10
2026-08-24T06:37:34.313Z,0.3905434314237602,0.9994741915695381,0.5427761214602047,0.3905434314237602,0.15223269003644452,0.0075,0.0075,0.0,normal,normal,normal,normal,0.0,1000.0,1000.0,0,10,10
2026-08-24T06:37:39.315Z,0.39005964334464677,0.9994741915695381,0.5424132804008696,0.39005964334464677,0.1523536370562228,0.0075,0.0075,0.0,normal,normal,normal,normal,0.0,1000.0,1000.0,0,10,10
2026-08-24T06:37:44.322Z,0.28154737944361075,0.9994741915695381,0.46102908247509256,0.28154737944361075,0.1794817030314818,0.0075,0.0075,0.0,normal,normal,normal,normal,0.0,1000.0,1000.0,0,10,10
2026-08-24T06:37:49.319Z,0.2815673082086392,0.9994741915695381,0.4610440290488639,0.2815673082086392,0.1794767208402247,0.0075,0.0075,0.0,normal,normal,normal,normal,0.0,1000.0,1000.0,0,10,10
2026-08-24T06:37:54.322Z,0.28158724146401415,0.9994741915695381,0.46105897899039516,0.28158724146401415,0.17947173752638101,0.0075,0.0075,0.0,normal,normal,normal,normal,0.0,1000.0,1000.0,0,10,10
2026-08-24T06:37:59.323Z,0.28287191794182076,0.9994741915695381,0.4620224863487501,0.28287191794182076,0.17915056840692933,0.0075,0.0075,0.0,normal,normal,normal,normal,0.0,1000.0,1000.0,0,10,10
2026-08-24T06:38:04.325Z,0.28287191794182076,0.9996713049194698,0.462071764686233,0.28287191794182076,0.17919984674441225,0.0075,0.0075,0.0,normal,normal,normal,normal,0.0,1000.0,1000.0,0,10,10
2026-08-24T06:38:09.327Z,0.5353380716613363,0.9996713049194698,0.6514213799758697,0.5353380716613363,0.1160833083145334,0.0075,0.0075,0.0,normal,normal,normal,normal,0.0,1000.0,1000.0,0,10,10
2026-08-24T06:38:14.329Z,0.5456561209086057,0.9989262627369344,0.6589736563656878,0.5456561209086057,0.11331753545708212,0.0075,0.0075,0.0,normal,normal,normal,normal,0.0,1000.0,1000.0,0,10,10
2026-08-24T06:38:19.337Z,0.5705991980081773,0.9991671050324391,0.6777411747642428,0.5705991980081773,0.10714197675606552,0.0075,0.0075,0.0,short_bias,short_bias,normal,normal,0.0,1000.0,1000.0,0,10,10
2026-08-24T06:38:24.332Z,0.6278868827893175,0.9992547128452433,0.720728840303299,0.6278868827893175,0.0928419575139815,0.0075,0.0075,0.0,normal,normal,normal,normal,0.0,1000.0,1000.0,0,10,10
2026-08-24T06:38:29.334Z,0.6278868827893175,0.9992547128452433,0.720728840303299,0.6278868827893175,0.0928419575139815,0.0075,0.0075,0.0,short_bias,short_bias,normal,normal,0.0,1000.0,1000.0,0,10,10
2026-08-24T06:38:34.335Z,0.6278868827893175,0.9983779044278824,0.7205096381989587,0.6278868827893175,0.09262275540964127,0.0075,0.0075,0.0,short_bias,short_bias,normal,normal,0.0,1000.0,1000.0,0,10,10
2026-08-24T06:38:39.336Z,0.6278868827893175,0.9983779044278824,0.7205096381989587,0.6278868827893175,0.09262275540964127,0.0075,0.0075,0.0,short_bias,short_bias,normal,normal,0.0,1000.0,1000.0,0,10,10
2026-08-24T06:38:44.337Z,0.6259004038042505,0.9983779044278824,0.7190197789601585,0.6259004038042505,0.09311937515590796,0.0075,0.0075,0.0,short_bias,short_bias,normal,normal,0.0,1000.0,1000.0,0,10,10
2026-08-24T06:38:49.339Z,0.6260779212979861,0.9983779044278824,0.7191529170804603,0.6260779212979861,0.09307499578247413,0.0075,0.0075,0.0,short_bias,short_bias,normal,normal,0.0,1000.0,1000.0,0,10,10
2026-08-24T06:38:54.339Z,0.6265309457051172,0.9983779044278824,0.7194926853858086,0.6265309457051172,0.09296173968069132,0.0075,0.0075,0.0,normal,normal,normal,normal,0.0,1000.0,1000.0,0,10,10
2026-08-24T06:38:59.341Z,0.6428088089566812,0.9983779044278824,0.7317010828244815,0.6428088089566812,0.0888922738678003,0.0075,0.0075,0.0,normal,normal,normal,normal,0.0,1000.0,1000.0,0,10,10
2026-08-24T06:39:04.342Z,0.7631590335843121,0.9983779044278824,0.8219637512952047,0.7631590335843121,0.05880471771089257,0.008219637512952047,0.007631590335843121,0.000588047177108926,normal,normal,normal,normal,0.0,1000.0,1000.0,0,10,10
2026-08-24T06:39:09.344Z,0.5723052768145512,0.9983779044278824,0.678823433717884,0.5723052768145512,0.10651815690333277,0.0075,0.0075,0.0,normal,normal,normal,normal,0.0,1000.0,1000.0,0,10,10
2026-08-24T06:39:14.345Z,0.5144759722242092,0.9995725558965366,0.635750118142291,0.5144759722242092,0.12127414591808183,0.0075,0.0075,0.0,normal,normal,normal,normal,0.0,1000.0,1000.0,0,10,10
2026-08-24T06:39:19.352Z,0.48479754767137223,1.000920790125622,0.6138283582849346,0.48479754767137223,0.12903081061356242,0.0075,0.0075,0.0,normal,normal,normal,normal,0.0,1000.0,1000.0,0,10,10
2026-08-24T06:39:24.347Z,0.4285010522706799,1.000920790125622,0.5716059867344154,0.42850105227067986,0.14310493446373557,0.0075,0.0075,0.0,normal,normal,normal,normal,0.0,1000.0,1000.0,0,10,10
2026-08-24T06:39:29.348Z,0.6920107346865472,1.000920790125622,0.769238248546316,0.6920107346865473,0.07722751385976867,0.00769238248546316,0.0075,0.0001923824854631606,normal,normal,normal,normal,0.0,1000.0,1000.0,0,10,10
2026-08-24T06:39:34.350Z,0.6920107346865472,1.0018854274000835,0.7694794078649313,0.6920107346865473,0.07746867317838402,0.007694794078649313,0.0075,0.0001947940786493135,normal,normal,normal,normal,0.0,1000.0,1000.0,0,10,10
2026-08-24T06:39:39.350Z,0.7478448003944277,1.0028500646745446,0.811596116464457,0.7478448003944277,0.06375131607002926,0.00811596116464457,0.0075,0.0006159611646445705,normal,normal,normal,normal,0.0,1000.0,1000.0,0,10,10
2026-08-24T06:39:44.351Z,0.7478448003944277,1.0018635038256638,0.8113494762522366,0.7478448003944277,0.06350467585780895,0.008113494762522365,0.0075,0.0006134947625223656,normal,normal,normal,normal,0.0,1000.0,1000.0,0,10,10
2026-08-24T06:39:49.363Z,0.7744387281603607,1.000876942976783,0.8310482818644662,0.7744387281603607,0.056609553704105475,0.008310482818644662,0.007744387281603607,0.0005660955370410548,normal,normal,normal,normal,0.0,1000.0,1000.0,0,10,10
2026-08-24T06:39:54.356Z,0.7749219853276508,1.000876942976783,0.8314107247399338,0.7749219853276509,0.05648873941228294,0.008314107247399338,0.007749219853276509,0.000564887394122829,normal,normal,normal,normal,0.0,1000.0,1000.0,0,10,10
2026-08-24T06:39:59.357Z,0.7588136260139036,1.000876942976783,0.8193294552546233,0.7588136260139035,0.060515829240719854,0.008193294552546233,0.007588136260139035,0.000605158292407198,normal,normal,normal,normal,0.0,1000.0,1000.0,0,10,10
2026-08-24T06:40:04.357Z,0.6404698599655971,1.0030144914826913,0.7311060178448707,0.6404698599655971,0.0906361578792736,0.0075,0.0075,0.0,normal,normal,normal,normal,0.0,1000.0,1000.0,0,10,10
2026-08-24T06:40:09.359Z,1.3621475474473501,1.0051520399885998,1.2728986705826626,1.3621475474473501,-0.08924887686468752,0.012728986705826626,0.013621475474473501,-0.0008924887686468756,normal,normal,normal,normal,0.0,1000.0,1000.0,0,10,10
2026-08-24T06:40:14.362Z,1.3621475474473501,1.0051520399885998,1.2728986705826626,1.3621475474473501,-0.08924887686468752,0.012728986705826626,0.013621475474473501,-0.0008924887686468756,normal,normal,normal,normal,0.0,1000.0,1000.0,0,10,10
2026-08-24T06:40:19.365Z,1.3629963500910116,1.0051520399885998,1.2735352725654088,1.3629963500910118,-0.08946107752560306,0.012735352725654087,0.013629963500910117,-0.0008946107752560301,normal,normal,normal,normal,0.0,1000.0,1000.0,0,10,10
2026-08-24T06:40:24.362Z,1.3616532165930502,0.9989805537894898,1.2709850508921603,1.3616532165930504,-0.09066816570089009,0.012709850508921603,0.013616532165930504,-0.0009066816570089016,normal,normal,normal,normal,0.0,1000.0,1000.0,0,10,10
2026-08-24T06:40:29.364Z,1.3637169157012974,0.9928090675903799,1.270989953673568,1.3637169157012974,-0.09272696202772934,0.01270989953673568,0.013637169157012973,-0.0009272696202772927,normal,normal,normal,normal,0.0,1000.0,1000.0,0,10,10
2026-08-24T06:40:34.364Z,1.430713621623797,0.9928090675903799,1.3212374831154428,1.430713621623797,-0.10947613850835425,0.013212374831154427,0.01430713621623797,-0.0010947613850835428,normal,normal,normal,normal,0.0,1000.0,1000.0,0,10,10
2026-08-24T06:40:39.365Z,1.3860170560979974,0.9928090675903799,1.287715058971093,1.3860170560979974,-0.09830199712690435,0.01287715058971093,0.013860170560979974,-0.0009830199712690443,normal,normal,normal,normal,0.0,1000.0,1000.0,0,10,10
2026-08-24T06:40:44.366Z,1.7439822547250845,0.9984215026417907,1.557592066704261,1.7439822547250845,-0.1863901880208234,0.023363881000563917,0.026159733820876267,-0.0027958528203123507,defensive,defensive,high,high,0.0,500.0,500.0,0,6,6
2026-08-24T06:40:49.366Z,1.764292204875453,1.0040339376932015,1.5742276380798903,1.764292204875453,-0.19006456679556272,0.023613414571198355,0.026464383073131793,-0.002850968501933438,defensive,defensive,high,high,0.0,500.0,500.0,0,6,6
2026-08-24T06:40:54.366Z,2.2539396086846994,1.0040339376932015,1.9414631909368247,2.2539396086846994,-0.3124764177478747,0.02912194786405237,0.03,-0.0008780521359476288,defensive,defensive,high,high,0.0,500.0,500.0,0,6,6
2026-08-24T06:40:59.364Z,2.435287345385661,1.0040339376932015,2.0774739934625464,2.435287345385661,-0.3578133519231148,0.03,0.03,0.0,defensive,defensive,high,high,0.0,500.0,500.0,0,6,6
2026-08-24T06:41:04.363Z,2.4984973977752327,1.0040339376932015,2.124881532754725,2.4984973977752327,-0.3736158650205077,0.03,0.03,0.0,defensive,defensive,high,high,0.0,500.0,500.0,0,6,6
2026-08-24T06:41:09.362Z,0.9333052052395077,1.0040339376932015,0.9509873883529311,0.9333052052395076,0.01768218311342351,0.00950987388352931,0.009333052052395076,0.00017682183113423497,normal,normal,normal,normal,0.0,1000.0,1000.0,0,10,10
2026-08-24T06:41:14.368Z,0.9477156036625447,1.0040339376932015,0.961795187170209,0.9477156036625448,0.01407958350766414,0.00961795187170209,0.009477156036625448,0.00014079583507664237,normal,normal,normal,normal,0.0,1000.0,1000.0,0,10,10
2026-08-24T06:41:19.363Z,0.9010983948297078,1.0040339376932015,0.9268322805455812,0.9010983948297078,0.025733885715873428,0.009268322805455812,0.009010983948297078,0.00025733885715873393,normal,normal,normal,normal,0.0,1000.0,1000.0,0,10,10
2026-08-24T06:41:24.365Z,0.9456825688621142,1.0040339376932015,0.960270411069886,0.9456825688621141,0.014587842207771873,0.00960270411069886,0.009456825688621141,0.0001458784220777186,normal,normal,normal,normal,0.0,1000.0,1000.0,0,10,10
2026-08-24T06:41:29.365Z,0.4358075605623009,1.0001096178720978,0.5768830748897502,0.4358075605623009,0.1410755143274493,0.0075,0.0075,0.0,normal,normal,normal,normal,0.0,1000.0,1000.0,0,10,10
2026-08-24T06:41:34.365Z,0.4358075605623009,1.0001096178720978,0.5768830748897502,0.4358075605623009,0.1410755143274493,0.0075,0.0075,0.0,normal,normal,normal,normal,0.0,1000.0,1000.0,0,10,10
2026-08-24T06:41:39.367Z,5.03326299978008,1.0001096178720978,4.024974654303084,5.03326299978008,-1.0082883454769958,0.0,0.0,0.0,pause,pause,high,high,0.0,0.0,0.0,0,0,0
2026-08-24T06:41:44.367Z,5.00853933703072,1.0001096178720978,4.006431907241065,5.00853933703072,-1.002107429789655,0.0,0.0,0.0,pause,pause,high,high,0.0,0.0,0.0,0,0,0
2026-08-24T06:41:49.367Z,5.007482315156486,1.0001096178720978,4.005639140835389,5.007482315156486,-1.0018431743210972,0.0,0.0,0.0,pause,pause,high,high,0.0,0.0,0.0,0,0,0
2026-08-24T06:41:54.368Z,5.057422494903497,1.0001096178720978,4.043094275645647,5.057422494903497,-1.01432821925785,0.0,0.0,0.0,pause,pause,high,high,0.0,0.0,0.0,0,0,0
2026-08-24T06:41:59.370Z,5.299075434823559,1.0001096178720978,4.224333980585693,5.299075434823559,-1.0747414542378655,0.0,0.0,0.0,pause,pause,high,high,0.0,0.0,0.0,0,0,0
2026-08-24T06:42:04.381Z,5.300198919206746,1.0001096178720978,4.225176593873084,5.300198919206746,-1.075022325333662,0.0,0.0,0.0,pause,pause,high,high,0.0,0.0,0.0,0,0,0
2026-08-24T06:42:09.371Z,5.465027490832333,0.9999342292767414,4.348754175443435,5.465027490832333,-1.1162733153888977,0.0,0.0,0.0,pause,pause,high,high,0.0,0.0,0.0,0,0,0
2026-08-24T06:42:14.371Z,5.525285000355407,0.9999342292767414,4.393947307585741,5.525285000355407,-1.131337692769666,0.0,0.0,0.0,pause,pause,high,high,0.0,0.0,0.0,0,0,0
2026-08-24T06:42:19.373Z,5.640224437716568,0.9999342292767414,4.480151885606611,5.640224437716568,-1.1600725521099564,0.0,0.0,0.0,pause,pause,high,high,0.0,0.0,0.0,0,0,0
2026-08-24T06:42:24.374Z,5.6499636242894224,0.9999342292767414,4.487456275536252,5.6499636242894224,-1.16250734875317,0.0,0.0,0.0,pause,pause,high,high,0.0,0.0,0.0,0,0,0
2026-08-24T06:42:29.377Z,5.746682453573673,0.9972157060487142,4.559315766692433,5.746682453573673,-1.1873666868812398,0.0,0.0,0.0,pause,pause,high,high,0.0,0.0,0.0,0,0,0
2026-08-24T06:42:34.378Z,5.746682453573673,0.9972157060487142,4.559315766692433,5.746682453573673,-1.1873666868812398,0.0,0.0,0.0,pause,pause,high,high,0.0,0.0,0.0,0,0,0
2026-08-24T06:42:39.379Z,1.0379337900017305,0.9972157060487142,1.0277542690134764,1.0379337900017305,-0.010179520988254032,0.010277542690134764,0.010379337900017304,-0.00010179520988254018,normal,normal,normal,normal,0.0,1000.0,1000.0,0,10,10
2026-08-24T06:42:44.379Z,1.0578892667579185,0.9972812979609734,1.0427372745586823,1.0578892667579185,-0.015151992199236242,0.010427372745586822,0.010578892667579186,-0.00015151992199236367,normal,normal,normal,normal,0.0,1000.0,1000.0,0,10,10
2026-08-24T06:42:49.381Z,1.0376754509520496,0.9992326244244683,1.0280647443201543,1.0376754509520496,-0.009610706631895338,0.010280647443201544,0.010376754509520495,-9.610706631895186e-05,normal,normal,normal,normal,0.0,1000.0,1000.0,0,10,10
2026-08-24T06:42:54.381Z,0.9950830847728218,0.9992326244244683,0.9961204696857334,0.9950830847728218,0.0010373849129116097,0.009961204696857334,0.009950830847728218,1.0373849129115265e-05,normal,normal,normal,normal,0.0,1000.0,1000.0,0,10,10
2026-08-24T06:42:59.382Z,0.7753137894931885,0.9992326244244683,0.8312934982260084,0.7753137894931884,0.05597970873281999,0.008312934982260083,0.007753137894931884,0.0005597970873281993,normal,normal,normal,normal,0.0,1000.0,1000.0,0,10,10
2026-08-24T06:43:04.383Z,0.7742083837902618,0.999254533096538,0.8304699211168309,0.7742083837902619,0.05626153732656902,0.008304699211168309,0.007742083837902619,0.0005626153732656899,normal,normal,normal,normal,0.0,1000.0,1000.0,0,10,10
2026-08-24T06:43:09.384Z,0.6221507780209619,1.0001096274858032,0.7166404903871721,0.6221507780209619,0.09448971236621029,0.0075,0.0075,0.0,normal,normal,normal,normal,0.0,1000.0,1000.0,0,10,10
2026-08-24T06:43:14.385Z,0.6192718906706295,1.0001096274858032,0.7144813248744228,0.6192718906706295,0.09520943420379335,0.0075,0.0075,0.0,normal,normal,normal,normal,0.0,1000.0,1000.0,0,10,10
2026-08-24T06:43:19.386Z,0.7532682548053911,1.0001096274858032,0.814978597975494,0.753268254805391,0.061710343170103044,0.00814978597975494,0.00753268254805391,0.0006171034317010299,normal,normal,normal,normal,0.0,1000.0,1000.0,0,10,10
2026-08-24T06:43:24.387Z,0.7484799516789763,1.0001096274858032,0.8113873706306831,0.7484799516789763,0.06290741895170682,0.008113873706306831,0.0075,0.0006138737063068316,normal,normal,normal,normal,0.0,1000.0,1000.0,0,10,10
2026-08-24T06:43:29.389Z,0.7128264654984581,1.0001096274858032,0.7846472559952944,0.7128264654984581,0.07182079049683632,0.007846472559952944,0.0075,0.00034647255995294383,normal,normal,normal,normal,0.0,1000.0,1000.0,0,10,10
2026-08-24T06:43:34.389Z,0.7149355059351649,1.0001096274858032,0.7862290363228244,0.7149355059351649,0.07129353038765951,0.007862290363228244,0.0075,0.00036229036322824384,normal,normal,normal,normal,0.0,1000.0,1000.0,0,10,10
2026-08-24T06:43:39.390Z,0.7118940293514997,1.0001096274858032,0.7839479288850755,0.7118940293514996,0.07205389953357588,0.007839479288850756,0.0075,0.000339479288850756,normal,normal,normal,normal,0.0,1000.0,1000.0,0,10,10
2026-08-24T06:43:44.392Z,0.6852955166102939,1.0001096274858032,0.7639990443291711,0.6852955166102938,0.07870352771887734,0.007639990443291711,0.0075,0.00013999044329171106,normal,normal,normal,normal,0.0,1000.0,1000.0,0,10,10
2026-08-24T06:43:49.392Z,0.6808898609057493,1.001556710298406,0.7610565732539134,0.6808898609057493,0.08016671234816408,0.007610565732539134,0.0075,0.00011056573253913436,normal,normal,normal,normal,0.0,1000.0,1000.0,0,10,10
2026-08-24T06:43:54.394Z,0.6838423203634197,1.001556710298406,0.7632709178471664,0.6838423203634197,0.07942859748374664,0.007632709178471664,0.0075,0.00013270917847166448,normal,normal,normal,normal,0.0,1000.0,1000.0,0,10,10
2026-08-24T06:43:59.394Z,0.6890035151956545,1.001556710298406,0.7671418139713424,0.6890035151956545,0.0781382987756879,0.007671418139713424,0.0075,0.00017141813971342443,normal,normal,normal,normal,0.0,1000.0,1000.0,0,10,10
2026-08-24T06:44:04.395Z,0.6929686567392139,1.001556710298406,0.7701156701290119,0.692968656739214,0.0771470133897979,0.007701156701290119,0.0075,0.00020115670129011894,normal,normal,normal,normal,0.0,1000.0,1000.0,0,10,10
2026-08-24T06:44:09.396Z,0.7624144122217515,1.000504286434695,0.8219368807749874,0.7624144122217515,0.05952246855323584,0.008219368807749873,0.007624144122217515,0.0005952246855323584,normal,normal,normal,normal,0.0,1000.0,1000.0,0,10,10
2026-08-24T06:44:14.395Z,0.7809855867651982,1.000504286434695,0.8358652616825724,0.7809855867651981,0.05487967491737422,0.008358652616825724,0.007809855867651981,0.0005487967491737428,normal,normal,normal,normal,0.0,1000.0,1000.0,0,10,10
2026-08-24T06:44:19.397Z,0.5402944973527894,1.000504286434695,0.6553469446232658,0.5402944973527894,0.11505244727047637,0.0075,0.0075,0.0,normal,normal,normal,normal,0.0,1000.0,1000.0,0,10,10
2026-08-24T06:44:24.398Z,0.5356231649363921,1.000504286434695,0.6518434453109678,0.5356231649363921,0.11622028037457577,0.0075,0.0075,0.0,normal,normal,normal,normal,0.0,1000.0,1000.0,0,10,10
2026-08-24T06:44:29.399Z,0.4549748803094385,1.0011401258523538,0.5915161916951673,0.4549748803094385,0.13654131138572884,0.0075,0.0075,0.0,normal,normal,normal,normal,0.0,1000.0,1000.0,0,10,10
2026-08-24T06:44:34.401Z,0.4518279731139853,1.0011401258523538,0.5891560112985774,0.4518279731139853,0.1373280381845921,0.0075,0.0075,0.0,normal,normal,normal,normal,0.0,1000.0,1000.0,0,10,10
2026-08-24T06:44:39.401Z,0.44159992601119424,1.0011401258523538,0.5814849759714842,0.44159992601119424,0.13988504996028994,0.0075,0.0075,0.0,normal,normal,normal,normal,0.0,1000.0,1000.0,0,10,10
2026-08-24T06:44:44.402Z,0.4456659510501533,1.0011401258523538,0.5845344947507034,0.4456659510501533,0.13886854370055013,0.0075,0.0075,0.0,normal,normal,normal,normal,0.0,1000.0,1000.0,0,10,10
2026-08-24T06:44:49.404Z,0.41940103692637043,1.0011401258523538,0.5648358091578662,0.4194010369263704,0.14543477223149587,0.0075,0.0075,0.0,normal,normal,normal,normal,0.0,1000.0,1000.0,0,10,10
2026-08-24T06:44:54.405Z,0.4148126108076511,1.0011401258523538,0.5613944895688268,0.4148126108076511,0.14658187876117568,0.0075,0.0075,0.0,normal,normal,normal,normal,0.0,1000.0,1000.0,0,10,10
2026-08-24T06:44:59.406Z,0.4053130775747694,1.0011401258523538,0.5542698396441655,0.4053130775747695,0.14895676206939606,0.0075,0.0075,0.0,normal,normal,normal,normal,0.0,1000.0,1000.0,0,10,10
2026-08-24T06:45:04.406Z,0.4077451085289608,1.0011401258523538,0.5560938628598091,0.4077451085289608,0.14834875433084832,0.0075,0.0075,0.0,normal,normal,normal,normal,0.0,1000.0,1000.0,0,10,10
2026-08-24T06:45:09.407Z,0.28178312683099244,0.9985090661930759,0.46096461167151326,0.28178312683099244,0.17918148484052082,0.0075,0.0075,0.0,normal,normal,normal,normal,0.0,1000.0,1000.0,0,10,10
2026-08-24T06:45:14.408Z,0.2128639526588356,0.9985090661930759,0.40927523104239566,0.2128639526588356,0.19641127838356007,0.0075,0.0075,0.0,normal,normal,normal,normal,0.0,1000.0,1000.0,0,10,10
2026-08-24T06:45:19.408Z,0.1496909937981674,0.9985090661930759,0.3618955118968945,0.1496909937981674,0.21220451809872712,0.0075,0.0075,0.0,normal,normal,normal,normal,0.0,1000.0,1000.0,0,10,10
2026-08-24T06:45:24.416Z,0.5163696234953727,0.9985090661930759,0.6369044841697985,0.5163696234953727,0.12053486067442576,0.0075,0.0075,0.0,normal,normal,normal,normal,0.0,1000.0,1000.0,0,10,10
2026-08-24T06:45:29.411Z,0.5220569997115556,0.9985090661930759,0.6411700163319357,0.5220569997115556,0.1191130166203801,0.0075,0.0075,0.0,normal,normal,normal,normal,0.0,1000.0,1000.0,0,10,10
2026-08-24T06:45:34.412Z,0.5220569997115556,0.9985090661930759,0.6411700163319357,0.5220569997115556,0.1191130166203801,0.0075,0.0075,0.0,normal,normal,normal,normal,0.0,1000.0,1000.0,0,10,10
2026-08-24T06:45:39.413Z,0.5468326824278056,0.9985090661930759,0.6597517783691231,0.5468326824278056,0.11291909594131755,0.0075,0.0075,0.0,normal,normal,normal,normal,0.0,1000.0,1000.0,0,10,10
2026-08-24T06:45:44.413Z,0.5440304824236095,0.9985966451047035,0.6576720230938831,0.5440304824236095,0.11364154067027354,0.0075,0.0075,0.0,normal,normal,normal,normal,0.0,1000.0,1000.0,0,10,10
2026-08-24T06:45:49.414Z,0.5469754393558444,1.0009320073244812,0.6604645813480036,0.5469754393558444,0.1134891419921592,0.0075,0.0075,0.0,normal,normal,normal,normal,0.0,1000.0,1000.0,0,10,10
2026-08-24T06:45:54.414Z,0.5469754393558444,1.0009320073244812,0.6604645813480036,0.5469754393558444,0.1134891419921592,0.0075,0.0075,0.0,normal,normal,normal,normal,0.0,1000.0,1000.0,0,10,10
2026-08-24T06:45:59.416Z,0.5469754393558444,1.0009320073244812,0.6604645813480036,0.5469754393558444,0.1134891419921592,0.0075,0.0075,0.0,normal,normal,normal,normal,0.0,1000.0,1000.0,0,10,10
2026-08-24T06:46:04.417Z,0.578217258395052,1.0009320073244812,0.6838959456274093,0.578217258395052,0.1056786872323573,0.0075,0.0075,0.0,normal,normal,normal,normal,0.0,1000.0,1000.0,0,10,10
2026-08-24T06:46:09.418Z,0.5758998972452585,1.0009320073244812,0.6821579247650642,0.5758998972452585,0.10625802751980573,0.0075,0.0075,0.0,normal,normal,normal,normal,0.0,1000.0,1000.0,0,10,10
2026-08-24T06:46:14.420Z,0.5791391471499552,1.0009320073244812,0.6845873621935867,0.5791391471499552,0.10544821504363155,0.0075,0.0075,0.0,normal,normal,normal,normal,0.0,1000.0,1000.0,0,10,10
2026-08-24T06:46:19.422Z,0.5752148904263094,1.0009320073244812,0.6816441696508523,0.5752148904263094,0.10642927922454293,0.0075,0.0075,0.0,normal,normal,normal,normal,0.0,1000.0,1000.0,0,10,10
2026-08-24T06:46:24.426Z,0.280041127202219,1.0009320073244812,0.4602638472327846,0.280041127202219,0.18022272003056555,0.0075,0.0075,0.0,normal,normal,normal,normal,0.0,1000.0,1000.0,0,10,10
2026-08-24T06:46:29.423Z,0.27675762305335116,1.0029495290621813,0.4583055995555587,0.27675762305335116,0.18154797650220755,0.0075,0.0075,0.0,normal,normal,normal,normal,0.0,1000.0,1000.0,0,10,10
2026-08-24T06:46:34.424Z,0.30109439296248275,1.0029495290621813,0.4765581769874074,0.30109439296248275,0.17546378402492463,0.0075,0.0075,0.0,normal,normal,normal,normal,0.0,1000.0,1000.0,0,10,10
2026-08-24T06:46:39.425Z,0.905488745999705,1.0029495290621813,0.9298539417653241,0.9054887459997051,0.02436519576561902,0.009298539417653242,0.00905488745999705,0.00024365195765619144,normal,normal,normal,normal,0.0,1000.0,1000.0,0,10,10
2026-08-24T06:46:44.426Z,0.905488745999705,1.0029495290621813,0.9298539417653241,0.9054887459997051,0.02436519576561902,0.009298539417653242,0.00905488745999705,0.00024365195765619144,normal,normal,normal,normal,0.0,1000.0,1000.0,0,10,10
2026-08-24T06:46:49.427Z,0.9128298073435259,1.0040679378515587,0.9356393399705342,0.912829807343526,0.022809532627008133,0.009356393399705343,0.00912829807343526,0.0002280953262700832,normal,normal,normal,normal,0.0,1000.0,1000.0,0,10,10
2026-08-24T06:46:54.429Z,0.9269277663853203,1.0040679378515587,0.9462128092518799,0.9269277663853203,0.019285042866559632,0.009462128092518798,0.009269277663853203,0.0001928504286655957,normal,normal,normal,normal,0.0,1000.0,1000.0,0,10,10
2026-08-24T06:46:59.430Z,1.0083539893190026,1.0040679378515587,1.0072824764521418,1.0083539893190026,-0.001071512866860802,0.010072824764521418,0.010083539893190026,-1.0715128668608437e-05,normal,normal,normal,normal,0.0,1000.0,1000.0,0,10,10
2026-08-24T06:47:04.432Z,0.9370340714218901,1.0040679378515587,0.9537925380293072,0.93703407142189,0.0167584666074172,0.009537925380293072,0.0093703407142189,0.00016758466607417165,normal,normal,normal,normal,0.0,1000.0,1000.0,0,10,10
2026-08-24T06:47:09.431Z,0.9982195588496013,1.0063370244490737,1.0002489252494695,0.9982195588496013,0.002029366399868171,0.010002489252494695,0.009982195588496013,2.029366399868178e-05,normal,normal,normal,normal,0.0,1000.0,1000.0,0,10,10
2026-08-24T06:47:14.432Z,1.067044681893931,1.0062267046700286,1.0518401875879555,1.067044681893931,-0.01520449430597548,0.010518401875879555,0.01067044681893931,-0.00015204494305975577,normal,normal,normal,normal,0.0,1000.0,1000.0,0,10,10
2026-08-24T06:47:19.433Z,1.1176705382609944,1.0062267046700286,1.089809579863253,1.1176705382609944,-0.027860958397741387,0.01089809579863253,0.011176705382609944,-0.00027860958397741414,normal,normal,normal,normal,0.0,1000.0,1000.0,0,10,10
2026-08-24T06:47:24.485Z,1.1287338202613957,1.0062267046700286,1.0981070413635539,1.1287338202613957,-0.030626778897841822,0.01098107041363554,0.011287338202613958,-0.000306267788978418,normal,normal,normal,normal,0.0,1000.0,1000.0,0,10,10
2026-08-24T06:47:29.437Z,1.7927576958546692,1.0060403420302566,1.5960783573985662,1.7927576958546692,-0.19667933845610297,0.023941175360978492,0.026891365437820038,-0.0029501900768415454,defensive,defensive,high,high,0.0,500.0,500.0,0,6,6
2026-08-24T06:47:34.439Z,1.8032849374406161,1.0057878236467674,1.603910658992154,1.8032849374406161,-0.19937427844846223,0.02405865988488231,0.02704927406160924,-0.0029906141767269308,defensive,defensive,high,high,0.0,500.0,500.0,0,6,6
2026-08-24T06:47:39.441Z,1.4310518655004514,1.0057878236467674,1.3247358550370303,1.4310518655004512,-0.10631601046342087,0.019871037825555455,0.014310518655004512,0.005560519170550943,defensive,normal,high,normal,-500.0,500.0,1000.0,-4,6,10
2026-08-24T06:47:44.441Z,1.4637748579380108,1.0057878236467674,1.3492780993651998,1.4637748579380105,-0.11449675857281072,0.020239171490477995,0.014637748579380105,0.00560142291109789,defensive,normal,high,normal,-500.0,500.0,1000.0,-4,6,10
2026-08-24T06:47:49.442Z,1.4987009596164067,1.0055576261153618,1.3754151262411454,1.4987009596164065,-0.12328583337526111,0.02063122689361718,0.014987009596164065,0.005644217297453114,defensive,normal,high,normal,-500.0,500.0,1000.0,-4,6,10
2026-08-24T06:47:54.445Z,1.5015851677430483,1.005305388696453,1.3775152229813994,1.5015851677430483,-0.1240699447616489,0.02066272834472099,0.022523777516145725,-0.0018610491714247356,defensive,defensive,high,high,0.0,500.0,500.0,0,6,6
2026-08-24T06:47:59.445Z,1.5023914943047085,1.005305388696453,1.3781199679026446,1.5023914943047085,-0.12427152640206396,0.02067179951853967,0.022535872414570626,-0.0018640728960309556,defensive,defensive,high,high,0.0,500.0,500.0,0,6,6
2026-08-24T06:48:04.447Z,1.5436754329114346,1.005305388696453,1.409082921857689,1.5436754329114344,-0.13459251105374537,0.021136243827865334,0.023155131493671516,-0.0020188876658061815,defensive,defensive,high,high,0.0,500.0,500.0,0,6,6
2026-08-24T06:48:09.448Z,1.5395045045364584,1.0039900030692332,1.4056258791696523,1.5395045045364586,-0.13387862536680628,0.021084388187544784,0.023092567568046878,-0.002008179380502094,defensive,defensive,high,high,0.0,500.0,500.0,0,6,6
2026-08-24T06:48:14.452Z,1.4740130031962027,1.0026746174420134,1.3561784067576554,1.4740130031962027,-0.11783459643854721,0.02034267610136483,0.014740130031962027,0.005602546069402803,defensive,normal,high,normal,-500.0,500.0,1000.0,-4,6,10
2026-08-24T06:48:19.454Z,1.690653815687798,1.0026746174420134,1.5186590161263518,1.6906538156877982,-0.17199479956144637,0.022779885241895278,0.025359807235316972,-0.0025799219934216945,defensive,defensive,high,high,0.0,500.0,500.0,0,6,6
2026-08-24T06:48:24.452Z,1.9200374907482727,1.0432761871355287,1.7008471648450867,1.9200374907482727,-0.219190325903186,0.0255127074726763,0.02880056236122409,-0.0032878548885477907,defensive,defensive,high,high,0.0,500.0,500.0,0,6,6
2026-08-24T06:48:29.453Z,1.2628579356594487,1.0432761871355287,1.2079624985284687,1.2628579356594487,-0.054895437130979996,0.012079624985284688,0.012628579356594487,-0.0005489543713097997,normal,normal,normal,normal,0.0,1000.0,1000.0,0,10,10
2026-08-24T06:48:34.452Z,1.2055460837066492,1.0431847077907845,1.164955739727683,1.2055460837066492,-0.040590343978966104,0.01164955739727683,0.012055460837066491,-0.0004059034397896604,normal,normal,normal,normal,0.0,1000.0,1000.0,0,10,10
2026-08-24T06:48:39.455Z,1.016179936928065,1.0431847077907845,1.0229311296437449,1.016179936928065,0.00675119271567981,0.010229311296437449,0.01016179936928065,6.751192715679852e-05,normal,normal,normal,normal,0.0,1000.0,1000.0,0,10,10
2026-08-24T06:48:44.455Z,0.9983822701159296,1.0431847077907845,1.0095828795346433,0.9983822701159296,0.011200609418713703,0.010095828795346432,0.009983822701159295,0.00011200609418713682,normal,normal,normal,normal,0.0,1000.0,1000.0,0,10,10
2026-08-24T06:48:49.456Z,0.973669600331211,1.0431847077907845,0.9910483771961043,0.973669600331211,0.01737877686489331,0.009910483771961043,0.00973669600331211,0.0001737877686489326,normal,normal,normal,normal,0.0,1000.0,1000.0,0,10,10
2026-08-24T06:48:54.457Z,0.9739845063982194,1.0486430794861679,0.9926491496702066,0.9739845063982194,0.018664643271987136,0.009926491496702066,0.009739845063982193,0.00018664643271987247,normal,normal,normal,normal,0.0,1000.0,1000.0,0,10,10
2026-08-24T06:48:59.459Z,0.9766832222370654,1.0486430794861679,0.994673186549341,0.9766832222370653,0.01798996431227573,0.00994673186549341,0.009766832222370653,0.00017989964312275716,normal,normal,normal,normal,0.0,1000.0,1000.0,0,10,10
2026-08-24T06:49:04.459Z,0.9108651250823998,1.0486430794861679,0.9453096136833419,0.9108651250823998,0.03444448860094207,0.009453096136833419,0.009108651250823998,0.0003444448860094214,normal,normal,normal,normal,0.0,1000.0,1000.0,0,10,10
2026-08-24T06:49:09.460Z,0.9495596705333528,1.0486430794861679,0.9743305227715566,0.9495596705333528,0.024770852238203855,0.009743305227715566,0.009495596705333528,0.00024770852238203793,normal,normal,normal,normal,0.0,1000.0,1000.0,0,10,10
2026-08-24T06:49:14.460Z,0.9470483538937515,1.0437965804471723,0.9712354105321068,0.9470483538937516,0.024187056638355187,0.009712354105321067,0.009470483538937516,0.0002418705663835511,normal,normal,normal,normal,0.0,1000.0,1000.0,0,10,10
2026-08-24T06:49:19.461Z,0.9489020291321466,1.0437965804471723,0.972625666960903,0.9489020291321465,0.023723637828756527,0.00972625666960903,0.009489020291321464,0.00023723637828756625,normal,normal,normal,normal,0.0,1000.0,1000.0,0,10,10
2026-08-24T06:49:24.462Z,0.45259369524921644,1.0437965804471723,0.6003944165487054,0.45259369524921644,0.14780072129948896,0.0075,0.0075,0.0,normal,normal,normal,normal,0.0,1000.0,1000.0,0,10,10
2026-08-24T06:49:29.468Z,0.48249181753165343,1.0437965804471723,0.6228180082605331,0.48249181753165343,0.1403261907288797,0.0075,0.0075,0.0,normal,normal,normal,normal,0.0,1000.0,1000.0,0,10,10
2026-08-24T06:49:34.469Z,0.48879501318611585,1.0434020166593598,0.6274467640544268,0.48879501318611585,0.13865175086831094,0.0075,0.0075,0.0,normal,normal,normal,normal,0.0,1000.0,1000.0,0,10,10
2026-08-24T06:49:39.466Z,0.6303200787347584,1.0434020166593598,0.7335905632159088,0.6303200787347584,0.10327048448115039,0.0075,0.0075,0.0,normal,normal,normal,normal,0.0,1000.0,1000.0,0,10,10
2026-08-24T06:49:44.468Z,0.6224027664382235,1.0434020166593598,0.7276525789935075,0.6224027664382235,0.1052498125552841,0.0075,0.0075,0.0,normal,normal,normal,normal,0.0,1000.0,1000.0,0,10,10
2026-08-24T06:49:49.470Z,0.6224027664382235,1.0434020166593598,0.7276525789935075,0.6224027664382235,0.1052498125552841,0.0075,0.0075,0.0,normal,normal,normal,normal,0.0,1000.0,1000.0,0,10,10
2026-08-24T06:49:54.469Z,0.6282177380064963,1.0467215988779803,0.7328437032243673,0.6282177380064963,0.10462596521787104,0.0075,0.0075,0.0,normal,normal,normal,normal,0.0,1000.0,1000.0,0,10,10
2026-08-24T06:49:59.470Z,0.6276042700718625,1.0467215988779803,0.7323836022733919,0.6276042700718625,0.10477933220152946,0.0075,0.0075,0.0,normal,normal,normal,normal,0.0,1000.0,1000.0,0,10,10
2026-08-24T06:50:04.471Z,0.6346941727296161,1.0467215988779803,0.7377010292667072,0.6346941727296161,0.10300685653709107,0.0075,0.0075,0.0,normal,normal,normal,normal,0.0,1000.0,1000.0,0,10,10
2026-08-24T06:50:09.472Z,0.6288057364278363,1.0467215988779803,0.7332847020403723,0.6288057364278363,0.104478965612536,0.0075,0.0075,0.0,normal,normal,normal,normal,0.0,1000.0,1000.0,0,10,10
2026-08-24T06:50:14.473Z,0.6288057364278363,1.0498871678022916,0.7340760942714502,0.6288057364278363,0.10527035784361383,0.0075,0.0075,0.0,normal,normal,normal,normal,0.0,1000.0,1000.0,0,10,10
2026-08-24T06:50:19.475Z,0.9688032521241728,1.0083254825493504,0.9786838097304672,0.9688032521241728,0.00988055760629436,0.009786838097304672,0.009688032521241728,9.88055760629443e-05,normal,normal,normal,normal,0.0,1000.0,1000.0,0,10,10
2026-08-24T06:50:24.476Z,0.933610815940978,1.0083254825493504,0.9522894825930711,0.9336108159409781,0.018678666652093057,0.009522894825930711,0.009336108159409781,0.00018678666652093,normal,normal,normal,normal,0.0,1000.0,1000.0,0,10,10
2026-08-24T06:50:29.477Z,0.9126090597914381,1.0083254825493504,0.9365381654809162,0.9126090597914381,0.023929105689478036,0.009365381654809163,0.009126090597914381,0.0002392910568947814,normal,normal,normal,normal,0.0,1000.0,1000.0,0,10,10
2026-08-24T06:50:34.478Z,0.9079710341848407,1.0083254825493504,0.9330596462759682,0.9079710341848407,0.02508861209112745,0.009330596462759681,0.009079710341848407,0.00025088612091127456,normal,normal,normal,normal,0.0,1000.0,1000.0,0,10,10
2026-08-24T06:50:39.481Z,0.7964400656568517,1.0083254825493504,0.8494114198799764,0.7964400656568517,0.05297135422312471,0.008494114198799764,0.007964400656568517,0.0005297135422312471,normal,normal,normal,normal,0.0,1000.0,1000.0,0,10,10
2026-08-24T06:50:44.481Z,0.8611506773660791,1.0489012553951318,0.9080883218733422,0.8611506773660791,0.04693764450726312,0.009080883218733422,0.008611506773660791,0.0004693764450726303,normal,normal,normal,normal,0.0,1000.0,1000.0,0,10,10
2026-08-24T06:50:49.481Z,0.8636498702989612,1.0489012553951318,0.9099627165730038,0.8636498702989611,0.04631284627404264,0.009099627165730038,0.00863649870298961,0.0004631284627404277,normal,normal,normal,normal,0.0,1000.0,1000.0,0,10,10
2026-08-24T06:50:54.482Z,0.8530619625565156,1.0486715002299958,0.9019643469748856,0.8530619625565156,0.048902384418370026,0.009019643469748855,0.008530619625565157,0.0004890238441836985,normal,normal,normal,normal,0.0,1000.0,1000.0,0,10,10
2026-08-24T06:50:59.484Z,0.8663780304053617,1.0486715002299958,0.9119513978615201,0.8663780304053615,0.04557336745615859,0.0091195139786152,0.008663780304053615,0.00045573367456158524,normal,normal,normal,normal,0.0,1000.0,1000.0,0,10,10
2026-08-24T06:51:04.485Z,1.0337067594589073,1.0085646069261602,1.0274212213257206,1.0337067594589073,-0.006285538133186774,0.010274212213257207,0.010337067594589073,-6.285538133186594e-05,normal,normal,normal,normal,0.0,1000.0,1000.0,0,10,10
2026-08-24T06:51:09.486Z,1.02658545929647,1.008520424926076,1.0220692007038714,1.02658545929647,-0.004516258592598632,0.010220692007038713,0.0102658545929647,-4.516258592598618e-05,normal,normal,normal,normal,0.0,1000.0,1000.0,0,10,10
2026-08-24T06:51:14.487Z,1.2035035834179997,1.0522177198554374,1.165682117527359,1.2035035834179997,-0.037821465890640615,0.01165682117527359,0.012035035834179997,-0.00037821465890640685,normal,normal,normal,normal,0.0,1000.0,1000.0,0,10,10
2026-08-24T06:51:19.489Z,0.8556852378496572,1.0522177198554374,0.9048183583511022,0.8556852378496572,0.04913312050144503,0.009048183583511022,0.008556852378496573,0.0004913312050144492,normal,normal,normal,normal,0.0,1000.0,1000.0,0,10,10
2026-08-24T06:51:24.489Z,0.8552374960015283,1.0533715862552289,0.9047710185649533,0.8552374960015282,0.049533522563425136,0.009047710185649533,0.008552374960015282,0.0004953352256342504,normal,normal,normal,normal,0.0,1000.0,1000.0,0,10,10
2026-08-24T06:51:29.490Z,0.8555147123559487,1.0533715862552289,0.9049789308307687,0.8555147123559487,0.049464218474820076,0.009049789308307687,0.008555147123559486,0.0004946421847482011,normal,normal,normal,normal,0.0,1000.0,1000.0,0,10,10
2026-08-24T06:51:34.492Z,0.9016056684369927,1.0116948818466525,0.9291279717894076,0.9016056684369927,0.0275223033524149,0.009291279717894075,0.009016056684369927,0.0002752230335241485,normal,normal,normal,normal,0.0,1000.0,1000.0,0,10,10
2026-08-24T06:51:39.492Z,1.4437438613054143,1.0116948818466525,1.3357316164407238,1.4437438613054143,-0.10801224486469052,0.013357316164407239,0.014437438613054143,-0.0010801224486469037,normal,normal,normal,normal,0.0,1000.0,1000.0,0,10,10
2026-08-24T06:51:44.493Z,1.38323944987645,1.0057050874926086,1.2888558592804895,1.3832394498764498,-0.09438359059596024,0.012888558592804895,0.013832394498764498,-0.000943835905959603,normal,normal,normal,normal,0.0,1000.0,1000.0,0,10,10
2026-08-24T06:51:49.494Z,1.3815535580910598,1.0057050874926086,1.287591440441447,1.3815535580910598,-0.09396211764961282,0.01287591440441447,0.013815535580910598,-0.0009396211764961283,normal,normal,normal,normal,0.0,1000.0,1000.0,0,10,10
2026-08-24T06:51:54.495Z,1.3841221104644164,0.9997152931385646,1.2880204061329534,1.3841221104644166,-0.09610170433146314,0.012880204061329534,0.013841221104644166,-0.0009610170433146312,normal,normal,normal,normal,0.0,1000.0,1000.0,0,10,10
2026-08-24T06:51:59.496Z,1.4517417486300033,0.9997152931385646,1.3387351347571435,1.4517417486300033,-0.11300661387285982,0.013387351347571436,0.014517417486300033,-0.001130066138728597,normal,normal,normal,normal,0.0,1000.0,1000.0,0,10,10
2026-08-24T06:52:04.496Z,1.2899963181171987,0.9997152931385646,1.21742606187254,1.2899963181171987,-0.07257025624465863,0.0121742606187254,0.012899963181171988,-0.0007257025624465875,normal,normal,normal,normal,0.0,1000.0,1000.0,0,10,10
2026-08-24T06:52:09.498Z,1.290726269536705,0.9997152931385646,1.2179735254371697,1.290726269536705,-0.07275274409953525,0.012179735254371696,0.01290726269536705,-0.0007275274409953535,short_bias,short_bias,normal,normal,0.0,1000.0,1000.0,0,10,10
2026-08-24T06:52:14.499Z,1.1044269088097098,0.9997152931385646,1.0782490048919235,1.1044269088097098,-0.026177903917786294,0.010782490048919235,0.011044269088097098,-0.0002617790391778625,normal,normal,normal,normal,0.0,1000.0,1000.0,0,10,10
2026-08-24T06:52:19.503Z,1.1044269088097098,0.9997152931385646,1.0782490048919235,1.1044269088097098,-0.026177903917786294,0.010782490048919235,0.011044269088097098,-0.0002617790391778625,short_bias,short_bias,normal,normal,0.0,1000.0,1000.0,0,10,10
2026-08-24T06:52:24.501Z,1.105588730415049,1.0031865267952957,1.0799881795101105,1.105588730415049,-0.0256005509049384,0.010799881795101106,0.01105588730415049,-0.00025600550904938436,short_bias,short_bias,normal,normal,0.0,1000.0,1000.0,0,10,10
2026-08-24T06:52:29.508Z,1.2857763025268083,1.0031865267952957,1.2151288585939302,1.2857763025268083,-0.07064744393287814,0.012151288585939302,0.012857763025268082,-0.0007064744393287803,short_bias,short_bias,normal,normal,0.0,1000.0,1000.0,0,10,10
2026-08-24T06:52:34.502Z,1.4020408218922105,1.0066577604520268,1.3031950565321644,1.4020408218922105,-0.09884576536004608,0.013031950565321644,0.014020408218922104,-0.00098845765360046,normal,normal,normal,normal,0.0,1000.0,1000.0,0,10,10
2026-08-24T06:52:39.502Z,0.7590134310066482,1.0066577604520268,0.8209245133679929,0.7590134310066482,0.06191108236134468,0.008209245133679929,0.007590134310066482,0.0006191108236134465,normal,normal,normal,normal,0.0,1000.0,1000.0,0,10,10
2026-08-24T06:52:44.502Z,0.7968247609290676,1.0112349707627952,0.8504273133874996,0.7968247609290676,0.05360255245843193,0.008504273133874996,0.007968247609290676,0.0005360255245843194,normal,normal,normal,normal,0.0,1000.0,1000.0,0,10,10
2026-08-24T06:52:49.505Z,0.8018757252606954,1.0112349707627952,0.8542155366362203,0.8018757252606954,0.0523398113755249,0.008542155366362204,0.008018757252606954,0.0005233981137552496,normal,normal,normal,normal,0.0,1000.0,1000.0,0,10,10
2026-08-24T06:52:54.505Z,0.8052543249895473,1.010814360770578,0.8566443339348049,0.8052543249895473,0.05139000894525758,0.00856644333934805,0.008052543249895473,0.0005139000894525767,normal,normal,normal,normal,0.0,1000.0,1000.0,0,10,10
2026-08-24T06:52:59.508Z,0.6342020355727086,1.010814360770578,0.728355116872176,0.6342020355727086,0.09415308129946742,0.0075,0.0075,0.0,normal,normal,normal,normal,0.0,1000.0,1000.0,0,10,10
2026-08-24T06:53:04.507Z,0.6424725964973799,1.0103108581436078,0.7344321619089369,0.6424725964973799,0.09195956541155703,0.0075,0.0075,0.0,normal,normal,normal,normal,0.0,1000.0,1000.0,0,10,10
2026-08-24T06:53:09.509Z,0.642371247655557,1.0103108581436078,0.7343561502775697,0.642371247655557,0.09198490262201275,0.0075,0.0075,0.0,normal,normal,normal,normal,0.0,1000.0,1000.0,0,10,10
2026-08-24T06:53:14.509Z,0.643888482810492,1.0099129064729309,0.7353945887261017,0.643888482810492,0.0915061059156097,0.0075,0.0075,0.0,normal,normal,normal,normal,0.0,1000.0,1000.0,0,10,10
2026-08-24T06:53:19.510Z,0.8058676159177319,1.0098908072386703,0.8568734137479666,0.8058676159177319,0.05100579783023462,0.008568734137479666,0.00805867615917732,0.0005100579783023466,normal,normal,normal,normal,0.0,1000.0,1000.0,0,10,10
2026-08-24T06:53:24.510Z,0.8947328205328571,1.0089209576910463,0.9232798548224044,0.8947328205328571,0.0285470342895473,0.009232798548224045,0.008947328205328571,0.00028547034289547364,normal,normal,normal,normal,0.0,1000.0,1000.0,0,10,10
2026-08-24T06:53:29.538Z,0.9013606505427644,1.0089209576910463,0.9282507273298348,0.9013606505427644,0.02689007678707045,0.009282507273298348,0.009013606505427645,0.0002689007678707035,normal,normal,normal,normal,0.0,1000.0,1000.0,0,10,10
2026-08-24T06:53:34.512Z,0.6018284575136758,1.0089209576910463,0.7036015825580184,0.6018284575136758,0.10177312504434266,0.0075,0.0075,0.0,normal,normal,normal,normal,0.0,1000.0,1000.0,0,10,10
2026-08-24T06:53:39.514Z,0.6778144825957908,1.0089209576910463,0.7605911013696047,0.6778144825957909,0.08277661877381381,0.007605911013696047,0.0075,0.0001059110136960471,normal,normal,normal,normal,0.0,1000.0,1000.0,0,10,10
2026-08-24T06:53:44.515Z,0.6273305901377284,1.0056629351058248,0.7219136763797525,0.6273305901377284,0.09458308624202405,0.0075,0.0075,0.0,normal,normal,normal,normal,0.0,1000.0,1000.0,0,10,10
2026-08-24T06:53:49.516Z,0.6271473901018,1.0056629351058248,0.7217762763528062,0.6271473901018,0.09462888625100618,0.0075,0.0075,0.0,normal,normal,normal,normal,0.0,1000.0,1000.0,0,10,10
2026-08-24T06:53:54.518Z,0.6159268410771948,1.0055090396344797,0.713322390716516,0.6159268410771948,0.09739554963932129,0.0075,0.0075,0.0,normal,normal,normal,normal,0.0,1000.0,1000.0,0,10,10
2026-08-24T06:53:59.519Z,0.6154176810137786,1.0053442038884821,0.7128993117324545,0.6154176810137786,0.09748163071867588,0.0075,0.0075,0.0,normal,normal,normal,normal,0.0,1000.0,1000.0,0,10,10
2026-08-24T06:54:04.520Z,0.6733050824252148,1.0037129253483599,0.7559070431560011,0.6733050824252148,0.0826019607307863,0.007559070431560011,0.0075,5.9070431560011294e-05,normal,normal,normal,normal,0.0,1000.0,1000.0,0,10,10
2026-08-24T06:54:09.521Z,0.6750685886535294,1.0037129253483599,0.757229672827237,0.6750685886535294,0.0821610841737076,0.00757229672827237,0.0075,7.22967282723707e-05,normal,normal,normal,normal,0.0,1000.0,1000.0,0,10,10
2026-08-24T06:54:14.525Z,0.6750685886535294,1.0037129253483599,0.757229672827237,0.6750685886535294,0.0821610841737076,0.00757229672827237,0.0075,7.22967282723707e-05,normal,normal,normal,normal,0.0,1000.0,1000.0,0,10,10
2026-08-24T06:54:19.523Z,0.43235399304201916,1.0037129253483599,0.5751937261186043,0.4323539930420191,0.1428397330765852,0.0075,0.0075,0.0,normal,normal,normal,normal,0.0,1000.0,1000.0,0,10,10
2026-08-24T06:54:24.525Z,0.456793721396078,1.0069875098261856,0.5943421685036049,0.456793721396078,0.1375484471075269,0.0075,0.0075,0.0,normal,normal,normal,normal,0.0,1000.0,1000.0,0,10,10
2026-08-24T06:54:29.526Z,0.4361859780217726,1.0069655217590672,0.5788808639560963,0.43618597802177267,0.1426948859343236,0.0075,0.0075,0.0,normal,normal,normal,normal,0.0,1000.0,1000.0,0,10,10
2026-08-24T06:54:34.527Z,0.6426085428100295,1.0069655217590672,0.733697787547289,0.6426085428100295,0.09108924473725943,0.0075,0.0075,0.0,normal,normal,normal,normal,0.0,1000.0,1000.0,0,10,10
2026-08-24T06:54:39.528Z,0.5554594846870134,1.0069655217590672,0.6683359939550269,0.5554594846870134,0.1128765092680134,0.0075,0.0075,0.0,normal,normal,normal,normal,0.0,1000.0,1000.0,0,10,10
2026-08-24T06:54:44.529Z,0.5555922797837941,1.0069655217590672,0.6684355902776123,0.5555922797837941,0.11284331049381824,0.0075,0.0075,0.0,normal,normal,normal,normal,0.0,1000.0,1000.0,0,10,10
2026-08-24T06:54:49.530Z,0.5555922797837941,1.0069655217590672,0.6684355902776123,0.5555922797837941,0.11284331049381824,0.0075,0.0075,0.0,normal,normal,normal,normal,0.0,1000.0,1000.0,0,10,10
2026-08-24T06:54:54.530Z,0.5567917839274752,1.0069655217590672,0.6693352183853731,0.5567917839274752,0.11254343445789794,0.0075,0.0075,0.0,normal,normal,normal,normal,0.0,1000.0,1000.0,0,10,10
2026-08-24T06:54:59.535Z,0.5565849098884471,1.0069655217590672,0.6691800628561021,0.5565849098884471,0.11259515296765499,0.0075,0.0075,0.0,normal,normal,normal,normal,0.0,1000.0,1000.0,0,10,10
2026-08-24T06:55:04.532Z,0.4783229372754218,1.0069655217590672,0.6104835833963331,0.4783229372754218,0.13216064612091133,0.0075,0.0075,0.0,normal,normal,normal,normal,0.0,1000.0,1000.0,0,10,10
2026-08-24T06:55:09.533Z,0.47912842883265266,1.0069655217590672,0.6110877020642562,0.47912842883265266,0.13195927323160356,0.0075,0.0075,0.0,normal,normal,normal,normal,0.0,1000.0,1000.0,0,10,10
2026-08-24T06:55:14.535Z,0.47912842883265266,1.0069655217590672,0.6110877020642562,0.47912842883265266,0.13195927323160356,0.0075,0.0075,0.0,normal,normal,normal,normal,0.0,1000.0,1000.0,0,10,10
2026-08-24T06:55:19.536Z,0.5244042983027114,1.0069655217590672,0.6450446041668003,0.5244042983027114,0.12064030586408891,0.0075,0.0075,0.0,normal,normal,normal,normal,0.0,1000.0,1000.0,0,10,10
2026-08-24T06:55:24.538Z,0.5077826935737338,1.005697881305055,0.6322614905065642,0.5077826935737338,0.12447879693283037,0.0075,0.0075,0.0,normal,normal,normal,normal,0.0,1000.0,1000.0,0,10,10
2026-08-24T06:55:29.538Z,0.5077986636978077,1.004639079606606,0.6320087676750072,0.5077986636978077,0.12421010397719956,0.0075,0.0075,0.0,normal,normal,normal,normal,0.0,1000.0,1000.0,0,10,10
2026-08-24T06:55:34.539Z,0.07689428357299316,1.0035546057222609,0.3085593641103101,0.07689428357299316,0.23166508053731694,0.0075,0.0075,0.0,normal,normal,normal,normal,0.0,1000.0,1000.0,0,10,10
2026-08-24T06:55:39.540Z,0.07841705155461576,1.0035546057222609,0.309701440096527,0.07841705155461576,0.23128438854191125,0.0075,0.0075,0.0,normal,normal,normal,normal,0.0,1000.0,1000.0,0,10,10
2026-08-24T06:55:44.541Z,0.10140595757162786,1.0035546057222609,0.3269431196092861,0.10140595757162786,0.22553716203765828,0.0075,0.0075,0.0,normal,normal,normal,normal,0.0,1000.0,1000.0,0,10,10
2026-08-24T06:55:49.542Z,0.4043303388752443,1.0033248667328005,0.5540789708396334,0.40433033887524433,0.1497486319643891,0.0075,0.0075,0.0,normal,normal,normal,normal,0.0,1000.0,1000.0,0,10,10
2026-08-24T06:55:54.543Z,0.40704957254136637,1.0030952329053773,0.5560609876323691,0.40704957254136637,0.14901141509100274,0.0075,0.0075,0.0,normal,normal,normal,normal,0.0,1000.0,1000.0,0,10,10
2026-08-24T06:55:59.544Z,0.41127679944986484,1.0030952329053773,0.5592314078137429,0.4112767994498648,0.14795460836387814,0.0075,0.0075,0.0,normal,normal,normal,normal,0.0,1000.0,1000.0,0,10,10
2026-08-24T06:56:04.545Z,0.6224151038398043,1.0032696122239901,0.7176287309358507,0.6224151038398043,0.09521362709604642,0.0075,0.0075,0.0,normal,normal,normal,normal,0.0,1000.0,1000.0,0,10,10
2026-08-24T06:56:09.545Z,0.6225003537066871,1.0032581098604134,0.7176897927451187,0.6225003537066871,0.09518943903843158,0.0075,0.0075,0.0,normal,normal,normal,normal,0.0,1000.0,1000.0,0,10,10
2026-08-24T06:56:14.546Z,0.6792157240977488,1.0030722970322918,0.7601798673313844,0.6792157240977487,0.08096414323363577,0.007601798673313844,0.0075,0.00010179867331384408,normal,normal,normal,normal,0.0,1000.0,1000.0,0,10,10
2026-08-24T06:56:19.547Z,0.6801516807103385,1.0030722970322918,0.7608818347908268,0.6801516807103386,0.08073015408048823,0.007608818347908268,0.0075,0.00010881834790826828,normal,normal,normal,normal,0.0,1000.0,1000.0,0,10,10
2026-08-24T06:56:24.547Z,0.6801516807103385,1.0030722970322918,0.7608818347908268,0.6801516807103386,0.08073015408048823,0.007608818347908268,0.0075,0.00010881834790826828,normal,normal,normal,normal,0.0,1000.0,1000.0,0,10,10
2026-08-24T06:56:29.548Z,0.6860812642642308,1.0030722970322918,0.7653290224562461,0.6860812642642308,0.07924775819201535,0.007653290224562461,0.0075,0.000153290224562461,normal,normal,normal,normal,0.0,1000.0,1000.0,0,10,10
2026-08-24T06:56:34.549Z,0.8271592642851469,1.0024716091591084,0.8709873505036373,0.827159264285147,0.043828086218490325,0.008709873505036374,0.00827159264285147,0.0004382808621849043,normal,normal,normal,normal,0.0,1000.0,1000.0,0,10,10
2026-08-24T06:56:39.551Z,1.115510128353313,1.0024716091591084,1.087250498554762,1.115510128353313,-0.028259629798551122,0.01087250498554762,0.01115510128353313,-0.0002825962979855091,normal,normal,normal,normal,0.0,1000.0,1000.0,0,10,10
2026-08-24T06:56:44.551Z,1.110625647394737,1.0017190355992687,1.08339899444587,1.110625647394737,-0.027226652948866947,0.0108339899444587,0.01110625647394737,-0.0002722665294886701,normal,normal,normal,normal,0.0,1000.0,1000.0,0,10,10
2026-08-24T06:56:49.552Z,0.8866037857653757,1.0019148750979197,0.9154315580985117,0.8866037857653758,0.028827772333135937,0.009154315580985117,0.008866037857653757,0.00028827772333136006,normal,normal,normal,normal,0.0,1000.0,1000.0,0,10,10
2026-08-24T06:56:54.552Z,0.9050764321755971,1.0019148750979197,0.9292860429061778,0.9050764321755972,0.02420961073058059,0.009292860429061777,0.009050764321755972,0.00024209610730580554,normal,normal,normal,normal,0.0,1000.0,1000.0,0,10,10
2026-08-24T06:56:59.548Z,0.999219437167595,1.0019148750979197,0.9998932966501761,0.999219437167595,0.0006738594825811406,0.009998932966501761,0.00999219437167595,6.738594825811059e-06,normal,normal,normal,normal,0.0,1000.0,1000.0,0,10,10
2026-08-24T06:57:04.543Z,1.0357427517665898,1.043163276405961,1.0375978829264327,1.0357427517665898,0.0018551311598429265,0.010375978829264327,0.010357427517665899,1.8551311598427947e-05,normal,normal,normal,normal,0.0,1000.0,1000.0,0,10,10
2026-08-24T06:57:09.542Z,0.8066800133565603,1.0014358751223758,0.8553689787980141,0.8066800133565603,0.048688965441453846,0.008553689787980141,0.008066800133565604,0.0004868896544145372,normal,normal,normal,normal,0.0,1000.0,1000.0,0,10,10
2026-08-24T06:57:14.541Z,0.8066800133565603,1.000782693771062,0.8552056834601857,0.8066800133565603,0.04852567010362541,0.008552056834601857,0.008066800133565604,0.00048525670103625324,normal,normal,normal,normal,0.0,1000.0,1000.0,0,10,10
2026-08-24T06:57:19.542Z,0.7927648115074502,1.000782693771062,0.8447692820733531,0.7927648115074502,0.05200447056590296,0.008447692820733531,0.007927648115074503,0.0005200447056590285,normal,normal,normal,normal,0.0,1000.0,1000.0,0,10,10
2026-08-24T06:57:24.540Z,0.7912127050894179,1.000782693771062,0.8436052022598289,0.7912127050894179,0.052392497170411056,0.008436052022598289,0.00791212705089418,0.0005239249717041098,normal,normal,normal,normal,0.0,1000.0,1000.0,0,10,10
2026-08-24T06:57:29.541Z,0.7912127050894179,0.9959125991955646,0.8423876786159545,0.7912127050894179,0.05117497352653666,0.008423876786159546,0.00791212705089418,0.0005117497352653665,normal,normal,normal,normal,0.0,1000.0,1000.0,0,10,10
2026-08-24T06:57:34.543Z,0.9056455529533476,0.9959125991955646,0.9282123145139018,0.9056455529533475,0.02256676156055437,0.009282123145139019,0.009056455529533476,0.0002256676156055428,normal,normal,normal,normal,0.0,1000.0,1000.0,0,10,10
2026-08-24T06:57:39.542Z,0.58759013291793,0.9959125991955646,0.6896707494873386,0.58759013291793,0.10208061656940859,0.0075,0.0075,0.0,normal,normal,normal,normal,0.0,1000.0,1000.0,0,10,10
2026-08-24T06:57:44.543Z,0.603012284878447,0.9959125991955646,0.7012373634577265,0.603012284878447,0.09822507857927942,0.0075,0.0075,0.0,normal,normal,normal,normal,0.0,1000.0,1000.0,0,10,10
2026-08-24T06:57:49.543Z,0.6036187765225132,0.998086748559626,0.7022357695317913,0.6036187765225132,0.09861699300927818,0.0075,0.0075,0.0,normal,normal,normal,normal,0.0,1000.0,1000.0,0,10,10
2026-08-24T06:57:54.544Z,0.6602915645562487,0.998086748559626,0.744740360557093,0.6602915645562487,0.08444879600084432,0.0075,0.0075,0.0,normal,normal,normal,normal,0.0,1000.0,1000.0,0,10,10
2026-08-24T06:57:59.546Z,0.6233624478716222,0.998086748559626,0.7170435230436232,0.6233624478716222,0.09368107517200097,0.0075,0.0075,0.0,normal,normal,normal,normal,0.0,1000.0,1000.0,0,10,10
2026-08-24T06:58:04.548Z,0.4130487558817293,0.998086748559626,0.5593082540512034,0.4130487558817293,0.14625949816947414,0.0075,0.0075,0.0,normal,normal,normal,normal,0.0,1000.0,1000.0,0,10,10
2026-08-24T06:58:09.548Z,0.26272236042411695,0.9986955103815631,0.4467156479134785,0.26272236042411695,0.18399328748936156,0.0075,0.0075,0.0,normal,normal,normal,normal,0.0,1000.0,1000.0,0,10,10
2026-08-24T06:58:14.549Z,0.26272236042411695,0.9986955103815631,0.4467156479134785,0.26272236042411695,0.18399328748936156,0.0075,0.0075,0.0,normal,normal,normal,normal,0.0,1000.0,1000.0,0,10,10
2026-08-24T06:58:19.550Z,0.2950891656703273,0.9986955103815631,0.4709907518481362,0.2950891656703273,0.17590158617780893,0.0075,0.0075,0.0,normal,normal,normal,normal,0.0,1000.0,1000.0,0,10,10
2026-08-24T06:58:24.552Z,0.2951206684639627,0.9986955103815631,0.4710143789433628,0.2951206684639627,0.1758937104794001,0.0075,0.0075,0.0,normal,normal,normal,normal,0.0,1000.0,1000.0,0,10,10
2026-08-24T06:58:29.552Z,0.29667683481771395,1.0002391564300468,0.47256741522079715,0.29667683481771395,0.1758905804030832,0.0075,0.0075,0.0,normal,normal,normal,normal,0.0,1000.0,1000.0,0,10,10
2026-08-24T06:58:34.553Z,0.2953146801355203,1.0,0.47148601010164026,0.2953146801355203,0.17617132996611995,0.0075,0.0075,0.0,normal,normal,normal,normal,0.0,1000.0,1000.0,0,10,10
2026-08-24T06:58:39.555Z,0.3137834924093211,1.0,0.4853376193069908,0.3137834924093211,0.17155412689766975,0.0075,0.0075,0.0,normal,normal,normal,normal,0.0,1000.0,1000.0,0,10,10
2026-08-24T06:58:44.556Z,0.3137834924093211,1.0,0.4853376193069908,0.3137834924093211,0.17155412689766975,0.0075,0.0075,0.0,normal,normal,normal,normal,0.0,1000.0,1000.0,0,10,10
2026-08-24T06:58:49.557Z,0.31218831712045614,1.0007172977437726,0.4843205622762853,0.31218831712045614,0.17213224515582914,0.0075,0.0075,0.0,normal,normal,normal,normal,0.0,1000.0,1000.0,0,10,10
2026-08-24T06:58:54.558Z,0.0,1.0004346030987201,0.25010865077468003,0.0,0.25010865077468003,0.0075,0.0075,0.0,normal,normal,normal,normal,0.0,1000.0,1000.0,0,10,10
2026-08-24T06:58:59.563Z,0.3084898574668937,1.0004346030987201,0.4814760438748503,0.3084898574668937,0.1729861864079566,0.0075,0.0075,0.0,normal,normal,normal,normal,0.0,1000.0,1000.0,0,10,10
2026-08-24T06:59:04.560Z,0.32266898435510805,1.0004346030987201,0.49211038904101106,0.32266898435510805,0.16944140468590302,0.0075,0.0075,0.0,normal,normal,normal,normal,0.0,1000.0,1000.0,0,10,10
2026-08-24T06:59:09.561Z,0.45632285383248994,1.000717095112888,0.5924214141525894,0.45632285383248994,0.13609856032009948,0.0075,0.0075,0.0,normal,normal,normal,normal,0.0,1000.0,1000.0,0,10,10
2026-08-24T06:59:14.562Z,0.5781237746922544,1.000717095112888,0.6837721047974128,0.5781237746922544,0.1056483301051584,0.0075,0.0075,0.0,normal,normal,normal,normal,0.0,1000.0,1000.0,0,10,10
2026-08-24T06:59:19.564Z,0.714305963283297,1.000717095112888,0.7859087462406947,0.714305963283297,0.07160278295739775,0.007859087462406947,0.0075,0.00035908746240694706,normal,normal,normal,normal,0.0,1000.0,1000.0,0,10,10
2026-08-24T06:59:24.565Z,0.7203368661354188,1.000717095112888,0.7904319233797861,0.7203368661354187,0.07009505724436738,0.007904319233797861,0.0075,0.0004043192337978615,normal,normal,normal,normal,0.0,1000.0,1000.0,0,10,10
2026-08-24T06:59:29.566Z,0.7203368661354188,1.0001738261304132,0.7902961061341673,0.7203368661354187,0.06995923999874865,0.007902961061341673,0.0075,0.00040296106134167335,normal,normal,normal,normal,0.0,1000.0,1000.0,0,10,10
2026-08-24T06:59:34.568Z,0.8438279414708496,1.0001738261304132,0.8829144126357404,0.8438279414708495,0.039086471164890946,0.008829144126357404,0.008438279414708495,0.0003908647116489094,normal,normal,normal,normal,0.0,1000.0,1000.0,0,10,10
2026-08-24T06:59:39.567Z,0.8438279414708496,1.0001738261304132,0.8829144126357404,0.8438279414708495,0.039086471164890946,0.008829144126357404,0.008438279414708495,0.0003908647116489094,normal,normal,normal,normal,0.0,1000.0,1000.0,0,10,10
2026-08-24T06:59:44.568Z,0.8438279414708496,1.0001738261304132,0.8829144126357404,0.8438279414708495,0.039086471164890946,0.008829144126357404,0.008438279414708495,0.0003908647116489094,normal,normal,normal,normal,0.0,1000.0,1000.0,0,10,10
2026-08-24T06:59:49.568Z,0.8438279414708496,1.0003476522608261,0.8829578691683437,0.8438279414708495,0.03912992769749424,0.008829578691683437,0.008438279414708495,0.00039129927697494245,normal,normal,normal,normal,0.0,1000.0,1000.0,0,10,10
2026-08-24T06:59:54.569Z,0.8438279414708496,1.0002607165359465,0.8829361352371238,0.8438279414708495,0.03910819376627428,0.008829361352371237,0.008438279414708495,0.0003910819376627423,normal,normal,normal,normal,0.0,1000.0,1000.0,0,10,10
2026-08-24T06:59:59.569Z,0.7404641074885568,1.0001737959201409,0.8053915295964529,0.7404641074885568,0.06492742210789604,0.008053915295964529,0.0075,0.0005539152959645292,normal,normal,normal,normal,0.0,1000.0,1000.0,0,10,10
2026-08-24T07:00:04.570Z,0.7404641074885568,1.0001737959201409,0.8053915295964529,0.7404641074885568,0.06492742210789604,0.008053915295964529,0.0075,0.0005539152959645292,normal,normal,normal,normal,0.0,1000.0,1000.0,0,10,10
2026-08-24T07:00:09.572Z,0.6375422838858289,1.0029328061523757,0.7288899144524656,0.6375422838858289,0.09134763056663675,0.0075,0.0075,0.0,normal,normal,normal,normal,0.0,1000.0,1000.0,0,10,10
2026-08-24T07:00:14.575Z,0.4826891267489861,1.0029328061523757,0.6127500465998335,0.4826891267489861,0.13006091985084733,0.0075,0.0075,0.0,normal,normal,normal,normal,0.0,1000.0,1000.0,0,10,10
2026-08-24T07:00:19.575Z,1.7595679397946853,1.0423844800243316,1.5802720748520969,1.7595679397946853,-0.17929586494258842,0.023704081122781454,0.026393519096920278,-0.0026894379741388245,defensive,defensive,high,high,0.0,500.0,500.0,0,6,6
2026-08-24T07:00:24.575Z,1.9216696547036545,1.0423844800243316,1.7018483610338238,1.9216696547036545,-0.21982129366983072,0.025527725415507355,0.028825044820554816,-0.003297319405047461,defensive,defensive,high,high,0.0,500.0,500.0,0,6,6
2026-08-24T07:00:29.578Z,1.9229522074077987,1.0416892963437683,1.702636479641791,1.9229522074077987,-0.22031572776600772,0.025539547194626866,0.028844283111116982,-0.003304735916490116,defensive,defensive,high,high,0.0,500.0,500.0,0,6,6
2026-08-24T07:00:34.577Z,1.9419601698915687,1.0416892963437683,1.7168924515046184,1.9419601698915685,-0.22506771838695006,0.025753386772569276,0.029129402548373526,-0.0033760157758042503,defensive,defensive,high,high,0.0,500.0,500.0,0,6,6
2026-08-24T07:00:39.579Z,1.9955944818654283,1.0415987835342675,1.757095557282638,1.9955944818654283,-0.2384989245827902,0.02635643335923957,0.029933917227981423,-0.003577483868741852,defensive,defensive,high,high,0.0,500.0,500.0,0,6,6
2026-08-24T07:00:44.580Z,2.0005782595587545,1.0415987835342675,1.7608333905526328,2.0005782595587545,-0.23974486900612169,0.026412500858289494,0.03,-0.0035874991417105054,defensive,defensive,high,high,0.0,500.0,500.0,0,6,6
2026-08-24T07:00:49.581Z,2.2883344100075393,1.0414684479200609,1.9766179194856697,2.2883344100075393,-0.31171649052186967,0.029649268792285046,0.03,-0.00035073120771495284,defensive,defensive,high,high,0.0,500.0,500.0,0,6,6
2026-08-24T07:00:54.583Z,2.480287194484263,1.0414684479200609,2.1205825078432126,2.480287194484263,-0.3597046866410505,0.03,0.03,0.0,defensive,defensive,high,high,0.0,500.0,500.0,0,6,6
2026-08-24T07:00:59.584Z,2.4838504263655894,1.0414684479200609,2.1232549317542073,2.4838504263655894,-0.3605954946113821,0.03,0.03,0.0,defensive,defensive,high,high,0.0,500.0,500.0,0,6,6
2026-08-24T07:01:04.585Z,2.9823383924351736,1.0414684479200609,2.497120906306395,2.982338392435173,-0.48521748612877813,0.03,0.03,0.0,defensive,defensive,high,high,0.0,500.0,500.0,0,6,6
2026-08-24T07:01:09.586Z,3.159366701551989,1.0450743999131098,2.6307936261422693,3.159366701551989,-0.5285730754097195,0.03,0.0,0.03,defensive,pause,high,high,500.0,500.0,0.0,6,6,0
2026-08-24T07:01:14.588Z,3.1994602687161806,1.0450743999131098,2.660863801515413,3.1994602687161806,-0.5385964672007675,0.03,0.0,0.03,defensive,pause,high,high,500.0,500.0,0.0,6,6,0
2026-08-24T07:01:19.589Z,1.407129668389407,1.0449836008601403,1.3165931515070903,1.407129668389407,-0.09053651688231668,0.019748897272606356,0.01407129668389407,0.005677600588712285,defensive,normal,high,normal,-500.0,500.0,1000.0,-4,6,10
2026-08-24T07:01:24.593Z,1.1726082296569038,1.0449836008601403,1.140702072457713,1.1726082296569038,-0.031906157199190766,0.01140702072457713,0.011726082296569037,-0.00031906157199190766,normal,normal,normal,normal,0.0,1000.0,1000.0,0,10,10
2026-08-24T07:01:29.594Z,1.174120500362708,1.0441799344034406,1.1416353588728911,1.174120500362708,-0.03248514148981685,0.011416353588728912,0.01174120500362708,-0.0003248514148981689,normal,normal,normal,normal,0.0,1000.0,1000.0,0,10,10
2026-08-24T07:01:34.596Z,1.2404535947209476,1.0441799344034406,1.1913851796415709,1.2404535947209476,-0.04906841507937676,0.011913851796415709,0.012404535947209475,-0.0004906841507937663,normal,normal,normal,normal,0.0,1000.0,1000.0,0,10,10
2026-08-24T07:01:39.596Z,1.1507089930038068,1.0441799344034406,1.1240767283537152,1.1507089930038068,-0.026632264650091608,0.011240767283537153,0.011507089930038067,-0.0002663226465009147,normal,normal,normal,normal,0.0,1000.0,1000.0,0,10,10
2026-08-24T07:01:44.599Z,1.1507089930038068,1.0441799344034406,1.1240767283537152,1.1507089930038068,-0.026632264650091608,0.011240767283537153,0.011507089930038067,-0.0002663226465009147,normal,normal,normal,normal,0.0,1000.0,1000.0,0,10,10
2026-08-24T07:01:49.600Z,1.2624433515299116,1.0441799344034406,1.207877497248294,1.2624433515299116,-0.05456585428161764,0.01207877497248294,0.012624433515299117,-0.0005456585428161766,normal,normal,normal,normal,0.0,1000.0,1000.0,0,10,10
2026-08-24T07:01:54.602Z,1.1094771636660476,1.0441799344034406,1.0931528563503958,1.1094771636660476,-0.01632430731565182,0.010931528563503958,0.011094771636660476,-0.00016324307315651772,normal,normal,normal,normal,0.0,1000.0,1000.0,0,10,10
2026-08-24T07:01:59.602Z,1.1149306638607785,1.044066545043871,1.0972146341565516,1.1149306638607785,-0.01771602970422692,0.010972146341565516,0.011149306638607784,-0.00017716029704226838,normal,normal,normal,normal,0.0,1000.0,1000.0,0,10,10
2026-08-24T07:02:04.605Z,1.0924251381485008,1.044066545043871,1.0803354898723434,1.0924251381485008,-0.012089648276157439,0.010803354898723434,0.010924251381485008,-0.00012089648276157432,normal,normal,normal,normal,0.0,1000.0,1000.0,0,10,10
2026-08-24T07:02:09.605Z,1.0184626355046011,1.0010859178177396,1.0141184560828858,1.0184626355046011,-0.004344179421715388,0.010141184560828858,0.01018462635504601,-4.344179421715208e-05,normal,normal,normal,normal,0.0,1000.0,1000.0,0,10,10
2026-08-24T07:02:14.606Z,1.009964639383447,1.0010859178177396,1.0077449589920202,1.009964639383447,-0.002219680391426726,0.010077449589920202,0.01009964639383447,-2.2196803914268856e-05,normal,normal,normal,normal,0.0,1000.0,1000.0,0,10,10
2026-08-24T07:02:19.608Z,1.0474833216813455,1.0010859178177396,1.0358839707154441,1.0474833216813455,-0.011599350965901367,0.01035883970715444,0.010474833216813455,-0.00011599350965901464,normal,normal,normal,normal,0.0,1000.0,1000.0,0,10,10
2026-08-24T07:02:24.610Z,1.0474833216813455,1.0009120125076,1.0358404943879091,1.0474833216813455,-0.011642827293436353,0.010358404943879091,0.010474833216813455,-0.00011642827293436436,normal,normal,normal,normal,0.0,1000.0,1000.0,0,10,10
2026-08-24T07:02:29.613Z,1.0470183113609215,1.0043646312863719,1.0363548913422842,1.0470183113609215,-0.010663420018637293,0.010363548913422843,0.010470183113609215,-0.00010663420018637224,normal,normal,normal,normal,0.0,1000.0,1000.0,0,10,10
2026-08-24T07:02:34.632Z,1.04711839789815,1.0043646312863719,1.0364299562452053,1.04711839789815,-0.010688441652944691,0.010364299562452052,0.0104711839789815,-0.00010688441652944788,normal,normal,normal,normal,0.0,1000.0,1000.0,0,10,10
2026-08-24T07:02:39.613Z,1.0466532951834828,1.0043646312863719,1.036081129209205,1.0466532951834828,-0.010572165974277903,0.01036081129209205,0.010466532951834829,-0.0001057216597427791,normal,normal,normal,normal,0.0,1000.0,1000.0,0,10,10
2026-08-24T07:02:44.615Z,1.0466532951834828,1.0040266999511587,1.0359966463754018,1.0466532951834828,-0.010656648808081037,0.010359966463754018,0.010466532951834829,-0.00010656648808081079,normal,normal,normal,normal,0.0,1000.0,1000.0,0,10,10
2026-08-24T07:02:49.618Z,0.7923144736591348,1.0034494728164185,0.8450982234484556,0.7923144736591348,0.05278374978932088,0.008450982234484556,0.007923144736591349,0.0005278374978932073,normal,normal,normal,normal,0.0,1000.0,1000.0,0,10,10
2026-08-24T07:02:54.620Z,0.6226632216884029,1.0034494728164185,0.7178597844704069,0.6226632216884029,0.09519656278200395,0.0075,0.0075,0.0,normal,normal,normal,normal,0.0,1000.0,1000.0,0,10,10
2026-08-24T07:02:59.621Z,0.6226632216884029,1.0034494728164185,0.7178597844704069,0.6226632216884029,0.09519656278200395,0.0075,0.0075,0.0,normal,normal,normal,normal,0.0,1000.0,1000.0,0,10,10
2026-08-24T07:03:04.622Z,0.8392282330387035,1.0034494728164185,0.8802835429831324,0.8392282330387036,0.04105530994442874,0.008802835429831323,0.008392282330387036,0.00041055309944428714,normal,normal,normal,normal,0.0,1000.0,1000.0,0,10,10
2026-08-24T07:03:09.622Z,0.6179558242016889,1.0025587648538468,0.7141065593647284,0.6179558242016889,0.09615073516303951,0.0075,0.0075,0.0,normal,normal,normal,normal,0.0,1000.0,1000.0,0,10,10
2026-08-24T07:03:14.626Z,0.6150060505326123,1.0021467603434817,0.7117912279853296,0.6150060505326123,0.09678517745271731,0.0075,0.0075,0.0,normal,normal,normal,normal,0.0,1000.0,1000.0,0,10,10
2026-08-24T07:03:19.624Z,0.5454422646478294,1.0021467603434817,0.6596183885717425,0.5454422646478294,0.11417612392391308,0.0075,0.0075,0.0,normal,normal,normal,normal,0.0,1000.0,1000.0,0,10,10
2026-08-24T07:03:24.625Z,0.5454422646478294,1.0021467603434817,0.6596183885717425,0.5454422646478294,0.11417612392391308,0.0075,0.0075,0.0,normal,normal,normal,normal,0.0,1000.0,1000.0,0,10,10
2026-08-24T07:03:29.627Z,0.5987277761270315,1.002428658166363,0.6996529966368644,0.5987277761270315,0.10092522050983288,0.0075,0.0075,0.0,normal,normal,normal,normal,0.0,1000.0,1000.0,0,10,10
2026-08-24T07:03:34.628Z,0.5993909993070543,1.0027105559892444,0.7002208884776018,0.5993909993070543,0.10082988917054747,0.0075,0.0075,0.0,normal,normal,normal,normal,0.0,1000.0,1000.0,0,10,10
2026-08-24T07:03:39.630Z,0.6304678715659805,1.0027105559892444,0.7235285426717964,0.6304678715659805,0.09306067110581595,0.0075,0.0075,0.0,normal,normal,normal,normal,0.0,1000.0,1000.0,0,10,10
2026-08-24T07:03:44.632Z,0.6304678715659805,1.0027105559892444,0.7235285426717964,0.6304678715659805,0.09306067110581595,0.0075,0.0075,0.0,normal,normal,normal,normal,0.0,1000.0,1000.0,0,10,10
2026-08-24T07:03:49.636Z,0.6304678715659805,1.001886546968514,0.7233225404166139,0.6304678715659805,0.09285466885063343,0.0075,0.0075,0.0,normal,normal,normal,normal,0.0,1000.0,1000.0,0,10,10
2026-08-24T07:03:54.636Z,0.6304678715659805,1.0010625379477838,0.7231165381614313,0.6304678715659805,0.09264866659545079,0.0075,0.0075,0.0,normal,normal,normal,normal,0.0,1000.0,1000.0,0,10,10
2026-08-24T07:03:59.637Z,0.6353270061515853,1.0010625379477838,0.726760889100635,0.6353270061515853,0.09143388294904964,0.0075,0.0075,0.0,normal,normal,normal,normal,0.0,1000.0,1000.0,0,10,10
2026-08-24T07:04:04.640Z,0.311059799131792,1.0010625379477838,0.4835604838357899,0.311059799131792,0.17250068470399793,0.0075,0.0075,0.0,normal,normal,normal,normal,0.0,1000.0,1000.0,0,10,10
2026-08-24T07:04:09.640Z,0.7457643946162625,1.0418509844739352,0.8197860420806806,0.7457643946162625,0.07402164746441808,0.008197860420806806,0.0075,0.0006978604208068059,normal,normal,normal,normal,0.0,1000.0,1000.0,0,10,10
2026-08-24T07:04:14.640Z,0.7604682425108413,1.042002775609333,0.8308518757854644,0.7604682425108414,0.07038363327462294,0.008308518757854644,0.007604682425108414,0.0007038363327462301,normal,normal,normal,normal,0.0,1000.0,1000.0,0,10,10
2026-08-24T07:04:19.642Z,0.9568646107647093,1.042002775609333,0.9781491519758652,0.9568646107647093,0.02128454121115586,0.009781491519758653,0.009568646107647093,0.00021284541211155986,normal,normal,normal,normal,0.0,1000.0,1000.0,0,10,10
2026-08-24T07:04:24.644Z,0.9571829480721434,1.042002775609333,0.9783879049564408,0.9571829480721434,0.021204956884297355,0.009783879049564409,0.009571829480721434,0.00021204956884297507,normal,normal,normal,normal,0.0,1000.0,1000.0,0,10,10
2026-08-24T07:04:29.645Z,1.1457789417111959,1.042002775609333,1.1198349001857302,1.1457789417111959,-0.0259440415254657,0.011198349001857302,0.011457789417111959,-0.0002594404152546567,normal,normal,normal,normal,0.0,1000.0,1000.0,0,10,10
2026-08-24T07:04:34.646Z,1.1237584235603044,1.0391404284846908,1.102603924791401,1.1237584235603044,-0.021154498768903407,0.01102603924791401,0.011237584235603044,-0.000211544987689034,normal,normal,normal,normal,0.0,1000.0,1000.0,0,10,10
2026-08-24T07:04:39.648Z,1.1237584235603044,1.0391404284846908,1.102603924791401,1.1237584235603044,-0.021154498768903407,0.01102603924791401,0.011237584235603044,-0.000211544987689034,normal,normal,normal,normal,0.0,1000.0,1000.0,0,10,10
2026-08-24T07:04:44.650Z,1.1744421325996566,1.0391404284846908,1.1406167065709152,1.1744421325996566,-0.03382542602874139,0.011406167065709152,0.011744421325996566,-0.0003382542602874145,normal,normal,normal,normal,0.0,1000.0,1000.0,0,10,10
2026-08-24T07:04:49.653Z,1.1947632215748907,1.0391404284846908,1.1558575233023407,1.1947632215748907,-0.03890569827254997,0.011558575233023408,0.011947632215748906,-0.00038905698272549867,normal,normal,normal,normal,0.0,1000.0,1000.0,0,10,10
2026-08-24T07:04:54.654Z,1.1950119558467052,1.0356709168184577,1.1551766960896432,1.1950119558467052,-0.039835259757061925,0.011551766960896432,0.011950119558467052,-0.00039835259757062084,normal,normal,normal,normal,0.0,1000.0,1000.0,0,10,10
2026-08-24T07:04:59.656Z,1.1953495529954148,1.0356709168184577,1.1554298939511756,1.1953495529954148,-0.03991965904423922,0.011554298939511756,0.011953495529954148,-0.0003991965904423921,normal,normal,normal,normal,0.0,1000.0,1000.0,0,10,10
2026-08-24T07:05:04.660Z,1.2074736209231927,1.0356709168184577,1.164522944897009,1.2074736209231927,-0.04295067602618374,0.01164522944897009,0.012074736209231928,-0.0004295067602618375,normal,normal,normal,normal,0.0,1000.0,1000.0,0,10,10
2026-08-24T07:05:09.660Z,1.1699790855541163,1.0356709168184577,1.1364020433702016,1.1699790855541163,-0.033577042183914774,0.011364020433702016,0.011699790855541164,-0.0003357704218391478,normal,normal,normal,normal,0.0,1000.0,1000.0,0,10,10
2026-08-24T07:05:14.662Z,1.1623322592659588,1.0359311301934253,1.1307319769978255,1.1623322592659588,-0.031600282268133384,0.011307319769978254,0.011623322592659588,-0.00031600282268133377,normal,normal,normal,normal,0.0,1000.0,1000.0,0,10,10
2026-08-24T07:05:19.667Z,1.2040785271168597,1.0359311301934253,1.1620416778860012,1.2040785271168597,-0.042036849230858486,0.011620416778860013,0.012040785271168596,-0.0004203684923085836,normal,normal,normal,normal,0.0,1000.0,1000.0,0,10,10
2026-08-24T07:05:24.665Z,1.2598017754310862,1.0359311301934253,1.203834114121671,1.2598017754310862,-0.055967661309415107,0.01203834114121671,0.012598017754310862,-0.0005596766130941521,normal,normal,normal,normal,0.0,1000.0,1000.0,0,10,10
2026-08-24T07:05:29.666Z,0.9164391708865461,1.0359311301934253,0.9463121607132658,0.9164391708865461,0.02987298982671971,0.009463121607132658,0.00916439170886546,0.0002987298982671978,normal,normal,normal,normal,0.0,1000.0,1000.0,0,10,10
2026-08-24T07:05:34.668Z,0.9188180951376739,1.0335458409228901,0.947500031583978,0.918818095137674,0.028681936446304013,0.00947500031583978,0.00918818095137674,0.00028681936446304027,normal,normal,normal,normal,0.0,1000.0,1000.0,0,10,10
2026-08-24T07:05:39.670Z,0.932463649423068,1.0335458409228901,0.9577341972980236,0.932463649423068,0.02527054787495553,0.009577341972980236,0.00932463649423068,0.00025270547874955626,normal,normal,normal,normal,0.0,1000.0,1000.0,0,10,10
2026-08-24T07:05:44.672Z,0.9388254593254088,1.0335458409228901,0.9625055547247792,0.9388254593254088,0.023680095399370327,0.009625055547247793,0.009388254593254089,0.00023680095399370403,normal,normal,normal,normal,0.0,1000.0,1000.0,0,10,10
2026-08-24T07:05:49.674Z,0.9157464483307529,1.0335458409228901,0.9451962964787872,0.9157464483307529,0.029449848148034308,0.009451962964787872,0.009157464483307528,0.0002944984814803441,normal,normal,normal,normal,0.0,1000.0,1000.0,0,10,10
2026-08-24T07:05:54.676Z,0.9652151185998935,1.0344349032873623,0.9825200647717607,0.9652151185998935,0.017304946171867175,0.009825200647717606,0.009652151185998934,0.00017304946171867175,normal,normal,normal,normal,0.0,1000.0,1000.0,0,10,10
2026-08-24T07:05:59.678Z,0.9647220598756457,1.0344349032873623,0.9821502707285749,0.9647220598756457,0.017428210852929116,0.009821502707285748,0.009647220598756457,0.00017428210852929102,normal,normal,normal,normal,0.0,1000.0,1000.0,0,10,10
2026-08-24T07:06:04.680Z,0.9515478404896114,1.0344349032873623,0.9722696061890491,0.9515478404896114,0.020721765699437733,0.00972269606189049,0.009515478404896114,0.00020721765699437643,normal,normal,normal,normal,0.0,1000.0,1000.0,0,10,10
2026-08-24T07:06:09.683Z,0.5930090653597949,1.0344349032873623,0.7033655248416868,0.5930090653597949,0.11035645948189188,0.0075,0.0075,0.0,normal,normal,normal,normal,0.0,1000.0,1000.0,0,10,10
2026-08-24T07:06:14.685Z,0.5943662971166618,1.0339144765374273,0.7042533419718531,0.5943662971166618,0.1098870448551913,0.0075,0.0075,0.0,normal,normal,normal,normal,0.0,1000.0,1000.0,0,10,10
2026-08-24T07:06:19.687Z,0.595239837405808,1.0339144765374273,0.7049084971887127,0.595239837405808,0.10966865978290474,0.0075,0.0075,0.0,normal,normal,normal,normal,0.0,1000.0,1000.0,0,10,10
2026-08-24T07:06:24.687Z,0.595239837405808,1.0339144765374273,0.7049084971887127,0.595239837405808,0.10966865978290474,0.0075,0.0075,0.0,normal,normal,normal,normal,0.0,1000.0,1000.0,0,10,10
2026-08-24T07:06:29.689Z,0.6658346111372958,1.0339144765374273,0.7578545774873287,0.6658346111372958,0.09201996635003284,0.007578545774873287,0.0075,7.854577487328724e-05,normal,normal,normal,normal,0.0,1000.0,1000.0,0,10,10
2026-08-24T07:06:34.691Z,0.6923619591299371,1.037015352589123,0.7785253074947336,0.6923619591299371,0.08616334836479644,0.007785253074947336,0.0075,0.0002852530749473366,normal,normal,normal,normal,0.0,1000.0,1000.0,0,10,10
2026-08-24T07:06:39.691Z,0.7112881810678057,1.037015352589123,0.792719973948135,0.7112881810678057,0.08143179288032931,0.00792719973948135,0.0075,0.0004271997394813508,normal,normal,normal,normal,0.0,1000.0,1000.0,0,10,10
2026-08-24T07:06:44.693Z,0.5508203714930786,1.037015352589123,0.6723691167670898,0.5508203714930786,0.12154874527401116,0.0075,0.0075,0.0,normal,normal,normal,normal,0.0,1000.0,1000.0,0,10,10
2026-08-24T07:06:49.695Z,0.5783483337541038,1.037015352589123,0.6930150884628585,0.5783483337541038,0.11466675470875476,0.0075,0.0075,0.0,normal,normal,normal,normal,0.0,1000.0,1000.0,0,10,10
2026-08-24T07:06:54.697Z,0.5966418712470238,1.039377587066294,0.7073258002018414,0.5966418712470238,0.1106839289548176,0.0075,0.0075,0.0,normal,normal,normal,normal,0.0,1000.0,1000.0,0,10,10
2026-08-24T07:06:59.699Z,0.5966418712470238,1.039377587066294,0.7073258002018414,0.5966418712470238,0.1106839289548176,0.0075,0.0075,0.0,normal,normal,normal,normal,0.0,1000.0,1000.0,0,10,10
2026-08-24T07:07:04.701Z,0.5971972849482119,1.039377587066294,0.7077423604777324,0.5971972849482119,0.11054507552952053,0.0075,0.0075,0.0,normal,normal,normal,normal,0.0,1000.0,1000.0,0,10,10
2026-08-24T07:07:09.703Z,0.4700002110522777,1.039377587066294,0.6123445550557818,0.4700002110522777,0.1423443440035041,0.0075,0.0075,0.0,normal,normal,normal,normal,0.0,1000.0,1000.0,0,10,10
2026-08-24T07:07:14.705Z,0.4929824848286599,1.0327186843188663,0.6279165347012114,0.4929824848286599,0.13493404987255153,0.0075,0.0075,0.0,normal,normal,normal,normal,0.0,1000.0,1000.0,0,10,10
2026-08-24T07:07:19.707Z,0.49959007457453014,1.0327186843188663,0.6328722270106142,0.49959007457453014,0.13328215243608404,0.0075,0.0075,0.0,normal,normal,normal,normal,0.0,1000.0,1000.0,0,10,10
2026-08-24T07:07:24.710Z,0.49959007457453014,1.0327186843188663,0.6328722270106142,0.49959007457453014,0.13328215243608404,0.0075,0.0075,0.0,normal,normal,normal,normal,0.0,1000.0,1000.0,0,10,10
2026-08-24T07:07:29.717Z,0.37151044260957344,1.0327186843188663,0.5368125030368966,0.37151044260957344,0.1653020604273232,0.0075,0.0075,0.0,normal,normal,normal,normal,0.0,1000.0,1000.0,0,10,10
2026-08-24T07:07:34.713Z,0.51264283706966,1.031452399003574,0.6423452275531385,0.51264283706966,0.12970239048347854,0.0075,0.0075,0.0,normal,normal,normal,normal,0.0,1000.0,1000.0,0,10,10
2026-08-24T07:07:39.716Z,0.47968903280387387,1.031452399003574,0.6176298743537989,0.47968903280387387,0.13794084154992503,0.0075,0.0075,0.0,normal,normal,normal,normal,0.0,1000.0,1000.0,0,10,10
2026-08-24T07:07:44.718Z,0.47968903280387387,1.031452399003574,0.6176298743537989,0.47968903280387387,0.13794084154992503,0.0075,0.0075,0.0,normal,normal,normal,normal,0.0,1000.0,1000.0,0,10,10
2026-08-24T07:07:49.721Z,0.47968903280387387,1.031452399003574,0.6176298743537989,0.47968903280387387,0.13794084154992503,0.0075,0.0075,0.0,normal,normal,normal,normal,0.0,1000.0,1000.0,0,10,10
2026-08-24T07:07:54.722Z,0.47968903280387387,1.0342900465720783,0.6183392862459249,0.47968903280387387,0.13865025344205106,0.0075,0.0075,0.0,normal,normal,normal,normal,0.0,1000.0,1000.0,0,10,10
2026-08-24T07:07:59.727Z,0.47968903280387387,1.0342900465720783,0.6183392862459249,0.47968903280387387,0.13865025344205106,0.0075,0.0075,0.0,normal,normal,normal,normal,0.0,1000.0,1000.0,0,10,10
2026-08-24T07:08:04.728Z,0.5065461852238655,1.0342900465720783,0.6384821505609187,0.5065461852238655,0.1319359653370532,0.0075,0.0075,0.0,normal,normal,normal,normal,0.0,1000.0,1000.0,0,10,10
2026-08-24T07:08:09.729Z,0.6258414312018642,1.0342676428540485,0.7279479841149102,0.6258414312018642,0.10210655291304604,0.0075,0.0075,0.0,normal,normal,normal,normal,0.0,1000.0,1000.0,0,10,10
2026-08-24T07:08:14.729Z,0.6052968251592047,1.0329679850972577,0.712214615143718,0.6052968251592047,0.10691778998451329,0.0075,0.0075,0.0,normal,normal,normal,normal,0.0,1000.0,1000.0,0,10,10
2026-08-24T07:08:19.731Z,0.6052968251592047,1.032140770079865,0.7120078113893697,0.6052968251592047,0.10671098623016506,0.0075,0.0075,0.0,normal,normal,normal,normal,0.0,1000.0,1000.0,0,10,10
2026-08-24T07:08:24.732Z,0.6083766416418894,1.0318727685816294,0.7142506733768244,0.6083766416418894,0.10587403173493493,0.0075,0.0075,0.0,normal,normal,normal,normal,0.0,1000.0,1000.0,0,10,10
2026-08-24T07:08:29.734Z,0.6163973153109353,1.0318727685816294,0.7202661786286089,0.6163973153109353,0.10386886331767353,0.0075,0.0075,0.0,normal,normal,normal,normal,0.0,1000.0,1000.0,0,10,10
2026-08-24T07:08:34.735Z,0.722045001600541,1.030942334739803,0.7992693348853565,0.722045001600541,0.07722433328481548,0.007992693348853564,0.0075,0.0004926933488535647,normal,normal,normal,normal,0.0,1000.0,1000.0,0,10,10
2026-08-24T07:08:39.736Z,0.722045001600541,1.030652418447694,0.7991968558123292,0.722045001600541,0.07715185421178827,0.007991968558123293,0.0075,0.000491968558123293,normal,normal,normal,normal,0.0,1000.0,1000.0,0,10,10
2026-08-24T07:08:44.738Z,0.722045001600541,1.0305186659168577,0.7991634176796201,0.722045001600541,0.0771184160790791,0.0079916341767962,0.0075,0.0004916341767962004,normal,normal,normal,normal,0.0,1000.0,1000.0,0,10,10
2026-08-24T07:08:49.740Z,0.8092829633923689,1.0303626651672757,0.8645528888360956,0.8092829633923689,0.055269925443726664,0.008645528888360956,0.008092829633923689,0.0005526992544372666,normal,normal,normal,normal,0.0,1000.0,1000.0,0,10,10
2026-08-24T07:08:54.739Z,0.8647013955094763,1.0301464068683637,0.9060626483491981,0.8647013955094763,0.04136125283972181,0.009060626483491981,0.008647013955094762,0.00041361252839721904,normal,normal,normal,normal,0.0,1000.0,1000.0,0,10,10
2026-08-24T07:08:59.739Z,0.9167824484708071,1.0301464068683637,0.9451234380701963,0.9167824484708071,0.028340989599389133,0.009451234380701962,0.00916782448470807,0.000283409895993892,normal,normal,normal,normal,0.0,1000.0,1000.0,0,10,10
2026-08-24T07:09:04.741Z,0.9167824484708071,1.0298791429745098,0.9450566220967328,0.9167824484708071,0.028274173625925658,0.009450566220967328,0.00916782448470807,0.00028274173625925797,normal,normal,normal,normal,0.0,1000.0,1000.0,0,10,10
2026-08-24T07:09:09.742Z,0.8734011510463511,1.0298791429745098,0.9125206490283908,0.8734011510463512,0.03911949798203962,0.009125206490283908,0.008734011510463512,0.0003911949798203959,normal,normal,normal,normal,0.0,1000.0,1000.0,0,10,10
2026-08-24T07:09:14.746Z,0.8763506947131264,1.0306142304282966,0.9149165786419189,0.8763506947131264,0.038565883928792455,0.00914916578641919,0.008763506947131265,0.0003856588392879244,normal,normal,normal,normal,0.0,1000.0,1000.0,0,10,10
2026-08-24T07:09:19.747Z,0.9467195125931404,1.0306142304282966,0.9676931920519294,0.9467195125931404,0.02097367945878903,0.009676931920519294,0.009467195125931404,0.00020973679458789057,normal,normal,normal,normal,0.0,1000.0,1000.0,0,10,10
2026-08-24T07:09:24.749Z,1.4770926739158332,1.0306142304282966,1.365473063043949,1.4770926739158332,-0.1116196108718841,0.01365473063043949,0.014770926739158332,-0.0011161961087188428,normal,normal,normal,normal,0.0,1000.0,1000.0,0,10,10
2026-08-24T07:09:29.754Z,1.7035950392168113,1.0306142304282966,1.5353498370196828,1.7035950392168113,-0.16824520219712857,0.02303024755529524,0.02555392558825217,-0.0025236780329569303,defensive,defensive,high,high,0.0,500.0,500.0,0,6,6
2026-08-24T07:09:34.753Z,1.485347628163145,1.0306142304282966,1.3716642787294329,1.4853476281631448,-0.11368334943371194,0.020574964180941492,0.014853476281631448,0.005721487899310044,defensive,normal,high,normal,-500.0,500.0,1000.0,-4,6,10
2026-08-24T07:09:39.753Z,1.485347628163145,1.0306142304282966,1.3716642787294329,1.4853476281631448,-0.11368334943371194,0.020574964180941492,0.014853476281631448,0.005721487899310044,defensive,normal,high,normal,-500.0,500.0,1000.0,-4,6,10
2026-08-24T07:09:44.755Z,1.994879918517322,1.0010920469580193,1.7464329506274965,1.994879918517322,-0.24844696788982557,0.026196494259412447,0.02992319877775983,-0.003726704518347383,defensive,defensive,high,high,0.0,500.0,500.0,0,6,6
2026-08-24T07:09:49.756Z,2.204858202481733,1.0010920469580193,1.9039166636008047,2.204858202481733,-0.3009415388809282,0.028558749954012072,0.03,-0.0014412500459879268,defensive,defensive,high,high,0.0,500.0,500.0,0,6,6
2026-08-24T07:09:54.760Z,2.1423640263178645,1.0016065690824705,1.8571746620090162,2.1423640263178645,-0.28518936430884834,0.027857619930135243,0.03,-0.0021423800698647556,defensive,defensive,high,high,0.0,500.0,500.0,0,6,6
2026-08-24T07:09:59.759Z,2.104285880601228,1.0021210912069218,1.8287446832526513,2.104285880601228,-0.2755411973485766,0.027431170248789768,0.03,-0.002568829751210231,defensive,defensive,high,high,0.0,500.0,500.0,0,6,6
2026-08-24T07:10:04.761Z,2.485371160622329,1.0017424162905426,2.1144639745393823,2.485371160622329,-0.3709071860829467,0.03,0.03,0.0,defensive,defensive,high,high,0.0,500.0,500.0,0,6,6
2026-08-24T07:10:09.762Z,3.0617430402868098,1.0017424162905426,2.5467428842877426,3.0617430402868098,-0.5150001559990671,0.03,0.0,0.03,defensive,pause,high,high,500.0,500.0,0.0,6,6,0
2026-08-24T07:10:14.763Z,3.0617430402868098,1.0017424162905426,2.5467428842877426,3.0617430402868098,-0.5150001559990671,0.03,0.0,0.03,defensive,pause,high,high,500.0,500.0,0.0,6,6,0
2026-08-24T07:10:19.765Z,3.0617430402868098,1.000692767922746,2.546480472195794,3.0617430402868098,-0.5152625680910159,0.03,0.0,0.03,defensive,pause,high,high,500.0,500.0,0.0,6,6,0
2026-08-24T07:10:24.766Z,2.153605862171174,1.0004827369083849,1.8653250808554764,2.153605862171174,-0.28828078131569734,0.027979876212832145,0.03,-0.002020123787167854,defensive,defensive,high,high,0.0,500.0,500.0,0,6,6
2026-08-24T07:10:29.767Z,2.5328060755176716,1.0004827369083849,2.14972524086535,2.5328060755176716,-0.38308083465232157,0.03,0.03,0.0,defensive,defensive,high,high,0.0,500.0,500.0,0,6,6
2026-08-24T07:10:34.770Z,2.4333648406179145,1.0004827369083849,2.075144314690532,2.4333648406179145,-0.3582205259273823,0.03,0.03,0.0,defensive,defensive,high,high,0.0,500.0,500.0,0,6,6
2026-08-24T07:10:39.778Z,2.4333648406179145,0.9997271487039564,2.074955417639425,2.4333648406179145,-0.35840942297848954,0.03,0.03,0.0,defensive,defensive,high,high,0.0,500.0,500.0,0,6,6
2026-08-24T07:10:44.770Z,2.0391547909502634,0.9997271487039564,1.7792978803886867,2.0391547909502634,-0.25985691056157667,0.0266894682058303,0.03,-0.0033105317941696973,defensive,defensive,high,high,0.0,500.0,500.0,0,6,6
2026-08-24T07:10:49.774Z,1.6638823261527387,0.9997271487039564,1.4978435317905432,1.6638823261527387,-0.16603879436219549,0.022467652976858148,0.02495823489229108,-0.002490581915432933,defensive,defensive,high,high,0.0,500.0,500.0,0,6,6
2026-08-24T07:10:54.774Z,1.6575666133122484,0.9997271487039564,1.4931067471601756,1.6575666133122484,-0.16445986615207286,0.022396601207402635,0.024863499199683725,-0.0024668979922810898,defensive,defensive,high,high,0.0,500.0,500.0,0,6,6
2026-08-24T07:10:59.775Z,1.6139337983031485,0.9984258579074405,1.4600568132042215,1.6139337983031485,-0.153876985098927,0.02190085219806332,0.024209006974547226,-0.0023081547764839047,defensive,defensive,high,high,0.0,500.0,500.0,0,6,6
2026-08-24T07:11:04.775Z,2.174659575538898,0.9984258579074405,1.8806011461310335,2.174659575538898,-0.29405842940786453,0.028209017191965502,0.03,-0.001790982808034497,defensive,defensive,high,high,0.0,500.0,500.0,0,6,6
2026-08-24T07:11:09.776Z,2.1951799339822586,1.0022037989295833,1.89693590021909,2.1951799339822586,-0.29824403376316866,0.02845403850328635,0.03,-0.0015459614967136479,defensive,defensive,high,high,0.0,500.0,500.0,0,6,6
2026-08-24T07:11:14.778Z,2.277182386157837,1.001867354860368,1.95835362833347,2.277182386157837,-0.31882875782436715,0.02937530442500205,0.03,-0.0006246955749979501,defensive,defensive,high,high,0.0,500.0,500.0,0,6,6
2026-08-24T07:11:19.782Z,2.289476722846157,1.001867354860368,1.96757438084971,2.289476722846157,-0.3219023419964473,0.02951361571274565,0.03,-0.0004863842872543482,defensive,defensive,high,high,0.0,500.0,500.0,0,6,6
2026-08-24T07:11:24.783Z,2.3808076276698174,1.001867354860368,2.036072559467455,2.3808076276698174,-0.34473506820236244,0.03,0.03,0.0,defensive,defensive,high,high,0.0,500.0,500.0,0,6,6
2026-08-24T07:11:29.784Z,2.4707240252810916,1.0041123769958666,2.1040711132097853,2.4707240252810916,-0.36665291207130624,0.03,0.03,0.0,defensive,defensive,high,high,0.0,500.0,500.0,0,6,6
2026-08-24T07:11:34.786Z,2.517133019132983,1.0040702431655582,2.1388673251411268,2.517133019132983,-0.3782656939918563,0.03,0.03,0.0,defensive,defensive,high,high,0.0,500.0,500.0,0,6,6
2026-08-24T07:11:39.796Z,2.5237483980031232,1.0040702431655582,2.143828859293732,2.5237483980031232,-0.37991953870939144,0.03,0.03,0.0,defensive,defensive,high,high,0.0,500.0,500.0,0,6,6
2026-08-24T07:11:44.788Z,3.1316906743121256,1.0040702431655582,2.5997855665254836,3.1316906743121256,-0.5319051077866419,0.03,0.0,0.03,defensive,pause,high,high,500.0,500.0,0.0,6,6,0
2026-08-24T07:11:49.792Z,3.1526508335217938,1.0046996622117785,2.6156630406942902,3.1526508335217938,-0.5369877928275035,0.03,0.0,0.03,defensive,pause,high,high,500.0,500.0,0.0,6,6,0
2026-08-24T07:11:54.793Z,3.1522568621042897,1.0045942770831586,2.615341215849007,3.1522568621042897,-0.5369156462552827,0.03,0.0,0.03,defensive,pause,high,high,500.0,500.0,0.0,6,6,0
2026-08-24T07:11:59.795Z,3.1522568621042897,1.0045942770831586,2.615341215849007,3.1522568621042897,-0.5369156462552827,0.03,0.0,0.03,defensive,pause,high,high,500.0,500.0,0.0,6,6,0
2026-08-24T07:12:04.797Z,2.0702735886012436,1.0045942770831586,1.8038537607217222,2.0702735886012436,-0.26641982787952134,0.027057806410825832,0.03,-0.002942193589174167,defensive,defensive,high,high,0.0,500.0,500.0,0,6,6
2026-08-24T07:12:09.801Z,5.17139226786094,1.0044054711756314,4.129645568689613,5.17139226786094,-1.041746699171327,0.0,0.0,0.0,pause,pause,high,high,0.0,0.0,0.0,0,0,0
2026-08-24T07:12:14.800Z,5.0712951475501615,1.0044054711756314,4.054572728456529,5.0712951475501615,-1.0167224190936324,0.0,0.0,0.0,pause,pause,high,high,0.0,0.0,0.0,0,0,0
2026-08-24T07:12:19.802Z,5.054167326230438,1.004384400763599,4.041721594863728,5.054167326230438,-1.01244573136671,0.0,0.0,0.0,pause,pause,high,high,0.0,0.0,0.0,0,0,0
2026-08-24T07:12:24.802Z,4.920675309518176,1.004384400763599,3.9416025823295313,4.920675309518176,-0.9790727271886444,0.0,0.0,0.0,pause,pause,high,high,0.0,0.0,0.0,0,0,0
2026-08-24T07:12:29.803Z,4.266011006506147,1.0040487528582516,3.4505204430941734,4.266011006506147,-0.815490563411974,0.0,0.0,0.0,pause,pause,high,high,0.0,0.0,0.0,0,0,0
2026-08-24T07:12:34.805Z,4.241730082111806,1.0040487528582516,3.432309749798417,4.241730082111806,-0.8094203323133886,0.0,0.0,0.0,pause,pause,high,high,0.0,0.0,0.0,0,0,0
2026-08-24T07:12:39.812Z,4.243446525387801,1.0040487528582516,3.433597082255414,4.243446525387801,-0.8098494431323875,0.0,0.0,0.0,pause,pause,high,high,0.0,0.0,0.0,0,0,0
2026-08-24T07:12:44.806Z,3.478640498915184,1.0040487528582516,2.859992562400951,3.478640498915184,-0.618647936514233,0.03,0.0,0.03,defensive,pause,high,high,500.0,500.0,0.0,6,6,0
2026-08-24T07:12:49.808Z,3.46255866116695,1.0042165768109255,2.847973140077944,3.46255866116695,-0.6145855210890061,0.03,0.0,0.03,defensive,pause,high,high,500.0,500.0,0.0,6,6,0
2026-08-24T07:12:54.810Z,3.4515763747649064,1.0042165768109255,2.8397364252764112,3.4515763747649064,-0.6118399494884952,0.03,0.0,0.03,defensive,pause,high,high,500.0,500.0,0.0,6,6,0
2026-08-24T07:12:59.813Z,3.4515763747649064,1.0039848993288591,2.8396785059058947,3.4515763747649064,-0.6118978688590118,0.03,0.0,0.03,defensive,pause,high,high,500.0,500.0,0.0,6,6,0
2026-08-24T07:13:04.812Z,3.4530276206464525,1.0039848993288591,2.8407669403170543,3.4530276206464525,-0.6122606803293982,0.03,0.0,0.03,defensive,pause,high,high,500.0,500.0,0.0,6,6,0
2026-08-24T07:13:09.813Z,0.49605134242964594,1.003376677852349,0.6228826762853217,0.49605134242964594,0.12683133385567574,0.0075,0.0075,0.0,normal,normal,normal,normal,0.0,1000.0,1000.0,0,10,10
2026-08-24T07:13:14.813Z,0.4906857947606105,1.003376677852349,0.6188585155335451,0.4906857947606105,0.12817272077293457,0.0075,0.0075,0.0,normal,normal,normal,normal,0.0,1000.0,1000.0,0,10,10
2026-08-24T07:13:19.815Z,0.48906770627067536,1.0032083543029693,0.6176028682787489,0.48906770627067536,0.12853516200807352,0.0075,0.0075,0.0,normal,normal,normal,normal,0.0,1000.0,1000.0,0,10,10
2026-08-24T07:13:24.817Z,0.4861907099904878,1.0032083543029693,0.6154451210686082,0.4861907099904878,0.12925441107812036,0.0075,0.0075,0.0,normal,normal,normal,normal,0.0,1000.0,1000.0,0,10,10
2026-08-24T07:13:29.821Z,0.4816545354398882,1.0141545042778057,0.6147795276493675,0.4816545354398882,0.13312499220947932,0.0075,0.0075,0.0,normal,normal,normal,normal,0.0,1000.0,1000.0,0,10,10
2026-08-24T07:13:34.823Z,0.48685801198275364,1.0141545042778057,0.6186821350565166,0.48685801198275364,0.13182412307376296,0.0075,0.0075,0.0,normal,normal,normal,normal,0.0,1000.0,1000.0,0,10,10
2026-08-24T07:13:39.829Z,0.483952605655167,1.0140375522869993,0.6164738423131251,0.483952605655167,0.13252123665795806,0.0075,0.0075,0.0,normal,normal,normal,normal,0.0,1000.0,1000.0,0,10,10
2026-08-24T07:13:44.822Z,0.20087517876755423,1.0138143551903405,0.4041099728732508,0.20087517876755423,0.20323479410569656,0.0075,0.0075,0.0,normal,normal,normal,normal,0.0,1000.0,1000.0,0,10,10
2026-08-24T07:13:49.823Z,0.17956737397384528,1.0138143551903405,0.3881291192779691,0.17956737397384528,0.20856174530412383,0.0075,0.0075,0.0,normal,normal,normal,normal,0.0,1000.0,1000.0,0,10,10
2026-08-24T07:13:54.825Z,0.21941158313975692,1.0138143551903405,0.4180122761524028,0.21941158313975692,0.19860069301264585,0.0075,0.0075,0.0,normal,normal,normal,normal,0.0,1000.0,1000.0,0,10,10
2026-08-24T07:13:59.827Z,0.21952115379567289,1.0138143551903405,0.41809445414433977,0.21952115379567286,0.1985733003486669,0.0075,0.0075,0.0,normal,normal,normal,normal,0.0,1000.0,1000.0,0,10,10
2026-08-24T07:14:04.829Z,0.21018451964966492,1.0135169118571608,0.4110176177015389,0.21018451964966492,0.20083309805187397,0.0075,0.0075,0.0,normal,normal,normal,normal,0.0,1000.0,1000.0,0,10,10
2026-08-24T07:14:09.832Z,0.22336088270334073,1.0073766712770862,0.4193648298467771,0.22336088270334073,0.19600394714343636,0.0075,0.0075,0.0,normal,normal,normal,normal,0.0,1000.0,1000.0,0,10,10
2026-08-24T07:14:14.832Z,0.18574517702587928,1.0073766712770862,0.391153050588681,0.18574517702587925,0.20540787356280174,0.0075,0.0075,0.0,normal,normal,normal,normal,0.0,1000.0,1000.0,0,10,10
2026-08-24T07:14:19.834Z,0.18953347165840922,1.0073766712770862,0.3939942715630785,0.18953347165840925,0.20446079990466923,0.0075,0.0075,0.0,normal,normal,normal,normal,0.0,1000.0,1000.0,0,10,10
2026-08-24T07:14:24.837Z,0.190923022756787,1.0067437379576107,0.39487820155699294,0.190923022756787,0.20395517880020594,0.0075,0.0075,0.0,normal,normal,normal,normal,0.0,1000.0,1000.0,0,10,10
2026-08-24T07:14:29.837Z,0.19092685328616377,1.0067437379576107,0.39488107445402554,0.19092685328616377,0.20395422116786177,0.0075,0.0075,0.0,normal,normal,normal,normal,0.0,1000.0,1000.0,0,10,10
2026-08-24T07:14:34.839Z,0.18198515041077842,1.0067437379576107,0.3881747972974865,0.18198515041077842,0.20618964688670807,0.0075,0.0075,0.0,normal,normal,normal,normal,0.0,1000.0,1000.0,0,10,10
2026-08-24T07:14:39.845Z,0.21131159485495488,1.0067437379576107,0.41016963063061884,0.21131159485495488,0.19885803577566397,0.0075,0.0075,0.0,normal,normal,normal,normal,0.0,1000.0,1000.0,0,10,10
2026-08-24T07:14:44.843Z,0.2116353960721102,1.0067015706806284,0.4104019397242398,0.2116353960721102,0.19876654365212956,0.0075,0.0075,0.0,normal,normal,normal,normal,0.0,1000.0,1000.0,0,10,10
2026-08-24T07:14:49.844Z,0.20045622541490266,1.0105340314136126,0.40297567691458014,0.20045622541490263,0.2025194514996775,0.0075,0.0075,0.0,normal,normal,normal,normal,0.0,1000.0,1000.0,0,10,10
2026-08-24T07:14:54.846Z,0.15447359556933504,1.0105340314136126,0.36848870453040444,0.15447359556933504,0.2140151089610694,0.0075,0.0075,0.0,normal,normal,normal,normal,0.0,1000.0,1000.0,0,10,10
2026-08-24T07:14:59.848Z,0.15455213668151144,1.0105340314136126,0.36854761036453676,0.15455213668151144,0.21399547368302532,0.0075,0.0075,0.0,normal,normal,normal,normal,0.0,1000.0,1000.0,0,10,10
2026-08-24T07:15:04.848Z,0.16014134481125392,1.0103012918489982,0.37268133157069,0.16014134481125392,0.21253998675943608,0.0075,0.0075,0.0,normal,normal,normal,normal,0.0,1000.0,1000.0,0,10,10
2026-08-24T07:15:09.850Z,0.1404911373639369,1.0103012918489982,0.3579436759852022,0.1404911373639369,0.21745253862126532,0.0075,0.0075,0.0,normal,normal,normal,normal,0.0,1000.0,1000.0,0,10,10
2026-08-24T07:15:14.852Z,0.3079665703560348,1.0103012918489982,0.48355025072927565,0.3079665703560348,0.17558368037324085,0.0075,0.0075,0.0,normal,normal,normal,normal,0.0,1000.0,1000.0,0,10,10
2026-08-24T07:15:19.854Z,0.3121343616470482,1.0103012918489982,0.4866760941975357,0.3121343616470482,0.1745417325504875,0.0075,0.0075,0.0,normal,normal,normal,normal,0.0,1000.0,1000.0,0,10,10
2026-08-24T07:15:24.854Z,0.3142251419114697,1.0103012918489982,0.48824417939585185,0.3142251419114697,0.17401903748438213,0.0075,0.0075,0.0,normal,normal,normal,normal,0.0,1000.0,1000.0,0,10,10
2026-08-24T07:15:29.856Z,0.31659863821275885,1.0103012918489982,0.4900243016218187,0.31659863821275885,0.17342566340905985,0.0075,0.0075,0.0,normal,normal,normal,normal,0.0,1000.0,1000.0,0,10,10
2026-08-24T07:15:34.857Z,0.31578614104613045,1.0103012918489982,0.4894149287468474,0.31578614104613045,0.17362878770071694,0.0075,0.0075,0.0,normal,normal,normal,normal,0.0,1000.0,1000.0,0,10,10
2026-08-24T07:15:39.860Z,0.30567652026809955,1.0103012918489982,0.4818327131633242,0.30567652026809955,0.17615619289522466,0.0075,0.0075,0.0,normal,normal,normal,normal,0.0,1000.0,1000.0,0,10,10
2026-08-24T07:15:44.858Z,0.32327610033517545,1.0103012918489982,0.49503239821363115,0.32327610033517545,0.1717562978784557,0.0075,0.0075,0.0,normal,normal,normal,normal,0.0,1000.0,1000.0,0,10,10
2026-08-24T07:15:49.862Z,0.32965001472427485,1.0085425347040473,0.49937314471921795,0.32965001472427485,0.1697231299949431,0.0075,0.0075,0.0,normal,normal,normal,normal,0.0,1000.0,1000.0,0,10,10
2026-08-24T07:15:54.862Z,0.33197479862459733,1.0085425347040473,0.5011167326444599,0.33197479862459733,0.16914193401986255,0.0075,0.0075,0.0,normal,normal,normal,normal,0.0,1000.0,1000.0,0,10,10
2026-08-24T07:15:59.864Z,0.3359605282404034,1.0085425347040473,0.5041060298563144,0.3359605282404034,0.16814550161591096,0.0075,0.0075,0.0,normal,normal,normal,normal,0.0,1000.0,1000.0,0,10,10
2026-08-24T07:16:04.865Z,0.3588009016678625,1.0085425347040473,0.5212363099269086,0.35880090166786244,0.16243540825904618,0.0075,0.0075,0.0,normal,normal,normal,normal,0.0,1000.0,1000.0,0,10,10
2026-08-24T07:16:09.866Z,0.3676683741176927,1.0085425347040473,0.5278869142642814,0.3676683741176927,0.16021854014658865,0.0075,0.0075,0.0,normal,normal,normal,normal,0.0,1000.0,1000.0,0,10,10
2026-08-24T07:16:14.868Z,0.22857655285465792,1.0085425347040473,0.42356804831700523,0.22857655285465792,0.19499149546234731,0.0075,0.0075,0.0,normal,normal,normal,normal,0.0,1000.0,1000.0,0,10,10
2026-08-24T07:16:19.870Z,0.2188954547533025,1.0085425347040473,0.4163072247409887,0.2188954547533025,0.1974117699876862,0.0075,0.0075,0.0,normal,normal,normal,normal,0.0,1000.0,1000.0,0,10,10
2026-08-24T07:16:24.871Z,0.22585854600118027,1.0085425347040473,0.42152954317689706,0.22585854600118027,0.1956709971757168,0.0075,0.0075,0.0,normal,normal,normal,normal,0.0,1000.0,1000.0,0,10,10
2026-08-24T07:16:29.874Z,0.2301850337203391,1.0103012918489982,0.4252140982525039,0.23018503372033913,0.19502906453216476,0.0075,0.0075,0.0,normal,normal,normal,normal,0.0,1000.0,1000.0,0,10,10
2026-08-24T07:16:34.876Z,0.24404239638001182,1.0103012918489982,0.43560712024725845,0.24404239638001182,0.19156472386724663,0.0075,0.0075,0.0,normal,normal,normal,normal,0.0,1000.0,1000.0,0,10,10
2026-08-24T07:16:39.884Z,0.23003731469579458,1.0103012918489982,0.4251033089840955,0.23003731469579458,0.1950659942883009,0.0075,0.0075,0.0,normal,normal,normal,normal,0.0,1000.0,1000.0,0,10,10
2026-08-24T07:16:44.878Z,0.24720421258428643,1.0103012918489982,0.4379784824004644,0.24720421258428646,0.19077426981617793,0.0075,0.0075,0.0,normal,normal,normal,normal,0.0,1000.0,1000.0,0,10,10
2026-08-24T07:16:49.879Z,0.23719491174211293,1.0103012918489982,0.4304715067688343,0.23719491174211293,0.19327659502672134,0.0075,0.0075,0.0,normal,normal,normal,normal,0.0,1000.0,1000.0,0,10,10
2026-08-24T07:16:54.881Z,0.23351817154563473,1.0103012918489982,0.42771395162147563,0.23351817154563473,0.1941957800758409,0.0075,0.0075,0.0,normal,normal,normal,normal,0.0,1000.0,1000.0,0,10,10
2026-08-24T07:16:59.888Z,0.22651037094681117,1.0103012918489982,0.42245810117235794,0.22651037094681117,0.19594773022554676,0.0075,0.0075,0.0,normal,normal,normal,normal,0.0,1000.0,1000.0,0,10,10
2026-08-24T07:17:04.889Z,0.3667086265945892,1.0103012918489982,0.5276067929081915,0.3667086265945892,0.16089816631360226,0.0075,0.0075,0.0,normal,normal,normal,normal,0.0,1000.0,1000.0,0,10,10
2026-08-24T07:17:09.889Z,1.298787456703283,1.0076631561315719,1.2260063815603552,1.298787456703283,-0.07278107514292786,0.012260063815603552,0.01298787456703283,-0.0007278107514292788,normal,normal,normal,normal,0.0,1000.0,1000.0,0,10,10
2026-08-24T07:17:14.888Z,1.3214900207413427,1.0074100433299145,1.2429700263884857,1.3214900207413427,-0.07851999435285695,0.012429700263884857,0.013214900207413427,-0.0007851999435285698,normal,normal,normal,normal,0.0,1000.0,1000.0,0,10,10
2026-08-24T07:17:19.891Z,1.3238287087537666,1.0074100433299145,1.2447240423978037,1.3238287087537666,-0.07910466635596292,0.012447240423978037,0.013238287087537666,-0.0007910466635596292,normal,normal,normal,normal,0.0,1000.0,1000.0,0,10,10
2026-08-24T07:17:24.893Z,1.3065142479590885,1.0074100433299145,1.2317381968017949,1.3065142479590885,-0.07477605115729369,0.01231738196801795,0.013065142479590884,-0.0007477605115729351,normal,normal,normal,normal,0.0,1000.0,1000.0,0,10,10
2026-08-24T07:17:29.894Z,1.3129686607233941,1.0074100433299145,1.2365790063750244,1.3129686607233941,-0.07638965434836975,0.012365790063750244,0.013129686607233942,-0.0007638965434836973,normal,normal,normal,normal,0.0,1000.0,1000.0,0,10,10
2026-08-24T07:17:34.898Z,1.281882620927853,1.0063567739372268,1.2130011591801966,1.281882620927853,-0.06888146174765652,0.012130011591801966,0.01281882620927853,-0.0006888146174765641,normal,normal,normal,normal,0.0,1000.0,1000.0,0,10,10
2026-08-24T07:17:39.937Z,1.4711471279023647,1.0063567739372268,1.3549495394110802,1.4711471279023647,-0.11619758849128448,0.013549495394110801,0.014711471279023646,-0.0011619758849128452,normal,normal,normal,normal,0.0,1000.0,1000.0,0,10,10
2026-08-24T07:17:44.898Z,1.8891347024268796,1.0063567739372268,1.6684402203044664,1.8891347024268796,-0.22069448212241327,0.025026603304566995,0.028337020536403194,-0.003310417231836199,defensive,defensive,high,high,0.0,500.0,500.0,0,6,6
2026-08-24T07:17:49.901Z,2.083987716868378,1.0089705790100998,1.8152334324038084,2.083987716868378,-0.2687542844645696,0.027228501486057127,0.03,-0.0027714985139428716,defensive,defensive,high,high,0.0,500.0,500.0,0,6,6
2026-08-24T07:17:54.903Z,2.086758847173724,1.0085909575468741,1.8172168747670114,2.086758847173724,-0.26954197240671274,0.02725825312150517,0.03,-0.0027417468784948287,defensive,defensive,high,high,0.0,500.0,500.0,0,6,6
2026-08-24T07:17:59.904Z,2.086758847173724,1.0085909575468741,1.8172168747670114,2.086758847173724,-0.26954197240671274,0.02725825312150517,0.03,-0.0027417468784948287,defensive,defensive,high,high,0.0,500.0,500.0,0,6,6
2026-08-24T07:18:04.905Z,1.4902983615155756,1.0085909575468741,1.3698715105234003,1.4902983615155756,-0.12042685099217532,0.020548072657851003,0.014902983615155756,0.005645089042695247,defensive,normal,high,normal,-500.0,500.0,1000.0,-4,6,10
2026-08-24T07:18:09.907Z,0.9712354468142027,1.0085909575468741,0.9805743244973706,0.9712354468142027,0.009338877683167879,0.009805743244973707,0.009712354468142026,9.338877683168038e-05,normal,normal,normal,normal,0.0,1000.0,1000.0,0,10,10
2026-08-24T07:18:14.910Z,1.0296176629936225,1.0082537559813611,1.024276686240557,1.0296176629936225,-0.005340976753065441,0.01024276686240557,0.010296176629936225,-5.340976753065614e-05,normal,normal,normal,normal,0.0,1000.0,1000.0,0,10,10
2026-08-24T07:18:19.912Z,1.0304978254997015,1.0082537559813611,1.0249368081201164,1.0304978254997015,-0.0055610173795850315,0.010249368081201164,0.010304978254997014,-5.5610173795850315e-05,normal,normal,normal,normal,0.0,1000.0,1000.0,0,10,10
2026-08-24T07:18:24.914Z,1.0340111190121306,1.0082537559813611,1.0275717782544382,1.0340111190121306,-0.006439340757692369,0.010275717782544382,0.010340111190121307,-6.439340757692473e-05,normal,normal,normal,normal,0.0,1000.0,1000.0,0,10,10
2026-08-24T07:18:29.916Z,1.0418732185063546,1.0082537559813611,1.0334683528751063,1.0418732185063546,-0.008404865631248315,0.010334683528751063,0.010418732185063546,-8.404865631248329e-05,short_bias,short_bias,normal,normal,0.0,1000.0,1000.0,0,10,10
2026-08-24T07:18:34.916Z,1.4982138207272482,1.0059964063348794,1.375159467129156,1.4982138207272484,-0.12305435359809236,0.01375159467129156,0.014982138207272485,-0.0012305435359809252,normal,normal,normal,normal,0.0,1000.0,1000.0,0,10,10
2026-08-24T07:18:39.918Z,1.4451745517656271,1.0059964063348794,1.3353800154079403,1.4451745517656274,-0.1097945363576871,0.013353800154079403,0.014451745517656274,-0.0010979453635768712,normal,normal,normal,normal,0.0,1000.0,1000.0,0,10,10
2026-08-24T07:18:44.921Z,1.2089426670699865,1.0059964063348794,1.1582061018862098,1.2089426670699865,-0.05073656518377678,0.011582061018862099,0.012089426670699866,-0.000507365651837767,normal,normal,normal,normal,0.0,1000.0,1000.0,0,10,10
2026-08-24T07:18:49.923Z,1.0388960764300161,1.0059964063348794,1.0306711589062318,1.0388960764300161,-0.008224917523784292,0.010306711589062318,0.01038896076430016,-8.224917523784285e-05,short_bias,short_bias,normal,normal,0.0,1000.0,1000.0,0,10,10
2026-08-24T07:18:54.924Z,1.0549900970054003,1.0058282849383746,1.0426996439886438,1.0549900970054003,-0.012290453016756464,0.010426996439886437,0.010549900970054003,-0.00012290453016756617,normal,normal,normal,normal,0.0,1000.0,1000.0,0,10,10
2026-08-24T07:18:59.925Z,1.0549900970054003,1.0058282849383746,1.0426996439886438,1.0549900970054003,-0.012290453016756464,0.010426996439886437,0.010549900970054003,-0.00012290453016756617,normal,normal,normal,normal,0.0,1000.0,1000.0,0,10,10
2026-08-24T07:19:04.926Z,1.4153827266267907,1.0058282849383746,1.3129941162046865,1.4153827266267907,-0.10238861042210412,0.013129941162046865,0.014153827266267908,-0.0010238861042210431,normal,normal,normal,normal,0.0,1000.0,1000.0,0,10,10
2026-08-24T07:19:09.927Z,1.444569485428906,1.0058282849383746,1.3348841853062732,1.4445694854289062,-0.109685300122633,0.013348841853062732,0.014445694854289062,-0.0010968530012263299,normal,normal,normal,normal,0.0,1000.0,1000.0,0,10,10
2026-08-24T07:19:14.932Z,1.655342383162211,1.0049717986212658,1.4927497370269749,1.6553423831622112,-0.16259264613523627,0.014927497370269749,0.024830135747433167,-0.009902638377163419,normal,defensive,normal,high,500.0,1000.0,500.0,4,10,6
2026-08-24T07:19:19.936Z,1.6575601408506002,1.0049717986212658,1.4944130552932666,1.6575601408506,-0.16314708555733337,0.014944130552932667,0.024863402112759,-0.009919271559826333,normal,defensive,normal,high,500.0,1000.0,500.0,4,10,6
2026-08-24T07:19:24.934Z,1.6565891032487645,1.0049717986212658,1.49368477709189,1.6565891032487645,-0.16290432615687456,0.0149368477709189,0.02484883654873147,-0.00991198877781257,long_bias,defensive,normal,high,500.0,1000.0,500.0,4,10,6
2026-08-24T07:19:29.939Z,1.649463698502342,1.0049717986212658,1.488340723532073,1.649463698502342,-0.16112297497026917,0.01488340723532073,0.02474195547753513,-0.0098585482422144,long_bias,defensive,normal,high,500.0,1000.0,500.0,4,10,6
2026-08-24T07:19:34.937Z,1.1874968620870694,1.0079799456862335,1.1426176329868603,1.1874968620870694,-0.04487922910020914,0.011426176329868603,0.011874968620870695,-0.00044879229100209216,normal,normal,normal,normal,0.0,1000.0,1000.0,0,10,10
2026-08-24T07:19:39.943Z,1.1798328261462103,1.0079799456862335,1.1368696060312162,1.1798328261462103,-0.042963220114994094,0.011368696060312163,0.011798328261462102,-0.0004296322011499397,normal,normal,normal,normal,0.0,1000.0,1000.0,0,10,10
2026-08-24T07:19:44.941Z,1.180414885516751,1.0079799456862335,1.1373061505591215,1.180414885516751,-0.04310873495762935,0.011373061505591215,0.01180414885516751,-0.00043108734957629513,long_bias,long_bias,normal,normal,0.0,1000.0,1000.0,0,10,10
2026-08-24T07:19:49.944Z,1.1825546712443307,1.0079799456862335,1.1389109898548062,1.1825546712443307,-0.04364368138952446,0.011389109898548062,0.011825546712443307,-0.0004364368138952447,long_bias,long_bias,normal,normal,0.0,1000.0,1000.0,0,10,10
2026-08-24T07:19:54.943Z,1.1825546712443307,1.0079799456862335,1.1389109898548062,1.1825546712443307,-0.04364368138952446,0.011389109898548062,0.011825546712443307,-0.0004364368138952447,normal,normal,normal,normal,0.0,1000.0,1000.0,0,10,10
2026-08-24T07:19:59.947Z,1.1825546712443307,1.007811520949079,1.1388688836705176,1.1825546712443307,-0.04368578757381303,0.011388688836705177,0.011825546712443307,-0.00043685787573813015,normal,normal,normal,normal,0.0,1000.0,1000.0,0,10,10
2026-08-24T07:20:04.947Z,0.7598391624362295,1.007811520949079,0.8218322520644419,0.7598391624362296,0.06199308962821226,0.008218322520644418,0.007598391624362296,0.0006199308962821226,normal,normal,normal,normal,0.0,1000.0,1000.0,0,10,10
2026-08-24T07:20:09.950Z,0.8695293792996874,1.007811520949079,0.9040999147120352,0.8695293792996873,0.03457053541234789,0.009040999147120352,0.008695293792996873,0.0003457053541234788,normal,normal,normal,normal,0.0,1000.0,1000.0,0,10,10
2026-08-24T07:20:14.952Z,0.9118502903708829,1.0058064246626843,0.9353393239438332,0.9118502903708828,0.023489033572950402,0.009353393239438332,0.009118502903708829,0.00023489033572950298,normal,normal,normal,normal,0.0,1000.0,1000.0,0,10,10
2026-08-24T07:20:19.954Z,0.914713920923711,1.0056173909411739,0.9374397884280767,0.914713920923711,0.022725867504365782,0.009374397884280766,0.00914713920923711,0.00022725867504365567,normal,normal,normal,normal,0.0,1000.0,1000.0,0,10,10
2026-08-24T07:20:24.955Z,0.9135666770460693,1.0056173909411739,0.9365793555198454,0.9135666770460693,0.023012678473776083,0.009365793555198454,0.009135666770460692,0.00023012678473776152,normal,normal,normal,normal,0.0,1000.0,1000.0,0,10,10
2026-08-24T07:20:29.957Z,0.9822153445927577,1.0056173909411739,0.9880658561798616,0.9822153445927576,0.005850511587104035,0.009880658561798617,0.009822153445927576,5.8505115871040556e-05,normal,normal,normal,normal,0.0,1000.0,1000.0,0,10,10
2026-08-24T07:20:34.959Z,0.9872553091183973,1.0056173909411739,0.9918458295740915,0.9872553091183973,0.004590520455694191,0.009918458295740914,0.009872553091183973,4.590520455694143e-05,normal,normal,normal,normal,0.0,1000.0,1000.0,0,10,10
2026-08-24T07:20:39.960Z,0.9859219628458897,1.0040867389491241,0.9904631568716984,0.9859219628458898,0.004541194025808548,0.009904631568716984,0.009859219628458898,4.541194025808534e-05,short_bias,short_bias,normal,normal,0.0,1000.0,1000.0,0,10,10
2026-08-24T07:20:44.963Z,0.9973101617733454,1.0040867389491241,0.9990043060672901,0.9973101617733454,0.001694144293944655,0.009990043060672901,0.009973101617733455,1.6941442939446757e-05,normal,normal,normal,normal,0.0,1000.0,1000.0,0,10,10
2026-08-24T07:20:49.963Z,1.014623477610997,1.0040867389491241,1.0119892929455288,1.014623477610997,-0.0026341846654682755,0.010119892929455287,0.01014623477610997,-2.6341846654683032e-05,normal,normal,normal,normal,0.0,1000.0,1000.0,0,10,10
2026-08-24T07:20:54.965Z,1.0158863800751243,1.0023978315262718,1.0125142429379113,1.0158863800751243,-0.0033721371372130715,0.010125142429379112,0.010158863800751244,-3.372137137213141e-05,normal,normal,normal,normal,0.0,1000.0,1000.0,0,10,10
2026-08-24T07:20:59.967Z,1.018143435918963,1.0001040149781568,1.0136335806837615,1.018143435918963,-0.004509855235201421,0.010136335806837616,0.01018143435918963,-4.509855235201518e-05,normal,normal,normal,normal,0.0,1000.0,1000.0,0,10,10
2026-08-24T07:21:04.969Z,1.2047047683695296,1.0001040149781568,1.1535545800216864,1.2047047683695296,-0.05115018834784313,0.011535545800216864,0.012047047683695297,-0.000511501883478432,normal,normal,normal,normal,0.0,1000.0,1000.0,0,10,10
2026-08-24T07:21:09.971Z,1.0659083093414798,1.0001040149781568,1.049457235750649,1.0659083093414798,-0.016451073590830756,0.01049457235750649,0.010659083093414798,-0.0001645107359083079,normal,normal,normal,normal,0.0,1000.0,1000.0,0,10,10
2026-08-24T07:21:14.973Z,0.7065792345088557,1.0001040149781568,0.7799604296261811,0.7065792345088558,0.07338119511732522,0.007799604296261811,0.0075,0.0002996042962618113,normal,normal,normal,normal,0.0,1000.0,1000.0,0,10,10
2026-08-24T07:21:19.976Z,0.7065792345088557,1.0001040149781568,0.7799604296261811,0.7065792345088558,0.07338119511732522,0.007799604296261811,0.0075,0.0002996042962618113,normal,normal,normal,normal,0.0,1000.0,1000.0,0,10,10
2026-08-24T07:21:24.976Z,0.7079158051386385,0.9992926981485334,0.7807600283911122,0.7079158051386386,0.07284422325247364,0.007807600283911122,0.0075,0.00030760028391112193,normal,normal,normal,normal,0.0,1000.0,1000.0,0,10,10
2026-08-24T07:21:29.980Z,0.6127285469550285,0.9992926981485334,0.7093695847534047,0.6127285469550285,0.09664103779837618,0.0075,0.0075,0.0,normal,normal,normal,normal,0.0,1000.0,1000.0,0,10,10
2026-08-24T07:21:34.981Z,0.6078014068390373,0.9992926981485334,0.7056742296664112,0.6078014068390373,0.09787282282737397,0.0075,0.0075,0.0,normal,normal,normal,normal,0.0,1000.0,1000.0,0,10,10
2026-08-24T07:21:39.983Z,0.6146451718529147,0.9992926981485334,0.7108070534268194,0.6146451718529147,0.0961618815739047,0.0075,0.0075,0.0,normal,normal,normal,normal,0.0,1000.0,1000.0,0,10,10
2026-08-24T07:21:44.984Z,0.750939071938137,0.9992926981485334,0.8130274784907361,0.750939071938137,0.06208840655259906,0.008130274784907361,0.00750939071938137,0.0006208840655259912,normal,normal,normal,normal,0.0,1000.0,1000.0,0,10,10
2026-08-24T07:21:49.987Z,0.7348153548633601,0.9992926981485334,0.8009346906846534,0.7348153548633601,0.06611933582129326,0.008009346906846534,0.0075,0.0005093469068465344,normal,normal,normal,normal,0.0,1000.0,1000.0,0,10,10
2026-08-24T07:21:54.989Z,0.7348153548633601,0.9961930517994592,0.8001597790973849,0.7348153548633601,0.06534442423402476,0.00800159779097385,0.0075,0.0005015977909738501,normal,normal,normal,normal,0.0,1000.0,1000.0,0,10,10
2026-08-24T07:21:59.991Z,0.7506164953148993,0.9961930517994592,0.8120106344360393,0.7506164953148993,0.06139413912114,0.008120106344360393,0.007506164953148993,0.0006139413912113999,normal,normal,normal,normal,0.0,1000.0,1000.0,0,10,10
2026-08-24T07:22:04.991Z,0.6280515667856876,0.9961930517994592,0.7200869380391305,0.6280515667856876,0.09203537125344285,0.0075,0.0075,0.0,normal,normal,normal,normal,0.0,1000.0,1000.0,0,10,10
2026-08-24T07:22:09.993Z,0.6846748497520072,0.9961930517994592,0.7625544002638702,0.6846748497520072,0.07787955051186302,0.007625544002638702,0.0075,0.00012554400263870263,normal,normal,normal,normal,0.0,1000.0,1000.0,0,10,10
2026-08-24T07:22:14.995Z,0.7084439222768386,0.9961930517994592,0.7803812046574937,0.7084439222768385,0.07193728238065522,0.007803812046574937,0.0075,0.00030381204657493714,normal,normal,normal,normal,0.0,1000.0,1000.0,0,10,10
2026-08-24T07:22:19.997Z,0.7084439222768386,0.9961930517994592,0.7803812046574937,0.7084439222768385,0.07193728238065522,0.007803812046574937,0.0075,0.00030381204657493714,normal,normal,normal,normal,0.0,1000.0,1000.0,0,10,10
2026-08-24T07:22:24.998Z,0.7275017849117592,0.9936550863324318,0.7940401102669273,0.7275017849117592,0.06653832535516813,0.007940401102669274,0.0075,0.0004404011026692741,normal,normal,normal,normal,0.0,1000.0,1000.0,0,10,10
2026-08-24T07:22:30.003Z,0.7275017849117592,0.9936550863324318,0.7940401102669273,0.7275017849117592,0.06653832535516813,0.007940401102669274,0.0075,0.0004404011026692741,normal,normal,normal,normal,0.0,1000.0,1000.0,0,10,10
2026-08-24T07:22:35.004Z,0.7275017849117592,0.9936550863324318,0.7940401102669273,0.7275017849117592,0.06653832535516813,0.007940401102669274,0.0075,0.0004404011026692741,normal,normal,normal,normal,0.0,1000.0,1000.0,0,10,10
2026-08-24T07:22:40.006Z,0.7538642332621566,0.9936550863324318,0.8138119465297254,0.7538642332621567,0.05994771326756876,0.008138119465297255,0.007538642332621567,0.0005994771326756874,normal,normal,normal,normal,0.0,1000.0,1000.0,0,10,10
2026-08-24T07:22:45.007Z,0.5625854651615684,0.9929685874765967,0.6701812457403254,0.5625854651615684,0.10759578057875707,0.0075,0.0075,0.0,normal,normal,normal,normal,0.0,1000.0,1000.0,0,10,10
2026-08-24T07:22:50.008Z,0.6485902295461019,0.9929685874765967,0.7346848190287256,0.6485902295461019,0.08609458948262372,0.0075,0.0075,0.0,normal,normal,normal,normal,0.0,1000.0,1000.0,0,10,10
2026-08-24T07:22:55.010Z,0.6489794134023438,0.9929685874765967,0.734976706920907,0.6489794134023438,0.08599729351856322,0.0075,0.0075,0.0,normal,normal,normal,normal,0.0,1000.0,1000.0,0,10,10
2026-08-24T07:23:00.013Z,0.6268953747619209,0.9929685874765967,0.7184136779405899,0.6268953747619209,0.09151830317866894,0.0075,0.0075,0.0,normal,normal,normal,normal,0.0,1000.0,1000.0,0,10,10
2026-08-24T07:23:05.015Z,0.42691330529258315,0.9929685874765967,0.5684271258385866,0.42691330529258315,0.14151382054600342,0.0075,0.0075,0.0,normal,normal,normal,normal,0.0,1000.0,1000.0,0,10,10
2026-08-24T07:23:10.014Z,0.3984372985795016,0.9929685874765967,0.5470701208037754,0.39843729857950166,0.1486328222242737,0.0075,0.0075,0.0,normal,normal,normal,normal,0.0,1000.0,1000.0,0,10,10
2026-08-24T07:23:15.016Z,0.36731697135310765,0.9929685874765967,0.5237298753839799,0.36731697135310765,0.1564129040308722,0.0075,0.0075,0.0,normal,normal,normal,normal,0.0,1000.0,1000.0,0,10,10
2026-08-24T07:23:20.019Z,0.36736898965823794,0.9929685874765967,0.5237688891128276,0.36736898965823794,0.15639989945458965,0.0075,0.0075,0.0,normal,normal,normal,normal,0.0,1000.0,1000.0,0,10,10
2026-08-24T07:23:25.019Z,0.3255460028228366,0.9938631162887456,0.4926252811893138,0.3255460028228366,0.16707927836647724,0.0075,0.0075,0.0,normal,normal,normal,normal,0.0,1000.0,1000.0,0,10,10
2026-08-24T07:23:30.020Z,0.5056762316451907,0.9938631162887456,0.6277229528060794,0.5056762316451907,0.12204672116088866,0.0075,0.0075,0.0,normal,normal,normal,normal,0.0,1000.0,1000.0,0,10,10
2026-08-24T07:23:35.023Z,0.5575507652805095,0.9938631162887456,0.6666288530325685,0.5575507652805095,0.10907808775205896,0.0075,0.0075,0.0,normal,normal,normal,normal,0.0,1000.0,1000.0,0,10,10
2026-08-24T07:23:40.024Z,0.5659568187283004,0.9938631162887456,0.6729333931184117,0.5659568187283004,0.10697657439011132,0.0075,0.0075,0.0,normal,normal,normal,normal,0.0,1000.0,1000.0,0,10,10
2026-08-24T07:23:45.038Z,0.5659568187283004,0.9938631162887456,0.6729333931184117,0.5659568187283004,0.10697657439011132,0.0075,0.0075,0.0,normal,normal,normal,normal,0.0,1000.0,1000.0,0,10,10
2026-08-24T07:23:50.027Z,1.0560228050881137,0.9938631162887456,1.0404828828882717,1.0560228050881137,-0.015539922199842016,0.010404828828882717,0.010560228050881137,-0.00015539922199842016,normal,normal,normal,normal,0.0,1000.0,1000.0,0,10,10
2026-08-24T07:23:55.028Z,1.526439498636789,0.9938631162887456,1.3932954030497784,1.5264394986367893,-0.1331440955870109,0.013932954030497784,0.02289659247955184,-0.008963638449054056,normal,defensive,normal,high,500.0,1000.0,500.0,4,10,6
2026-08-24T07:24:00.031Z,1.5236377414315008,0.9938631162887456,1.391194085145812,1.5236377414315008,-0.13244365628568877,0.01391194085145812,0.022854566121472512,-0.008942625270014392,normal,defensive,normal,high,500.0,1000.0,500.0,4,10,6
2026-08-24T07:24:05.031Z,1.6973907371466883,0.996297066777616,1.5221173195544202,1.6973907371466883,-0.1752734175922681,0.0228317597933163,0.025460861057200326,-0.002629101263884024,defensive,defensive,high,high,0.0,500.0,500.0,0,6,6
2026-08-24T07:24:10.033Z,1.7150615466415244,0.996297066777616,1.5353704266755472,1.7150615466415244,-0.1796911199659772,0.02303055640013321,0.025725923199622865,-0.002695366799489656,defensive,defensive,high,high,0.0,500.0,500.0,0,6,6
2026-08-24T07:24:15.035Z,1.9542913087506153,0.996297066777616,1.7147927482573653,1.954291308750615,-0.2394985604932498,0.02572189122386048,0.029314369631259225,-0.0035924784073987463,defensive,defensive,high,high,0.0,500.0,500.0,0,6,6
2026-08-24T07:24:20.041Z,1.9556393105922945,0.996297066777616,1.7158037496386247,1.9556393105922945,-0.23983556095366976,0.025737056244579372,0.029334589658884417,-0.003597533414305045,defensive,defensive,high,high,0.0,500.0,500.0,0,6,6
2026-08-24T07:24:25.039Z,1.9577129852949655,0.9956105679217807,1.7171873809516693,1.9577129852949655,-0.24052560434329617,0.02575781071427504,0.02936569477942448,-0.00360788406514944,defensive,defensive,high,high,0.0,500.0,500.0,0,6,6
2026-08-24T07:24:30.042Z,1.9182682748135798,0.9956105679217807,1.6876038480906301,1.91826827481358,-0.23066442672294984,0.025314057721359452,0.0287740241222037,-0.0034599664008442485,defensive,defensive,high,high,0.0,500.0,500.0,0,6,6
2026-08-24T07:24:35.042Z,1.9181490675857,0.9956105679217807,1.6875144426697202,1.9181490675857,-0.23063462491597986,0.025312716640045804,0.0287722360137855,-0.0034595193737396966,defensive,defensive,high,high,0.0,500.0,500.0,0,6,6
2026-08-24T07:24:40.043Z,1.9184537012938987,0.9956105679217807,1.6877429179508692,1.9184537012938987,-0.23071078334302952,0.025316143769263038,0.02877680551940848,-0.0034606617501454426,defensive,defensive,high,high,0.0,500.0,500.0,0,6,6
2026-08-24T07:24:45.057Z,1.918930442533104,0.9956105679217807,1.6881004738802732,1.918930442533104,-0.23082996865283079,0.0253215071082041,0.02878395663799656,-0.0034624495297924628,defensive,defensive,high,high,0.0,500.0,500.0,0,6,6
2026-08-24T07:24:50.047Z,1.3239073417300002,0.9956105679217807,1.2418331482779454,1.3239073417300002,-0.0820741934520548,0.012418331482779455,0.013239073417300002,-0.0008207419345205476,normal,normal,normal,normal,0.0,1000.0,1000.0,0,10,10
2026-08-24T07:24:55.049Z,0.6477418390600903,0.9956105679217807,0.734709021275513,0.6477418390600903,0.08696718221542266,0.0075,0.0075,0.0,normal,normal,normal,normal,0.0,1000.0,1000.0,0,10,10
2026-08-24T07:25:00.051Z,0.6477418390600903,0.9956105679217807,0.734709021275513,0.6477418390600903,0.08696718221542266,0.0075,0.0075,0.0,normal,normal,normal,normal,0.0,1000.0,1000.0,0,10,10
2026-08-24T07:25:05.052Z,0.6485564639420148,0.9947784480965258,0.7351119599806426,0.6485564639420148,0.08655549603862778,0.0075,0.0075,0.0,normal,normal,normal,normal,0.0,1000.0,1000.0,0,10,10
2026-08-24T07:25:10.055Z,0.7789442724238452,0.9947784480965258,0.8329028163420154,0.7789442724238452,0.05395854391817012,0.008329028163420155,0.007789442724238452,0.0005395854391817027,normal,normal,normal,normal,0.0,1000.0,1000.0,0,10,10
2026-08-24T07:25:15.056Z,0.7759396823595217,0.9947784480965258,0.8306493737937727,0.7759396823595216,0.054709691434251084,0.008306493737937726,0.007759396823595216,0.0005470969143425101,normal,normal,normal,normal,0.0,1000.0,1000.0,0,10,10
2026-08-24T07:25:20.058Z,0.7955098641753267,0.9947784480965258,0.8453270101556264,0.7955098641753265,0.04981714598029985,0.008453270101556264,0.007955098641753266,0.0004981714598029981,normal,normal,normal,normal,0.0,1000.0,1000.0,0,10,10
2026-08-24T07:25:25.064Z,0.8169263227344123,0.9947784480965258,0.8613893540749408,0.8169263227344125,0.044463031340528314,0.008613893540749408,0.008169263227344126,0.0004446303134052823,normal,normal,normal,normal,0.0,1000.0,1000.0,0,10,10
2026-08-24T07:25:30.061Z,0.6519092078324122,0.9947784480965258,0.7376265178984407,0.6519092078324122,0.08571731006602845,0.0075,0.0075,0.0,normal,normal,normal,normal,0.0,1000.0,1000.0,0,10,10
2026-08-24T07:25:35.062Z,0.6549332267933671,0.9947784480965258,0.7398945321191568,0.6549332267933671,0.08496130532578972,0.0075,0.0075,0.0,normal,normal,normal,normal,0.0,1000.0,1000.0,0,10,10
2026-08-24T07:25:40.064Z,0.6549332267933671,0.9947784480965258,0.7398945321191568,0.6549332267933671,0.08496130532578972,0.0075,0.0075,0.0,normal,normal,normal,normal,0.0,1000.0,1000.0,0,10,10
2026-08-24T07:25:45.073Z,0.7516372692937864,0.992594133555232,0.8118764853591478,0.7516372692937864,0.06023921606536142,0.008118764853591478,0.007516372692937864,0.0006023921606536139,normal,normal,normal,normal,0.0,1000.0,1000.0,0,10,10
2026-08-24T07:25:50.064Z,0.7688174300027331,0.992594133555232,0.8247616058908578,0.768817430002733,0.055944175888124836,0.008247616058908579,0.00768817430002733,0.0005594417588812486,normal,normal,normal,normal,0.0,1000.0,1000.0,0,10,10
2026-08-24T07:25:55.065Z,0.7934950922892233,0.992594133555232,0.8432698526057254,0.7934950922892233,0.049774760316502076,0.008432698526057254,0.007934950922892233,0.0004977476031650212,normal,normal,normal,normal,0.0,1000.0,1000.0,0,10,10
2026-08-24T07:26:00.071Z,0.7934950922892233,0.992594133555232,0.8432698526057254,0.7934950922892233,0.049774760316502076,0.008432698526057254,0.007934950922892233,0.0004977476031650212,normal,normal,normal,normal,0.0,1000.0,1000.0,0,10,10
2026-08-24T07:26:05.069Z,0.8455507351752864,0.992594133555232,0.8823115847702729,0.8455507351752866,0.03676084959498638,0.008823115847702729,0.008455507351752866,0.00036760849594986295,normal,normal,normal,normal,0.0,1000.0,1000.0,0,10,10
2026-08-24T07:26:10.071Z,0.7016303712917225,0.9936134803411691,0.7746261485540842,0.7016303712917225,0.07299577726236173,0.007746261485540842,0.0075,0.00024626148554084213,normal,normal,normal,normal,0.0,1000.0,1000.0,0,10,10
2026-08-24T07:26:15.071Z,0.6782625067201622,0.9936134803411691,0.757100250125414,0.6782625067201623,0.07883774340525174,0.00757100250125414,0.0075,7.100250125414032e-05,normal,normal,normal,normal,0.0,1000.0,1000.0,0,10,10
2026-08-24T07:26:20.074Z,0.6658539850572119,0.9936134803411691,0.7477938588782012,0.6658539850572119,0.08193987382098922,0.0075,0.0075,0.0,normal,normal,normal,normal,0.0,1000.0,1000.0,0,10,10
2026-08-24T07:26:25.075Z,0.662966389782623,0.9936134803411691,0.7456281624222596,0.662966389782623,0.08266177263963659,0.0075,0.0075,0.0,normal,normal,normal,normal,0.0,1000.0,1000.0,0,10,10
2026-08-24T07:26:30.074Z,0.6509936809208848,0.9936134803411691,0.7366486307759559,0.6509936809208848,0.08565494985507105,0.0075,0.0075,0.0,normal,normal,normal,normal,0.0,1000.0,1000.0,0,10,10
2026-08-24T07:26:35.075Z,0.6486074331975251,0.9936134803411691,0.7348589449834362,0.6486074331975251,0.08625151178591106,0.0075,0.0075,0.0,normal,normal,normal,normal,0.0,1000.0,1000.0,0,10,10
2026-08-24T07:26:40.075Z,0.6496232429636837,0.9936134803411691,0.735620802308055,0.6496232429636837,0.08599755934437137,0.0075,0.0075,0.0,normal,normal,normal,normal,0.0,1000.0,1000.0,0,10,10
2026-08-24T07:26:45.083Z,0.5529615346562261,0.9936134803411691,0.6631245210774619,0.5529615346562261,0.11016298642123579,0.0075,0.0075,0.0,normal,normal,normal,normal,0.0,1000.0,1000.0,0,10,10
2026-08-24T07:26:50.082Z,0.8645006010009437,0.9890784272935302,0.8956450575740904,0.8645006010009437,0.031144456573146684,0.008956450575740904,0.008645006010009436,0.0003114445657314679,normal,normal,normal,normal,0.0,1000.0,1000.0,0,10,10
2026-08-24T07:26:55.080Z,0.7179785548086457,0.9890784272935302,0.7857535229298669,0.7179785548086457,0.06777496812122119,0.00785753522929867,0.0075,0.00035753522929866943,normal,normal,normal,normal,0.0,1000.0,1000.0,0,10,10
2026-08-24T07:27:00.081Z,0.7220194801722092,0.9890784272935302,0.7887842169525394,0.7220194801722092,0.06676473678033024,0.007887842169525395,0.0075,0.0003878421695253948,normal,normal,normal,normal,0.0,1000.0,1000.0,0,10,10
2026-08-24T07:27:05.082Z,0.8365865904766614,0.9890784272935302,0.8747095496808786,0.8365865904766614,0.038122959204217155,0.008747095496808787,0.008365865904766614,0.0003812295920421725,normal,normal,normal,normal,0.0,1000.0,1000.0,0,10,10
2026-08-24T07:27:10.083Z,0.8397046013739327,0.9889952153110048,0.8770272548582007,0.8397046013739327,0.037322653484268,0.008770272548582007,0.008397046013739327,0.00037322653484267963,normal,normal,normal,normal,0.0,1000.0,1000.0,0,10,10
2026-08-24T07:27:15.084Z,0.8662177903092129,0.9889952153110048,0.8969121465596608,0.8662177903092129,0.03069435625044792,0.008969121465596608,0.008662177903092129,0.00030694356250447925,normal,normal,normal,normal,0.0,1000.0,1000.0,0,10,10
2026-08-24T07:27:20.087Z,0.967306854711692,0.9889952153110048,0.9727289448615202,0.967306854711692,0.005422090149828196,0.009727289448615202,0.00967306854711692,5.422090149828293e-05,normal,normal,normal,normal,0.0,1000.0,1000.0,0,10,10
2026-08-24T07:27:25.087Z,0.9479842352231063,0.9889952153110048,0.9582369802450809,0.9479842352231063,0.010252745021974596,0.00958236980245081,0.009479842352231063,0.00010252745021974673,normal,normal,normal,normal,0.0,1000.0,1000.0,0,10,10
2026-08-24T07:27:30.089Z,1.0211421252903368,0.9895360931974203,1.0132406172671078,1.0211421252903368,-0.007901508023228976,0.010132406172671077,0.010211421252903368,-7.901508023229128e-05,normal,normal,normal,normal,0.0,1000.0,1000.0,0,10,10
2026-08-24T07:27:35.089Z,1.0780728509076027,0.9895360931974203,1.0559386614800572,1.0780728509076027,-0.022134189427545525,0.010559386614800572,0.010780728509076028,-0.00022134189427545567,normal,normal,normal,normal,0.0,1000.0,1000.0,0,10,10
2026-08-24T07:27:40.090Z,1.0780728509076027,0.9895360931974203,1.0559386614800572,1.0780728509076027,-0.022134189427545525,0.010559386614800572,0.010780728509076028,-0.00022134189427545567,normal,normal,normal,normal,0.0,1000.0,1000.0,0,10,10
2026-08-24T07:27:45.099Z,1.0872104452416667,0.9895360931974203,1.0627918572306052,1.0872104452416667,-0.02441858801106145,0.010627918572306052,0.010872104452416667,-0.0002441858801106155,normal,normal,normal,normal,0.0,1000.0,1000.0,0,10,10
2026-08-24T07:27:50.092Z,0.8441814878788648,0.993551071354275,0.8815238837477174,0.8441814878788648,0.037342395868852574,0.008815238837477174,0.008441814878788648,0.0003734239586885256,normal,normal,normal,normal,0.0,1000.0,1000.0,0,10,10
2026-08-24T07:27:55.094Z,0.8450422696175524,0.993551071354275,0.882169470051733,0.8450422696175522,0.03712720043418072,0.00882169470051733,0.008450422696175523,0.00037127200434180704,normal,normal,normal,normal,0.0,1000.0,1000.0,0,10,10
2026-08-24T07:28:00.093Z,0.8496741736204608,0.993551071354275,0.8856433980539143,0.8496741736204608,0.03596922443345352,0.008856433980539143,0.008496741736204608,0.00035969224433453524,normal,normal,normal,normal,0.0,1000.0,1000.0,0,10,10
2026-08-24T07:28:05.094Z,0.7539996832194394,0.993551071354275,0.8138875302531483,0.7539996832194394,0.05988784703370886,0.008138875302531483,0.007539996832194394,0.0005988784703370885,normal,normal,normal,normal,0.0,1000.0,1000.0,0,10,10
2026-08-24T07:28:10.096Z,0.8528217482206139,0.9938007073018514,0.8880664879909232,0.8528217482206139,0.0352447397703094,0.008880664879909232,0.008528217482206139,0.0003524473977030932,normal,normal,normal,normal,0.0,1000.0,1000.0,0,10,10
2026-08-24T07:28:15.096Z,0.8312072369230828,0.9938007073018514,0.871855604517775,0.8312072369230828,0.04064836759469215,0.00871855604517775,0.008312072369230828,0.00040648367594692085,normal,normal,normal,normal,0.0,1000.0,1000.0,0,10,10
2026-08-24T07:28:20.097Z,0.7012207581116808,0.9938007073018514,0.7743657454092235,0.7012207581116808,0.07314498729754271,0.007743657454092235,0.0075,0.0002436574540922356,normal,normal,normal,normal,0.0,1000.0,1000.0,0,10,10
2026-08-24T07:28:25.098Z,0.7627772493061974,0.9938007073018514,0.820533113805111,0.7627772493061974,0.05775586449891357,0.00820533113805111,0.007627772493061974,0.0005775586449891365,normal,normal,normal,normal,0.0,1000.0,1000.0,0,10,10
2026-08-24T07:28:30.099Z,0.766743161169353,0.9955481589348866,0.8239444106107364,0.766743161169353,0.057201249441383384,0.008239444106107364,0.00766743161169353,0.0005720124944138347,normal,normal,normal,normal,0.0,1000.0,1000.0,0,10,10
2026-08-24T07:28:35.107Z,0.693960810364384,0.9955481589348866,0.7693576475070095,0.6939608103643838,0.07539683714262568,0.007693576475070095,0.0075,0.00019357647507009523,normal,normal,normal,normal,0.0,1000.0,1000.0,0,10,10
2026-08-24T07:28:40.103Z,0.7161966008032022,0.9955481589348866,0.7860344903361233,0.7161966008032022,0.06983788953292103,0.007860344903361233,0.0075,0.00036034490336123333,normal,normal,normal,normal,0.0,1000.0,1000.0,0,10,10
2026-08-24T07:28:45.112Z,0.6926409475251846,0.9955481589348866,0.7683677503776101,0.6926409475251846,0.0757268028524255,0.007683677503776101,0.0075,0.0001836775037761017,normal,normal,normal,normal,0.0,1000.0,1000.0,0,10,10
2026-08-24T07:28:50.104Z,0.7371173144165318,0.99635947576451,0.8019278547535263,0.7371173144165318,0.06481054033699452,0.008019278547535263,0.0075,0.0005192785475352634,normal,normal,normal,normal,0.0,1000.0,1000.0,0,10,10
2026-08-24T07:28:55.105Z,0.9031500353828313,0.9970647014738946,0.9266287019055971,0.9031500353828313,0.023478666522765756,0.009266287019055972,0.009031500353828313,0.0002347866652276584,normal,normal,normal,normal,0.0,1000.0,1000.0,0,10,10
2026-08-24T07:29:00.107Z,0.8936405320316203,0.9970647014738946,0.9194965743921889,0.8936405320316204,0.025856042360568487,0.009194965743921889,0.008936405320316204,0.00025856042360568494,normal,normal,normal,normal,0.0,1000.0,1000.0,0,10,10
2026-08-24T07:29:05.109Z,0.8921158387004835,0.9970647014738946,0.9183530543938362,0.8921158387004834,0.0262372156933528,0.009183530543938362,0.008921158387004835,0.00026237215693352724,normal,normal,normal,normal,0.0,1000.0,1000.0,0,10,10
2026-08-24T07:29:10.107Z,1.0845279459247192,0.998896660837705,1.0631201246529656,1.0845279459247192,-0.02140782127175367,0.010631201246529656,0.010845279459247192,-0.00021407821271753578,normal,normal,normal,normal,0.0,1000.0,1000.0,0,10,10
2026-08-24T07:29:15.109Z,1.1362503249620637,0.998896660837705,1.101911908930974,1.1362503249620637,-0.03433841603108978,0.01101911908930974,0.011362503249620636,-0.0003433841603108969,normal,normal,normal,normal,0.0,1000.0,1000.0,0,10,10
2026-08-24T07:29:20.109Z,1.35469753769833,0.998896660837705,1.2657473184831736,1.35469753769833,-0.08895021921515633,0.012657473184831736,0.0135469753769833,-0.0008895021921515641,normal,normal,normal,normal,0.0,1000.0,1000.0,0,10,10
2026-08-24T07:29:25.110Z,1.3352756149087797,1.0,1.2514567111815849,1.3352756149087799,-0.08381890372719503,0.012514567111815849,0.0133527561490878,-0.0008381890372719508,normal,normal,normal,normal,0.0,1000.0,1000.0,0,10,10
2026-08-24T07:29:30.110Z,1.2809735176439005,1.0,1.2107301382329254,1.2809735176439005,-0.07024337941097514,0.012107301382329254,0.012809735176439005,-0.0007024337941097508,normal,normal,normal,normal,0.0,1000.0,1000.0,0,10,10
2026-08-24T07:29:35.112Z,1.2733739149158498,1.0,1.2050304361868873,1.2733739149158498,-0.06834347872896251,0.012050304361868873,0.012733739149158497,-0.0006834347872896242,normal,normal,normal,normal,0.0,1000.0,1000.0,0,10,10
2026-08-24T07:29:40.113Z,1.2462167639478585,1.0,1.184662572960894,1.2462167639478585,-0.061554190986964574,0.01184662572960894,0.012462167639478584,-0.0006155419098696439,normal,normal,normal,normal,0.0,1000.0,1000.0,0,10,10
2026-08-24T07:29:45.118Z,1.2458737893847494,1.0,1.184405342038562,1.2458737893847494,-0.06146844734618728,0.01184405342038562,0.012458737893847494,-0.0006146844734618729,normal,normal,normal,normal,0.0,1000.0,1000.0,0,10,10
2026-08-24T07:29:50.116Z,1.226648256282454,0.9980618135589688,1.1695016456015828,1.226648256282454,-0.057146610680871346,0.011695016456015828,0.01226648256282454,-0.0005714661068087108,normal,normal,normal,normal,0.0,1000.0,1000.0,0,10,10
2026-08-24T07:29:55.116Z,1.261383005988332,0.9980618135589688,1.195552707880991,1.261383005988332,-0.06583029810734087,0.01195552707880991,0.01261383005988332,-0.0006583029810734095,normal,normal,normal,normal,0.0,1000.0,1000.0,0,10,10
2026-08-24T07:30:00.117Z,1.261383005988332,0.9980618135589688,1.195552707880991,1.261383005988332,-0.06583029810734087,0.01195552707880991,0.01261383005988332,-0.0006583029810734095,normal,normal,normal,normal,0.0,1000.0,1000.0,0,10,10
2026-08-24T07:30:05.117Z,1.261383005988332,0.9998956049692035,1.1960111557335498,1.261383005988332,-0.0653718502547822,0.011960111557335498,0.01261383005988332,-0.0006537185025478221,normal,normal,normal,normal,0.0,1000.0,1000.0,0,10,10
2026-08-24T07:30:10.122Z,0.8722193225460105,0.9998956049692035,0.9041383931518088,0.8722193225460105,0.03191907060579824,0.009041383931518088,0.008722193225460105,0.00031919070605798336,normal,normal,normal,normal,0.0,1000.0,1000.0,0,10,10
2026-08-24T07:30:15.119Z,0.9162234813605118,0.9998956049692035,0.9371415122626847,0.9162234813605118,0.020918030902172924,0.009371415122626847,0.009162234813605117,0.00020918030902172986,normal,normal,normal,normal,0.0,1000.0,1000.0,0,10,10
2026-08-24T07:30:20.123Z,1.274243066684276,0.9998956049692035,1.2056562012555077,1.274243066684276,-0.06858686542876824,0.012056562012555077,0.01274243066684276,-0.000685868654287684,normal,normal,normal,normal,0.0,1000.0,1000.0,0,10,10
2026-08-24T07:30:25.121Z,1.4330352695305937,0.9999582393719201,1.3247660119909253,1.4330352695305937,-0.10826925753966843,0.013247660119909252,0.014330352695305937,-0.0010826925753966848,short_bias,short_bias,normal,normal,0.0,1000.0,1000.0,0,10,10
2026-08-24T07:30:30.122Z,1.5181051647240513,1.0008560928756367,1.3887928967619476,1.5181051647240513,-0.1293122679621037,0.013887928967619477,0.022771577470860768,-0.008883648503241292,short_bias,defensive,normal,high,500.0,1000.0,500.0,4,10,6
2026-08-24T07:30:35.123Z,1.5188766751007692,1.0008560928756367,1.3893715295444862,1.5188766751007694,-0.12950514555628323,0.013893715295444862,0.02278315012651154,-0.008889434831066677,short_bias,defensive,normal,high,500.0,1000.0,500.0,4,10,6
2026-08-24T07:30:40.124Z,1.5299889436365735,1.0008560928756367,1.3977057309463392,1.5299889436365735,-0.13228321269023424,0.013977057309463392,0.022949834154548602,-0.00897277684508521,short_bias,defensive,normal,high,500.0,1000.0,500.0,4,10,6
2026-08-24T07:30:45.134Z,1.564734694343162,1.0008560928756367,1.4237650439762806,1.564734694343162,-0.14096965036688136,0.014237650439762805,0.02347102041514743,-0.009233369975384624,normal,defensive,normal,high,500.0,1000.0,500.0,4,10,6
2026-08-24T07:30:50.126Z,1.5706800568209207,0.9993109496366825,1.4278377800248612,1.5706800568209207,-0.14284227679605954,0.014278377800248612,0.02356020085231381,-0.009281823052065197,normal,defensive,normal,high,500.0,1000.0,500.0,4,10,6
2026-08-24T07:30:55.128Z,1.9569604706480181,0.9993109496366825,1.7175480903951843,1.9569604706480181,-0.23941238025283385,0.025763221355927766,0.029354407059720273,-0.003591185703792507,defensive,defensive,high,high,0.0,500.0,500.0,0,6,6
2026-08-24T07:31:00.129Z,1.975727224426442,0.9993109496366825,1.7316231557290023,1.975727224426442,-0.24410406869743984,0.025974347335935035,0.02963590836639663,-0.0036615610304615957,defensive,defensive,high,high,0.0,500.0,500.0,0,6,6
2026-08-24T07:31:05.129Z,2.137273423893115,0.9993526832324077,1.852793238727938,2.137273423893115,-0.2844801851651768,0.02779189858091907,0.03,-0.00220810141908093,defensive,defensive,high,high,0.0,500.0,500.0,0,6,6
2026-08-24T07:31:10.131Z,2.1377532436117153,1.0027771977448319,1.8540092321449944,2.1377532436117153,-0.2837440114667209,0.027810138482174916,0.03,-0.0021898615178250827,defensive,defensive,high,high,0.0,500.0,500.0,0,6,6
2026-08-24T07:31:15.131Z,2.1526345406551255,1.0027771977448319,1.8651702049275523,2.1526345406551255,-0.28746433572757324,0.027977553073913284,0.03,-0.002022446926086715,defensive,defensive,high,high,0.0,500.0,500.0,0,6,6
2026-08-24T07:31:20.134Z,1.5389014732462447,1.0027771977448319,1.4048704043708915,1.5389014732462447,-0.1340310688753532,0.021073056065563374,0.02308352209869367,-0.002010466033130296,defensive,defensive,high,high,0.0,500.0,500.0,0,6,6
2026-08-24T07:31:25.132Z,1.3762848719869336,1.0027771977448319,1.2829079534264083,1.3762848719869336,-0.09337691856052532,0.019243619301396123,0.013762848719869335,0.005480770581526788,defensive,normal,high,normal,-500.0,500.0,1000.0,-4,6,10
2026-08-24T07:31:30.134Z,1.5415373569353397,1.0027771977448319,1.4068473171377127,1.5415373569353397,-0.13469003979762695,0.021102709757065692,0.023123060354030094,-0.002020350596964402,defensive,defensive,high,high,0.0,500.0,500.0,0,6,6
2026-08-24T07:31:35.133Z,1.5675493378260041,1.0027771977448319,1.4263563028057111,1.5675493378260041,-0.141193035020293,0.021395344542085668,0.02351324006739006,-0.002117895525304392,defensive,defensive,high,high,0.0,500.0,500.0,0,6,6
2026-08-24T07:31:40.134Z,1.5578021145579224,1.0027771977448319,1.4190458853546497,1.5578021145579222,-0.13875622920327246,0.021285688280319747,0.023367031718368833,-0.002081343438049086,defensive,defensive,high,high,0.0,500.0,500.0,0,6,6
2026-08-24T07:31:45.143Z,1.564909007269115,1.0027771977448319,1.4243760548880442,1.564909007269115,-0.14053295238107077,0.021365640823320663,0.023473635109036724,-0.0021079942857160604,defensive,defensive,high,high,0.0,500.0,500.0,0,6,6
2026-08-24T07:31:50.137Z,1.65086218546506,1.0028607224890373,1.4888618197210544,1.65086218546506,-0.16200036574400567,0.022332927295815815,0.0247629327819759,-0.0024300054861600834,defensive,defensive,high,high,0.0,500.0,500.0,0,6,6
2026-08-24T07:31:55.138Z,1.2651538794869266,1.0028607224890373,1.1995805902374543,1.2651538794869266,-0.06557328924947226,0.011995805902374543,0.012651538794869266,-0.0006557328924947231,normal,normal,normal,normal,0.0,1000.0,1000.0,0,10,10
2026-08-24T07:32:00.140Z,1.242329938012931,1.0028607224890373,1.1824626341319575,1.242329938012931,-0.05986730388097339,0.011824626341319575,0.01242329938012931,-0.0005986730388097359,normal,normal,normal,normal,0.0,1000.0,1000.0,0,10,10
2026-08-24T07:32:05.141Z,1.0549470574581712,1.0028607224890373,1.0419254737158878,1.0549470574581712,-0.01302158374228335,0.010419254737158878,0.010549470574581712,-0.0001302158374228337,normal,normal,normal,normal,0.0,1000.0,1000.0,0,10,10
2026-08-24T07:32:10.142Z,1.2974928527022613,1.003800375861349,1.2240697334920332,1.2974928527022613,-0.07342311921022815,0.012240697334920333,0.012974928527022613,-0.0007342311921022804,normal,normal,normal,normal,0.0,1000.0,1000.0,0,10,10
2026-08-24T07:32:15.142Z,1.212673490994628,1.003800375861349,1.1604552122113083,1.212673490994628,-0.05221827878331964,0.011604552122113082,0.01212673490994628,-0.0005221827878331975,normal,normal,normal,normal,0.0,1000.0,1000.0,0,10,10
2026-08-24T07:32:20.143Z,1.2305517145456002,1.003800375861349,1.1738638798745373,1.2305517145456002,-0.056687834671062864,0.011738638798745373,0.012305517145456002,-0.0005668783467106288,normal,normal,normal,normal,0.0,1000.0,1000.0,0,10,10
2026-08-24T07:32:25.145Z,1.1450070157088137,1.003800375861349,1.1097053557469476,1.1450070157088137,-0.03530165996186607,0.011097053557469476,0.011450070157088137,-0.0003530165996186614,normal,normal,normal,normal,0.0,1000.0,1000.0,0,10,10
2026-08-24T07:32:30.146Z,0.7990242772154789,1.003800375861349,0.8502183018769465,0.7990242772154789,0.05119402466146761,0.008502183018769465,0.00799024277215479,0.0005119402466146755,normal,normal,normal,normal,0.0,1000.0,1000.0,0,10,10
2026-08-24T07:32:35.147Z,0.7628324649574624,1.003800375861349,0.823074442683434,0.7628324649574624,0.06024197772597162,0.00823074442683434,0.007628324649574624,0.0006024197772597165,normal,normal,normal,normal,0.0,1000.0,1000.0,0,10,10
2026-08-24T07:32:40.148Z,0.751717875511964,1.003800375861349,0.8147385005993102,0.751717875511964,0.06302062508734618,0.008147385005993102,0.00751717875511964,0.0006302062508734621,normal,normal,normal,normal,0.0,1000.0,1000.0,0,10,10
2026-08-24T07:32:45.155Z,0.8433530313246199,1.003800375861349,0.8834648674588021,0.8433530313246199,0.04011183613418223,0.008834648674588021,0.0084335303132462,0.0004011183613418217,normal,normal,normal,normal,0.0,1000.0,1000.0,0,10,10
2026-08-24T07:32:50.149Z,0.8529137783065732,0.9999582376278973,0.8896748931369043,0.8529137783065733,0.036761114830330954,0.008896748931369044,0.008529137783065733,0.00036761114830331093,normal,normal,normal,normal,0.0,1000.0,1000.0,0,10,10
2026-08-24T07:32:55.151Z,0.8531369779109838,0.9999582376278973,0.8898422928402121,0.8531369779109838,0.03670531492922835,0.00889842292840212,0.008531369779109838,0.0003670531492922825,normal,normal,normal,normal,0.0,1000.0,1000.0,0,10,10
2026-08-24T07:33:00.152Z,0.8799949068077076,0.9999582376278973,0.9099857395127551,0.8799949068077076,0.029990832705047432,0.009099857395127552,0.008799949068077077,0.000299908327050475,normal,normal,normal,normal,0.0,1000.0,1000.0,0,10,10
2026-08-24T07:33:05.152Z,0.8728633874316586,0.9999582376278973,0.9046370999807183,0.8728633874316586,0.031773712549059696,0.009046370999807183,0.008728633874316586,0.0003177371254905973,normal,normal,normal,normal,0.0,1000.0,1000.0,0,10,10
2026-08-24T07:33:10.153Z,0.49585881190179465,1.0012946335351849,0.6222177673101422,0.49585881190179465,0.12635895540834757,0.0075,0.0075,0.0,normal,normal,normal,normal,0.0,1000.0,1000.0,0,10,10
2026-08-24T07:33:15.153Z,0.4726721728338323,1.0012946335351849,0.6048277880091704,0.4726721728338323,0.13215561517533808,0.0075,0.0075,0.0,normal,normal,normal,normal,0.0,1000.0,1000.0,0,10,10
2026-08-24T07:33:20.155Z,0.475133758316965,1.0012946335351849,0.6066739771215199,0.475133758316965,0.1315402188045549,0.0075,0.0075,0.0,normal,normal,normal,normal,0.0,1000.0,1000.0,0,10,10
2026-08-24T07:33:25.156Z,0.4437838489811962,1.0012946335351849,0.5831615451196934,0.4437838489811962,0.1393776961384972,0.0075,0.0075,0.0,normal,normal,normal,normal,0.0,1000.0,1000.0,0,10,10
2026-08-24T07:33:30.156Z,0.4485933963331408,1.0030904155356024,0.5872176511337562,0.4485933963331408,0.1386242548006154,0.0075,0.0075,0.0,normal,normal,normal,normal,0.0,1000.0,1000.0,0,10,10
2026-08-24T07:33:35.159Z,0.44889923934340276,1.0030904155356024,0.5874470333914527,0.44889923934340276,0.1385477940480499,0.0075,0.0075,0.0,short_bias,short_bias,normal,normal,0.0,1000.0,1000.0,0,10,10
2026-08-24T07:33:40.158Z,0.45012877756584185,1.0030904155356024,0.588369187058282,0.45012877756584185,0.13824040949244015,0.0075,0.0075,0.0,short_bias,short_bias,normal,normal,0.0,1000.0,1000.0,0,10,10
2026-08-24T07:33:45.164Z,0.22831847142972078,1.0030904155356024,0.4220114574561912,0.22831847142972075,0.19369298602647042,0.0075,0.0075,0.0,short_bias,short_bias,normal,normal,0.0,1000.0,1000.0,0,10,10
2026-08-24T07:33:50.161Z,0.21110879102645183,1.0030904155356024,0.40910419715373947,0.21110879102645183,0.19799540612728764,0.0075,0.0075,0.0,short_bias,short_bias,normal,normal,0.0,1000.0,1000.0,0,10,10
2026-08-24T07:33:55.162Z,0.21110879102645183,1.0030904155356024,0.40910419715373947,0.21110879102645183,0.19799540612728764,0.0075,0.0075,0.0,short_bias,short_bias,normal,normal,0.0,1000.0,1000.0,0,10,10
2026-08-24T07:34:00.163Z,0.05422928394013684,1.0030904155356024,0.2914445668390032,0.05422928394013684,0.23721528289886637,0.0075,0.0075,0.0,short_bias,short_bias,normal,normal,0.0,1000.0,1000.0,0,10,10
2026-08-24T07:34:05.164Z,0.054223389279950795,1.0030904155356024,0.2914401458438637,0.054223389279950795,0.2372167565639129,0.0075,0.0075,0.0,normal,normal,normal,normal,0.0,1000.0,1000.0,0,10,10
2026-08-24T07:34:10.165Z,0.056164569242942955,1.0030904155356024,0.2928960308161078,0.05616456924294296,0.23673146157316485,0.0075,0.0075,0.0,short_bias,short_bias,normal,normal,0.0,1000.0,1000.0,0,10,10
2026-08-24T07:34:15.170Z,0.056323133381235874,1.0027771977448319,0.2929366494721349,0.056323133381235874,0.236613516090899,0.0075,0.0075,0.0,normal,normal,normal,normal,0.0,1000.0,1000.0,0,10,10
2026-08-24T07:34:20.168Z,0.034668674452209475,1.0027771977448319,0.2766958052753651,0.034668674452209475,0.2420271308231556,0.0075,0.0075,0.0,normal,normal,normal,normal,0.0,1000.0,1000.0,0,10,10
2026-08-24T07:34:25.168Z,0.3458934777486731,1.0027771977448319,0.5101144077477128,0.3458934777486731,0.1642209299990397,0.0075,0.0075,0.0,normal,normal,normal,normal,0.0,1000.0,1000.0,0,10,10
2026-08-24T07:34:30.169Z,0.358427084247168,0.966746711213197,0.5105069909886752,0.358427084247168,0.15207990674150723,0.0075,0.0075,0.0,normal,normal,normal,normal,0.0,1000.0,1000.0,0,10,10
2026-08-24T07:34:35.196Z,0.36385936809811475,0.9671538943411987,0.5146829996588858,0.36385936809811475,0.150823631560771,0.0075,0.0075,0.0,normal,normal,normal,normal,0.0,1000.0,1000.0,0,10,10
2026-08-24T07:34:40.198Z,0.3670593794194124,0.9671538943411987,0.517083008149859,0.3670593794194124,0.15002362873044656,0.0075,0.0075,0.0,normal,normal,normal,normal,0.0,1000.0,1000.0,0,10,10
2026-08-24T07:34:45.205Z,0.367438594214797,0.9671942866688942,0.5173775173283213,0.367438594214797,0.14993892311352425,0.0075,0.0075,0.0,normal,normal,normal,normal,0.0,1000.0,1000.0,0,10,10
2026-08-24T07:34:50.200Z,0.367438594214797,0.9671942866688942,0.5173775173283213,0.367438594214797,0.14993892311352425,0.0075,0.0075,0.0,normal,normal,normal,normal,0.0,1000.0,1000.0,0,10,10
2026-08-24T07:34:55.201Z,0.427941859762757,1.0018376211159372,0.5714158001010521,0.42794185976275695,0.14347394033829514,0.0075,0.0075,0.0,normal,normal,normal,normal,0.0,1000.0,1000.0,0,10,10
2026-08-24T07:35:00.204Z,0.427941859762757,1.0018376211159372,0.5714158001010521,0.42794185976275695,0.14347394033829514,0.0075,0.0075,0.0,normal,normal,normal,normal,0.0,1000.0,1000.0,0,10,10
2026-08-24T07:35:05.205Z,0.4267409238642709,1.0018376211159372,0.5705150981771875,0.4267409238642709,0.14377417431291656,0.0075,0.0075,0.0,normal,normal,normal,normal,0.0,1000.0,1000.0,0,10,10
2026-08-24T07:35:10.205Z,0.4267409238642709,1.0018376211159372,0.5705150981771875,0.4267409238642709,0.14377417431291656,0.0075,0.0075,0.0,normal,normal,normal,normal,0.0,1000.0,1000.0,0,10,10
2026-08-24T07:35:15.206Z,0.43012345041356437,1.0019211493484799,0.5730728751472933,0.4301234504135644,0.1429494247337289,0.0075,0.0075,0.0,normal,normal,normal,normal,0.0,1000.0,1000.0,0,10,10
2026-08-24T07:35:20.208Z,0.4753895087735876,1.0019211493484799,0.6070224189173107,0.4753895087735876,0.13163291014372308,0.0075,0.0075,0.0,normal,normal,normal,normal,0.0,1000.0,1000.0,0,10,10
2026-08-24T07:35:25.209Z,0.29026955765749907,1.0019211493484799,0.4681824555802443,0.29026955765749907,0.17791289792274523,0.0075,0.0075,0.0,normal,normal,normal,normal,0.0,1000.0,1000.0,0,10,10
2026-08-24T07:35:30.210Z,0.2748386071063782,1.0019211493484799,0.4566092426669036,0.2748386071063782,0.18177063556052542,0.0075,0.0075,0.0,normal,normal,normal,normal,0.0,1000.0,1000.0,0,10,10
2026-08-24T07:35:35.211Z,0.2645692485466588,1.0005846976277981,0.4485731108169436,0.2645692485466588,0.1840038622702848,0.0075,0.0075,0.0,normal,normal,normal,normal,0.0,1000.0,1000.0,0,10,10
2026-08-24T07:35:40.213Z,0.25972952288835977,1.0005846976277981,0.44494331657321934,0.25972952288835977,0.18521379368485957,0.0075,0.0075,0.0,normal,normal,normal,normal,0.0,1000.0,1000.0,0,10,10
2026-08-24T07:35:45.216Z,0.25905832758293124,1.0005846976277981,0.44443992009414796,0.25905832758293124,0.18538159251121672,0.0075,0.0075,0.0,normal,normal,normal,normal,0.0,1000.0,1000.0,0,10,10
2026-08-24T07:35:50.213Z,0.25905832758293124,1.0005846976277981,0.44443992009414796,0.25905832758293124,0.18538159251121672,0.0075,0.0075,0.0,normal,normal,normal,normal,0.0,1000.0,1000.0,0,10,10
2026-08-24T07:35:55.215Z,0.0,1.0036961242900102,0.25092403107250255,0.0,0.25092403107250255,0.0075,0.0075,0.0,normal,normal,normal,normal,0.0,1000.0,1000.0,0,10,10
2026-08-24T07:36:00.216Z,0.0,1.0036961242900102,0.25092403107250255,0.0,0.25092403107250255,0.0075,0.0075,0.0,normal,normal,normal,normal,0.0,1000.0,1000.0,0,10,10
2026-08-24T07:36:05.216Z,0.0,1.0036961242900102,0.25092403107250255,0.0,0.25092403107250255,0.0075,0.0075,0.0,normal,normal,normal,normal,0.0,1000.0,1000.0,0,10,10
2026-08-24T07:36:10.216Z,0.6651283231719827,1.0036961242900102,0.7497702734514895,0.6651283231719827,0.08464195027950683,0.0075,0.0075,0.0,normal,normal,normal,normal,0.0,1000.0,1000.0,0,10,10
2026-08-24T07:36:15.216Z,0.7083385913376888,1.0036961242900102,0.7821779745757691,0.7083385913376888,0.07383938323808026,0.007821779745757691,0.0075,0.0003217797457576912,normal,normal,normal,normal,0.0,1000.0,1000.0,0,10,10
2026-08-24T07:36:20.218Z,0.7100528229133948,1.0036961242900102,0.7834636482575486,0.7100528229133948,0.07341082534415377,0.007834636482575486,0.0075,0.0003346364825754858,normal,normal,normal,normal,0.0,1000.0,1000.0,0,10,10
2026-08-24T07:36:25.220Z,0.7447534646108446,1.0036961242900102,0.8094891295306359,0.7447534646108446,0.06473566491979132,0.008094891295306359,0.0075,0.0005948912953063594,normal,normal,normal,normal,0.0,1000.0,1000.0,0,10,10
2026-08-24T07:36:30.219Z,0.9253846386656384,1.0036961242900102,0.9449625100717314,0.9253846386656384,0.019577871406093017,0.009449625100717314,0.009253846386656384,0.0001957787140609308,normal,normal,normal,normal,0.0,1000.0,1000.0,0,10,10
2026-08-24T07:36:35.230Z,1.002015315276675,0.9974732709655864,1.0008798041989029,1.002015315276675,-0.001135511077772211,0.01000879804198903,0.01002015315276675,-1.1355110777719682e-05,normal,normal,normal,normal,0.0,1000.0,1000.0,0,10,10
2026-08-24T07:36:40.223Z,1.0097487477952287,0.9974732709655864,1.0066798785878182,1.0097487477952287,-0.003068869207410563,0.010066798785878182,0.010097487477952288,-3.068869207410556e-05,normal,normal,normal,normal,0.0,1000.0,1000.0,0,10,10
2026-08-24T07:36:45.246Z,1.0157922443952285,0.997494100695387,1.011217708470268,1.0157922443952285,-0.004574535924960488,0.01011217708470268,0.010157922443952284,-4.574535924960384e-05,normal,normal,normal,normal,0.0,1000.0,1000.0,0,10,10
2026-08-24T07:36:50.236Z,1.0159167086094214,0.997494100695387,1.0113110566309127,1.0159167086094214,-0.004605651978508707,0.010113110566309126,0.010159167086094214,-4.6056519785087416e-05,normal,normal,normal,normal,0.0,1000.0,1000.0,0,10,10
2026-08-24T07:36:55.229Z,1.0159167086094214,0.9979743980621045,1.011431130972592,1.0159167086094214,-0.00448557763682933,0.01011431130972592,0.010159167086094214,-4.48557763682942e-05,normal,normal,normal,normal,0.0,1000.0,1000.0,0,10,10
2026-08-24T07:37:00.246Z,1.0160412185863286,0.9979743980621045,1.0115245134552726,1.0160412185863286,-0.004516705131055954,0.010115245134552727,0.010160412185863285,-4.5167051310558703e-05,normal,normal,normal,normal,0.0,1000.0,1000.0,0,10,10
2026-08-24T07:37:05.252Z,1.022199097417924,0.9979743980621045,1.016142922578969,1.022199097417924,-0.006056174838954931,0.01016142922578969,0.01022199097417924,-6.056174838954889e-05,normal,normal,normal,normal,0.0,1000.0,1000.0,0,10,10
2026-08-24T07:37:10.251Z,0.4649451196185271,0.9979743980621045,0.5982024392294214,0.4649451196185271,0.13325731961089432,0.0075,0.0075,0.0,normal,normal,normal,normal,0.0,1000.0,1000.0,0,10,10
2026-08-24T07:37:15.252Z,0.41087669847572167,0.9985582649031529,0.5577970900825795,0.41087669847572167,0.14692039160685783,0.0075,0.0075,0.0,normal,normal,normal,normal,0.0,1000.0,1000.0,0,10,10
2026-08-24T07:37:20.255Z,0.41087669847572167,0.9985582649031529,0.5577970900825795,0.41087669847572167,0.14692039160685783,0.0075,0.0075,0.0,normal,normal,normal,normal,0.0,1000.0,1000.0,0,10,10
2026-08-24T07:37:25.256Z,0.42208508586246735,0.9985582649031529,0.5662033806226388,0.42208508586246735,0.1441182947601714,0.0075,0.0075,0.0,normal,normal,normal,normal,0.0,1000.0,1000.0,0,10,10
2026-08-24T07:37:30.259Z,0.39070043916373126,0.9985582649031529,0.5426648955985867,0.39070043916373126,0.1519644564348554,0.0075,0.0075,0.0,normal,normal,normal,normal,0.0,1000.0,1000.0,0,10,10
2026-08-24T07:37:35.257Z,0.0,1.001734261058526,0.2504335652646315,0.0,0.2504335652646315,0.0075,0.0075,0.0,normal,normal,normal,normal,0.0,1000.0,1000.0,0,10,10
2026-08-24T07:37:40.258Z,0.0,1.001734261058526,0.2504335652646315,0.0,0.2504335652646315,0.0075,0.0075,0.0,normal,normal,normal,normal,0.0,1000.0,1000.0,0,10,10
2026-08-24T07:37:45.269Z,0.8847598216916313,1.0011276311393251,0.9138517740535548,0.8847598216916314,0.029091952361923412,0.009138517740535548,0.008847598216916315,0.00029091952361923364,normal,normal,normal,normal,0.0,1000.0,1000.0,0,10,10
2026-08-24T07:37:50.266Z,0.9319643303251044,1.0011276311393251,0.9492551555286596,0.9319643303251044,0.017290825203555182,0.009492551555286596,0.009319643303251045,0.00017290825203555155,normal,normal,normal,normal,0.0,1000.0,1000.0,0,10,10
2026-08-24T07:37:55.265Z,1.2305277837257989,0.9662963581690611,1.1644699273366144,1.2305277837257989,-0.06605785638918449,0.011644699273366144,0.012305277837257989,-0.0006605785638918449,normal,normal,normal,normal,0.0,1000.0,1000.0,0,10,10
2026-08-24T07:38:00.269Z,1.295357250312796,0.9662963581690611,1.2130920272768622,1.295357250312796,-0.08226522303593375,0.012130920272768622,0.01295357250312796,-0.0008226522303593376,normal,normal,normal,normal,0.0,1000.0,1000.0,0,10,10
2026-08-24T07:38:05.270Z,1.2967892112211195,0.9662963581690611,1.214165997958105,1.2967892112211195,-0.08262321326301447,0.01214165997958105,0.012967892112211195,-0.0008262321326301444,normal,normal,normal,normal,0.0,1000.0,1000.0,0,10,10
2026-08-24T07:38:10.271Z,1.2967892112211195,0.9662963581690611,1.214165997958105,1.2967892112211195,-0.08262321326301447,0.01214165997958105,0.012967892112211195,-0.0008262321326301444,normal,normal,normal,normal,0.0,1000.0,1000.0,0,10,10
2026-08-24T07:38:15.273Z,1.3794869412696777,0.9658787170063482,1.2760848852038456,1.379486941269678,-0.10340205606583242,0.012760848852038455,0.01379486941269678,-0.0010340205606583254,normal,normal,normal,normal,0.0,1000.0,1000.0,0,10,10
2026-08-24T07:38:20.275Z,1.5753812657896333,1.001023220848647,1.4317917545543868,1.5753812657896333,-0.14358951123524655,0.014317917545543868,0.0236307189868445,-0.009312801441300632,normal,defensive,normal,high,500.0,1000.0,500.0,4,10,6
2026-08-24T07:38:25.277Z,1.575819232736014,1.001023220848647,1.4321202297641722,1.5758192327360139,-0.14369900297184168,0.014321202297641722,0.023637288491040208,-0.009316086193398486,normal,defensive,normal,high,500.0,1000.0,500.0,4,10,6
2026-08-24T07:38:30.279Z,1.575819232736014,1.0009814157444143,1.432109778488114,1.5758192327360139,-0.14370945424789983,0.01432109778488114,0.023637288491040208,-0.009316190706159067,normal,defensive,normal,high,500.0,1000.0,500.0,4,10,6
2026-08-24T07:38:35.280Z,1.575819232736014,1.0000835247442055,1.4318853057380618,1.5758192327360139,-0.14393392699795204,0.014318853057380619,0.023637288491040208,-0.009318435433659589,normal,defensive,normal,high,500.0,1000.0,500.0,4,10,6
2026-08-24T07:38:40.281Z,1.8366520847849186,0.9640008352474421,1.6184892724005495,1.8366520847849186,-0.21816281238436908,0.024277339086008244,0.02754978127177378,-0.0032724421857655353,defensive,defensive,high,high,0.0,500.0,500.0,0,6,6
2026-08-24T07:38:45.288Z,1.4252972835402502,0.9640008352474421,1.3099731714670482,1.4252972835402502,-0.11532411207320203,0.019649597572005722,0.014252972835402502,0.00539662473660322,defensive,normal,high,normal,-500.0,500.0,1000.0,-4,6,10
2026-08-24T07:38:50.287Z,1.413769981799376,0.9640008352474421,1.3013276951613926,1.413769981799376,-0.1124422866379835,0.01951991542742089,0.01413769981799376,0.0053822156094271295,defensive,normal,high,normal,-500.0,500.0,1000.0,-4,6,10
2026-08-24T07:38:55.286Z,1.1129794565020519,0.9660471914804761,1.076246390246658,1.1129794565020519,-0.036733066255393965,0.01076246390246658,0.011129794565020518,-0.00036733066255393784,normal,normal,normal,normal,0.0,1000.0,1000.0,0,10,10
2026-08-24T07:39:00.287Z,1.1129794565020519,0.9660471914804761,1.076246390246658,1.1129794565020519,-0.036733066255393965,0.01076246390246658,0.011129794565020518,-0.00036733066255393784,normal,normal,normal,normal,0.0,1000.0,1000.0,0,10,10
2026-08-24T07:39:05.290Z,1.463992436261046,0.9660471914804761,1.3395061250659035,1.463992436261046,-0.12448631119514242,0.013395061250659035,0.01463992436261046,-0.0012448631119514244,normal,normal,normal,normal,0.0,1000.0,1000.0,0,10,10
2026-08-24T07:39:10.292Z,1.4661319982671328,0.9660471914804761,1.3411107965704687,1.4661319982671328,-0.12502120169666409,0.013411107965704687,0.014661319982671329,-0.0012502120169666422,normal,normal,normal,normal,0.0,1000.0,1000.0,0,10,10
2026-08-24T07:39:15.293Z,1.3848323950103152,0.9695330771800869,1.281007565552758,1.3848323950103152,-0.10382482945755722,0.01281007565552758,0.013848323950103152,-0.0010382482945755708,normal,normal,normal,normal,0.0,1000.0,1000.0,0,10,10
2026-08-24T07:39:20.295Z,1.2027495511963089,0.9695330771800869,1.1444454326922533,1.2027495511963089,-0.05830411850405559,0.011444454326922532,0.01202749551196309,-0.000583041185040557,normal,normal,normal,normal,0.0,1000.0,1000.0,0,10,10
2026-08-24T07:39:25.295Z,1.3172671729017202,0.9695330771800869,1.230333648971312,1.3172671729017202,-0.08693352393040832,0.01230333648971312,0.013172671729017201,-0.0008693352393040806,normal,normal,normal,normal,0.0,1000.0,1000.0,0,10,10
2026-08-24T07:39:30.299Z,1.3271520662835496,0.9695330771800869,1.237747319007684,1.3271520662835496,-0.08940474727586567,0.01237747319007684,0.013271520662835497,-0.0008940474727586571,normal,normal,normal,normal,0.0,1000.0,1000.0,0,10,10
2026-08-24T07:39:35.298Z,1.3316176519340348,0.9603867357166722,1.2388099228796943,1.3316176519340348,-0.09280772905434054,0.012388099228796943,0.013316176519340348,-0.0009280772905434047,normal,normal,normal,normal,0.0,1000.0,1000.0,0,10,10
2026-08-24T07:39:40.301Z,0.9781161222575151,0.9603867357166722,0.9736837756223043,0.9781161222575151,-0.004432346635210749,0.009736837756223042,0.009781161222575151,-4.43234663521086e-05,normal,normal,normal,normal,0.0,1000.0,1000.0,0,10,10
2026-08-24T07:39:45.304Z,1.0962420912664737,0.9603867357166722,1.0622782523790233,1.0962420912664737,-0.03396383888745036,0.010622782523790232,0.010962420912664738,-0.00033963838887450526,normal,normal,normal,normal,0.0,1000.0,1000.0,0,10,10
2026-08-24T07:39:50.304Z,1.065292091442151,0.9603867357166722,1.0390657525107814,1.065292091442151,-0.02622633893136972,0.010390657525107814,0.01065292091442151,-0.0002622633893136963,normal,normal,normal,normal,0.0,1000.0,1000.0,0,10,10
2026-08-24T07:39:55.304Z,1.1046623596050433,0.9608879051119279,1.0687187459817644,1.1046623596050433,-0.035943613623278914,0.010687187459817645,0.011046623596050433,-0.0003594361362327884,normal,normal,normal,normal,0.0,1000.0,1000.0,0,10,10
2026-08-24T07:40:00.306Z,1.1046623596050433,0.9608879051119279,1.0687187459817644,1.1046623596050433,-0.035943613623278914,0.010687187459817645,0.011046623596050433,-0.0003594361362327884,normal,normal,normal,normal,0.0,1000.0,1000.0,0,10,10
2026-08-24T07:40:05.309Z,0.5249655416475025,0.9608879051119279,0.6339461325136089,0.5249655416475025,0.10898059086610634,0.0075,0.0075,0.0,normal,normal,normal,normal,0.0,1000.0,1000.0,0,10,10
2026-08-24T07:40:10.309Z,0.5198214820075342,0.9608879051119279,0.6300880877836326,0.5198214820075342,0.11026660577609837,0.0075,0.0075,0.0,normal,normal,normal,normal,0.0,1000.0,1000.0,0,10,10
2026-08-24T07:40:15.309Z,0.5198214820075342,0.966066655529569,0.6313827753880429,0.5198214820075342,0.11156129338050869,0.0075,0.0075,0.0,normal,normal,normal,normal,0.0,1000.0,1000.0,0,10,10
2026-08-24T07:40:20.312Z,0.5684109453623891,0.966066655529569,0.6678248729041841,0.5684109453623891,0.09941392754179501,0.0075,0.0075,0.0,normal,normal,normal,normal,0.0,1000.0,1000.0,0,10,10
2026-08-24T07:40:25.312Z,0.7301249942317231,0.966066655529569,0.7891104095561845,0.7301249942317231,0.05898541532446144,0.007891104095561844,0.0075,0.00039110409556184465,normal,normal,normal,normal,0.0,1000.0,1000.0,0,10,10
2026-08-24T07:40:30.315Z,0.7301249942317231,0.966066655529569,0.7891104095561845,0.7301249942317231,0.05898541532446144,0.007891104095561844,0.0075,0.00039110409556184465,normal,normal,normal,normal,0.0,1000.0,1000.0,0,10,10
2026-08-24T07:40:35.317Z,0.7301249942317231,0.9682801536919479,0.7896637840967793,0.7301249942317231,0.05953878986505623,0.007896637840967793,0.0075,0.0003966378409677937,normal,normal,normal,normal,0.0,1000.0,1000.0,0,10,10
2026-08-24T07:40:40.316Z,0.7222747191713725,0.9682801536919479,0.7837760778015164,0.7222747191713724,0.06150135863014394,0.007837760778015164,0.0075,0.0003377607780151639,normal,normal,normal,normal,0.0,1000.0,1000.0,0,10,10
2026-08-24T07:40:45.351Z,0.5447132080112745,0.9682801536919479,0.6506049444314428,0.5447132080112745,0.10589173642016825,0.0075,0.0075,0.0,normal,normal,normal,normal,0.0,1000.0,1000.0,0,10,10
2026-08-24T07:40:50.320Z,0.5447132080112745,0.9682801536919479,0.6506049444314428,0.5447132080112745,0.10589173642016825,0.0075,0.0075,0.0,normal,normal,normal,normal,0.0,1000.0,1000.0,0,10,10
2026-08-24T07:40:55.322Z,0.5447132080112745,0.9691989642499165,0.650834647070935,0.5447132080112745,0.10612143905966043,0.0075,0.0075,0.0,normal,normal,normal,normal,0.0,1000.0,1000.0,0,10,10
2026-08-24T07:41:00.325Z,0.7734321735120585,0.9691989642499165,0.8223738711965229,0.7734321735120585,0.048941697684464436,0.00822373871196523,0.007734321735120585,0.0004894169768446446,normal,normal,normal,normal,0.0,1000.0,1000.0,0,10,10
2026-08-24T07:41:05.326Z,1.6051983431793797,0.9691989642499165,1.446198498447014,1.6051983431793797,-0.15899984473236572,0.01446198498447014,0.024077975147690694,-0.009615990163220555,normal,defensive,normal,high,500.0,1000.0,500.0,4,10,6
2026-08-24T07:41:10.328Z,1.8724099799623348,0.9691989642499165,1.6466072260342304,1.8724099799623348,-0.22580275392810445,0.024699108390513456,0.02808614969943502,-0.0033870413089215658,defensive,defensive,high,high,0.0,500.0,500.0,0,6,6
2026-08-24T07:41:15.328Z,1.928654135788754,0.9699089542265286,1.6889678403981976,1.928654135788754,-0.23968629539055653,0.025334517605972964,0.02892981203683131,-0.003595294430858348,defensive,defensive,high,high,0.0,500.0,500.0,0,6,6
2026-08-24T07:41:20.331Z,1.8705810771407843,0.9699089542265286,1.6454130464122203,1.8705810771407843,-0.22516803072856395,0.024681195696183305,0.028058716157111765,-0.0033775204609284605,defensive,defensive,high,high,0.0,500.0,500.0,0,6,6
2026-08-24T07:41:25.333Z,1.741228843074357,0.9699089542265286,1.5483988708624,1.7412288430743572,-0.1928299722119573,0.023225983062936,0.02611843264611536,-0.0028924495831793608,defensive,defensive,high,high,0.0,500.0,500.0,0,6,6
2026-08-24T07:41:30.338Z,1.7463830131192297,0.9699089542265286,1.5522644983960543,1.7463830131192297,-0.19411851472317543,0.023283967475940814,0.026195745196788446,-0.0029117777208476324,defensive,defensive,high,high,0.0,500.0,500.0,0,6,6
2026-08-24T07:41:35.338Z,1.779670792852821,0.9699298362846642,1.5772355537107818,1.779670792852821,-0.2024352391420392,0.023658533305661728,0.026695061892792315,-0.0030365285871305873,defensive,defensive,high,high,0.0,500.0,500.0,0,6,6
2026-08-24T07:41:40.339Z,1.8865586841733892,0.9699298362846642,1.657401472201208,1.8865586841733892,-0.2291572119721812,0.02486102208301812,0.02829838026260084,-0.0034373581795827182,defensive,defensive,high,high,0.0,500.0,500.0,0,6,6
2026-08-24T07:41:45.341Z,1.793566882558818,0.9699298362846642,1.5876576209902795,1.793566882558818,-0.2059092615685385,0.023814864314854193,0.02690350323838227,-0.003088638923528078,defensive,defensive,high,high,0.0,500.0,500.0,0,6,6
2026-08-24T07:41:50.343Z,1.8865586841733892,0.9699298362846642,1.657401472201208,1.8865586841733892,-0.2291572119721812,0.02486102208301812,0.02829838026260084,-0.0034373581795827182,defensive,defensive,high,high,0.0,500.0,500.0,0,6,6
2026-08-24T07:41:55.344Z,1.8865586841733892,0.9690945539592383,1.6571926516198516,1.8865586841733892,-0.2293660325535376,0.024857889774297773,0.02829838026260084,-0.0034404904883030656,defensive,defensive,high,high,0.0,500.0,500.0,0,6,6
2026-08-24T07:42:00.345Z,1.8867996833392462,0.9690945539592383,1.6573734009942442,1.8867996833392462,-0.22942628234500195,0.024860601014913664,0.028301995250088693,-0.003441394235175029,defensive,defensive,high,high,0.0,500.0,500.0,0,6,6
2026-08-24T07:42:05.346Z,1.0880665083555858,0.9690945539592383,1.058323519756499,1.0880665083555858,-0.02974298859908675,0.01058323519756499,0.010880665083555858,-0.0002974298859908676,normal,normal,normal,normal,0.0,1000.0,1000.0,0,10,10
2026-08-24T07:42:10.351Z,1.0891631085599307,0.9690945539592383,1.0591459699097576,1.0891631085599307,-0.03001713865017308,0.010591459699097576,0.010891631085599308,-0.0003001713865017318,normal,normal,normal,normal,0.0,1000.0,1000.0,0,10,10
2026-08-24T07:42:15.349Z,1.0364964766552798,0.9693555796859339,1.0197112524129432,1.0364964766552798,-0.016785224242336527,0.010197112524129432,0.010364964766552798,-0.0001678522424233657,normal,normal,normal,normal,0.0,1000.0,1000.0,0,10,10
2026-08-24T07:42:20.349Z,1.0280360574199585,0.9696166054126296,1.0134311944181262,1.0280360574199585,-0.01460486300183228,0.010134311944181263,0.010280360574199584,-0.00014604863001832155,normal,normal,normal,normal,0.0,1000.0,1000.0,0,10,10
2026-08-24T07:42:25.351Z,1.0280360574199585,0.9705249749415302,1.0136582868003514,1.0280360574199585,-0.0143777706196071,0.010136582868003514,0.010280360574199584,-0.00014377770619606982,normal,normal,normal,normal,0.0,1000.0,1000.0,0,10,10
2026-08-24T07:42:30.353Z,1.0280360574199585,0.9714333444704311,1.0138853791825766,1.0280360574199585,-0.01415067823738192,0.010138853791825766,0.010280360574199584,-0.00014150678237381809,normal,normal,normal,normal,0.0,1000.0,1000.0,0,10,10
2026-08-24T07:42:35.355Z,1.0280360574199585,0.9714333444704311,1.0138853791825766,1.0280360574199585,-0.01415067823738192,0.010138853791825766,0.010280360574199584,-0.00014150678237381809,normal,normal,normal,normal,0.0,1000.0,1000.0,0,10,10
2026-08-24T07:42:40.356Z,1.5873475198749616,0.9714333444704311,1.4333689760238288,1.5873475198749614,-0.15397854385113252,0.014333689760238287,0.02381021279812442,-0.009476523037886134,normal,defensive,normal,high,500.0,1000.0,500.0,4,10,6
2026-08-24T07:42:45.356Z,1.6562248433175468,0.9722477447377215,1.4852305686725904,1.6562248433175466,-0.1709942746449562,0.014852305686725903,0.0248433726497632,-0.009991066963037297,normal,defensive,normal,high,500.0,1000.0,500.0,4,10,6
2026-08-24T07:42:50.359Z,1.662874047806519,0.9730621450050118,1.4904210721061422,1.662874047806519,-0.17245297570037676,0.014904210721061422,0.024943110717097785,-0.010038899996036363,normal,defensive,normal,high,500.0,1000.0,500.0,4,10,6
2026-08-24T07:42:55.361Z,1.726568312480805,0.9730621450050118,1.5381917706118566,1.726568312480805,-0.18837654186894826,0.02307287655917785,0.025898524687212075,-0.0028256481280342256,defensive,defensive,high,high,0.0,500.0,500.0,0,6,6
2026-08-24T07:43:00.361Z,1.5003628313387516,0.9730621450050118,1.3685376597553167,1.5003628313387516,-0.13182517158343487,0.020528064896329752,0.022505442470081273,-0.001977377573751521,defensive,defensive,high,high,0.0,500.0,500.0,0,6,6
2026-08-24T07:43:05.364Z,1.439948598351609,0.9726027397260275,1.3231121336952134,1.4399485983516087,-0.1168364646563953,0.0198466820054282,0.014399485983516086,0.005447196021912114,defensive,normal,high,normal,-500.0,500.0,1000.0,-4,6,10
2026-08-24T07:43:10.366Z,1.4480530923040198,0.9721433344470432,1.3290756528397756,1.4480530923040196,-0.118977439464244,0.019936134792596635,0.014480530923040196,0.005455603869556439,defensive,normal,high,normal,-500.0,500.0,1000.0,-4,6,10
2026-08-24T07:43:15.367Z,1.4626695525768059,0.9721433344470432,1.3400379980443653,1.4626695525768059,-0.12263155453244057,0.02010056997066548,0.01462669552576806,0.005473874444897421,defensive,normal,high,normal,-500.0,500.0,1000.0,-4,6,10
2026-08-24T07:43:20.369Z,1.5025444995473023,0.9721433344470432,1.3699442082722375,1.5025444995473023,-0.13260029127506479,0.02054916312408356,0.022538167493209534,-0.001989004369125972,defensive,defensive,high,high,0.0,500.0,500.0,0,6,6
2026-08-24T07:43:25.370Z,1.520338681967511,0.9728950885399265,1.3834777836106151,1.5203386819675113,-0.1368608983568962,0.020752166754159227,0.02280508022951267,-0.002052913475353444,defensive,defensive,high,high,0.0,500.0,500.0,0,6,6
2026-08-24T07:43:30.371Z,1.5247548947006557,0.97364684263281,1.3869778816836944,1.5247548947006557,-0.13777701301696132,0.020804668225255417,0.022871323420509834,-0.0020666551952544174,defensive,defensive,high,high,0.0,500.0,500.0,0,6,6
2026-08-24T07:43:35.373Z,1.5247548947006557,0.97364684263281,1.3869778816836944,1.5247548947006557,-0.13777701301696132,0.020804668225255417,0.022871323420509834,-0.0020666551952544174,defensive,defensive,high,high,0.0,500.0,500.0,0,6,6
2026-08-24T07:43:40.374Z,0.6336725467869782,0.97364684263281,0.7186661207484362,0.6336725467869782,0.08499357396145801,0.0075,0.0075,0.0,normal,normal,normal,normal,0.0,1000.0,1000.0,0,10,10
2026-08-24T07:43:45.376Z,0.7756843939968113,0.9739078683595056,0.825240262587485,0.7756843939968113,0.049555868590673624,0.00825240262587485,0.007756843939968113,0.000495558685906736,normal,normal,normal,normal,0.0,1000.0,1000.0,0,10,10
2026-08-24T07:43:50.377Z,1.3856426467415308,0.9741688940862011,1.2827742085776985,1.385642646741531,-0.10286843816383251,0.012827742085776986,0.01385642646741531,-0.0010286843816383236,normal,normal,normal,normal,0.0,1000.0,1000.0,0,10,10
2026-08-24T07:43:55.376Z,1.3999254979486457,0.9741688940862011,1.2934863469830347,1.3999254979486457,-0.10643915096561107,0.012934863469830348,0.013999254979486456,-0.0010643915096561086,normal,normal,normal,normal,0.0,1000.0,1000.0,0,10,10
2026-08-24T07:44:00.378Z,1.4008133752036622,0.9747591884494033,1.2942998285150975,1.4008133752036622,-0.10651354668856472,0.012942998285150975,0.014008133752036621,-0.0010651354668856465,normal,normal,normal,normal,0.0,1000.0,1000.0,0,10,10
2026-08-24T07:44:05.378Z,1.288831063188097,0.9731398483043942,1.2099082594671713,1.288831063188097,-0.07892280372092575,0.012099082594671714,0.01288831063188097,-0.000789228037209256,normal,normal,normal,normal,0.0,1000.0,1000.0,0,10,10
2026-08-24T07:44:10.382Z,1.3621057756827228,0.9715205081593848,1.2644594588018883,1.3621057756827228,-0.09764631688083458,0.012644594588018882,0.013621057756827228,-0.0009764631688083461,normal,normal,normal,normal,0.0,1000.0,1000.0,0,10,10
2026-08-24T07:44:15.383Z,1.361771317251447,0.9715205081593848,1.2642086149784313,1.3617713172514467,-0.09756270227301544,0.012642086149784314,0.013617713172514466,-0.0009756270227301526,normal,normal,normal,normal,0.0,1000.0,1000.0,0,10,10
2026-08-24T07:44:20.384Z,1.3642528458099874,0.9729232056915672,1.2664204357803823,1.3642528458099872,-0.09783241002960485,0.012664204357803823,0.013642528458099872,-0.0009783241002960484,normal,normal,normal,normal,0.0,1000.0,1000.0,0,10,10
2026-08-24T07:44:25.386Z,1.3656872486367941,0.9729232056915672,1.2674962379004875,1.3656872486367941,-0.09819101073630665,0.012674962379004876,0.013656872486367941,-0.0009819101073630654,normal,normal,normal,normal,0.0,1000.0,1000.0,0,10,10
2026-08-24T07:44:30.390Z,1.4042057060493782,0.9742414731115296,1.296714647814916,1.4042057060493782,-0.10749105823446214,0.01296714647814916,0.014042057060493782,-0.0010749105823446223,normal,normal,normal,normal,0.0,1000.0,1000.0,0,10,10
2026-08-24T07:44:35.391Z,1.4182237912470763,0.9742414731115296,1.3072282117131897,1.4182237912470763,-0.11099557953388661,0.013072282117131897,0.014182237912470762,-0.0011099557953388652,normal,normal,normal,normal,0.0,1000.0,1000.0,0,10,10
2026-08-24T07:44:40.393Z,1.419209184371701,0.9742414731115296,1.3079672565566582,1.4192091843717012,-0.11124192781504294,0.013079672565566582,0.014192091843717012,-0.0011124192781504297,normal,normal,normal,normal,0.0,1000.0,1000.0,0,10,10
2026-08-24T07:44:45.401Z,1.3308523891676973,0.9742414731115296,1.2416996601536554,1.3308523891676973,-0.08915272901404192,0.012416996601536555,0.013308523891676973,-0.0008915272901404182,normal,normal,normal,normal,0.0,1000.0,1000.0,0,10,10
2026-08-24T07:44:50.397Z,0.6106951615336333,0.9743042477505754,0.7015974330878689,0.6106951615336333,0.09090227155423558,0.0075,0.0075,0.0,normal,normal,normal,normal,0.0,1000.0,1000.0,0,10,10
2026-08-24T07:44:55.401Z,0.8053384022836323,0.9743042477505754,0.8475798636503682,0.8053384022836324,0.04224146136673579,0.008475798636503683,0.008053384022836323,0.0004224146136673594,normal,normal,normal,normal,0.0,1000.0,1000.0,0,10,10
2026-08-24T07:45:00.405Z,0.8318210678626096,0.9747733791111018,0.8675591456747327,0.8318210678626096,0.035738077812123126,0.008675591456747327,0.008318210678626096,0.00035738077812123153,normal,normal,normal,normal,0.0,1000.0,1000.0,0,10,10
2026-08-24T07:45:05.411Z,0.8282304639980792,0.9747733791111018,0.8648661927763349,0.8282304639980792,0.036635728778255716,0.008648661927763349,0.008282304639980791,0.00036635728778255765,normal,normal,normal,normal,0.0,1000.0,1000.0,0,10,10
2026-08-24T07:45:10.412Z,0.7083450558800927,0.9741243955031716,0.7747898907858625,0.7083450558800927,0.0664448349057698,0.007747898907858625,0.0075,0.00024789890785862495,normal,normal,normal,normal,0.0,1000.0,1000.0,0,10,10
2026-08-24T07:45:15.414Z,0.7083450558800927,0.9741243955031716,0.7747898907858625,0.7083450558800927,0.0664448349057698,0.007747898907858625,0.0075,0.00024789890785862495,normal,normal,normal,normal,0.0,1000.0,1000.0,0,10,10
2026-08-24T07:45:20.417Z,0.7114819754521405,0.9974277078733575,0.7829684085574449,0.7114819754521405,0.07148643310530434,0.007829684085574449,0.0075,0.0003296840855744488,normal,normal,normal,normal,0.0,1000.0,1000.0,0,10,10
2026-08-24T07:45:25.421Z,0.874705828992252,0.9974277078733575,0.9053862987125283,0.8747058289922519,0.030680469720276382,0.009053862987125284,0.008747058289922519,0.00030680469720276507,normal,normal,normal,normal,0.0,1000.0,1000.0,0,10,10
2026-08-24T07:45:30.421Z,0.8409872835762483,0.996806070609419,0.879941980334541,0.8409872835762483,0.03895469675829266,0.00879941980334541,0.008409872835762482,0.000389546967582928,normal,normal,normal,normal,0.0,1000.0,1000.0,0,10,10
2026-08-24T07:45:35.423Z,0.9023591285042573,0.9970732334873549,0.9260376547500317,0.9023591285042573,0.02367852624577449,0.009260376547500317,0.009023591285042574,0.0002367852624577428,normal,normal,normal,normal,0.0,1000.0,1000.0,0,10,10
2026-08-24T07:45:40.426Z,0.9259380217959333,0.9973405396130913,0.9437886512502228,0.9259380217959333,0.0178506294542895,0.009437886512502228,0.009259380217959332,0.00017850629454289543,normal,normal,normal,normal,0.0,1000.0,1000.0,0,10,10
2026-08-24T07:45:45.426Z,0.9268667429582331,0.9973405396130913,0.9444851921219477,0.9268667429582331,0.017618449163714578,0.009444851921219476,0.009268667429582331,0.0001761844916371453,normal,normal,normal,normal,0.0,1000.0,1000.0,0,10,10
2026-08-24T07:45:50.429Z,0.9268667429582331,0.9974263286578303,0.9445066393831324,0.9268667429582331,0.01763989642489927,0.009445066393831324,0.009268667429582331,0.00017639896424899264,normal,normal,normal,normal,0.0,1000.0,1000.0,0,10,10
2026-08-24T07:45:55.431Z,0.7451679729173204,0.998025666337611,0.8083823962723931,0.7451679729173204,0.06321442335507266,0.00808382396272393,0.0075,0.0005838239627239308,normal,normal,normal,normal,0.0,1000.0,1000.0,0,10,10
2026-08-24T07:46:00.432Z,0.7233967032805119,0.998025666337611,0.7920539440447867,0.7233967032805119,0.06865724076427482,0.007920539440447866,0.0075,0.0004205394404478667,normal,normal,normal,normal,0.0,1000.0,1000.0,0,10,10
2026-08-24T07:46:05.434Z,0.7887544878272085,0.998025666337611,0.8410722824548091,0.7887544878272085,0.05231779462760067,0.00841072282454809,0.007887544878272085,0.0005231779462760051,normal,normal,normal,normal,0.0,1000.0,1000.0,0,10,10
2026-08-24T07:46:10.433Z,0.7891135939666126,0.9963296844816485,0.8409176165953716,0.7891135939666126,0.05180402262875894,0.008409176165953715,0.007891135939666127,0.0005180402262875885,normal,normal,normal,normal,0.0,1000.0,1000.0,0,10,10
2026-08-24T07:46:15.435Z,0.8797125031586065,0.9966291652353143,0.9089416686777835,0.8797125031586065,0.02922916551917698,0.009089416686777835,0.008797125031586065,0.0002922916551917707,normal,normal,normal,normal,0.0,1000.0,1000.0,0,10,10
2026-08-24T07:46:20.437Z,1.1058847810338612,0.9966826628876936,1.0785842514973194,1.1058847810338612,-0.02730052953654183,0.010785842514973195,0.011058847810338612,-0.00027300529536541766,normal,normal,normal,normal,0.0,1000.0,1000.0,0,10,10
2026-08-24T07:46:25.439Z,0.9133063368329742,0.9969288260813539,0.9342119591450692,0.9133063368329742,0.020905622312094918,0.009342119591450692,0.009133063368329742,0.00020905622312094967,normal,normal,normal,normal,0.0,1000.0,1000.0,0,10,10
2026-08-24T07:46:30.442Z,0.8868625337545492,0.995511361195825,0.914024740614868,0.8868625337545492,0.027162206860318894,0.00914024740614868,0.008868625337545491,0.00027162206860318824,normal,normal,normal,normal,0.0,1000.0,1000.0,0,10,10
2026-08-24T07:46:35.444Z,0.7864832991711669,0.995511361195825,0.8387403146773313,0.7864832991711669,0.05225701550616446,0.008387403146773314,0.00786483299171167,0.0005225701550616441,normal,normal,normal,normal,0.0,1000.0,1000.0,0,10,10
2026-08-24T07:46:40.445Z,0.8537726201608037,0.995511361195825,0.889207305419559,0.8537726201608037,0.03543468525875526,0.00889207305419559,0.008537726201608037,0.0003543468525875528,normal,normal,normal,normal,0.0,1000.0,1000.0,0,10,10
2026-08-24T07:46:45.447Z,0.8525392612551755,0.9955755063467858,0.8882983225280782,0.8525392612551755,0.035759061272902626,0.008882983225280782,0.008525392612551756,0.0003575906127290269,normal,normal,normal,normal,0.0,1000.0,1000.0,0,10,10
2026-08-24T07:46:50.448Z,0.8525392612551755,0.9939431688824932,0.887890238162005,0.8525392612551755,0.03535097690682942,0.00887890238162005,0.008525392612551756,0.0003535097690682953,normal,normal,normal,normal,0.0,1000.0,1000.0,0,10,10
2026-08-24T07:46:55.449Z,0.8327102481965521,0.9939431688824932,0.8730184783680374,0.8327102481965521,0.040308230171485215,0.008730184783680374,0.00832710248196552,0.00040308230171485354,normal,normal,normal,normal,0.0,1000.0,1000.0,0,10,10
2026-08-24T07:47:00.453Z,0.8558873940600334,0.9939431688824932,0.8904013377656483,0.8558873940600334,0.03451394370561489,0.008904013377656483,0.008558873940600334,0.00034513943705614947,normal,normal,normal,normal,0.0,1000.0,1000.0,0,10,10
2026-08-24T07:47:05.452Z,1.0538510329434603,0.9939431688824932,1.0388740669282186,1.0538510329434603,-0.014976966015241677,0.010388740669282186,0.010538510329434604,-0.0001497696601524181,normal,normal,normal,normal,0.0,1000.0,1000.0,0,10,10
2026-08-24T07:47:10.453Z,1.053811681314465,0.9949306182068135,1.0390914155375521,1.053811681314465,-0.014720265776912766,0.01039091415537552,0.01053811681314465,-0.00014720265776912989,normal,normal,normal,normal,0.0,1000.0,1000.0,0,10,10
2026-08-24T07:47:15.456Z,0.9665010302204965,0.9949306182068135,0.9736084272170757,0.9665010302204965,0.007107396996579252,0.009736084272170757,0.009665010302204966,7.107396996579134e-05,normal,normal,normal,normal,0.0,1000.0,1000.0,0,10,10
2026-08-24T07:47:20.457Z,0.6798994459046421,0.9949306182068135,0.758657238980185,0.6798994459046422,0.07875779307554276,0.00758657238980185,0.0075,8.657238980185056e-05,normal,normal,normal,normal,0.0,1000.0,1000.0,0,10,10
2026-08-24T07:47:25.461Z,0.6670936268416862,0.9954224065676646,0.7491758217731808,0.6670936268416862,0.0820821949314946,0.0075,0.0075,0.0,normal,normal,normal,normal,0.0,1000.0,1000.0,0,10,10
2026-08-24T07:47:30.461Z,0.9215758478547805,0.9992907953837227,0.9410045847370161,0.9215758478547805,0.019428736882235564,0.00941004584737016,0.009215758478547805,0.00019428736882235592,normal,normal,normal,normal,0.0,1000.0,1000.0,0,10,10
2026-08-24T07:47:35.461Z,1.0092299745050823,0.9992907953837227,1.0067451797247424,1.0092299745050823,-0.002484794780339916,0.010067451797247424,0.010092299745050822,-2.4847947803397982e-05,normal,normal,normal,normal,0.0,1000.0,1000.0,0,10,10
2026-08-24T07:47:40.462Z,1.0638398318926894,0.9992907953837227,1.0477025727654476,1.0638398318926894,-0.016137259127241732,0.010477025727654476,0.010638398318926894,-0.00016137259127241808,normal,normal,normal,normal,0.0,1000.0,1000.0,0,10,10
2026-08-24T07:47:45.463Z,1.0638398318926894,0.9995270851246776,1.0477616452006864,1.0638398318926894,-0.016078186692003005,0.010477616452006865,0.010638398318926894,-0.00016078186692002928,normal,normal,normal,normal,0.0,1000.0,1000.0,0,10,10
2026-08-24T07:47:50.468Z,1.0884722590113254,0.9995270851246776,1.0662359655396634,1.0884722590113254,-0.022236293471662005,0.010662359655396634,0.010884722590113255,-0.00022236293471662033,normal,normal,normal,normal,0.0,1000.0,1000.0,0,10,10
2026-08-24T07:47:55.467Z,1.0972054644276326,0.9995270851246776,1.0727858696018937,1.0972054644276326,-0.024419594825738855,0.010727858696018937,0.010972054644276325,-0.0002441959482573884,normal,normal,normal,normal,0.0,1000.0,1000.0,0,10,10
2026-08-24T07:48:00.468Z,1.0972054644276326,0.9998279791854815,1.0728610931170948,1.0972054644276326,-0.024344371310537793,0.010728610931170947,0.010972054644276325,-0.000243443713105378,normal,normal,normal,normal,0.0,1000.0,1000.0,0,10,10
2026-08-24T07:48:05.469Z,0.9105378249291695,0.9998279791854815,0.9328603634932474,0.9105378249291695,0.022322538564077954,0.009328603634932474,0.009105378249291696,0.0002232253856407785,normal,normal,normal,normal,0.0,1000.0,1000.0,0,10,10
2026-08-24T07:48:10.470Z,0.9126782520010215,0.99821528404937,0.9340625100131086,0.9126782520010215,0.0213842580120871,0.009340625100131086,0.009126782520010215,0.0002138425801208703,normal,normal,normal,normal,0.0,1000.0,1000.0,0,10,10
2026-08-24T07:48:15.472Z,0.9409306992130873,0.99821528404937,0.9552518454221579,0.9409306992130873,0.014321146209070656,0.009552518454221578,0.009409306992130873,0.00014321146209070497,normal,normal,normal,normal,0.0,1000.0,1000.0,0,10,10
2026-08-24T07:48:20.473Z,0.9357415404718691,0.9983011483377059,0.9513814424383282,0.9357415404718691,0.015639901966459147,0.009513814424383283,0.009357415404718692,0.0001563990196645909,normal,normal,normal,normal,0.0,1000.0,1000.0,0,10,10
2026-08-24T07:48:25.476Z,0.9396757221231262,0.9983011483377059,0.9543320786767712,0.9396757221231263,0.014656356553644834,0.009543320786767713,0.009396757221231263,0.00014656356553644986,normal,normal,normal,normal,0.0,1000.0,1000.0,0,10,10
2026-08-24T07:48:30.477Z,0.5792369474441391,0.9970968990581051,0.6837019353476306,0.5792369474441391,0.10446498790349146,0.0075,0.0075,0.0,normal,normal,normal,normal,0.0,1000.0,1000.0,0,10,10
2026-08-24T07:48:35.478Z,0.5061289632187372,0.9970968990581051,0.6288709471785792,0.5061289632187372,0.12274198395984193,0.0075,0.0075,0.0,normal,normal,normal,normal,0.0,1000.0,1000.0,0,10,10
2026-08-24T07:48:40.479Z,0.4668916643188442,0.9971826745236355,0.599464416870042,0.46689166431884416,0.13257275255119788,0.0075,0.0075,0.0,normal,normal,normal,normal,0.0,1000.0,1000.0,0,10,10
2026-08-24T07:48:45.483Z,0.562308950710751,0.9971826745236355,0.6710273816639721,0.562308950710751,0.10871843095322109,0.0075,0.0075,0.0,normal,normal,normal,normal,0.0,1000.0,1000.0,0,10,10
2026-08-24T07:48:50.489Z,0.5931766951471686,1.0004516323282722,0.6949954294424445,0.5931766951471686,0.10181873429527588,0.0075,0.0075,0.0,normal,normal,normal,normal,0.0,1000.0,1000.0,0,10,10
2026-08-24T07:48:55.484Z,0.5944260540032577,1.0004516323282722,0.6959324485845113,0.5944260540032577,0.10150639458125366,0.0075,0.0075,0.0,normal,normal,normal,normal,0.0,1000.0,1000.0,0,10,10
2026-08-24T07:49:00.486Z,0.5946050547346338,1.0004516323282722,0.6960666991330433,0.5946050547346338,0.10146164439840955,0.0075,0.0075,0.0,normal,normal,normal,normal,0.0,1000.0,1000.0,0,10,10
2026-08-24T07:49:05.488Z,0.5957274340163262,1.0004516323282722,0.6969084835943127,0.5957274340163262,0.10118104957798646,0.0075,0.0075,0.0,normal,normal,normal,normal,0.0,1000.0,1000.0,0,10,10
2026-08-24T07:49:10.487Z,0.7340282642221855,0.9988386597273001,0.8002308630984641,0.7340282642221855,0.06620259887627866,0.008002308630984641,0.0075,0.0005023086309846412,normal,normal,normal,normal,0.0,1000.0,1000.0,0,10,10
2026-08-24T07:49:15.490Z,0.7927086431849969,0.9988386597273001,0.8442411473205726,0.7927086431849969,0.05153250413557575,0.008442411473205727,0.007927086431849969,0.0005153250413557579,normal,normal,normal,normal,0.0,1000.0,1000.0,0,10,10
2026-08-24T07:49:20.490Z,0.7927086431849969,0.9988386597273001,0.8442411473205726,0.7927086431849969,0.05153250413557575,0.008442411473205727,0.007927086431849969,0.0005153250413557579,normal,normal,normal,normal,0.0,1000.0,1000.0,0,10,10
2026-08-24T07:49:25.491Z,0.8132793447158139,0.9988386597273001,0.8596691734686854,0.8132793447158139,0.046389828752871565,0.008596691734686855,0.00813279344715814,0.00046389828752871516,normal,normal,normal,normal,0.0,1000.0,1000.0,0,10,10
2026-08-24T07:49:30.495Z,0.8263294583086184,1.0065594219106198,0.8713869492091186,0.8263294583086184,0.04505749090050026,0.008713869492091186,0.008263294583086184,0.00045057490900500194,normal,normal,normal,normal,0.0,1000.0,1000.0,0,10,10
2026-08-24T07:49:35.494Z,0.7059326609511597,1.0065594219106198,0.7810893511910246,0.7059326609511597,0.07515669023986493,0.007810893511910246,0.0075,0.0003108935119102464,normal,normal,normal,normal,0.0,1000.0,1000.0,0,10,10
2026-08-24T07:49:40.496Z,0.8683137967549911,1.0065594219106198,0.9028752030438982,0.8683137967549911,0.03456140628890714,0.009028752030438982,0.00868313796754991,0.0003456140628890717,normal,normal,normal,normal,0.0,1000.0,1000.0,0,10,10
2026-08-24T07:49:45.498Z,0.7871334414224181,1.0065594219106198,0.8419899365444685,0.7871334414224181,0.054856495122050375,0.008419899365444685,0.007871334414224182,0.0005485649512205031,normal,normal,normal,normal,0.0,1000.0,1000.0,0,10,10
2026-08-24T07:49:50.532Z,0.9314098213210259,1.0065594219106198,0.9501972214684244,0.9314098213210259,0.018787400147398547,0.009501972214684243,0.009314098213210258,0.0001878740014739852,normal,normal,normal,normal,0.0,1000.0,1000.0,0,10,10
2026-08-24T07:49:55.501Z,0.9687125513812516,1.0065594219106198,0.9781742690135935,0.9687125513812515,0.009461717632342048,0.009781742690135936,0.009687125513812515,9.46171763234211e-05,normal,normal,normal,normal,0.0,1000.0,1000.0,0,10,10
2026-08-24T07:50:00.501Z,0.9828829925052585,1.0065594219106198,0.9888020998565987,0.9828829925052585,0.005919107351340269,0.009888020998565988,0.009828829925052586,5.919107351340207e-05,normal,normal,normal,normal,0.0,1000.0,1000.0,0,10,10
2026-08-24T07:50:05.502Z,0.9842643700233871,1.0065594219106198,0.9898381329951953,0.9842643700233871,0.005573762971808227,0.009898381329951952,0.00984264370023387,5.5737629718081647e-05,normal,normal,normal,normal,0.0,1000.0,1000.0,0,10,10
2026-08-24T07:50:10.507Z,0.8690268256329458,1.0084949890317862,0.9038938664826559,0.8690268256329458,0.03486704084971015,0.009038938664826558,0.008690268256329459,0.00034867040849709957,normal,normal,normal,normal,0.0,1000.0,1000.0,0,10,10
2026-08-24T07:50:15.504Z,1.1040507348983326,1.0084949890317862,1.080161798431696,1.1040507348983326,-0.02388893646663659,0.01080161798431696,0.011040507348983326,-0.00023888936466636562,normal,normal,normal,normal,0.0,1000.0,1000.0,0,10,10
2026-08-24T07:50:20.505Z,1.1040507348983326,1.0084949890317862,1.080161798431696,1.1040507348983326,-0.02388893646663659,0.01080161798431696,0.011040507348983326,-0.00023888936466636562,normal,normal,normal,normal,0.0,1000.0,1000.0,0,10,10
2026-08-24T07:50:25.506Z,1.308976584710696,1.0084949890317862,1.2338561857909685,1.308976584710696,-0.07512039891972755,0.012338561857909686,0.01308976584710696,-0.0007512039891972751,normal,normal,normal,normal,0.0,1000.0,1000.0,0,10,10
2026-08-24T07:50:30.508Z,1.3431532496483631,1.0069142758828338,1.2590935062069808,1.3431532496483631,-0.08405974344138234,0.012590935062069809,0.013431532496483631,-0.0008405974344138228,normal,normal,normal,normal,0.0,1000.0,1000.0,0,10,10
2026-08-24T07:50:35.511Z,1.3848528634370667,1.005333562733881,1.2899730382612704,1.384852863437067,-0.09487982517579652,0.012899730382612704,0.01384852863437067,-0.0009487982517579659,normal,normal,normal,normal,0.0,1000.0,1000.0,0,10,10
2026-08-24T07:50:40.510Z,1.2321823830593739,1.005333562733881,1.1754701779780006,1.2321823830593739,-0.05671220508137331,0.011754701779780006,0.012321823830593739,-0.0005671220508137332,normal,normal,normal,normal,0.0,1000.0,1000.0,0,10,10
2026-08-24T07:50:45.511Z,1.2260516624282969,1.005333562733881,1.1708721375046929,1.2260516624282969,-0.055179524923604006,0.01170872137504693,0.012260516624282968,-0.0005517952492360388,normal,normal,normal,normal,0.0,1000.0,1000.0,0,10,10
2026-08-24T07:50:50.512Z,1.1656174157132506,1.0089358682093852,1.1264470288372843,1.1656174157132506,-0.0391703868759663,0.011264470288372843,0.011656174157132507,-0.00039170386875966336,normal,normal,normal,normal,0.0,1000.0,1000.0,0,10,10
2026-08-24T07:50:55.513Z,1.0675505157873988,1.0125381736848897,1.0537974302617714,1.0675505157873988,-0.013753085525627373,0.010537974302617714,0.010675505157873988,-0.00013753085525627408,normal,normal,normal,normal,0.0,1000.0,1000.0,0,10,10
2026-08-24T07:51:00.516Z,1.0928857890145793,1.0125381736848897,1.072798885182157,1.0928857890145793,-0.020086903832422287,0.01072798885182157,0.010928857890145792,-0.00020086903832422162,normal,normal,normal,normal,0.0,1000.0,1000.0,0,10,10
2026-08-24T07:51:05.516Z,1.1128792202013047,1.0125381736848897,1.087793958572201,1.1128792202013047,-0.02508526162910374,0.01087793958572201,0.011128792202013047,-0.0002508526162910366,normal,normal,normal,normal,0.0,1000.0,1000.0,0,10,10
2026-08-24T07:51:10.518Z,1.1129751089640072,1.0070648199922578,1.0864975367210699,1.1129751089640072,-0.02647757224293734,0.010864975367210698,0.011129751089640072,-0.00026477572242937335,normal,normal,normal,normal,0.0,1000.0,1000.0,0,10,10
2026-08-24T07:51:15.521Z,0.6879991589792945,1.001591466299626,0.7663972358093774,0.6879991589792945,0.07839807683008282,0.007663972358093774,0.0075,0.00016397235809377433,normal,normal,normal,normal,0.0,1000.0,1000.0,0,10,10
2026-08-24T07:51:20.520Z,0.7408627826169244,1.001591466299626,0.8060449535375998,0.7408627826169244,0.06518217092067535,0.008060449535375998,0.0075,0.0005604495353759981,normal,normal,normal,normal,0.0,1000.0,1000.0,0,10,10
2026-08-24T07:51:25.523Z,0.39976473174598043,1.001591466299626,0.5502214153843918,0.39976473174598043,0.15045668363841141,0.0075,0.0075,0.0,normal,normal,normal,normal,0.0,1000.0,1000.0,0,10,10
2026-08-24T07:51:30.521Z,1.8585038409430268,0.999709664931825,1.6438052969402264,1.8585038409430268,-0.21469854400280042,0.024657079454103396,0.027877557614145402,-0.0032204781600420063,defensive,defensive,high,high,0.0,500.0,500.0,0,6,6
2026-08-24T07:51:35.522Z,1.9146111947849607,0.9978278635640242,1.6854153619797265,1.9146111947849607,-0.22919583280523415,0.0252812304296959,0.02871916792177441,-0.003437937492078512,defensive,defensive,high,high,0.0,500.0,500.0,0,6,6
2026-08-24T07:51:40.523Z,1.9667413675401266,0.9978278635640242,1.7245129915461008,1.9667413675401264,-0.24222837599402558,0.025867694873191512,0.029501120513101897,-0.0036334256399103843,defensive,defensive,high,high,0.0,500.0,500.0,0,6,6
2026-08-24T07:51:45.525Z,1.9667413675401266,0.9978278635640242,1.7245129915461008,1.9667413675401264,-0.24222837599402558,0.025867694873191512,0.029501120513101897,-0.0036334256399103843,defensive,defensive,high,high,0.0,500.0,500.0,0,6,6
2026-08-24T07:51:50.526Z,2.0349158701668184,1.0033227235580024,1.7770175835146145,2.0349158701668184,-0.25789828665220393,0.02665526375271922,0.03,-0.00334473624728078,defensive,defensive,high,high,0.0,500.0,500.0,0,6,6
2026-08-24T07:51:55.527Z,2.0349158701668184,1.0088175835519808,1.778391298513109,2.0349158701668184,-0.25652457165370945,0.026675869477696634,0.03,-0.0033241305223033653,defensive,defensive,high,high,0.0,500.0,500.0,0,6,6
2026-08-24T07:52:00.529Z,2.001124885191683,1.0088175835519808,1.7530480597817575,2.001124885191683,-0.24807682540992548,0.02629572089672636,0.03,-0.0037042791032736375,defensive,defensive,high,high,0.0,500.0,500.0,0,6,6
2026-08-24T07:52:05.528Z,2.2360460335173618,1.0088175835519808,1.9292389210260166,2.2360460335173618,-0.3068071124913452,0.02893858381539025,0.03,-0.0010614161846097502,defensive,defensive,high,high,0.0,500.0,500.0,0,6,6
2026-08-24T07:52:10.529Z,2.2360460335173618,1.0088175835519808,1.9292389210260166,2.2360460335173618,-0.3068071124913452,0.02893858381539025,0.03,-0.0010614161846097502,defensive,defensive,high,high,0.0,500.0,500.0,0,6,6
2026-08-24T07:52:15.530Z,2.2360460335173618,1.0060862832810014,1.9285560959582717,2.2360460335173618,-0.30748993755909004,0.028928341439374075,0.03,-0.0010716585606259238,defensive,defensive,high,high,0.0,500.0,500.0,0,6,6
2026-08-24T07:52:20.534Z,2.2393913301721655,1.0060862832810014,1.9310650684493744,2.2393913301721655,-0.3083262617227911,0.028965976026740618,0.03,-0.0010340239732593813,defensive,defensive,high,high,0.0,500.0,500.0,0,6,6
2026-08-24T07:52:25.536Z,2.2393913301721655,1.0060862832810014,1.9310650684493744,2.2393913301721655,-0.3083262617227911,0.028965976026740618,0.03,-0.0010340239732593813,defensive,defensive,high,high,0.0,500.0,500.0,0,6,6
2026-08-24T07:52:30.534Z,0.7943157029740172,1.0060862832810014,0.8472583480507632,0.7943157029740172,0.05294264507674595,0.008472583480507632,0.007943157029740171,0.0005294264507674611,normal,normal,normal,normal,0.0,1000.0,1000.0,0,10,10
2026-08-24T07:52:35.534Z,0.7066012091549773,0.9983010021936427,0.7795261574146436,0.7066012091549773,0.07292494825966633,0.007795261574146436,0.0075,0.0002952615741464359,normal,normal,normal,normal,0.0,1000.0,1000.0,0,10,10
2026-08-24T07:52:40.535Z,1.3207904207252925,0.9983010021936427,1.2401680660923802,1.3207904207252925,-0.08062235463291234,0.012401680660923802,0.013207904207252924,-0.0008062235463291226,normal,normal,normal,normal,0.0,1000.0,1000.0,0,10,10
2026-08-24T07:52:45.536Z,1.3837592014687778,0.9983010021936427,1.287394651649994,1.3837592014687778,-0.09636454981878395,0.01287394651649994,0.013837592014687778,-0.0009636454981878373,normal,normal,normal,normal,0.0,1000.0,1000.0,0,10,10
2026-08-24T07:52:50.537Z,1.3002725623045028,0.9983439435650379,1.2247904076196365,1.3002725623045028,-0.0754821546848663,0.012247904076196366,0.013002725623045028,-0.0007548215468486628,normal,normal,normal,normal,0.0,1000.0,1000.0,0,10,10
2026-08-24T07:52:55.538Z,1.3184873230078298,0.9975266689607708,1.2382471594960651,1.3184873230078298,-0.08024016351176466,0.012382471594960651,0.013184873230078298,-0.0008024016351176472,normal,normal,normal,normal,0.0,1000.0,1000.0,0,10,10
2026-08-24T07:53:00.540Z,1.3184873230078298,0.9975266689607708,1.2382471594960651,1.3184873230078298,-0.08024016351176466,0.012382471594960651,0.013184873230078298,-0.0008024016351176472,normal,normal,normal,normal,0.0,1000.0,1000.0,0,10,10
2026-08-24T07:53:05.541Z,1.1463562086594246,0.9975266689607708,1.109148823734761,1.1463562086594246,-0.03720738492466347,0.01109148823734761,0.011463562086594246,-0.00037207384924663536,normal,normal,normal,normal,0.0,1000.0,1000.0,0,10,10
2026-08-24T07:53:10.542Z,1.1463562086594246,0.9975266689607708,1.109148823734761,1.1463562086594246,-0.03720738492466347,0.01109148823734761,0.011463562086594246,-0.00037207384924663536,normal,normal,normal,normal,0.0,1000.0,1000.0,0,10,10
2026-08-24T07:53:15.542Z,1.2304519760666668,1.0030755333792154,1.1736078653948039,1.2304519760666668,-0.0568441106718629,0.011736078653948039,0.012304519760666668,-0.0005684411067186299,normal,normal,normal,normal,0.0,1000.0,1000.0,0,10,10
2026-08-24T07:53:20.543Z,1.4196758950064705,1.0030755333792154,1.3155258045996567,1.4196758950064705,-0.10415009040681378,0.013155258045996567,0.014196758950064704,-0.001041500904068137,normal,normal,normal,normal,0.0,1000.0,1000.0,0,10,10
2026-08-24T07:53:25.546Z,1.4332409556024865,1.0030755333792154,1.3256996000466688,1.4332409556024865,-0.10754135555581779,0.013256996000466688,0.014332409556024866,-0.0010754135555581783,normal,normal,normal,normal,0.0,1000.0,1000.0,0,10,10
2026-08-24T07:53:30.545Z,1.4332409556024865,1.0030755333792154,1.3256996000466688,1.4332409556024865,-0.10754135555581779,0.013256996000466688,0.014332409556024866,-0.0010754135555581783,normal,normal,normal,normal,0.0,1000.0,1000.0,0,10,10
2026-08-24T07:53:35.547Z,1.4512681601044493,1.0010538540949758,1.3387145836020808,1.4512681601044493,-0.11255357650236841,0.013387145836020808,0.014512681601044493,-0.0011255357650236854,normal,normal,normal,normal,0.0,1000.0,1000.0,0,10,10
2026-08-24T07:53:40.549Z,0.8586926941448066,1.0010107961632757,0.8942722196494239,0.8586926941448066,0.03557952550461729,0.00894272219649424,0.008586926941448065,0.0003557952550461742,normal,normal,normal,normal,0.0,1000.0,1000.0,0,10,10
2026-08-24T07:53:45.548Z,1.2333734840501662,1.0024947309561703,1.1756537957766673,1.2333734840501662,-0.05771968827349894,0.011756537957766672,0.012333734840501662,-0.0005771968827349896,normal,normal,normal,normal,0.0,1000.0,1000.0,0,10,10
2026-08-24T07:53:50.549Z,1.2333734840501662,1.0024947309561703,1.1756537957766673,1.2333734840501662,-0.05771968827349894,0.011756537957766672,0.012333734840501662,-0.0005771968827349896,normal,normal,normal,normal,0.0,1000.0,1000.0,0,10,10
2026-08-24T07:53:55.551Z,1.218203150678343,1.0024947309561703,1.1642760457477999,1.218203150678343,-0.0539271049305432,0.011642760457477998,0.01218203150678343,-0.0005392710493054322,normal,normal,normal,normal,0.0,1000.0,1000.0,0,10,10
2026-08-24T07:54:00.553Z,1.2358858845067446,1.0024947309561703,1.1775380961191009,1.2358858845067446,-0.05834778838764376,0.011775380961191009,0.012358858845067445,-0.0005834778838764362,normal,normal,normal,normal,0.0,1000.0,1000.0,0,10,10
2026-08-24T07:54:05.556Z,1.2640464755537895,1.0011183276700073,1.198314438582844,1.2640464755537895,-0.06573203697094554,0.01198314438582844,0.012640464755537895,-0.0006573203697094552,normal,normal,normal,normal,0.0,1000.0,1000.0,0,10,10
2026-08-24T07:54:10.554Z,1.276370434418809,1.0011183276700073,1.2075574077316085,1.276370434418809,-0.06881302668720046,0.012075574077316084,0.01276370434418809,-0.0006881302668720057,normal,normal,normal,normal,0.0,1000.0,1000.0,0,10,10
2026-08-24T07:54:15.555Z,1.3429900192227604,1.0011183276700073,1.2575220963345721,1.3429900192227604,-0.08546792288818827,0.01257522096334572,0.013429900192227603,-0.0008546792288818827,normal,normal,normal,normal,0.0,1000.0,1000.0,0,10,10
2026-08-24T07:54:20.556Z,1.385370963899066,1.0010322136682295,1.2892862763413568,1.385370963899066,-0.09608468755770927,0.012892862763413568,0.01385370963899066,-0.0009608468755770913,normal,normal,normal,normal,0.0,1000.0,1000.0,0,10,10
2026-08-24T07:54:25.556Z,1.3723904598014145,1.0007956647025935,1.2794917610267094,1.3723904598014147,-0.09289869877470536,0.012794917610267093,0.013723904598014147,-0.000928986987747054,normal,normal,normal,normal,0.0,1000.0,1000.0,0,10,10
2026-08-24T07:54:30.557Z,1.3723904598014145,1.0007956647025935,1.2794917610267094,1.3723904598014147,-0.09289869877470536,0.012794917610267093,0.013723904598014147,-0.000928986987747054,normal,normal,normal,normal,0.0,1000.0,1000.0,0,10,10
2026-08-24T07:54:35.558Z,1.3823100348965571,1.0007956647025935,1.2869314423480662,1.3823100348965571,-0.0953785925484909,0.012869314423480662,0.013823100348965571,-0.0009537859254849096,normal,normal,normal,normal,0.0,1000.0,1000.0,0,10,10
2026-08-24T07:54:40.567Z,1.4031746673429155,1.0007095858598891,1.302558396972159,1.4031746673429157,-0.10061627037075671,0.01302558396972159,0.014031746673429157,-0.0010061627037075676,normal,normal,normal,normal,0.0,1000.0,1000.0,0,10,10
2026-08-24T07:54:45.562Z,0.9624627326720528,0.9982582892529996,0.9714116218172896,0.9624627326720528,0.008948889145236727,0.009714116218172896,0.009624627326720528,8.948889145236893e-05,normal,normal,normal,normal,0.0,1000.0,1000.0,0,10,10
2026-08-24T07:54:50.563Z,0.9738099730146021,0.9982582892529996,0.9799220520742015,0.973809973014602,0.006112079059599429,0.009799220520742015,0.00973809973014602,6.11207905959945e-05,normal,normal,normal,normal,0.0,1000.0,1000.0,0,10,10
2026-08-24T07:54:55.564Z,0.9736590462781006,0.9982582892529996,0.9798088570218254,0.9736590462781006,0.006149810743724782,0.009798088570218254,0.009736590462781006,6.149810743724844e-05,normal,normal,normal,normal,0.0,1000.0,1000.0,0,10,10
2026-08-24T07:55:00.565Z,0.9528100785264445,0.9982582892529996,0.9641721312080833,0.9528100785264445,0.011362052681638812,0.009641721312080832,0.009528100785264445,0.00011362052681638743,normal,normal,normal,normal,0.0,1000.0,1000.0,0,10,10
2026-08-24T07:55:05.566Z,0.914228720030838,1.0018277211542597,0.9361284703116934,0.914228720030838,0.021899750280855446,0.009361284703116934,0.00914228720030838,0.00021899750280855376,normal,normal,normal,normal,0.0,1000.0,1000.0,0,10,10
2026-08-24T07:55:10.566Z,1.0360872968460457,1.0018277211542597,1.0275224029230992,1.0360872968460457,-0.00856489392294657,0.010275224029230992,0.010360872968460458,-8.56489392294657e-05,normal,normal,normal,normal,0.0,1000.0,1000.0,0,10,10
2026-08-24T07:55:15.567Z,1.0172071998366048,1.0018277211542597,1.0133623301660184,1.0172071998366048,-0.0038448696705863927,0.010133623301660184,0.010172071998366047,-3.8448696705863095e-05,normal,normal,normal,normal,0.0,1000.0,1000.0,0,10,10
2026-08-24T07:55:20.569Z,0.6670522197144368,1.001547754680883,0.7506761034560484,0.6670522197144368,0.08362388374161156,0.007506761034560484,0.0075,6.761034560483908e-06,normal,normal,normal,normal,0.0,1000.0,1000.0,0,10,10
2026-08-24T07:55:25.568Z,0.6761955402741182,1.0034609514391968,0.7580118930653879,0.6761955402741182,0.08181635279126964,0.007580118930653879,0.0075,8.011893065387916e-05,normal,normal,normal,normal,0.0,1000.0,1000.0,0,10,10
2026-08-24T07:55:30.570Z,0.6776293164636582,1.0034609514391968,0.7590872252075428,0.6776293164636581,0.0814579087438847,0.007590872252075428,0.0075,9.08722520754279e-05,normal,normal,normal,normal,0.0,1000.0,1000.0,0,10,10
2026-08-24T07:55:35.571Z,0.7096334744396934,1.0034609514391968,0.7830903436895692,0.7096334744396934,0.07345686924987582,0.007830903436895692,0.0075,0.00033090343689569195,normal,normal,normal,normal,0.0,1000.0,1000.0,0,10,10
2026-08-24T07:55:40.573Z,0.7069819892422865,1.003439380911436,0.7810963371595738,0.7069819892422865,0.07411434791728733,0.007810963371595738,0.0075,0.0003109633715957386,normal,normal,normal,normal,0.0,1000.0,1000.0,0,10,10
2026-08-24T07:55:45.572Z,0.7043248290686183,1.003439380911436,0.7791034670293226,0.7043248290686183,0.07477863796070439,0.007791034670293226,0.0075,0.0002910346702932262,normal,normal,normal,normal,0.0,1000.0,1000.0,0,10,10
2026-08-24T07:55:50.573Z,0.7043248290686183,1.003439380911436,0.7791034670293226,0.7043248290686183,0.07477863796070439,0.007791034670293226,0.0075,0.0002910346702932262,normal,normal,normal,normal,0.0,1000.0,1000.0,0,10,10
2026-08-24T07:55:55.574Z,0.7981344783104369,1.003202166297737,0.8494014003072621,0.798134478310437,0.05126692199682503,0.008494014003072621,0.00798134478310437,0.0005126692199682523,normal,normal,normal,normal,0.0,1000.0,1000.0,0,10,10
2026-08-24T07:56:00.575Z,0.7996126576950197,1.003202166297737,0.8505100348456991,0.7996126576950197,0.050897377150679435,0.00850510034845699,0.007996126576950197,0.0005089737715067936,normal,normal,normal,normal,0.0,1000.0,1000.0,0,10,10
2026-08-24T07:56:05.576Z,0.8003460188818742,1.004083299305839,0.8512803389878654,0.8003460188818742,0.05093432010599119,0.008512803389878655,0.008003460188818742,0.0005093432010599124,normal,normal,normal,normal,0.0,1000.0,1000.0,0,10,10
2026-08-24T07:56:10.577Z,0.6353816722566654,1.004083299305839,0.7275570790189588,0.6353816722566654,0.09217540676229341,0.0075,0.0075,0.0,normal,normal,normal,normal,0.0,1000.0,1000.0,0,10,10
2026-08-24T07:56:15.577Z,0.43564192275127084,1.003910698553901,0.5777091167019284,0.43564192275127084,0.14206719395065753,0.0075,0.0075,0.0,normal,normal,normal,normal,0.0,1000.0,1000.0,0,10,10
2026-08-24T07:56:20.580Z,0.4882443653311953,1.003910698553901,0.6171609486368717,0.48824436533119525,0.1289165833056764,0.0075,0.0075,0.0,normal,normal,normal,normal,0.0,1000.0,1000.0,0,10,10
2026-08-24T07:56:25.579Z,0.6055974528952287,0.991254646640452,0.7020117513315345,0.6055974528952287,0.09641429843630578,0.0075,0.0075,0.0,normal,normal,normal,normal,0.0,1000.0,1000.0,0,10,10
2026-08-24T07:56:30.581Z,0.6973318944568181,0.991254646640452,0.7708125825027266,0.6973318944568181,0.07348068804590846,0.007708125825027266,0.0075,0.0002081258250272661,normal,normal,normal,normal,0.0,1000.0,1000.0,0,10,10
2026-08-24T07:56:35.581Z,0.6361938960666645,0.991254646640452,0.7249590837101114,0.6361938960666645,0.08876518764344687,0.0075,0.0075,0.0,normal,normal,normal,normal,0.0,1000.0,1000.0,0,10,10
2026-08-24T07:56:40.582Z,0.6361938960666645,0.991254646640452,0.7249590837101114,0.6361938960666645,0.08876518764344687,0.0075,0.0075,0.0,normal,normal,normal,normal,0.0,1000.0,1000.0,0,10,10
2026-08-24T07:56:45.584Z,0.6361938960666645,1.0045768065493457,0.7282896236873349,0.6361938960666645,0.09209572762067031,0.0075,0.0075,0.0,normal,normal,normal,normal,0.0,1000.0,1000.0,0,10,10
2026-08-24T07:56:50.584Z,0.7063056928156125,1.0045768065493457,0.7808734712490458,0.7063056928156125,0.07456777843343332,0.007808734712490458,0.0075,0.00030873471249045787,normal,normal,normal,normal,0.0,1000.0,1000.0,0,10,10
2026-08-24T07:56:55.590Z,0.5654394279648199,1.0044473090557526,0.675191398237553,0.5654394279648199,0.10975197027273309,0.0075,0.0075,0.0,normal,normal,normal,normal,0.0,1000.0,1000.0,0,10,10
2026-08-24T07:57:00.587Z,0.5654394279648199,1.0044473090557526,0.675191398237553,0.5654394279648199,0.10975197027273309,0.0075,0.0075,0.0,normal,normal,normal,normal,0.0,1000.0,1000.0,0,10,10
2026-08-24T07:57:05.587Z,0.6111010800608171,1.0043394199785176,0.7094106650402422,0.6111010800608171,0.0983095849794251,0.0075,0.0075,0.0,normal,normal,normal,normal,0.0,1000.0,1000.0,0,10,10
2026-08-24T07:57:10.590Z,0.6111010800608171,1.0043394199785176,0.7094106650402422,0.6111010800608171,0.0983095849794251,0.0075,0.0075,0.0,normal,normal,normal,normal,0.0,1000.0,1000.0,0,10,10
2026-08-24T07:57:15.589Z,0.6111010800608171,1.0043394199785176,0.7094106650402422,0.6111010800608171,0.0983095849794251,0.0075,0.0075,0.0,normal,normal,normal,normal,0.0,1000.0,1000.0,0,10,10
2026-08-24T07:57:20.590Z,0.5995063905146475,1.0043394199785176,0.700714647880615,0.5995063905146475,0.1012082573659675,0.0075,0.0075,0.0,normal,normal,normal,normal,0.0,1000.0,1000.0,0,10,10
2026-08-24T07:57:25.590Z,0.5356221731888258,0.9955105898526442,0.6505942773547804,0.5356221731888258,0.1149721041659546,0.0075,0.0075,0.0,normal,normal,normal,normal,0.0,1000.0,1000.0,0,10,10
2026-08-24T07:57:30.591Z,0.5356221731888258,0.9955105898526442,0.6505942773547804,0.5356221731888258,0.1149721041659546,0.0075,0.0075,0.0,normal,normal,normal,normal,0.0,1000.0,1000.0,0,10,10
2026-08-24T07:57:35.592Z,0.5356221731888258,0.9955105898526442,0.6505942773547804,0.5356221731888258,0.1149721041659546,0.0075,0.0075,0.0,normal,normal,normal,normal,0.0,1000.0,1000.0,0,10,10
2026-08-24T07:57:40.594Z,0.5910151149997263,0.9955105898526442,0.6921389837129557,0.5910151149997263,0.10112386871322943,0.0075,0.0075,0.0,normal,normal,normal,normal,0.0,1000.0,1000.0,0,10,10
2026-08-24T07:57:45.594Z,0.6000397547600534,0.9907841031149301,0.6977258418487726,0.6000397547600534,0.09768608708871918,0.0075,0.0075,0.0,normal,normal,normal,normal,0.0,1000.0,1000.0,0,10,10
2026-08-24T07:57:50.595Z,0.6116452771943175,0.9907841031149301,0.7064299836744706,0.6116452771943175,0.09478470648015314,0.0075,0.0075,0.0,normal,normal,normal,normal,0.0,1000.0,1000.0,0,10,10
2026-08-24T07:57:55.615Z,0.6041982796411055,0.9907841031149301,0.7008447355095616,0.6041982796411055,0.0966464558684561,0.0075,0.0075,0.0,normal,normal,normal,normal,0.0,1000.0,1000.0,0,10,10
2026-08-24T07:58:00.596Z,0.6041982796411055,0.9907841031149301,0.7008447355095616,0.6041982796411055,0.0966464558684561,0.0075,0.0075,0.0,normal,normal,normal,normal,0.0,1000.0,1000.0,0,10,10
2026-08-24T07:58:05.597Z,0.7004467386388549,0.9893329036416373,0.7726682798895504,0.7004467386388549,0.07222154125069558,0.007726682798895504,0.0075,0.0002266827988955042,normal,normal,normal,normal,0.0,1000.0,1000.0,0,10,10
2026-08-24T07:58:10.600Z,0.7810843464622383,0.9877752712428833,0.8327570776573996,0.7810843464622383,0.05167273119516125,0.008327570776573995,0.007810843464622383,0.0005167273119516128,normal,normal,normal,normal,0.0,1000.0,1000.0,0,10,10
2026-08-24T07:58:15.600Z,0.7956008019659646,0.9879026193085368,0.8436762563016077,0.7956008019659646,0.048075454335643086,0.008436762563016077,0.007956008019659646,0.00048075454335643093,normal,normal,normal,normal,0.0,1000.0,1000.0,0,10,10
2026-08-24T07:58:20.601Z,0.7837435004877977,0.9879026193085368,0.8347832801929825,0.7837435004877977,0.05103977970518481,0.008347832801929826,0.007837435004877977,0.0005103977970518491,normal,normal,normal,normal,0.0,1000.0,1000.0,0,10,10
2026-08-24T07:58:25.603Z,0.6723898222036013,0.9886869077547863,0.7514640935913977,0.6723898222036014,0.07907427138779621,0.007514640935913977,0.0075,1.4640935913977186e-05,normal,normal,normal,normal,0.0,1000.0,1000.0,0,10,10
2026-08-24T07:58:30.611Z,1.278639265576247,0.9894711962010356,1.2063472482324442,1.278639265576247,-0.07229201734380286,0.012063472482324441,0.01278639265576247,-0.000722920173438028,normal,normal,normal,normal,0.0,1000.0,1000.0,0,10,10
2026-08-24T07:58:35.608Z,1.2832578083484496,0.9896413143925555,1.209853684859476,1.2832578083484496,-0.07340412348897352,0.01209853684859476,0.012832578083484496,-0.0007340412348897356,normal,normal,normal,normal,0.0,1000.0,1000.0,0,10,10
2026-08-24T07:58:40.608Z,1.2832578083484496,0.9896413143925555,1.209853684859476,1.2832578083484496,-0.07340412348897352,0.01209853684859476,0.012832578083484496,-0.0007340412348897356,normal,normal,normal,normal,0.0,1000.0,1000.0,0,10,10
2026-08-24T07:58:45.615Z,1.4897985394187059,0.9888891276783219,1.3645711864836099,1.4897985394187059,-0.12522735293509601,0.013645711864836098,0.014897985394187059,-0.0012522735293509606,normal,normal,normal,normal,0.0,1000.0,1000.0,0,10,10
2026-08-24T07:58:50.610Z,1.39959582062896,0.9881369409640884,1.2967311007127422,1.39959582062896,-0.10286471991621782,0.012967311007127422,0.0139959582062896,-0.001028647199162177,normal,normal,normal,normal,0.0,1000.0,1000.0,0,10,10
2026-08-24T07:58:55.611Z,1.3448344894425943,0.9883918398933769,1.25572382705529,1.3448344894425943,-0.08911066238730436,0.0125572382705529,0.013448344894425942,-0.0008911066238730427,normal,normal,normal,normal,0.0,1000.0,1000.0,0,10,10
2026-08-24T07:59:00.613Z,1.4253504330562983,0.9883918398933769,1.316110784765568,1.4253504330562983,-0.1092396482907303,0.01316110784765568,0.014253504330562983,-0.0010923964829073034,normal,normal,normal,normal,0.0,1000.0,1000.0,0,10,10
2026-08-24T07:59:05.614Z,1.3144561483995083,0.9883918398933769,1.2329400712729754,1.3144561483995083,-0.08151607712653286,0.012329400712729754,0.013144561483995083,-0.0008151607712653282,normal,normal,normal,normal,0.0,1000.0,1000.0,0,10,10
2026-08-24T07:59:10.617Z,1.2253689854026575,0.9883918398933769,1.1661246990253373,1.2253689854026575,-0.059244286377320154,0.011661246990253372,0.012253689854026575,-0.0005924428637732026,normal,normal,normal,normal,0.0,1000.0,1000.0,0,10,10
2026-08-24T07:59:15.620Z,1.3019497100532613,0.9883918398933769,1.2235602425132903,1.3019497100532613,-0.078389467539971,0.012235602425132903,0.013019497100532613,-0.0007838946753997104,normal,normal,normal,normal,0.0,1000.0,1000.0,0,10,10
2026-08-24T07:59:20.619Z,1.5101910815994444,0.9883918398933769,1.3797412711729276,1.5101910815994444,-0.13044981042651682,0.013797412711729276,0.022652866223991666,-0.00885545351226239,normal,defensive,normal,high,500.0,1000.0,500.0,4,10,6
2026-08-24T07:59:25.620Z,1.5101910815994444,0.9875642210709602,1.3795343664673234,1.5101910815994444,-0.13065671513212096,0.013795343664673235,0.022652866223991666,-0.008857522559318431,normal,defensive,normal,high,500.0,1000.0,500.0,4,10,6
2026-08-24T07:59:30.621Z,0.27921009045025996,0.9867366022485435,0.45609171839983087,0.27921009045025996,0.1768816279495709,0.0075,0.0075,0.0,normal,normal,normal,normal,0.0,1000.0,1000.0,0,10,10
2026-08-24T07:59:35.621Z,0.2536240883615492,0.987012428503849,0.4369711733971241,0.2536240883615492,0.1833470850355749,0.0075,0.0075,0.0,normal,normal,normal,normal,0.0,1000.0,1000.0,0,10,10
2026-08-24T07:59:40.623Z,0.2538230148135865,0.987012428503849,0.4371203682361521,0.2538230148135865,0.1832973534225656,0.0075,0.0075,0.0,normal,normal,normal,normal,0.0,1000.0,1000.0,0,10,10
2026-08-24T07:59:45.623Z,0.19773725355494626,0.987012428503849,0.3950560472921719,0.19773725355494629,0.19731879373722563,0.0075,0.0075,0.0,normal,normal,normal,normal,0.0,1000.0,1000.0,0,10,10
2026-08-24T07:59:50.625Z,0.19773725355494626,0.9884316002236271,0.3954108402221165,0.19773725355494629,0.1976735866671702,0.0075,0.0075,0.0,normal,normal,normal,normal,0.0,1000.0,1000.0,0,10,10
2026-08-24T07:59:55.625Z,0.0,0.9885166229409488,0.2471291557352372,0.0,0.2471291557352372,0.0075,0.0075,0.0,normal,normal,normal,normal,0.0,1000.0,1000.0,0,10,10
2026-08-24T08:00:00.628Z,1.1216802861738258,0.9885166229409488,1.0883893703656065,1.1216802861738258,-0.0332909158082193,0.010883893703656064,0.011216802861738259,-0.0003329091580821942,normal,normal,normal,normal,0.0,1000.0,1000.0,0,10,10
2026-08-24T08:00:05.628Z,1.1234495167459493,0.9885166229409488,1.0897162932946993,1.1234495167459493,-0.03373322345124996,0.010897162932946992,0.011234495167459493,-0.00033733223451250065,normal,normal,normal,normal,0.0,1000.0,1000.0,0,10,10
2026-08-24T08:00:10.629Z,1.3371211923279074,0.9889682164207991,1.2500829483511304,1.3371211923279074,-0.08703824397677695,0.012500829483511304,0.013371211923279074,-0.0008703824397677702,normal,normal,normal,normal,0.0,1000.0,1000.0,0,10,10
2026-08-24T08:00:15.631Z,1.420102304179235,0.9890532926147362,1.3123400512881105,1.4201023041792353,-0.10776225289112484,0.013123400512881104,0.014201023041792353,-0.0010776225289112484,normal,normal,normal,normal,0.0,1000.0,1000.0,0,10,10
2026-08-24T08:00:20.632Z,1.6047241636823784,0.9890532926147362,1.4508064459154677,1.6047241636823781,-0.15391771776691043,0.014508064459154677,0.02407086245523567,-0.009562797996080993,normal,defensive,normal,high,500.0,1000.0,500.0,4,10,6
2026-08-24T08:00:25.633Z,1.6339561026836642,0.9890532926147362,1.4727304001664323,1.6339561026836644,-0.16122570251723212,0.014727304001664323,0.024509341540254966,-0.009782037538590643,normal,defensive,normal,high,500.0,1000.0,500.0,4,10,6
2026-08-24T08:00:30.635Z,1.6345472753589034,0.9922147189126413,1.473964136247338,1.6345472753589034,-0.16058313911156552,0.01473964136247338,0.02451820913038355,-0.00977856776791017,normal,defensive,normal,high,500.0,1000.0,500.0,4,10,6
2026-08-24T08:00:35.635Z,1.8525434979634106,0.9922147189126413,1.6374613032007181,1.8525434979634106,-0.2150821947626924,0.02456191954801077,0.02778815246945116,-0.0032262329214403883,defensive,defensive,high,high,0.0,500.0,500.0,0,6,6
2026-08-24T08:00:40.641Z,1.906027341826292,0.9922147189126413,1.6775741860978794,1.9060273418262923,-0.22845315572841285,0.02516361279146819,0.028590410127394383,-0.003426797335926192,defensive,defensive,high,high,0.0,500.0,500.0,0,6,6
2026-08-24T08:00:45.639Z,1.9482738032435776,0.9922147189126413,1.7092590321608434,1.9482738032435776,-0.23901477108273417,0.02563888548241265,0.029224107048653664,-0.003585221566241012,defensive,defensive,high,high,0.0,500.0,500.0,0,6,6
2026-08-24T08:00:50.646Z,1.9482738032435776,0.9932470213772635,1.709517107776999,1.9482738032435776,-0.23875669546657852,0.025642756616654987,0.029224107048653664,-0.003581350431998677,defensive,defensive,high,high,0.0,500.0,500.0,0,6,6
2026-08-24T08:00:55.645Z,2.0629725601786397,0.9935354795684582,1.7956132900260944,2.0629725601786397,-0.26735927015254535,0.026934199350391416,0.03,-0.0030658006496085827,defensive,defensive,high,high,0.0,500.0,500.0,0,6,6
2026-08-24T08:01:00.645Z,1.3092268368274125,0.9944018603048832,1.2305205926967802,1.3092268368274125,-0.07870624413063232,0.012305205926967802,0.013092268368274125,-0.0007870624413063229,normal,normal,normal,normal,0.0,1000.0,1000.0,0,10,10
2026-08-24T08:01:05.646Z,1.3073622748736315,0.9944018603048832,1.2291221712314444,1.3073622748736315,-0.07824010364218714,0.012291221712314443,0.013073622748736314,-0.000782401036421871,normal,normal,normal,normal,0.0,1000.0,1000.0,0,10,10
2026-08-24T08:01:10.651Z,1.18315827927099,0.9944018603048832,1.1359691745294633,1.18315827927099,-0.04718910474152671,0.011359691745294633,0.0118315827927099,-0.0004718910474152665,normal,normal,normal,normal,0.0,1000.0,1000.0,0,10,10
2026-08-24T08:01:15.651Z,1.179965892094653,0.9944018603048832,1.1335748841472104,1.179965892094653,-0.04639100794744255,0.011335748841472103,0.01179965892094653,-0.0004639100794744267,normal,normal,normal,normal,0.0,1000.0,1000.0,0,10,10
2026-08-24T08:01:20.652Z,1.0107119998695246,0.9944018603048832,1.0066344649783643,1.0107119998695246,-0.0040775348911603615,0.010066344649783643,0.010107119998695246,-4.0775348911602574e-05,normal,normal,normal,normal,0.0,1000.0,1000.0,0,10,10
2026-08-24T08:01:25.654Z,0.9984223658435515,0.9944018603048832,0.9974172394588844,0.9984223658435515,-0.0010051263846670988,0.009974172394588844,0.009984223658435515,-1.005126384667071e-05,normal,normal,normal,normal,0.0,1000.0,1000.0,0,10,10
2026-08-24T08:01:30.655Z,0.9975793847798995,0.9950047368874342,0.9969357228067832,0.9975793847798995,-0.0006436619731162718,0.009969357228067832,0.009975793847798994,-6.43661973116251e-06,normal,normal,normal,normal,0.0,1000.0,1000.0,0,10,10
2026-08-24T08:01:35.657Z,0.8067935916559975,0.9950047368874342,0.8538463779638568,0.8067935916559975,0.04705278630785925,0.008538463779638569,0.008067935916559976,0.00047052786307859307,normal,normal,normal,normal,0.0,1000.0,1000.0,0,10,10
2026-08-24T08:01:40.658Z,0.7168785217047832,0.9950047368874342,0.786410075500446,0.7168785217047832,0.06953155379566278,0.00786410075500446,0.0075,0.0003641007550044609,normal,normal,normal,normal,0.0,1000.0,1000.0,0,10,10
2026-08-24T08:01:45.660Z,0.6393131789202913,0.9950047368874342,0.728236068412077,0.6393131789202913,0.08892288949178573,0.0075,0.0075,0.0,normal,normal,normal,normal,0.0,1000.0,1000.0,0,10,10
2026-08-24T08:01:50.660Z,0.9435839187417762,0.9919042287486004,0.9556639962434822,0.9435839187417762,0.012080077501706032,0.009556639962434822,0.009435839187417762,0.00012080077501705998,normal,normal,normal,normal,0.0,1000.0,1000.0,0,10,10
2026-08-24T08:01:55.662Z,0.9578080359750801,0.9919042287486004,0.9663320841684602,0.9578080359750801,0.00852404819338004,0.009663320841684602,0.009578080359750801,8.524048193380047e-05,normal,normal,normal,normal,0.0,1000.0,1000.0,0,10,10
2026-08-24T08:02:00.663Z,1.0458296685585227,0.9919042287486004,1.032348308606042,1.0458296685585227,-0.013481359952480565,0.01032348308606042,0.010458296685585226,-0.0001348135995248058,normal,normal,normal,normal,0.0,1000.0,1000.0,0,10,10
2026-08-24T08:02:05.665Z,1.4129463168091443,0.9919042287486004,1.3076857947940084,1.4129463168091443,-0.10526052201513592,0.013076857947940085,0.014129463168091444,-0.0010526052201513588,short_bias,short_bias,normal,normal,0.0,1000.0,1000.0,0,10,10
2026-08-24T08:02:10.668Z,1.350992205460583,0.9919042287486004,1.2612202112825872,1.3509922054605827,-0.08977199417799553,0.012612202112825871,0.013509922054605827,-0.000897719941779956,short_bias,short_bias,normal,normal,0.0,1000.0,1000.0,0,10,10
2026-08-24T08:02:15.670Z,1.3514159235511891,0.9919042287486004,1.261537999850542,1.3514159235511893,-0.08987792370064729,0.01261537999850542,0.013514159235511893,-0.0008987792370064723,short_bias,short_bias,normal,normal,0.0,1000.0,1000.0,0,10,10
2026-08-24T08:02:20.672Z,1.3138346089301753,0.9919042287486004,1.2333520138847816,1.3138346089301753,-0.08048259504539379,0.012333520138847816,0.013138346089301752,-0.0008048259504539364,short_bias,short_bias,normal,normal,0.0,1000.0,1000.0,0,10,10
2026-08-24T08:02:25.673Z,1.4704801122845648,0.9919042287486004,1.3508361414005736,1.4704801122845648,-0.11964397088399115,0.013508361414005736,0.014704801122845649,-0.0011964397088399126,short_bias,short_bias,normal,normal,0.0,1000.0,1000.0,0,10,10
2026-08-24T08:02:30.674Z,2.010056080479498,0.9927224183963483,1.7557226649587105,2.010056080479498,-0.25433341552078725,0.026335839974380656,0.03,-0.003664160025619343,defensive,defensive,high,high,0.0,500.0,500.0,0,6,6
2026-08-24T08:02:35.677Z,1.9639029235162333,0.9927224183963483,1.721107797236262,1.9639029235162333,-0.24279512627997124,0.02581661695854393,0.0294585438527435,-0.0036419268941995722,defensive,defensive,high,high,0.0,500.0,500.0,0,6,6
2026-08-24T08:02:40.680Z,1.9639029235162333,0.9931287022078622,1.7212093681891405,1.9639029235162333,-0.2426935553270928,0.025818140522837107,0.0294585438527435,-0.0036404033299063943,defensive,defensive,high,high,0.0,500.0,500.0,0,6,6
2026-08-24T08:02:45.681Z,1.9639029235162333,0.9931287022078622,1.7212093681891405,1.9639029235162333,-0.2426935553270928,0.025818140522837107,0.0294585438527435,-0.0036404033299063943,defensive,defensive,high,high,0.0,500.0,500.0,0,6,6
2026-08-24T08:02:50.683Z,1.7787374510351088,0.9931287022078622,1.582335263828297,1.7787374510351086,-0.19640218720681157,0.023735028957424454,0.02668106176552663,-0.0029460328081021767,defensive,defensive,high,high,0.0,500.0,500.0,0,6,6
2026-08-24T08:02:55.684Z,1.7412637722271966,0.9931287022078622,1.554230004722363,1.7412637722271966,-0.1870337675048337,0.023313450070835445,0.02611895658340795,-0.0028055065125725046,defensive,defensive,high,high,0.0,500.0,500.0,0,6,6
2026-08-24T08:03:00.689Z,1.6942103389778973,0.9931714882709003,1.518950626301148,1.6942103389778973,-0.17525971267674922,0.02278425939451722,0.02541315508466846,-0.002628895690151241,defensive,defensive,high,high,0.0,500.0,500.0,0,6,6
2026-08-24T08:03:05.687Z,1.3601768600164006,0.9931714882709003,1.2684255170800256,1.3601768600164006,-0.09175134293637499,0.019026382756200385,0.013601768600164005,0.0054246141560363795,defensive,normal,high,normal,-500.0,500.0,1000.0,-4,6,10
2026-08-24T08:03:10.689Z,1.3749186496326637,0.9889279021174849,1.2784209627538692,1.374918649632664,-0.09649768687879479,0.01917631444130804,0.01374918649632664,0.005427127944981399,defensive,normal,high,normal,-500.0,500.0,1000.0,-4,6,10
2026-08-24T08:03:15.690Z,1.3757200860742558,0.9889279021174849,1.2790220400850631,1.3757200860742558,-0.09669804598919263,0.019185330601275946,0.013757200860742558,0.005428129740533388,defensive,normal,high,normal,-500.0,500.0,1000.0,-4,6,10
2026-08-24T08:03:20.691Z,1.4117217802136777,0.9890131196277386,1.306044615067193,1.4117217802136777,-0.10567716514648473,0.019590669226007894,0.014117217802136777,0.005473451423871118,defensive,normal,high,normal,-500.0,500.0,1000.0,-4,6,10
2026-08-24T08:03:25.696Z,1.4305980476636388,0.9890131196277386,1.3202018156546638,1.4305980476636388,-0.11039623200897508,0.019803027234819956,0.014305980476636388,0.005497046758183568,defensive,normal,high,normal,-500.0,500.0,1000.0,-4,6,10
2026-08-24T08:03:30.697Z,0.8086093306695723,0.9844675671599992,0.8525738897921791,0.8086093306695723,0.04396455912260677,0.00852573889792179,0.008086093306695723,0.00043964559122606703,normal,normal,normal,normal,0.0,1000.0,1000.0,0,10,10
2026-08-24T08:03:35.698Z,0.7690105469480358,0.9844675671599992,0.8228748020010266,0.7690105469480358,0.05386425505299075,0.008228748020010265,0.007690105469480358,0.000538642550529907,normal,normal,normal,normal,0.0,1000.0,1000.0,0,10,10
2026-08-24T08:03:40.705Z,0.7782085120282283,0.9844675671599992,0.8297732758111711,0.7782085120282284,0.051564763782942724,0.008297732758111711,0.007782085120282284,0.0005156476378294266,normal,normal,normal,normal,0.0,1000.0,1000.0,0,10,10
2026-08-24T08:03:45.703Z,0.7794177884232439,0.9844675671599992,0.8306802331074328,0.7794177884232439,0.051262444684188835,0.008306802331074328,0.007794177884232439,0.0005126244468418887,normal,normal,normal,normal,0.0,1000.0,1000.0,0,10,10
2026-08-24T08:03:50.705Z,0.7826346950488823,0.9844675671599992,0.8330929130766616,0.7826346950488823,0.05045821802777928,0.008330929130766615,0.007826346950488823,0.0005045821802777926,normal,normal,normal,normal,0.0,1000.0,1000.0,0,10,10
2026-08-24T08:03:55.705Z,0.7979074119281911,0.9844675671599992,0.8445474507361432,0.7979074119281911,0.04664003880795209,0.008445474507361432,0.007979074119281912,0.0004664003880795204,normal,normal,normal,normal,0.0,1000.0,1000.0,0,10,10
2026-08-24T08:04:00.710Z,0.9312397407553686,0.98493437075673,0.9446633982557089,0.9312397407553686,0.013423657500340247,0.009446633982557089,0.009312397407553685,0.00013423657500340365,normal,normal,normal,normal,0.0,1000.0,1000.0,0,10,10
2026-08-24T08:04:05.714Z,1.2804035027343152,0.98493437075673,1.206536219739919,1.2804035027343152,-0.07386728299439627,0.01206536219739919,0.012804035027343152,-0.0007386728299439618,normal,normal,normal,normal,0.0,1000.0,1000.0,0,10,10
2026-08-24T08:04:10.710Z,1.3020509376654419,0.9835980774619049,1.2224377226145577,1.3020509376654419,-0.07961321505088415,0.012224377226145578,0.013020509376654419,-0.0007961321505088412,normal,normal,normal,normal,0.0,1000.0,1000.0,0,10,10
2026-08-24T08:04:15.711Z,1.3011390243252736,0.9839373881546323,1.2218386152826133,1.3011390243252736,-0.07930040904266034,0.012218386152826133,0.013011390243252737,-0.0007930040904266036,normal,normal,normal,normal,0.0,1000.0,1000.0,0,10,10
2026-08-24T08:04:20.713Z,1.255731844467904,0.9839373881546323,1.187783230389586,1.255731844467904,-0.06794861407831787,0.01187783230389586,0.01255731844467904,-0.0006794861407831802,normal,normal,normal,normal,0.0,1000.0,1000.0,0,10,10
2026-08-24T08:04:25.719Z,1.0521912949776024,0.9839373881546323,1.03512781827186,1.0521912949776024,-0.017063476705742486,0.0103512781827186,0.010521912949776025,-0.00017063476705742563,normal,normal,normal,normal,0.0,1000.0,1000.0,0,10,10
2026-08-24T08:04:30.716Z,1.0848436770672147,0.9839373881546323,1.059617104839069,1.0848436770672147,-0.025226572228145727,0.01059617104839069,0.010848436770672147,-0.00025226572228145665,normal,normal,normal,normal,0.0,1000.0,1000.0,0,10,10
2026-08-24T08:04:35.717Z,1.0833725507160157,0.9847016938181034,1.0587048364915377,1.0833725507160157,-0.024667714224478,0.010587048364915377,0.010833725507160157,-0.00024667714224477916,normal,normal,normal,normal,0.0,1000.0,1000.0,0,10,10
2026-08-24T08:04:40.723Z,1.0759222906621895,0.9847016938181034,1.053117141451168,1.0759222906621895,-0.022805149211021503,0.01053117141451168,0.010759222906621894,-0.00022805149211021364,normal,normal,normal,normal,0.0,1000.0,1000.0,0,10,10
2026-08-24T08:04:45.722Z,1.0758302862246383,0.9847016938181034,1.0530481381230046,1.0758302862246383,-0.022782148101633704,0.010530481381230045,0.010758302862246383,-0.00022782148101633745,normal,normal,normal,normal,0.0,1000.0,1000.0,0,10,10
2026-08-24T08:04:50.727Z,1.1032412271287104,0.983363901175963,1.0732718956405236,1.1032412271287104,-0.029969331488186812,0.010732718956405237,0.011032412271287104,-0.0002996933148818673,normal,normal,normal,normal,0.0,1000.0,1000.0,0,10,10
2026-08-24T08:04:55.727Z,1.086659175947343,0.9861940621483597,1.0615428974975971,1.086659175947343,-0.025116278449745844,0.010615428974975971,0.01086659175947343,-0.00025116278449745927,normal,normal,normal,normal,0.0,1000.0,1000.0,0,10,10
2026-08-24T08:05:00.728Z,0.9751517383111616,0.9861940621483597,0.9779123192704611,0.9751517383111615,0.002760580959299541,0.009779123192704612,0.009751517383111615,2.76058095929968e-05,normal,normal,normal,normal,0.0,1000.0,1000.0,0,10,10
2026-08-24T08:05:05.727Z,0.8878368457145689,0.9861940621483597,0.9124261498230166,0.887836845714569,0.02458930410844762,0.009124261498230165,0.00887836845714569,0.00024589304108447486,normal,normal,normal,normal,0.0,1000.0,1000.0,0,10,10
2026-08-24T08:05:10.730Z,0.9088843723762395,0.9861940621483597,0.9282117948192695,0.9088843723762395,0.019327422443029985,0.009282117948192696,0.009088843723762395,0.00019327422443030096,normal,normal,normal,normal,0.0,1000.0,1000.0,0,10,10
2026-08-24T08:05:15.731Z,0.9083075005834624,0.9867919625844448,0.927928616083708,0.9083075005834624,0.01962111550024559,0.00927928616083708,0.009083075005834624,0.00019621115500245527,normal,normal,normal,normal,0.0,1000.0,1000.0,0,10,10
2026-08-24T08:05:20.731Z,0.9269398795382914,0.9867919625844448,0.9419029002998297,0.9269398795382914,0.014963020761538326,0.009419029002998297,0.009269398795382914,0.00014963020761538277,normal,normal,normal,normal,0.0,1000.0,1000.0,0,10,10
2026-08-24T08:05:25.733Z,0.9268053179864517,0.9867919625844448,0.94180197913595,0.9268053179864517,0.01499666114949827,0.0094180197913595,0.009268053179864517,0.00014996661149498276,normal,normal,normal,normal,0.0,1000.0,1000.0,0,10,10
2026-08-24T08:05:30.734Z,0.8833466470972863,0.9905161960852243,0.9101390343442708,0.8833466470972863,0.026792387246984517,0.009101390343442707,0.008833466470972863,0.0002679238724698444,long_bias,long_bias,normal,normal,0.0,1000.0,1000.0,0,10,10
2026-08-24T08:05:35.735Z,1.0059139616675215,0.9905161960852243,1.0020645202719471,1.0059139616675215,-0.0038494413955743045,0.010020645202719471,0.010059139616675214,-3.8494413955742976e-05,long_bias,long_bias,normal,normal,0.0,1000.0,1000.0,0,10,10
2026-08-24T08:05:40.736Z,1.0135100431731932,0.9905161960852243,1.0077615814012009,1.0135100431731932,-0.005748461771992286,0.010077615814012009,0.010135100431731933,-5.748461771992383e-05,normal,normal,normal,normal,0.0,1000.0,1000.0,0,10,10
2026-08-24T08:05:45.736Z,1.0197907218757876,0.9905161960852243,1.0124720904281468,1.0197907218757876,-0.007318631447640778,0.010124720904281468,0.010197907218757876,-7.318631447640785e-05,normal,normal,normal,normal,0.0,1000.0,1000.0,0,10,10
2026-08-24T08:05:50.737Z,0.9647596792179395,0.9905161960852243,0.9711988084347607,0.9647596792179395,0.0064391292168212155,0.009711988084347607,0.009647596792179395,6.439129216821195e-05,normal,normal,normal,normal,0.0,1000.0,1000.0,0,10,10
2026-08-24T08:05:55.739Z,0.9667820386733413,0.991546731402809,0.9729732118557083,0.9667820386733413,0.006191173182366949,0.009729732118557082,0.009667820386733413,6.191173182366894e-05,normal,normal,normal,normal,0.0,1000.0,1000.0,0,10,10
2026-08-24T08:06:00.765Z,0.9670745155927183,0.991546731402809,0.973192569545241,0.9670745155927184,0.0061180539525226285,0.00973192569545241,0.009670745155927184,6.11805395252258e-05,normal,normal,normal,normal,0.0,1000.0,1000.0,0,10,10
2026-08-24T08:06:05.743Z,0.48593025506944765,0.991546731402809,0.612334374152788,0.4859302550694477,0.12640411908334032,0.0075,0.0075,0.0,normal,normal,normal,normal,0.0,1000.0,1000.0,0,10,10
2026-08-24T08:06:10.746Z,0.6685331492057598,0.9890866134905496,0.7486715152769572,0.6685331492057598,0.0801383660711974,0.0075,0.0075,0.0,normal,normal,normal,normal,0.0,1000.0,1000.0,0,10,10
2026-08-24T08:06:15.748Z,0.6685331492057598,0.986712043700685,0.7480778728294911,0.6685331492057598,0.07954472362373133,0.0075,0.0075,0.0,normal,normal,normal,normal,0.0,1000.0,1000.0,0,10,10
2026-08-24T08:06:20.750Z,0.6965615449516147,0.986712043700685,0.7690991696388824,0.6965615449516148,0.07253762468726754,0.007690991696388824,0.0075,0.00019099169638882394,normal,normal,normal,normal,0.0,1000.0,1000.0,0,10,10
2026-08-24T08:06:25.750Z,0.6980639317354534,0.986712043700685,0.7702259597267613,0.6980639317354534,0.07216202799130789,0.007702259597267613,0.0075,0.0002022595972676136,normal,normal,normal,normal,0.0,1000.0,1000.0,0,10,10
2026-08-24T08:06:30.754Z,0.7848018143416835,0.9859099973987687,0.8350788601059548,0.7848018143416834,0.05027704576427139,0.008350788601059547,0.007848018143416834,0.0005027704576427133,normal,normal,normal,normal,0.0,1000.0,1000.0,0,10,10
2026-08-24T08:06:35.756Z,0.6807242006246471,0.9853429023655168,0.7568788760598645,0.6807242006246471,0.07615467543521737,0.007568788760598645,0.0075,6.878876059864501e-05,long_bias,long_bias,normal,normal,0.0,1000.0,1000.0,0,10,10
2026-08-24T08:06:40.758Z,0.6815654108532397,0.9853429023655168,0.757509783731309,0.6815654108532397,0.07594437287806921,0.00757509783731309,0.0075,7.509783731309005e-05,normal,normal,normal,normal,0.0,1000.0,1000.0,0,10,10
2026-08-24T08:06:45.763Z,0.6948850148816602,0.9853429023655168,0.7674994867526244,0.6948850148816602,0.07261447187096415,0.007674994867526244,0.0075,0.00017499486752624391,long_bias,long_bias,normal,normal,0.0,1000.0,1000.0,0,10,10
2026-08-24T08:06:50.762Z,0.7835567007806489,0.9853429023655168,0.8340032511768658,0.7835567007806489,0.05044655039621693,0.008340032511768658,0.00783556700780649,0.000504465503962168,long_bias,long_bias,normal,normal,0.0,1000.0,1000.0,0,10,10
2026-08-24T08:06:55.763Z,0.8045415916456369,0.9856634711317399,0.8498220615171627,0.8045415916456369,0.045280469871525786,0.008498220615171626,0.00804541591645637,0.0004528046987152569,normal,normal,normal,normal,0.0,1000.0,1000.0,0,10,10
2026-08-24T08:07:00.799Z,0.8132210508935341,0.9856634711317399,0.8563316559530856,0.8132210508935341,0.04311060505955144,0.008563316559530855,0.008132210508935341,0.00043110605059551443,normal,normal,normal,normal,0.0,1000.0,1000.0,0,10,10
2026-08-24T08:07:05.767Z,0.8653652186885642,0.9856634711317399,0.8954397817993581,0.8653652186885642,0.030074563110793928,0.00895439781799358,0.008653652186885642,0.0003007456311079383,normal,normal,normal,normal,0.0,1000.0,1000.0,0,10,10
2026-08-24T08:07:10.769Z,0.6237248746786549,0.9878323862404026,0.7147517525690918,0.6237248746786549,0.09102687789043695,0.0075,0.0075,0.0,normal,normal,normal,normal,0.0,1000.0,1000.0,0,10,10
2026-08-24T08:07:15.768Z,0.6237696320103209,0.9900013013490652,0.715327549345007,0.6237696320103209,0.0915579173346861,0.0075,0.0075,0.0,normal,normal,normal,normal,0.0,1000.0,1000.0,0,10,10
2026-08-24T08:07:20.770Z,0.900045255671655,0.9900013013490652,0.9225342670910076,0.900045255671655,0.022489011419352556,0.009225342670910077,0.00900045255671655,0.00022489011419352632,normal,normal,normal,normal,0.0,1000.0,1000.0,0,10,10
2026-08-24T08:07:25.770Z,0.9855308754784835,0.9900013013490652,0.986648481946129,0.9855308754784836,0.00111760646764536,0.00986648481946129,0.009855308754784835,1.1176064676455058e-05,normal,normal,normal,normal,0.0,1000.0,1000.0,0,10,10
2026-08-24T08:07:30.771Z,1.0124291663488676,0.9900013013490652,1.006822200098917,1.0124291663488676,-0.005606966249950496,0.01006822200098917,0.010124291663488676,-5.606966249950551e-05,normal,normal,normal,normal,0.0,1000.0,1000.0,0,10,10
2026-08-24T08:07:35.773Z,0.993849913266891,0.9908179213336807,0.9930919152835884,0.993849913266891,-0.0007579979833025607,0.009930919152835884,0.00993849913266891,-7.579979833026093e-06,normal,normal,normal,normal,0.0,1000.0,1000.0,0,10,10
2026-08-24T08:07:40.774Z,1.1605879365123948,0.9908179213336807,1.1181454327177163,1.1605879365123948,-0.04244250379467851,0.011181454327177162,0.011605879365123948,-0.00042442503794678545,normal,normal,normal,normal,0.0,1000.0,1000.0,0,10,10
2026-08-24T08:07:45.775Z,1.1451012606110507,0.9908179213336807,1.1065304257917083,1.1451012606110507,-0.038570834819342315,0.011065304257917083,0.011451012606110507,-0.000385708348193424,normal,normal,normal,normal,0.0,1000.0,1000.0,0,10,10
2026-08-24T08:07:50.778Z,1.0630316777611417,0.9908179213336807,1.0449782386542763,1.0630316777611417,-0.01805343910686541,0.010449782386542763,0.010630316777611417,-0.00018053439106865445,normal,normal,normal,normal,0.0,1000.0,1000.0,0,10,10
2026-08-24T08:07:55.779Z,1.1129548495063402,0.9879742988625511,1.0817097118453929,1.1129548495063402,-0.031245137660947275,0.010817097118453928,0.011129548495063401,-0.0003124513766094728,normal,normal,normal,normal,0.0,1000.0,1000.0,0,10,10
2026-08-24T08:08:00.780Z,1.0816522512340636,0.9879742988625511,1.0582327631411854,1.0816522512340636,-0.023419488092878193,0.010582327631411854,0.010816522512340635,-0.00023419488092878138,normal,normal,normal,normal,0.0,1000.0,1000.0,0,10,10
2026-08-24T08:08:05.781Z,1.1311799851133835,0.9879742988625511,1.0953785635506754,1.1311799851133835,-0.03580142156270805,0.010953785635506754,0.011311799851133834,-0.0003580142156270807,normal,normal,normal,normal,0.0,1000.0,1000.0,0,10,10
2026-08-24T08:08:10.783Z,1.1324658464422754,0.9879742988625511,1.0963429595473444,1.1324658464422754,-0.03612288689493104,0.010963429595473443,0.011324658464422753,-0.00036122886894930997,normal,normal,normal,normal,0.0,1000.0,1000.0,0,10,10
2026-08-24T08:08:15.784Z,1.1328787502238071,0.9883819409759169,1.0967545479118346,1.1328787502238071,-0.03612420231197255,0.010967545479118346,0.01132878750223807,-0.00036124202311972435,normal,normal,normal,normal,0.0,1000.0,1000.0,0,10,10
2026-08-24T08:08:20.786Z,0.784374565669465,0.9883819409759169,0.835376409496078,0.7843745656694651,0.05100184382661299,0.00835376409496078,0.007843745656694651,0.0005100184382661292,normal,normal,normal,normal,0.0,1000.0,1000.0,0,10,10
2026-08-24T08:08:25.788Z,0.7124157340484233,0.9883819409759169,0.7814072857802967,0.7124157340484233,0.06899155173187344,0.007814072857802968,0.0075,0.00031407285780296786,normal,normal,normal,normal,0.0,1000.0,1000.0,0,10,10
2026-08-24T08:08:30.792Z,0.7141782360386701,0.9883926729426582,0.7827318452646672,0.7141782360386703,0.06855360922599696,0.007827318452646672,0.0075,0.00032731845264667193,normal,normal,normal,normal,0.0,1000.0,1000.0,0,10,10
2026-08-24T08:08:35.793Z,0.9602308892896114,0.9846785760855392,0.9663428109885934,0.9602308892896114,0.0061119216989820035,0.009663428109885934,0.009602308892896113,6.111921698982031e-05,normal,normal,normal,normal,0.0,1000.0,1000.0,0,10,10
2026-08-24T08:08:40.794Z,0.7698897971537101,0.9847106764466177,0.8235950169769369,0.7698897971537101,0.053705219823226846,0.00823595016976937,0.007698897971537101,0.0005370521982322679,normal,normal,normal,normal,0.0,1000.0,1000.0,0,10,10
2026-08-24T08:08:45.795Z,0.7782151013710454,0.9852138554871817,0.8299647899000795,0.7782151013710455,0.051749688529033944,0.008299647899000794,0.007782151013710455,0.0005174968852903394,normal,normal,normal,normal,0.0,1000.0,1000.0,0,10,10
2026-08-24T08:08:50.796Z,0.7813718189279886,0.9852138554871817,0.8323323280677868,0.7813718189279886,0.050960509139798216,0.008323323280677869,0.007813718189279886,0.0005096050913979827,normal,normal,normal,normal,0.0,1000.0,1000.0,0,10,10
2026-08-24T08:08:55.800Z,0.6813556875838356,0.9852138554871817,0.7573202295596722,0.6813556875838356,0.07596454197583657,0.007573202295596722,0.0075,7.320229559672209e-05,normal,normal,normal,normal,0.0,1000.0,1000.0,0,10,10
2026-08-24T08:09:00.802Z,0.6846719477786954,0.9852138554871817,0.7598074247058171,0.6846719477786954,0.07513547692712164,0.007598074247058171,0.0075,9.807424705817087e-05,normal,normal,normal,normal,0.0,1000.0,1000.0,0,10,10
2026-08-24T08:09:05.804Z,0.8278650159013942,0.9854281302333674,0.8672557944843875,0.8278650159013942,0.039390778582993335,0.008672557944843874,0.008278650159013941,0.000393907785829933,normal,normal,normal,normal,0.0,1000.0,1000.0,0,10,10
2026-08-24T08:09:10.804Z,0.8324959712695121,0.9854281302333674,0.870729011010476,0.8324959712695121,0.038233039740963815,0.00870729011010476,0.008324959712695121,0.00038233039740963835,normal,normal,normal,normal,0.0,1000.0,1000.0,0,10,10
2026-08-24T08:09:15.808Z,0.8326916804317688,0.9855586245894865,0.8709084164711982,0.8326916804317688,0.03821673603942943,0.008709084164711983,0.008326916804317687,0.00038216736039429523,normal,normal,normal,normal,0.0,1000.0,1000.0,0,10,10
2026-08-24T08:09:20.807Z,0.8332141627480252,0.9855586245894865,0.8713002782083905,0.8332141627480252,0.03808611546036533,0.008713002782083906,0.008332141627480251,0.00038086115460365423,normal,normal,normal,normal,0.0,1000.0,1000.0,0,10,10
2026-08-24T08:09:25.810Z,0.8339988794830321,0.9855586245894865,0.8718888157596457,0.8339988794830321,0.037889936276613634,0.008718888157596458,0.008339988794830321,0.0003788993627661368,normal,normal,normal,normal,0.0,1000.0,1000.0,0,10,10
2026-08-24T08:09:30.810Z,0.8423734020141831,0.9855586245894865,0.878169707658009,0.8423734020141831,0.035796305643825854,0.00878169707658009,0.008423734020141831,0.0003579630564382579,normal,normal,normal,normal,0.0,1000.0,1000.0,0,10,10
2026-08-24T08:09:35.813Z,0.7580982339508914,0.9855586245894865,0.8149633316105401,0.7580982339508914,0.056865097659648756,0.0081496333161054,0.007580982339508914,0.0005686509765964864,normal,normal,normal,normal,0.0,1000.0,1000.0,0,10,10
2026-08-24T08:09:40.815Z,0.7347170488579121,0.9856229337045415,0.7974435200695694,0.7347170488579121,0.06272647121165731,0.007974435200695695,0.0075,0.0004744352006956949,normal,normal,normal,normal,0.0,1000.0,1000.0,0,10,10
2026-08-24T08:09:45.817Z,0.7444319736330429,0.9856229337045415,0.8047297136509175,0.7444319736330428,0.06029774001787469,0.008047297136509176,0.0075,0.0005472971365091759,normal,normal,normal,normal,0.0,1000.0,1000.0,0,10,10
2026-08-24T08:09:50.817Z,0.7892392109495472,0.9856229337045415,0.8383351416382958,0.7892392109495473,0.04909593068874851,0.008383351416382958,0.007892392109495473,0.0004909593068874851,normal,normal,normal,normal,0.0,1000.0,1000.0,0,10,10
2026-08-24T08:09:55.818Z,0.7895424504394374,0.9879046293073444,0.8391329951564142,0.7895424504394374,0.04959054471697677,0.008391329951564141,0.007895424504394373,0.0004959054471697678,normal,normal,normal,normal,0.0,1000.0,1000.0,0,10,10
2026-08-24T08:10:00.820Z,0.7894021401487036,0.9879046293073444,0.8390277624383637,0.7894021401487036,0.049625622289660165,0.008390277624383637,0.007894021401487036,0.000496256222896601,normal,normal,normal,normal,0.0,1000.0,1000.0,0,10,10
2026-08-24T08:10:05.821Z,0.7995183141117935,0.9879046293073444,0.8466148929106813,0.7995183141117935,0.047096578798887734,0.008466148929106814,0.007995183141117935,0.0004709657879888793,normal,normal,normal,normal,0.0,1000.0,1000.0,0,10,10
2026-08-24T08:10:10.821Z,0.8111452468016255,0.9879046293073444,0.8553350924280552,0.8111452468016255,0.04418984562642969,0.008553350924280553,0.008111452468016256,0.0004418984562642968,normal,normal,normal,normal,0.0,1000.0,1000.0,0,10,10
2026-08-24T08:10:15.826Z,0.8135263681569491,0.9884959893775647,0.8572687734621031,0.8135263681569492,0.04374240530515383,0.008572687734621031,0.008135263681569492,0.00043742405305153935,normal,normal,normal,normal,0.0,1000.0,1000.0,0,10,10
2026-08-24T08:10:20.827Z,0.8128334736851965,0.9891742359885862,0.856918664261044,0.8128334736851967,0.044085190575847366,0.00856918664261044,0.008128334736851968,0.0004408519057584725,normal,normal,normal,normal,0.0,1000.0,1000.0,0,10,10
2026-08-24T08:10:25.829Z,0.8128334736851965,0.9891742359885862,0.856918664261044,0.8128334736851967,0.044085190575847366,0.00856918664261044,0.008128334736851968,0.0004408519057584725,normal,normal,normal,normal,0.0,1000.0,1000.0,0,10,10
2026-08-24T08:10:30.831Z,0.8137204094971854,0.9891742359885862,0.8575838661200356,0.8137204094971854,0.04386345662285018,0.008575838661200355,0.008137204094971854,0.00043863456622850183,normal,normal,normal,normal,0.0,1000.0,1000.0,0,10,10
2026-08-24T08:10:35.836Z,0.37763564397420335,0.9906118625977478,0.5308796986300894,0.3776356439742033,0.15324405465588614,0.0075,0.0075,0.0,normal,normal,normal,normal,0.0,1000.0,1000.0,0,10,10
2026-08-24T08:10:40.836Z,0.3293719158059274,0.990762929719838,0.49471966928440503,0.3293719158059274,0.16534775347847763,0.0075,0.0075,0.0,normal,normal,normal,normal,0.0,1000.0,1000.0,0,10,10
2026-08-24T08:10:45.836Z,0.2629501574527547,0.990762929719838,0.44490335051952556,0.2629501574527547,0.18195319306677088,0.0075,0.0075,0.0,normal,normal,normal,normal,0.0,1000.0,1000.0,0,10,10
2026-08-24T08:10:50.837Z,0.059742531904193874,0.990762929719838,0.2924976313581049,0.059742531904193874,0.23275509945391104,0.0075,0.0075,0.0,normal,normal,normal,normal,0.0,1000.0,1000.0,0,10,10
2026-08-24T08:10:55.838Z,0.2754181166866282,0.990762929719838,0.45425431994493065,0.2754181166866282,0.17883620325830246,0.0075,0.0075,0.0,normal,normal,normal,normal,0.0,1000.0,1000.0,0,10,10
2026-08-24T08:11:00.839Z,0.4761479785435761,0.9941415642897741,0.6056463749801256,0.4761479785435761,0.12949839643654953,0.0075,0.0075,0.0,normal,normal,normal,normal,0.0,1000.0,1000.0,0,10,10
2026-08-24T08:11:05.840Z,0.48451276261708615,0.9941415642897741,0.6119199630352581,0.48451276261708615,0.12740720041817194,0.0075,0.0075,0.0,normal,normal,normal,normal,0.0,1000.0,1000.0,0,10,10
2026-08-24T08:11:10.840Z,0.5159317283836145,0.9941415642897741,0.6354841873601543,0.5159317283836145,0.11955245897653988,0.0075,0.0075,0.0,normal,normal,normal,normal,0.0,1000.0,1000.0,0,10,10
2026-08-24T08:11:15.842Z,0.5117357889107577,0.9907532899051285,0.6314901641593503,0.5117357889107577,0.11975437524859267,0.0075,0.0075,0.0,normal,normal,normal,normal,0.0,1000.0,1000.0,0,10,10
2026-08-24T08:11:20.842Z,0.5159266258529939,0.9907532899051285,0.6346332918660276,0.5159266258529939,0.1187066660130337,0.0075,0.0075,0.0,normal,normal,normal,normal,0.0,1000.0,1000.0,0,10,10
2026-08-24T08:11:25.842Z,0.5161920046855408,0.9907532899051285,0.6348323259904377,0.5161920046855408,0.11864032130489688,0.0075,0.0075,0.0,normal,normal,normal,normal,0.0,1000.0,1000.0,0,10,10
2026-08-24T08:11:30.844Z,0.5340734169414788,0.9907532899051285,0.6482433851823912,0.5340734169414788,0.11416996824091241,0.0075,0.0075,0.0,normal,normal,normal,normal,0.0,1000.0,1000.0,0,10,10
2026-08-24T08:11:35.844Z,0.5382563310837742,0.993704367594981,0.652118340211576,0.5382563310837742,0.11386200912780176,0.0075,0.0075,0.0,normal,normal,normal,normal,0.0,1000.0,1000.0,0,10,10
2026-08-24T08:11:40.846Z,0.5384256786422356,0.9947481290209637,0.6525062912369176,0.5384256786422356,0.11408061259468205,0.0075,0.0075,0.0,normal,normal,normal,normal,0.0,1000.0,1000.0,0,10,10
2026-08-24T08:11:45.847Z,0.5411568976839393,0.9947481290209637,0.6545547055181954,0.5411568976839393,0.11339780783425613,0.0075,0.0075,0.0,normal,normal,normal,normal,0.0,1000.0,1000.0,0,10,10
2026-08-24T08:11:50.848Z,0.7852385373002436,0.9947481290209637,0.8376159352304237,0.7852385373002436,0.052377397930180036,0.008376159352304237,0.007852385373002436,0.0005237739793018011,normal,normal,normal,normal,0.0,1000.0,1000.0,0,10,10
2026-08-24T08:11:55.849Z,0.7207474566929544,0.9947481290209637,0.7892476247749567,0.7207474566929544,0.06850016808200232,0.007892476247749566,0.0075,0.00039247624774956663,normal,normal,normal,normal,0.0,1000.0,1000.0,0,10,10
2026-08-24T08:12:00.849Z,0.5512457922259545,0.9947481290209637,0.6621213764247068,0.5512457922259545,0.11087558419875232,0.0075,0.0075,0.0,normal,normal,normal,normal,0.0,1000.0,1000.0,0,10,10
2026-08-24T08:12:05.862Z,0.5424826651496,0.9947481290209637,0.6555490311174409,0.5424826651496,0.11306636596784092,0.0075,0.0075,0.0,normal,normal,normal,normal,0.0,1000.0,1000.0,0,10,10
2026-08-24T08:12:10.851Z,0.5424826651496,0.9947481290209637,0.6555490311174409,0.5424826651496,0.11306636596784092,0.0075,0.0075,0.0,normal,normal,normal,normal,0.0,1000.0,1000.0,0,10,10
2026-08-24T08:12:15.852Z,0.5424826651496,0.9920127795527157,0.6548651937503789,0.5424826651496,0.11238252860077891,0.0075,0.0075,0.0,normal,normal,normal,normal,0.0,1000.0,1000.0,0,10,10
2026-08-24T08:12:20.853Z,1.9413904492963567,0.9931646401577391,1.7043339970117024,1.9413904492963567,-0.23705645228465433,0.025565009955175536,0.02912085673944535,-0.0035558467842698137,defensive,defensive,high,high,0.0,500.0,500.0,0,6,6
2026-08-24T08:12:25.853Z,2.05248891409136,0.9931646401577391,1.7876578456079548,2.05248891409136,-0.264831068483405,0.026814867684119323,0.03,-0.003185132315880676,defensive,defensive,high,high,0.0,500.0,500.0,0,6,6
2026-08-24T08:12:30.853Z,2.0576490504544322,0.9931646401577391,1.791527947880259,2.0576490504544322,-0.2661211025741732,0.026872919218203884,0.03,-0.003127080781796115,defensive,defensive,high,high,0.0,500.0,500.0,0,6,6
2026-08-24T08:12:35.854Z,2.0654804644561193,0.9931646401577391,1.7974015083815245,2.0654804644561193,-0.26807895607459487,0.026961022625722867,0.03,-0.003038977374277132,defensive,defensive,high,high,0.0,500.0,500.0,0,6,6
2026-08-24T08:12:40.856Z,2.2982628991863776,0.9931646401577391,1.971988334429218,2.2982628991863776,-0.32627456475715966,0.02957982501643827,0.03,-0.00042017498356172744,defensive,defensive,high,high,0.0,500.0,500.0,0,6,6
2026-08-24T08:12:45.857Z,2.2982628991863776,0.9931865483623615,1.9719938114803734,2.2982628991863776,-0.32626908770600416,0.0295799071722056,0.03,-0.0004200928277943994,defensive,defensive,high,high,0.0,500.0,500.0,0,6,6
2026-08-24T08:12:50.858Z,2.0596707354934103,0.9931865483623615,1.793049688710648,2.0596707354934103,-0.2666210467827623,0.02689574533065972,0.03,-0.0031042546693402784,defensive,defensive,high,high,0.0,500.0,500.0,0,6,6
2026-08-24T08:12:55.858Z,2.1575033211688983,0.9932084565669842,1.86642960501842,2.1575033211688983,-0.2910737161504784,0.0279964440752763,0.03,-0.0020035559247236975,defensive,defensive,high,high,0.0,500.0,500.0,0,6,6
2026-08-24T08:13:00.860Z,2.183797281803256,0.9934043299149794,1.8861990438311869,2.183797281803256,-0.2975982379720692,0.028292985657467802,0.03,-0.0017070143425321968,defensive,defensive,high,high,0.0,500.0,500.0,0,6,6
2026-08-24T08:13:05.861Z,2.076154065984148,0.9934043299149794,1.805466631966856,2.076154065984148,-0.2706874340172922,0.02708199947950284,0.03,-0.0029180005204971597,defensive,defensive,high,high,0.0,500.0,500.0,0,6,6
2026-08-24T08:13:10.861Z,2.5594746717557815,0.9934043299149794,2.167957086295581,2.5594746717557815,-0.39151758546020066,0.03,0.03,0.0,defensive,defensive,high,high,0.0,500.0,500.0,0,6,6
2026-08-24T08:13:15.863Z,3.140404508474938,0.9934043299149794,2.6036544638349484,3.1404045084749383,-0.53675004463999,0.03,0.0,0.03,defensive,pause,high,high,500.0,500.0,0.0,6,6,0
2026-08-24T08:13:20.863Z,1.5938546283634905,0.9934043299149794,1.4437420537513628,1.5938546283634905,-0.15011257461212768,0.021656130806270442,0.023907819425452358,-0.0022516886191819158,defensive,defensive,high,high,0.0,500.0,500.0,0,6,6
2026-08-24T08:13:25.864Z,1.5560317308927905,0.9897558944692787,1.4144627717869125,1.5560317308927905,-0.14156895910587797,0.021216941576803688,0.02334047596339186,-0.002123534386588171,defensive,defensive,high,high,0.0,500.0,500.0,0,6,6
2026-08-24T08:13:30.866Z,1.5556680093118043,0.9897558944692787,1.4141899806011728,1.5556680093118043,-0.14147802871063142,0.021212849709017594,0.023335020139677063,-0.0021221704306594695,defensive,defensive,high,high,0.0,500.0,500.0,0,6,6
2026-08-24T08:13:35.867Z,1.6735264266582348,0.9861074590235779,1.5016716847495706,1.6735264266582348,-0.17185474190866423,0.022525075271243557,0.025102896399873523,-0.0025778211286299653,defensive,defensive,high,high,0.0,500.0,500.0,0,6,6
2026-08-24T08:13:40.867Z,1.8614293728512394,0.9861830931901605,1.6426178029359697,1.8614293728512397,-0.21881156991526995,0.024639267044039546,0.027921440592768597,-0.003282173548729051,defensive,defensive,high,high,0.0,500.0,500.0,0,6,6
2026-08-24T08:13:45.869Z,1.873557175748336,0.9874489840698644,1.6520301278287182,1.873557175748336,-0.22152704791961786,0.024780451917430772,0.02810335763622504,-0.003322905718794268,defensive,defensive,high,high,0.0,500.0,500.0,0,6,6
2026-08-24T08:13:50.871Z,1.8741178065944162,0.9874489840698644,1.6524506009632782,1.8741178065944162,-0.22166720563113795,0.024786759014449173,0.028111767098916243,-0.0033250080844670696,defensive,defensive,high,high,0.0,500.0,500.0,0,6,6
2026-08-24T08:13:55.873Z,1.8741178065944162,0.9874489840698644,1.6524506009632782,1.8741178065944162,-0.22166720563113795,0.024786759014449173,0.028111767098916243,-0.0033250080844670696,defensive,defensive,high,high,0.0,500.0,500.0,0,6,6
2026-08-24T08:14:00.874Z,1.871933390193889,0.9874489840698644,1.6508122886628829,1.871933390193889,-0.22112110153100617,0.024762184329943242,0.028079000852908334,-0.0033168165229650916,defensive,defensive,high,high,0.0,500.0,500.0,0,6,6
2026-08-24T08:14:05.875Z,1.906838528489129,0.989884583315048,1.6776000421956088,1.9068385284891292,-0.2292384862935204,0.02516400063293413,0.028602577927336937,-0.003438577294402806,defensive,defensive,high,high,0.0,500.0,500.0,0,6,6
2026-08-24T08:14:10.875Z,1.4662521079226785,0.9923201825602317,1.3477691265820666,1.4662521079226785,-0.11848298134061186,0.020216536898731,0.014662521079226784,0.005554015819504215,defensive,normal,high,normal,-500.0,500.0,1000.0,-4,6,10
2026-08-24T08:14:15.877Z,0.6961159161805717,0.9923201825602317,0.7701669827754867,0.6961159161805717,0.074051066594915,0.007701669827754867,0.0075,0.00020166982775486706,normal,normal,normal,normal,0.0,1000.0,1000.0,0,10,10
2026-08-24T08:14:20.880Z,0.6704572371667766,0.9923201825602317,0.7509229735151404,0.6704572371667766,0.08046573634836374,0.007509229735151404,0.0075,9.229735151404517e-06,normal,normal,normal,normal,0.0,1000.0,1000.0,0,10,10
2026-08-24T08:14:25.878Z,0.6699264919351131,0.9929520254693159,0.7506828753186637,0.669926491935113,0.08075638338355073,0.007506828753186637,0.0075,6.82875318663758e-06,normal,normal,normal,normal,0.0,1000.0,1000.0,0,10,10
2026-08-24T08:14:30.883Z,0.6618813192277142,0.9935191897888793,0.7447907868680055,0.6618813192277142,0.08290946764029128,0.0075,0.0075,0.0,normal,normal,normal,normal,0.0,1000.0,1000.0,0,10,10
2026-08-24T08:14:35.881Z,0.6716575750963619,0.9935191897888793,0.7521229787694913,0.6716575750963619,0.08046540367312938,0.007521229787694913,0.0075,2.122978769491298e-05,normal,normal,normal,normal,0.0,1000.0,1000.0,0,10,10
2026-08-24T08:14:40.882Z,0.219285213271279,0.9935191897888793,0.4128437074006791,0.219285213271279,0.1935584941294001,0.0075,0.0075,0.0,normal,normal,normal,normal,0.0,1000.0,1000.0,0,10,10
2026-08-24T08:14:45.890Z,0.18163765708329957,0.9928813112448917,0.3844485706236976,0.18163765708329957,0.202810913540398,0.0075,0.0075,0.0,normal,normal,normal,normal,0.0,1000.0,1000.0,0,10,10
2026-08-24T08:14:50.887Z,0.23766215213569256,0.9921342883508372,0.4262801861894787,0.23766215213569256,0.18861803405378616,0.0075,0.0075,0.0,normal,normal,normal,normal,0.0,1000.0,1000.0,0,10,10
2026-08-24T08:14:55.888Z,0.23900892912037963,0.9921342883508372,0.42729026892799404,0.23900892912037963,0.1882813398076144,0.0075,0.0075,0.0,normal,normal,normal,normal,0.0,1000.0,1000.0,0,10,10
2026-08-24T08:15:00.889Z,0.22644048683948645,0.9921342883508372,0.4178639372173241,0.22644048683948645,0.19142345037783767,0.0075,0.0075,0.0,normal,normal,normal,normal,0.0,1000.0,1000.0,0,10,10
2026-08-24T08:15:05.892Z,0.4391461201133091,0.9921013314584524,0.5773849229495949,0.4391461201133091,0.13823880283628576,0.0075,0.0075,0.0,normal,normal,normal,normal,0.0,1000.0,1000.0,0,10,10
2026-08-24T08:15:10.892Z,0.5104803851005335,0.9920683745660676,0.630877382466917,0.5104803851005335,0.12039699736638354,0.0075,0.0075,0.0,normal,normal,normal,normal,0.0,1000.0,1000.0,0,10,10
2026-08-24T08:15:15.895Z,0.5106426732971359,0.9920683745660676,0.6309990986143688,0.5106426732971359,0.1203564253172329,0.0075,0.0075,0.0,normal,normal,normal,normal,0.0,1000.0,1000.0,0,10,10
2026-08-24T08:15:20.893Z,0.5106426732971359,0.9920683745660676,0.6309990986143688,0.5106426732971359,0.1203564253172329,0.0075,0.0075,0.0,normal,normal,normal,normal,0.0,1000.0,1000.0,0,10,10
2026-08-24T08:15:25.893Z,0.5106426732971359,0.9927663691130557,0.6311735972511159,0.5106426732971359,0.12053092395398002,0.0075,0.0075,0.0,normal,normal,normal,normal,0.0,1000.0,1000.0,0,10,10
2026-08-24T08:15:30.895Z,0.5099776829751109,0.9893574915343682,0.6298226351149253,0.5099776829751109,0.11984495213981439,0.0075,0.0075,0.0,normal,normal,normal,normal,0.0,1000.0,1000.0,0,10,10
2026-08-24T08:15:35.897Z,0.5526938424366147,0.9893574915343682,0.6618597547110531,0.5526938424366147,0.10916591227443839,0.0075,0.0075,0.0,normal,normal,normal,normal,0.0,1000.0,1000.0,0,10,10
2026-08-24T08:15:40.898Z,0.5578623280168639,0.9893574915343682,0.66573611889624,0.5578623280168639,0.1078737908793761,0.0075,0.0075,0.0,normal,normal,normal,normal,0.0,1000.0,1000.0,0,10,10
2026-08-24T08:15:45.899Z,0.5572466743792018,0.9893574915343682,0.6652743786679934,0.5572466743792018,0.1080277042887916,0.0075,0.0075,0.0,normal,normal,normal,normal,0.0,1000.0,1000.0,0,10,10
2026-08-24T08:15:50.901Z,0.5592340416777355,0.9893574915343682,0.6667649041418937,0.5592340416777355,0.10753086246415822,0.0075,0.0075,0.0,normal,normal,normal,normal,0.0,1000.0,1000.0,0,10,10
2026-08-24T08:15:55.902Z,0.5763361444256117,0.9893574915343682,0.6795914812028008,0.5763361444256117,0.10325533677718912,0.0075,0.0075,0.0,normal,normal,normal,normal,0.0,1000.0,1000.0,0,10,10
2026-08-24T08:16:00.906Z,0.5893575507336637,0.9893574915343682,0.6893575359338399,0.5893575507336637,0.09999998520017617,0.0075,0.0075,0.0,normal,normal,normal,normal,0.0,1000.0,1000.0,0,10,10
2026-08-24T08:16:05.904Z,0.6498706437377147,0.9893574915343682,0.7347423556868782,0.6498706437377147,0.08487171194916343,0.0075,0.0075,0.0,normal,normal,normal,normal,0.0,1000.0,1000.0,0,10,10
2026-08-24T08:16:10.906Z,0.7734731395568644,0.9892648158739936,0.8274210586361467,0.7734731395568644,0.053947919079282314,0.008274210586361467,0.007734731395568644,0.0005394791907928232,normal,normal,normal,normal,0.0,1000.0,1000.0,0,10,10
2026-08-24T08:16:15.907Z,0.8388809321108324,0.9892648158739936,0.8764769030516226,0.8388809321108323,0.03759597094079037,0.008764769030516225,0.008388809321108323,0.0003759597094079026,normal,normal,normal,normal,0.0,1000.0,1000.0,0,10,10
2026-08-24T08:16:20.908Z,1.0687227415871428,0.9892648158739936,1.0488582601588554,1.0687227415871428,-0.01986448142828734,0.010488582601588555,0.010687227415871428,-0.00019864481428287332,normal,normal,normal,normal,0.0,1000.0,1000.0,0,10,10
2026-08-24T08:16:25.909Z,1.074623835053523,0.9892648158739936,1.0532840802586407,1.074623835053523,-0.02133975479488237,0.010532840802586407,0.01074623835053523,-0.00021339754794882232,normal,normal,normal,normal,0.0,1000.0,1000.0,0,10,10
2026-08-24T08:16:30.909Z,1.1340944568676006,0.9892648158739936,1.0978870466191988,1.1340944568676006,-0.036207410248401795,0.010978870466191988,0.011340944568676006,-0.0003620741024840182,normal,normal,normal,normal,0.0,1000.0,1000.0,0,10,10
2026-08-24T08:16:35.913Z,1.181332215476467,0.9892648158739936,1.1333153655758486,1.181332215476467,-0.048016849900618386,0.011333153655758486,0.01181332215476467,-0.00048016849900618316,normal,normal,normal,normal,0.0,1000.0,1000.0,0,10,10
2026-08-24T08:16:40.914Z,1.1813688262413322,0.9892648158739936,1.1333428236494976,1.1813688262413322,-0.04802600259183465,0.011333428236494976,0.011813688262413321,-0.0004802600259183453,normal,normal,normal,normal,0.0,1000.0,1000.0,0,10,10
2026-08-24T08:16:45.915Z,1.2125463056664776,0.9892648158739936,1.1567259332183566,1.2125463056664776,-0.05582037244812099,0.011567259332183565,0.012125463056664777,-0.0005582037244812113,normal,normal,normal,normal,0.0,1000.0,1000.0,0,10,10
2026-08-24T08:16:50.917Z,1.303813654214754,0.9896578281439101,1.225274697697043,1.303813654214754,-0.07853895651771103,0.01225274697697043,0.01303813654214754,-0.0007853895651771092,normal,normal,normal,normal,0.0,1000.0,1000.0,0,10,10
2026-08-24T08:16:55.927Z,1.3152704943372475,0.9896578281439101,1.2338673277889132,1.3152704943372475,-0.08140316654833435,0.012338673277889131,0.013152704943372475,-0.0008140316654833436,normal,normal,normal,normal,0.0,1000.0,1000.0,0,10,10
2026-08-24T08:17:00.926Z,1.3494488019365753,0.9896578281439101,1.259501058488409,1.3494488019365753,-0.08994774344816636,0.01259501058488409,0.013494488019365753,-0.0008994774344816634,normal,normal,normal,normal,0.0,1000.0,1000.0,0,10,10
2026-08-24T08:17:05.930Z,1.2392107635702032,0.9896578281439101,1.1768225297136299,1.2392107635702032,-0.06238823385657333,0.011768225297136298,0.012392107635702032,-0.0006238823385657337,normal,normal,normal,normal,0.0,1000.0,1000.0,0,10,10
2026-08-24T08:17:10.929Z,1.1064004851581715,0.9896578281439101,1.0772148209046062,1.1064004851581715,-0.02918566425356528,0.010772148209046062,0.011064004851581715,-0.0002918566425356532,normal,normal,normal,normal,0.0,1000.0,1000.0,0,10,10
2026-08-24T08:17:15.933Z,1.0502209060588126,0.9896578281439101,1.035080136580087,1.0502209060588126,-0.015140769478725558,0.01035080136580087,0.010502209060588127,-0.00015140769478725648,normal,normal,normal,normal,0.0,1000.0,1000.0,0,10,10
2026-08-24T08:17:20.932Z,0.958073685964863,0.9896578281439101,0.9659697215096248,0.958073685964863,0.007896035544761815,0.009659697215096248,0.00958073685964863,7.89603554476187e-05,normal,normal,normal,normal,0.0,1000.0,1000.0,0,10,10
2026-08-24T08:17:25.933Z,0.9669125420188194,0.9903769928653219,0.972778654730445,0.9669125420188194,0.005866112711625626,0.00972778654730445,0.009669125420188194,5.866112711625654e-05,normal,normal,normal,normal,0.0,1000.0,1000.0,0,10,10
2026-08-24T08:17:30.935Z,0.8709972975919125,0.991037611204087,0.9010073759949561,0.8709972975919125,0.030010078403043594,0.00901007375994956,0.008709972975919125,0.0003001007840304354,normal,normal,normal,normal,0.0,1000.0,1000.0,0,10,10
2026-08-24T08:17:35.939Z,0.7471243437285631,0.991037611204087,0.808102660597444,0.747124343728563,0.060978316868881,0.00808102660597444,0.0075,0.0005810266059744409,normal,normal,normal,normal,0.0,1000.0,1000.0,0,10,10
2026-08-24T08:17:40.940Z,0.7519784859903915,0.991037611204087,0.8117432672938154,0.7519784859903916,0.059764781303423775,0.008117432672938154,0.007519784859903916,0.0005976478130342378,normal,normal,normal,normal,0.0,1000.0,1000.0,0,10,10
2026-08-24T08:17:45.942Z,0.6906829484168766,0.991037611204087,0.7657716141136792,0.6906829484168767,0.0750886656968025,0.007657716141136792,0.0075,0.00015771614113679194,normal,normal,normal,normal,0.0,1000.0,1000.0,0,10,10
2026-08-24T08:17:50.944Z,0.5517081314445235,0.9921606623799877,0.6618212641783896,0.5517081314445235,0.11011313273386614,0.0075,0.0075,0.0,normal,normal,normal,normal,0.0,1000.0,1000.0,0,10,10
2026-08-24T08:17:55.945Z,0.5820989784291271,0.9921606623799877,0.6846143994168422,0.5820989784291271,0.10251542098771516,0.0075,0.0075,0.0,normal,normal,normal,normal,0.0,1000.0,1000.0,0,10,10
2026-08-24T08:18:00.951Z,0.5307326864559397,0.9921606623799877,0.6460896804369518,0.5307326864559397,0.11535699398101207,0.0075,0.0075,0.0,normal,normal,normal,normal,0.0,1000.0,1000.0,0,10,10
2026-08-24T08:18:05.949Z,0.6972722423712129,0.9938458144921144,0.7714156354014383,0.6972722423712129,0.07414339303022544,0.007714156354014383,0.0075,0.00021415635401438298,normal,normal,normal,normal,0.0,1000.0,1000.0,0,10,10
2026-08-24T08:18:10.951Z,0.7200408111122056,0.9929193779640455,0.7882604528251655,0.7200408111122055,0.06821964171296002,0.007882604528251656,0.0075,0.0003826045282516559,normal,normal,normal,normal,0.0,1000.0,1000.0,0,10,10
2026-08-24T08:18:15.952Z,0.9951299531543271,0.9929193779640455,0.9945773093567567,0.9951299531543271,-0.0005526437975703624,0.009945773093567567,0.009951299531543271,-5.526437975704804e-06,normal,normal,normal,normal,0.0,1000.0,1000.0,0,10,10
2026-08-24T08:18:20.954Z,1.001316413390706,0.9929193779640455,0.9992171545340409,1.001316413390706,-0.002099258856665065,0.00999217154534041,0.01001316413390706,-2.0992588566651205e-05,normal,normal,normal,normal,0.0,1000.0,1000.0,0,10,10
2026-08-24T08:18:25.956Z,0.9835647959323863,0.9929193779640455,0.9859034414403012,0.9835647959323864,0.0023386455079147384,0.009859034414403013,0.009835647959323865,2.3386455079148216e-05,normal,normal,normal,normal,0.0,1000.0,1000.0,0,10,10
2026-08-24T08:18:30.958Z,0.9857358368561729,0.9856181758023602,0.9857064215927198,0.9857358368561729,-2.9415263453125284e-05,0.009857064215927198,0.00985735836856173,-2.941526345313916e-07,normal,normal,normal,normal,0.0,1000.0,1000.0,0,10,10
2026-08-24T08:18:35.960Z,1.2455702387465555,0.9856399170600433,1.1805876583249273,1.2455702387465555,-0.06498258042162819,0.011805876583249273,0.012455702387465555,-0.0006498258042162818,normal,normal,normal,normal,0.0,1000.0,1000.0,0,10,10
2026-08-24T08:18:40.962Z,1.324907906713522,0.9856399170600433,1.2400909093001524,1.324907906713522,-0.08481699741336968,0.012400909093001525,0.01324907906713522,-0.0008481699741336949,normal,normal,normal,normal,0.0,1000.0,1000.0,0,10,10
2026-08-24T08:18:45.962Z,1.3288145103262943,0.9856616592769064,1.2430262975639472,1.3288145103262943,-0.08578821276234705,0.012430262975639471,0.013288145103262943,-0.0008578821276234716,normal,normal,normal,normal,0.0,1000.0,1000.0,0,10,10
2026-08-24T08:18:50.966Z,1.2846876003420031,0.9879337348068735,1.2104991339582207,1.2846876003420031,-0.0741884663837824,0.012104991339582207,0.012846876003420032,-0.0007418846638378249,normal,normal,normal,normal,0.0,1000.0,1000.0,0,10,10
2026-08-24T08:18:55.966Z,1.2110097998464062,0.9879337348068735,1.155240783586523,1.2110097998464062,-0.055769016259883175,0.01155240783586523,0.012110097998464062,-0.0005576901625988315,normal,normal,normal,normal,0.0,1000.0,1000.0,0,10,10
2026-08-24T08:19:00.969Z,1.197719737445628,0.9879337348068735,1.1452732367859393,1.197719737445628,-0.05244650065968881,0.011452732367859392,0.01197719737445628,-0.000524465006596888,normal,normal,normal,normal,0.0,1000.0,1000.0,0,10,10
2026-08-24T08:19:05.968Z,1.306988936926278,0.9879337348068735,1.2272251363964268,1.306988936926278,-0.0797638005298511,0.012272251363964268,0.01306988936926278,-0.0007976380052985114,long_bias,long_bias,normal,normal,0.0,1000.0,1000.0,0,10,10
2026-08-24T08:19:10.971Z,1.3219136979301442,0.9881763836498797,1.2384793693600782,1.3219136979301442,-0.08343432857006605,0.012384793693600783,0.013219136979301441,-0.0008343432857006589,normal,normal,normal,normal,0.0,1000.0,1000.0,0,10,10
2026-08-24T08:19:15.973Z,1.1807473022468373,0.9883944134324735,1.1326590800432463,1.1807473022468373,-0.04808822220359099,0.011326590800432463,0.011807473022468373,-0.0004808822220359107,long_bias,long_bias,normal,normal,0.0,1000.0,1000.0,0,10,10
2026-08-24T08:19:20.975Z,1.1861169049283324,0.9883944134324735,1.1366862820543677,1.1861169049283324,-0.049430622873964714,0.011366862820543677,0.011861169049283323,-0.0004943062287396469,normal,normal,normal,normal,0.0,1000.0,1000.0,0,10,10
2026-08-24T08:19:25.976Z,1.2014714009628495,0.9883944134324735,1.1482021540802556,1.2014714009628495,-0.053269246882593935,0.011482021540802556,0.012014714009628495,-0.0005326924688259394,normal,normal,normal,normal,0.0,1000.0,1000.0,0,10,10
2026-08-24T08:19:30.979Z,1.344410743131307,0.9834079827019394,1.254160053023965,1.3444107431313068,-0.09025069010734188,0.01254160053023965,0.013444107431313067,-0.0009025069010734164,normal,normal,normal,normal,0.0,1000.0,1000.0,0,10,10
2026-08-24T08:19:35.982Z,1.1193005466771553,0.9835815954981794,1.0853708088824114,1.1193005466771553,-0.03392973779474384,0.010853708088824115,0.011193005466771553,-0.0003392973779474378,normal,normal,normal,normal,0.0,1000.0,1000.0,0,10,10
2026-08-24T08:19:40.982Z,1.1247542445420224,0.9835815954981794,1.0894610822810618,1.1247542445420224,-0.03529316226096069,0.010894610822810617,0.011247542445420224,-0.000352931622609607,normal,normal,normal,normal,0.0,1000.0,1000.0,0,10,10
2026-08-24T08:19:45.986Z,1.2037807868750212,0.9835815954981794,1.1487309890308108,1.2037807868750212,-0.05504979784421038,0.011487309890308108,0.012037807868750212,-0.0005504979784421039,normal,normal,normal,normal,0.0,1000.0,1000.0,0,10,10
2026-08-24T08:19:50.985Z,1.20601185581889,0.9835815954981794,1.1504042907387124,1.20601185581889,-0.0556075650801775,0.011504042907387125,0.0120601185581889,-0.0005560756508017749,normal,normal,normal,normal,0.0,1000.0,1000.0,0,10,10
2026-08-24T08:19:55.989Z,1.256449955872928,0.9835815954981794,1.188232865779241,1.256449955872928,-0.06821709009368715,0.01188232865779241,0.01256449955872928,-0.0006821709009368696,normal,normal,normal,normal,0.0,1000.0,1000.0,0,10,10
2026-08-24T08:20:00.989Z,1.2488369138162374,0.9835815954981794,1.182523084236723,1.2488369138162374,-0.06631382957951448,0.01182523084236723,0.012488369138162375,-0.0006631382957951442,normal,normal,normal,normal,0.0,1000.0,1000.0,0,10,10
2026-08-24T08:20:05.990Z,0.9121152280345978,0.9835815954981794,0.9299818199004931,0.9121152280345978,0.017866591865895343,0.00929981819900493,0.009121152280345978,0.00017866591865895246,normal,normal,normal,normal,0.0,1000.0,1000.0,0,10,10
2026-08-24T08:20:10.991Z,0.9097017751886848,0.9728346022288425,0.9254849819487242,0.9097017751886848,0.015783206760039414,0.009254849819487243,0.009097017751886849,0.00015783206760039414,normal,normal,normal,normal,0.0,1000.0,1000.0,0,10,10
2026-08-24T08:20:15.992Z,0.9059617498692762,0.9729634288993357,0.922712169626791,0.9059617498692761,0.0167504197575149,0.00922712169626791,0.009059617498692761,0.00016750419757514783,normal,normal,normal,normal,0.0,1000.0,1000.0,0,10,10
2026-08-24T08:20:20.993Z,0.8986223852423907,0.9729634288993357,0.917207646156627,0.8986223852423908,0.01858526091423618,0.00917207646156627,0.008986223852423907,0.00018585260914236353,normal,normal,normal,normal,0.0,1000.0,1000.0,0,10,10
2026-08-24T08:20:25.995Z,0.8791422251390928,0.9729634288993357,0.9025975260791534,0.8791422251390927,0.023455300940060764,0.009025975260791535,0.008791422251390927,0.00023455300940060722,normal,normal,normal,normal,0.0,1000.0,1000.0,0,10,10
2026-08-24T08:20:30.996Z,0.6735478300035808,0.9729634288993357,0.7484017297275195,0.6735478300035808,0.07485389972393874,0.0075,0.0075,0.0,normal,normal,normal,normal,0.0,1000.0,1000.0,0,10,10
2026-08-24T08:20:35.999Z,0.5761370726858948,0.9729634288993357,0.675343661739255,0.5761370726858948,0.09920658905336022,0.0075,0.0075,0.0,normal,normal,normal,normal,0.0,1000.0,1000.0,0,10,10
2026-08-24T08:20:41.000Z,0.5670661396758153,0.9729634288993357,0.6685404619816954,0.5670661396758153,0.10147432230588005,0.0075,0.0075,0.0,normal,normal,normal,normal,0.0,1000.0,1000.0,0,10,10
2026-08-24T08:20:46.002Z,0.4065616993207043,0.9729634288993357,0.5481621317153621,0.40656169932070424,0.14160043239465786,0.0075,0.0075,0.0,normal,normal,normal,normal,0.0,1000.0,1000.0,0,10,10
2026-08-24T08:20:51.004Z,0.4029959680363664,0.9804012447858041,0.5473472872237258,0.4029959680363664,0.14435131918735944,0.0075,0.0075,0.0,normal,normal,normal,normal,0.0,1000.0,1000.0,0,10,10
2026-08-24T08:20:56.005Z,0.20624942586395162,0.982243941270122,0.40024805471549424,0.20624942586395165,0.1939986288515426,0.0075,0.0075,0.0,normal,normal,normal,normal,0.0,1000.0,1000.0,0,10,10
2026-08-24T08:21:01.007Z,0.06847655914644722,0.982243941270122,0.2969184046773659,0.06847655914644722,0.22844184553091867,0.0075,0.0075,0.0,normal,normal,normal,normal,0.0,1000.0,1000.0,0,10,10
2026-08-24T08:21:06.008Z,0.03289234921893226,0.982243941270122,0.2702302472317297,0.03289234921893226,0.23733789801279748,0.0075,0.0075,0.0,normal,normal,normal,normal,0.0,1000.0,1000.0,0,10,10
2026-08-24T08:21:11.015Z,0.03154459125789174,0.982243941270122,0.2692194287609493,0.03154459125789174,0.23767483750305754,0.0075,0.0075,0.0,normal,normal,normal,normal,0.0,1000.0,1000.0,0,10,10
2026-08-24T08:21:16.010Z,0.3400642313851564,0.982243941270122,0.5006091588563979,0.34006423138515646,0.16054492747124144,0.0075,0.0075,0.0,normal,normal,normal,normal,0.0,1000.0,1000.0,0,10,10
2026-08-24T08:21:21.011Z,0.36246483074455965,0.982243941270122,0.5174096083759503,0.36246483074455965,0.15494477763139064,0.0075,0.0075,0.0,normal,normal,normal,normal,0.0,1000.0,1000.0,0,10,10
2026-08-24T08:21:26.012Z,0.3890347729986013,0.982243941270122,0.5373370650664815,0.3890347729986013,0.1483022920678802,0.0075,0.0075,0.0,normal,normal,normal,normal,0.0,1000.0,1000.0,0,10,10
2026-08-24T08:21:31.016Z,0.3972493024758647,0.979265324186767,0.5427533079035902,0.3972493024758647,0.1455040054277255,0.0075,0.0075,0.0,normal,normal,normal,normal,0.0,1000.0,1000.0,0,10,10
2026-08-24T08:21:36.018Z,0.4084283160320582,0.979731450014944,0.5512540995277797,0.40842831603205826,0.14282578349572145,0.0075,0.0075,0.0,normal,normal,normal,normal,0.0,1000.0,1000.0,0,10,10
2026-08-24T08:21:41.017Z,0.4868121189977091,0.979731450014944,0.6100419517520178,0.4868121189977091,0.12322983275430871,0.0075,0.0075,0.0,normal,normal,normal,normal,0.0,1000.0,1000.0,0,10,10
2026-08-24T08:21:46.018Z,0.49326813209620046,0.9800026574541588,0.61495176343569,0.49326813209620046,0.12168363133948956,0.0075,0.0075,0.0,normal,normal,normal,normal,0.0,1000.0,1000.0,0,10,10
2026-08-24T08:21:51.020Z,1.3081222392867287,0.9800026574541588,1.2260923438285862,1.3081222392867287,-0.08202989545814243,0.012260923438285862,0.013081222392867287,-0.0008202989545814249,normal,normal,normal,normal,0.0,1000.0,1000.0,0,10,10
2026-08-24T08:21:56.022Z,1.3217636154250378,0.9800026574541588,1.236323375932318,1.3217636154250378,-0.08544023949271984,0.01236323375932318,0.013217636154250378,-0.0008544023949271975,normal,normal,normal,normal,0.0,1000.0,1000.0,0,10,10
2026-08-24T08:22:01.024Z,1.3475988540853077,0.9800352124372986,1.2557079436733054,1.3475988540853077,-0.09189091041200226,0.012557079436733055,0.013475988540853077,-0.0009189091041200224,normal,normal,normal,normal,0.0,1000.0,1000.0,0,10,10
2026-08-24T08:22:06.026Z,1.5503336073330913,0.9800677695834163,1.4077671478956726,1.5503336073330913,-0.14256645943741875,0.014077671478956727,0.02325500410999637,-0.009177332631039642,normal,defensive,normal,high,500.0,1000.0,500.0,4,10,6
2026-08-24T08:22:11.034Z,1.591300702768409,0.9791818926760127,1.4382710002453098,1.591300702768409,-0.1530297025230991,0.014382710002453098,0.023869510541526136,-0.009486800539073038,normal,defensive,normal,high,500.0,1000.0,500.0,4,10,6
2026-08-24T08:22:16.029Z,1.5027342293919808,0.978296015768609,1.3716246759861377,1.5027342293919805,-0.13110955340584285,0.013716246759861377,0.022541013440879706,-0.00882476668101833,normal,defensive,normal,high,500.0,1000.0,500.0,4,10,6
2026-08-24T08:22:21.031Z,1.5027342293919808,0.978296015768609,1.3716246759861377,1.5027342293919805,-0.13110955340584285,0.013716246759861377,0.022541013440879706,-0.00882476668101833,normal,defensive,normal,high,500.0,1000.0,500.0,4,10,6
2026-08-24T08:22:26.033Z,1.5007473233431932,0.9791634340434022,1.3703513510182455,1.5007473233431934,-0.13039597232494793,0.013703513510182456,0.0225112098501479,-0.008807696339965445,normal,defensive,normal,high,500.0,1000.0,500.0,4,10,6
2026-08-24T08:22:31.034Z,1.5028655246552052,0.9804021661931818,1.3722496850396992,1.5028655246552052,-0.13061583961550594,0.013722496850396991,0.022542982869828077,-0.008820486019431086,normal,defensive,normal,high,500.0,1000.0,500.0,4,10,6
2026-08-24T08:22:36.036Z,1.7007517796266942,0.9804021661931818,1.520664376268316,1.7007517796266942,-0.18008740335837814,0.02280996564402474,0.02551127669440041,-0.0027013110503756703,defensive,defensive,high,high,0.0,500.0,500.0,0,6,6
2026-08-24T08:22:41.038Z,1.7108699693256846,0.9804021661931818,1.528253018542559,1.7108699693256846,-0.18261695078312568,0.022923795278138384,0.02566304953988527,-0.0027392542617468846,defensive,defensive,high,high,0.0,500.0,500.0,0,6,6
2026-08-24T08:22:46.040Z,1.7746746191032463,0.9804021661931818,1.5761065058757302,1.7746746191032463,-0.1985681132275161,0.023641597588135953,0.026620119286548696,-0.002978521698412742,defensive,defensive,high,high,0.0,500.0,500.0,0,6,6
2026-08-24T08:22:51.040Z,1.1502177449982778,0.9811836317590084,1.1079592166884604,1.1502177449982778,-0.042258528309817356,0.011079592166884604,0.011502177449982777,-0.000422585283098173,normal,normal,normal,normal,0.0,1000.0,1000.0,0,10,10
2026-08-24T08:22:56.042Z,1.164632463579232,0.9810503398942552,1.118736932657988,1.164632463579232,-0.0458955309212441,0.01118736932657988,0.01164632463579232,-0.0004589553092124391,normal,normal,normal,normal,0.0,1000.0,1000.0,0,10,10
2026-08-24T08:23:01.043Z,1.3327801192500295,0.9810503398942552,1.244847674411086,1.3327801192500295,-0.08793244483894358,0.01244847674411086,0.013327801192500295,-0.0008793244483894357,normal,normal,normal,normal,0.0,1000.0,1000.0,0,10,10
2026-08-24T08:23:06.044Z,1.238319491911826,0.9810503398942552,1.1740022039074334,1.238319491911826,-0.06431728800439274,0.011740022039074333,0.01238319491911826,-0.0006431728800439275,normal,normal,normal,normal,0.0,1000.0,1000.0,0,10,10
2026-08-24T08:23:11.054Z,1.2478612037632957,0.9822686368181313,1.1814630620270046,1.2478612037632957,-0.0663981417362911,0.011814630620270047,0.012478612037632958,-0.0006639814173629108,normal,normal,normal,normal,0.0,1000.0,1000.0,0,10,10
2026-08-24T08:23:16.046Z,1.2866306887770764,0.9832907454727252,1.2107957029509886,1.2866306887770764,-0.07583498582608783,0.012107957029509887,0.012866306887770764,-0.0007583498582608775,normal,normal,normal,normal,0.0,1000.0,1000.0,0,10,10
2026-08-24T08:23:21.048Z,1.3034095423997738,0.9832907454727252,1.2233798431680116,1.3034095423997738,-0.08002969923176217,0.012233798431680116,0.013034095423997739,-0.0008002969923176229,normal,normal,normal,normal,0.0,1000.0,1000.0,0,10,10
2026-08-24T08:23:26.050Z,1.2967284969050992,0.9832907454727252,1.2183690590470058,1.2967284969050992,-0.0783594378580934,0.012183690590470059,0.012967284969050991,-0.0007835943785809325,normal,normal,normal,normal,0.0,1000.0,1000.0,0,10,10
2026-08-24T08:23:31.052Z,1.3769137594375986,0.9833562952757655,1.2785243933971402,1.3769137594375984,-0.09838936604045823,0.012785243933971402,0.013769137594375983,-0.0009838936604045813,normal,normal,normal,normal,0.0,1000.0,1000.0,0,10,10
2026-08-24T08:23:36.053Z,1.1995082597349798,0.9833562952757655,1.145470268620176,1.1995082597349798,-0.054037991114803674,0.01145470268620176,0.011995082597349799,-0.0005403799111480395,normal,normal,normal,normal,0.0,1000.0,1000.0,0,10,10
2026-08-24T08:23:41.054Z,1.9876539190833296,0.9833562952757655,1.7365795131314385,1.9876539190833296,-0.251074405951891,0.026048692696971576,0.029814808786249945,-0.0037661160892783693,defensive,defensive,high,high,0.0,500.0,500.0,0,6,6
2026-08-24T08:23:46.057Z,1.965570697544896,0.9833562952757655,1.7200170969776134,1.965570697544896,-0.2455536005672827,0.025800256454664203,0.02948356046317344,-0.003683304008509237,defensive,defensive,high,high,0.0,500.0,500.0,0,6,6
2026-08-24T08:23:51.058Z,1.96237293498191,0.9833562952757655,1.7176187750553737,1.96237293498191,-0.24475415992653615,0.025764281625830606,0.02943559402472865,-0.0036713123988980426,defensive,defensive,high,high,0.0,500.0,500.0,0,6,6
2026-08-24T08:23:56.059Z,1.9682298059668424,0.9858450735522866,1.7226336228632033,1.9682298059668424,-0.24559618310363907,0.02583950434294805,0.029523447089502636,-0.0036839427465545846,defensive,defensive,high,high,0.0,500.0,500.0,0,6,6
2026-08-24T08:24:01.061Z,1.8005428274933326,0.9860203582699916,1.5969122101874973,1.8005428274933326,-0.20363061730583532,0.02395368315281246,0.027008142412399988,-0.0030544592595875275,defensive,defensive,high,high,0.0,500.0,500.0,0,6,6
2026-08-24T08:24:06.063Z,1.9620074445748308,0.9860203582699916,1.7180106729986209,1.9620074445748308,-0.24399677157620991,0.025770160094979313,0.02943011166862246,-0.0036599515736431484,defensive,defensive,high,high,0.0,500.0,500.0,0,6,6
2026-08-24T08:24:11.070Z,1.917814993203965,0.9860203582699916,1.6848663344704715,1.917814993203965,-0.23294865873349346,0.025272995017057074,0.028767224898059475,-0.003494229881002401,defensive,defensive,high,high,0.0,500.0,500.0,0,6,6
2026-08-24T08:24:16.067Z,1.9283391960210032,0.9821754011645997,1.6917982473069024,1.9283391960210032,-0.2365409487141008,0.025376973709603536,0.028925087940315047,-0.0035481142307115104,defensive,defensive,high,high,0.0,500.0,500.0,0,6,6
2026-08-24T08:24:21.066Z,1.918012579250409,0.9821754011645997,1.6840532847289569,1.9180125792504092,-0.23395929452145237,0.025260799270934352,0.028770188688756138,-0.0035093894178217858,defensive,defensive,high,high,0.0,500.0,500.0,0,6,6
2026-08-24T08:24:26.070Z,1.9251591389765776,0.9821754011645997,1.6894132045235832,1.9251591389765776,-0.2357459344529944,0.02534119806785375,0.028877387084648664,-0.0035361890167949148,defensive,defensive,high,high,0.0,500.0,500.0,0,6,6
2026-08-24T08:24:31.069Z,1.8937735135870102,0.9821754011645997,1.6658739854814075,1.89377351358701,-0.22789952810560243,0.024988109782221112,0.02840660270380515,-0.003418492921584037,defensive,defensive,high,high,0.0,500.0,500.0,0,6,6
2026-08-24T08:24:36.070Z,1.9162442275882412,0.9821754011645997,1.6827270209823308,1.9162442275882412,-0.23351720660591035,0.02524090531473496,0.028743663413823617,-0.0035027580990886556,defensive,defensive,high,high,0.0,500.0,500.0,0,6,6
2026-08-24T08:24:41.071Z,0.9265388832960946,0.9825903279599778,0.9405517444620654,0.9265388832960945,0.014012861165970891,0.009405517444620653,0.009265388832960944,0.00014012861165970877,normal,normal,normal,normal,0.0,1000.0,1000.0,0,10,10
2026-08-24T08:24:46.073Z,0.9022926666026001,0.9908838243468594,0.924440456038665,0.9022926666026002,0.02214778943606477,0.00924440456038665,0.009022926666026002,0.00022147789436064748,normal,normal,normal,normal,0.0,1000.0,1000.0,0,10,10
2026-08-24T08:24:51.075Z,0.8279006917470041,0.9908838243468594,0.8686464748969679,0.8279006917470041,0.0407457831499638,0.00868646474896968,0.008279006917470041,0.0004074578314996382,normal,normal,normal,normal,0.0,1000.0,1000.0,0,10,10
2026-08-24T08:24:56.077Z,0.8570473569743284,0.9908838243468594,0.8905064738174612,0.8570473569743284,0.03345911684313274,0.008905064738174612,0.008570473569743284,0.0003345911684313283,normal,normal,normal,normal,0.0,1000.0,1000.0,0,10,10
2026-08-24T08:25:01.079Z,0.9656482593731514,0.9908838243468594,0.9719571506165784,0.9656482593731514,0.0063088912434270394,0.009719571506165784,0.009656482593731515,6.308891243426984e-05,normal,normal,normal,normal,0.0,1000.0,1000.0,0,10,10
2026-08-24T08:25:06.078Z,0.7633134220633414,0.9867259588660368,0.8191665562640152,0.7633134220633414,0.05585313420067384,0.008191665562640152,0.007633134220633414,0.0005585313420067382,normal,normal,normal,normal,0.0,1000.0,1000.0,0,10,10
2026-08-24T08:25:11.092Z,0.7541546495131104,0.9867259588660368,0.8122974768513419,0.7541546495131103,0.05814282733823162,0.00812297476851342,0.007541546495131103,0.0005814282733823161,normal,normal,normal,normal,0.0,1000.0,1000.0,0,10,10
2026-08-24T08:25:16.081Z,0.7291691609707661,0.9867259588660368,0.7935583604445837,0.7291691609707661,0.0643891994738176,0.007935583604445837,0.0075,0.00043558360444583694,normal,normal,normal,normal,0.0,1000.0,1000.0,0,10,10
2026-08-24T08:25:21.082Z,0.8171490137713416,0.98683566822326,0.8595706773843212,0.8171490137713416,0.04242166361297961,0.008595706773843212,0.008171490137713415,0.00042421663612979624,normal,normal,normal,normal,0.0,1000.0,1000.0,0,10,10
2026-08-24T08:25:26.083Z,0.8171087264861628,0.9835223482321548,0.8587121319226608,0.8171087264861628,0.04160340543649799,0.008587121319226608,0.008171087264861628,0.0004160340543649804,normal,normal,normal,normal,0.0,1000.0,1000.0,0,10,10
2026-08-24T08:25:31.088Z,0.8192415424087744,0.9835223482321548,0.8603117438646195,0.8192415424087743,0.04107020145584517,0.008603117438646194,0.008192415424087744,0.00041070201455845057,normal,normal,normal,normal,0.0,1000.0,1000.0,0,10,10
2026-08-24T08:25:36.088Z,0.8186716377177825,0.9835223482321548,0.8598843153463755,0.8186716377177824,0.04121267762859315,0.008598843153463756,0.008186716377177824,0.0004121267762859319,normal,normal,normal,normal,0.0,1000.0,1000.0,0,10,10
2026-08-24T08:25:41.090Z,0.7541847895661676,0.9835223482321548,0.8115191792326645,0.7541847895661676,0.05733438966649684,0.008115191792326644,0.007541847895661676,0.0005733438966649684,normal,normal,normal,normal,0.0,1000.0,1000.0,0,10,10
2026-08-24T08:25:46.091Z,0.6833883961342176,0.9835223482321548,0.7584218841587019,0.6833883961342176,0.07503348802448429,0.007584218841587019,0.0075,8.421884158701931e-05,normal,normal,normal,normal,0.0,1000.0,1000.0,0,10,10
2026-08-24T08:25:51.093Z,0.682170805588921,0.9835223482321548,0.7575086912497294,0.682170805588921,0.07533788566080846,0.007575086912497294,0.0075,7.508691249729412e-05,normal,normal,normal,normal,0.0,1000.0,1000.0,0,10,10
2026-08-24T08:25:56.094Z,0.7738794532817823,0.9835223482321548,0.8262901770193755,0.7738794532817823,0.052410723737593146,0.008262901770193756,0.007738794532817823,0.0005241072373759325,normal,normal,normal,normal,0.0,1000.0,1000.0,0,10,10
2026-08-24T08:26:01.098Z,0.8470286152596526,0.9873205795030918,0.8821016063205124,0.8470286152596526,0.035072991060859815,0.008821016063205124,0.008470286152596526,0.0003507299106085982,normal,normal,normal,normal,0.0,1000.0,1000.0,0,10,10
2026-08-24T08:26:06.101Z,0.9084346838009077,0.9873205795030918,0.9281561577264538,0.9084346838009077,0.019721473925546018,0.009281561577264537,0.009084346838009077,0.00019721473925546004,normal,normal,normal,normal,0.0,1000.0,1000.0,0,10,10
2026-08-24T08:26:11.102Z,1.1171551033271525,0.9873205795030918,1.0846964723711374,1.1171551033271525,-0.03245863095601509,0.010846964723711374,0.011171551033271524,-0.00032458630956015005,normal,normal,normal,normal,0.0,1000.0,1000.0,0,10,10
2026-08-24T08:26:16.103Z,1.1399567771204306,0.9873205795030918,1.101797727716096,1.1399567771204306,-0.03815904940433468,0.01101797727716096,0.011399567771204306,-0.0003815904940433455,normal,normal,normal,normal,0.0,1000.0,1000.0,0,10,10
2026-08-24T08:26:21.103Z,1.1584579785622544,0.9875630777475105,1.1157342533585684,1.1584579785622544,-0.04272372520368606,0.011157342533585683,0.011584579785622544,-0.0004272372520368606,normal,normal,normal,normal,0.0,1000.0,1000.0,0,10,10
2026-08-24T08:26:26.103Z,1.3745734299735257,0.9934577769838789,1.279294516726114,1.3745734299735257,-0.09527891324741167,0.01279294516726114,0.013745734299735256,-0.0009527891324741158,normal,normal,normal,normal,0.0,1000.0,1000.0,0,10,10
2026-08-24T08:26:31.107Z,1.373017446641714,0.9934577769838789,1.2781275292272554,1.373017446641714,-0.09488991741445862,0.012781275292272553,0.01373017446641714,-0.0009488991741445872,normal,normal,normal,normal,0.0,1000.0,1000.0,0,10,10
2026-08-24T08:26:36.108Z,1.3730977376956135,0.9934577769838789,1.27818774751768,1.3730977376956135,-0.09490999017793356,0.0127818774751768,0.013730977376956135,-0.0009490999017793354,normal,normal,normal,normal,0.0,1000.0,1000.0,0,10,10
2026-08-24T08:26:41.110Z,1.317418684376365,0.9957478235570575,1.237000969171538,1.317418684376365,-0.08041771520482688,0.01237000969171538,0.01317418684376365,-0.0008041771520482695,normal,normal,normal,normal,0.0,1000.0,1000.0,0,10,10
2026-08-24T08:26:46.111Z,1.3480420921642717,0.9987914866951637,1.2607294407969947,1.3480420921642715,-0.08731265136727684,0.012607294407969948,0.013480420921642715,-0.0008731265136727676,normal,normal,normal,normal,0.0,1000.0,1000.0,0,10,10
2026-08-24T08:26:51.112Z,1.483355944731678,0.9987914866951637,1.3622148302225494,1.483355944731678,-0.12114111450912857,0.013622148302225493,0.01483355944731678,-0.001211411145091287,normal,normal,normal,normal,0.0,1000.0,1000.0,0,10,10
2026-08-24T08:26:56.114Z,1.389958850711498,0.9987914866951637,1.2921670097074145,1.389958850711498,-0.09779184100408345,0.012921670097074145,0.01389958850711498,-0.0009779184100408341,normal,normal,normal,normal,0.0,1000.0,1000.0,0,10,10
2026-08-24T08:27:01.123Z,1.2291359267322381,1.0,1.1718519450491787,1.2291359267322381,-0.05728398168305948,0.011718519450491786,0.012291359267322381,-0.0005728398168305948,normal,normal,normal,normal,0.0,1000.0,1000.0,0,10,10
2026-08-24T08:27:06.117Z,1.2049809109455292,1.0,1.1537356832091468,1.2049809109455292,-0.051245227736382404,0.011537356832091467,0.012049809109455292,-0.0005124522773638247,normal,normal,normal,normal,0.0,1000.0,1000.0,0,10,10
2026-08-24T08:27:11.127Z,0.9679128116645606,1.0,0.9759346087484204,0.9679128116645606,0.00802179708385986,0.009759346087484204,0.009679128116645607,8.02179708385975e-05,normal,normal,normal,normal,0.0,1000.0,1000.0,0,10,10
2026-08-24T08:27:16.128Z,0.9613700090677053,1.0,0.971027506800779,0.9613700090677053,0.009657497733073672,0.00971027506800779,0.009613700090677054,9.657497733073575e-05,normal,normal,normal,normal,0.0,1000.0,1000.0,0,10,10
2026-08-24T08:27:21.125Z,0.8627075848536431,1.0,0.8970306886402323,0.8627075848536431,0.034323103786589204,0.008970306886402322,0.008627075848536432,0.0003432310378658904,normal,normal,normal,normal,0.0,1000.0,1000.0,0,10,10
2026-08-24T08:27:26.126Z,0.5104882568135898,1.002912904165453,0.6335944186515556,0.5104882568135898,0.12310616183796586,0.0075,0.0075,0.0,normal,normal,normal,normal,0.0,1000.0,1000.0,0,10,10
2026-08-24T08:27:31.133Z,0.5232837003489083,1.002912904165453,0.6431910013030444,0.5232837003489083,0.11990730095413615,0.0075,0.0075,0.0,normal,normal,normal,normal,0.0,1000.0,1000.0,0,10,10
2026-08-24T08:27:36.130Z,0.6324345054912053,1.002912904165453,0.7250541051597672,0.6324345054912053,0.09261959966856192,0.0075,0.0075,0.0,normal,normal,normal,normal,0.0,1000.0,1000.0,0,10,10
2026-08-24T08:27:41.132Z,0.6359191588381051,1.002912904165453,0.7276675951699421,0.6359191588381051,0.09174843633183694,0.0075,0.0075,0.0,normal,normal,normal,normal,0.0,1000.0,1000.0,0,10,10
2026-08-24T08:27:46.133Z,0.642719285578534,1.0026888346142642,0.7327116728374665,0.642719285578534,0.08999238725893255,0.0075,0.0075,0.0,normal,normal,normal,normal,0.0,1000.0,1000.0,0,10,10
2026-08-24T08:27:51.134Z,0.5716587797618372,1.0026888346142642,0.6794162934749439,0.5716587797618372,0.10775751371310671,0.0075,0.0075,0.0,normal,normal,normal,normal,0.0,1000.0,1000.0,0,10,10
2026-08-24T08:27:56.134Z,0.5716587797618372,1.0026888346142642,0.6794162934749439,0.5716587797618372,0.10775751371310671,0.0075,0.0075,0.0,normal,normal,normal,normal,0.0,1000.0,1000.0,0,10,10
2026-08-24T08:28:01.147Z,0.5727269985226446,1.0026888346142642,0.6802174575455495,0.5727269985226446,0.10749045902290488,0.0075,0.0075,0.0,normal,normal,normal,normal,0.0,1000.0,1000.0,0,10,10
2026-08-24T08:28:06.140Z,0.5963357267453706,1.0026888346142642,0.697924003712594,0.5963357267453706,0.10158827696722339,0.0075,0.0075,0.0,normal,normal,normal,normal,0.0,1000.0,1000.0,0,10,10
2026-08-24T08:28:11.154Z,0.7523930037748278,1.0026888346142642,0.8149669614846868,0.7523930037748278,0.06257395770985907,0.008149669614846868,0.007523930037748278,0.0006257395770985896,normal,normal,normal,normal,0.0,1000.0,1000.0,0,10,10
2026-08-24T08:28:16.149Z,0.7360140685951968,1.0026888346142642,0.8026827600999635,0.7360140685951967,0.06666869150476684,0.008026827600999636,0.0075,0.000526827600999636,normal,normal,normal,normal,0.0,1000.0,1000.0,0,10,10
2026-08-24T08:28:21.144Z,1.2659785252973457,1.0026888346142642,1.2001561026265752,1.2659785252973457,-0.06582242267077043,0.012001561026265753,0.012659785252973456,-0.0006582242267077036,normal,normal,normal,normal,0.0,1000.0,1000.0,0,10,10
2026-08-24T08:28:26.144Z,1.2525073892833707,1.0015012659929643,1.189755858460769,1.2525073892833707,-0.06275153082260165,0.01189755858460769,0.012525073892833707,-0.000627515308226018,normal,normal,normal,normal,0.0,1000.0,1000.0,0,10,10
2026-08-24T08:28:31.151Z,1.2832193496961453,1.0015012659929643,1.21278982877035,1.2832193496961453,-0.07042952092579524,0.0121278982877035,0.012832193496961453,-0.0007042952092579536,normal,normal,normal,normal,0.0,1000.0,1000.0,0,10,10
2026-08-24T08:28:36.151Z,1.2176606080973673,1.0015012659929643,1.1636207725712664,1.2176606080973673,-0.05403983552610092,0.011636207725712664,0.012176606080973673,-0.0005403983552610091,normal,normal,normal,normal,0.0,1000.0,1000.0,0,10,10
2026-08-24T08:28:41.152Z,1.4354188937160008,1.0015012659929643,1.3269394867852418,1.4354188937160008,-0.10847940693075908,0.013269394867852419,0.014354188937160008,-0.0010847940693075892,normal,normal,normal,normal,0.0,1000.0,1000.0,0,10,10
2026-08-24T08:28:46.152Z,1.4055045203421692,0.9950928768289676,1.3029016094638688,1.4055045203421692,-0.10260291087830042,0.013029016094638688,0.014055045203421691,-0.001026029108783003,normal,normal,normal,normal,0.0,1000.0,1000.0,0,10,10
2026-08-24T08:28:51.153Z,1.4652965676679632,0.9950928768289676,1.3477456449582144,1.4652965676679635,-0.1175509227097491,0.013477456449582145,0.014652965676679635,-0.00117550922709749,normal,normal,normal,normal,0.0,1000.0,1000.0,0,10,10
2026-08-24T08:28:56.155Z,1.4774663319643822,0.9950928768289676,1.3568729681805285,1.4774663319643822,-0.12059336378385366,0.013568729681805286,0.014774663319643822,-0.0012059336378385365,normal,normal,normal,normal,0.0,1000.0,1000.0,0,10,10
2026-08-24T08:29:01.157Z,1.4774663319643822,0.9963877857799914,1.3571966954182846,1.4774663319643822,-0.12026963654609757,0.013571966954182847,0.014774663319643822,-0.0012026963654609753,normal,normal,normal,normal,0.0,1000.0,1000.0,0,10,10
2026-08-24T08:29:06.157Z,1.5183948099849822,0.9963877857799914,1.3878930539337346,1.5183948099849822,-0.13050175605124759,0.013878930539337347,0.02277592214977473,-0.008896991610437385,normal,defensive,normal,high,500.0,1000.0,500.0,4,10,6
2026-08-24T08:29:11.162Z,1.4245537021596217,0.9963877857799914,1.3175122230647143,1.4245537021596217,-0.10704147909490747,0.013175122230647143,0.014245537021596217,-0.001070414790949074,normal,normal,normal,normal,0.0,1000.0,1000.0,0,10,10
2026-08-24T08:29:16.161Z,1.4465458189843052,0.9963877857799914,1.334006310683227,1.4465458189843055,-0.1125395083010785,0.01334006310683227,0.014465458189843055,-0.0011253950830107853,normal,normal,normal,normal,0.0,1000.0,1000.0,0,10,10
2026-08-24T08:29:21.163Z,0.7403790437810732,0.9963877857799914,0.8043812292808028,0.7403790437810732,0.06400218549972958,0.008043812292808029,0.0075,0.000543812292808029,normal,normal,normal,normal,0.0,1000.0,1000.0,0,10,10
2026-08-24T08:29:26.162Z,0.7404068710214894,1.0015705279217428,0.8056977852465528,0.7404068710214894,0.06529091422506339,0.008056977852465529,0.0075,0.0005569778524655289,normal,normal,normal,normal,0.0,1000.0,1000.0,0,10,10
2026-08-24T08:29:31.163Z,0.6907649600163468,1.0015705279217428,0.7684663519926958,0.6907649600163467,0.07770139197634907,0.007684663519926958,0.0075,0.0001846635199269581,normal,normal,normal,normal,0.0,1000.0,1000.0,0,10,10
2026-08-24T08:29:36.166Z,0.6909769661319467,1.0015705279217428,0.7686253565793957,0.6909769661319466,0.07764839044744909,0.007686253565793957,0.0075,0.00018625356579395763,normal,normal,normal,normal,0.0,1000.0,1000.0,0,10,10
2026-08-24T08:29:41.168Z,0.7641740306122882,1.0015705279217428,0.8235231549396518,0.7641740306122881,0.05934912432736372,0.008235231549396519,0.007641740306122881,0.000593491243273638,normal,normal,normal,normal,0.0,1000.0,1000.0,0,10,10
2026-08-24T08:29:46.168Z,0.7637016120337019,1.0083911063247404,0.8248739856064615,0.7637016120337018,0.06117237357275973,0.008248739856064615,0.007637016120337018,0.0006117237357275967,normal,normal,normal,normal,0.0,1000.0,1000.0,0,10,10
2026-08-24T08:29:51.170Z,0.7001128932481735,1.0083911063247404,0.7771824465173152,0.7001128932481735,0.07706955326914167,0.007771824465173152,0.0075,0.0002718244651731521,normal,normal,normal,normal,0.0,1000.0,1000.0,0,10,10
2026-08-24T08:29:56.172Z,0.6880559101663192,1.0083911063247404,0.7681397092059246,0.6880559101663192,0.08008379903960539,0.007681397092059246,0.0075,0.00018139709205924632,normal,normal,normal,normal,0.0,1000.0,1000.0,0,10,10
2026-08-24T08:30:01.173Z,0.7178723480542776,1.0083911063247404,0.7905020376218932,0.7178723480542776,0.07262968956761562,0.007905020376218931,0.0075,0.00040502037621893174,normal,normal,normal,normal,0.0,1000.0,1000.0,0,10,10
2026-08-24T08:30:06.175Z,0.6977030418618,1.0036122142200086,0.7741803349513521,0.6977030418618,0.07647729308955209,0.007741803349513521,0.0075,0.00024180334951352106,normal,normal,normal,normal,0.0,1000.0,1000.0,0,10,10
2026-08-24T08:30:11.180Z,0.5976414357922346,0.9988333221152768,0.6979394073729952,0.5976414357922346,0.10029797158076059,0.0075,0.0075,0.0,normal,normal,normal,normal,0.0,1000.0,1000.0,0,10,10
2026-08-24T08:30:16.178Z,0.619942446540203,0.9988333221152768,0.7146651654339715,0.619942446540203,0.09472271889376849,0.0075,0.0075,0.0,normal,normal,normal,normal,0.0,1000.0,1000.0,0,10,10
2026-08-24T08:30:21.178Z,0.47946732809417597,0.9988333221152768,0.6093088265994512,0.47946732809417597,0.1298414985052752,0.0075,0.0075,0.0,normal,normal,normal,normal,0.0,1000.0,1000.0,0,10,10
2026-08-24T08:30:26.179Z,0.47948518396624196,1.0013126893301918,0.6099420603072294,0.47948518396624196,0.13045687634098746,0.0075,0.0075,0.0,normal,normal,normal,normal,0.0,1000.0,1000.0,0,10,10
2026-08-24T08:30:31.180Z,0.47964598499831174,1.0036575788174578,0.6106488834530983,0.47964598499831174,0.13100289845478658,0.0075,0.0075,0.0,normal,normal,normal,normal,0.0,1000.0,1000.0,0,10,10
2026-08-24T08:30:36.182Z,0.4793217366180041,1.0036575788174578,0.6104056971678675,0.4793217366180041,0.13108396054986343,0.0075,0.0075,0.0,normal,normal,normal,normal,0.0,1000.0,1000.0,0,10,10
2026-08-24T08:30:41.182Z,0.34244569205007824,1.0036575788174578,0.5077486637419231,0.34244569205007824,0.16530297169184482,0.0075,0.0075,0.0,normal,normal,normal,normal,0.0,1000.0,1000.0,0,10,10
2026-08-24T08:30:46.184Z,0.34067131990494276,1.0036575788174578,0.5064178846330716,0.34067131990494276,0.16574656472812882,0.0075,0.0075,0.0,normal,normal,normal,normal,0.0,1000.0,1000.0,0,10,10
2026-08-24T08:30:51.184Z,0.34034877094775806,1.0036575788174578,0.5061759729151829,0.340348770947758,0.1658272019674249,0.0075,0.0075,0.0,normal,normal,normal,normal,0.0,1000.0,1000.0,0,10,10
2026-08-24T08:30:56.185Z,0.34597721951686405,1.0036575788174578,0.5103973093420124,0.34597721951686405,0.16442008982514839,0.0075,0.0075,0.0,normal,normal,normal,normal,0.0,1000.0,1000.0,0,10,10
2026-08-24T08:31:01.186Z,0.3276406141056479,1.0036575788174578,0.49664485528360036,0.3276406141056479,0.16900424117795249,0.0075,0.0075,0.0,normal,normal,normal,normal,0.0,1000.0,1000.0,0,10,10
2026-08-24T08:31:06.186Z,0.40257121050866657,1.0036575788174578,0.5528428025858644,0.40257121050866657,0.1502715920771978,0.0075,0.0075,0.0,normal,normal,normal,normal,0.0,1000.0,1000.0,0,10,10
2026-08-24T08:31:11.207Z,0.42445699146431876,1.0036575788174578,0.5692571383026035,0.42445699146431876,0.14480014683828474,0.0075,0.0075,0.0,normal,normal,normal,normal,0.0,1000.0,1000.0,0,10,10
2026-08-24T08:31:16.189Z,0.32531192643889034,1.0036575788174578,0.4948983395335322,0.32531192643889034,0.16958641309464184,0.0075,0.0075,0.0,normal,normal,normal,normal,0.0,1000.0,1000.0,0,10,10
2026-08-24T08:31:21.190Z,0.320005603403479,1.0036575788174578,0.4909185972569737,0.320005603403479,0.17091299385349468,0.0075,0.0075,0.0,normal,normal,normal,normal,0.0,1000.0,1000.0,0,10,10
2026-08-24T08:31:26.190Z,0.3551995460899601,1.0025580612588354,0.517039174882179,0.3551995460899601,0.16183962879221886,0.0075,0.0075,0.0,normal,normal,normal,normal,0.0,1000.0,1000.0,0,10,10
2026-08-24T08:31:31.191Z,0.35665847075338375,1.001458543700213,0.517858488990091,0.35665847075338375,0.16120001823670727,0.0075,0.0075,0.0,normal,normal,normal,normal,0.0,1000.0,1000.0,0,10,10
2026-08-24T08:31:36.193Z,0.40014454417809636,1.001458543700213,0.5504730440586255,0.40014454417809636,0.15032849988052915,0.0075,0.0075,0.0,normal,normal,normal,normal,0.0,1000.0,1000.0,0,10,10
2026-08-24T08:31:41.193Z,0.5214520190300754,1.001458543700213,0.6414536501976098,0.5214520190300754,0.12000163116753437,0.0075,0.0075,0.0,normal,normal,normal,normal,0.0,1000.0,1000.0,0,10,10
2026-08-24T08:31:46.194Z,0.6316345329417594,1.001458543700213,0.7240905356313728,0.6316345329417594,0.0924560026896134,0.0075,0.0075,0.0,normal,normal,normal,normal,0.0,1000.0,1000.0,0,10,10
2026-08-24T08:31:51.195Z,0.684763528681956,1.001458543700213,0.7639372824365203,0.6847635286819559,0.07917375375456437,0.007639372824365203,0.0075,0.0001393728243652033,normal,normal,normal,normal,0.0,1000.0,1000.0,0,10,10
2026-08-24T08:31:56.196Z,0.6749033158395393,1.001458543700213,0.7565421228047078,0.6749033158395393,0.08163880696516845,0.007565421228047078,0.0075,6.542122804707815e-05,normal,normal,normal,normal,0.0,1000.0,1000.0,0,10,10
2026-08-24T08:32:01.198Z,0.6682976734188625,1.001458543700213,0.7515878909892002,0.6682976734188625,0.08329021757033772,0.007515878909892002,0.0075,1.587890989200244e-05,normal,normal,normal,normal,0.0,1000.0,1000.0,0,10,10
2026-08-24T08:32:06.198Z,0.6056023209991324,1.001458543700213,0.7045663766744026,0.6056023209991324,0.09896405567527022,0.0075,0.0075,0.0,normal,normal,normal,normal,0.0,1000.0,1000.0,0,10,10
2026-08-24T08:32:11.199Z,0.584986636520241,1.000157073936946,0.6887792458744173,0.584986636520241,0.10379260935417634,0.0075,0.0075,0.0,normal,normal,normal,normal,0.0,1000.0,1000.0,0,10,10
2026-08-24T08:32:16.200Z,0.6750362723992539,1.000157073936946,0.756316472783677,0.6750362723992539,0.08128020038442307,0.00756316472783677,0.0075,6.316472783677012e-05,normal,normal,normal,normal,0.0,1000.0,1000.0,0,10,10
2026-08-24T08:32:21.207Z,0.6931487744752071,1.000157073936946,0.7699008493406418,0.6931487744752071,0.07675207486543478,0.007699008493406418,0.0075,0.00019900849340641867,normal,normal,normal,normal,0.0,1000.0,1000.0,0,10,10
2026-08-24T08:32:26.203Z,0.6917270937329041,1.000157073936946,0.7688345887839145,0.691727093732904,0.07710749505101056,0.007688345887839145,0.0075,0.00018834588783914544,normal,normal,normal,normal,0.0,1000.0,1000.0,0,10,10
2026-08-24T08:32:31.205Z,0.6929231271028228,1.001705374172557,0.7701186888702563,0.6929231271028228,0.07719556176743347,0.007701186888702563,0.0075,0.0002011868887025637,normal,normal,normal,normal,0.0,1000.0,1000.0,0,10,10
2026-08-24T08:32:36.207Z,0.8119677166497277,1.001705374172557,0.859402131030435,0.8119677166497277,0.04743441438070728,0.00859402131030435,0.008119677166497277,0.0004743441438070737,normal,normal,normal,normal,0.0,1000.0,1000.0,0,10,10
2026-08-24T08:32:41.207Z,0.7421410454950154,1.001705374172557,0.8070321276644008,0.7421410454950154,0.06489108216938544,0.008070321276644008,0.0075,0.0005703212766440084,normal,normal,normal,normal,0.0,1000.0,1000.0,0,10,10
2026-08-24T08:32:46.210Z,0.6510453884173572,1.001705374172557,0.7387103848561571,0.6510453884173572,0.08766499643879999,0.0075,0.0075,0.0,normal,normal,normal,normal,0.0,1000.0,1000.0,0,10,10
2026-08-24T08:32:51.210Z,0.5880030846588082,1.0019970829125995,0.691501584222256,0.5880030846588082,0.10349849956344781,0.0075,0.0075,0.0,normal,normal,normal,normal,0.0,1000.0,1000.0,0,10,10
2026-08-24T08:32:56.211Z,0.704213274887153,1.0019970829125995,0.7786592268935146,0.7042132748871529,0.07444595200636173,0.007786592268935146,0.0075,0.0002865922689351463,normal,normal,normal,normal,0.0,1000.0,1000.0,0,10,10
2026-08-24T08:33:01.212Z,0.7128625523811551,1.0019970829125995,0.7851461850140162,0.712862552381155,0.0722836326328612,0.007851461850140162,0.0075,0.0003514618501401622,normal,normal,normal,normal,0.0,1000.0,1000.0,0,10,10
2026-08-24T08:33:06.213Z,0.7374537035805857,1.0019970829125995,0.8035895484135891,0.7374537035805857,0.06613584483300339,0.00803589548413589,0.0075,0.0005358954841358909,normal,normal,normal,normal,0.0,1000.0,1000.0,0,10,10
2026-08-24T08:33:11.214Z,0.7604893087677681,0.9921238640188489,0.8183979475805383,0.7604893087677681,0.0579086388127702,0.008183979475805382,0.007604893087677681,0.0005790863881277013,normal,normal,normal,normal,0.0,1000.0,1000.0,0,10,10
2026-08-24T08:33:16.215Z,0.6992903378653966,0.9921238640188489,0.7724987194037597,0.6992903378653966,0.07320838153836307,0.007724987194037597,0.0075,0.00022498719403759703,normal,normal,normal,normal,0.0,1000.0,1000.0,0,10,10
2026-08-24T08:33:21.216Z,1.0061725429144104,0.9921238640188489,1.00266037319052,1.0061725429144104,-0.003512169723890457,0.0100266037319052,0.010061725429144104,-3.512169723890457e-05,normal,normal,normal,normal,0.0,1000.0,1000.0,0,10,10
2026-08-24T08:33:26.217Z,1.0061725429144104,0.9921238640188489,1.00266037319052,1.0061725429144104,-0.003512169723890457,0.0100266037319052,0.010061725429144104,-3.512169723890457e-05,normal,normal,normal,normal,0.0,1000.0,1000.0,0,10,10
2026-08-24T08:33:31.219Z,1.0349738466479634,0.9931489925649722,1.0245176331272157,1.0349738466479634,-0.01045621352074777,0.010245176331272157,0.010349738466479633,-0.00010456213520747618,normal,normal,normal,normal,0.0,1000.0,1000.0,0,10,10
2026-08-24T08:33:36.220Z,0.7687174801993798,0.9931489925649722,0.8248253582907779,0.7687174801993798,0.056107878091398056,0.00824825358290778,0.007687174801993798,0.0005610787809139815,normal,normal,normal,normal,0.0,1000.0,1000.0,0,10,10
2026-08-24T08:33:41.220Z,0.7185284639098726,0.9931489925649722,0.7871835960736475,0.7185284639098727,0.06865513216377483,0.007871835960736475,0.0075,0.00037183596073647567,normal,normal,normal,normal,0.0,1000.0,1000.0,0,10,10
2026-08-24T08:33:46.222Z,0.7948223716170589,0.9937293506843773,0.8445491163838885,0.7948223716170589,0.04972674476682959,0.008445491163838885,0.007948223716170589,0.0004972674476682957,normal,normal,normal,normal,0.0,1000.0,1000.0,0,10,10
2026-08-24T08:33:51.222Z,0.9223475646090744,0.995459959993707,0.9406256634552326,0.9223475646090744,0.018278098846158164,0.009406256634552326,0.009223475646090743,0.00018278098846158213,normal,normal,normal,normal,0.0,1000.0,1000.0,0,10,10
2026-08-24T08:33:56.223Z,0.8301170102788094,0.995459959993707,0.8714527477075338,0.8301170102788094,0.04133573742872443,0.008714527477075337,0.008301170102788094,0.0004133573742872432,normal,normal,normal,normal,0.0,1000.0,1000.0,0,10,10
2026-08-24T08:34:01.226Z,0.8158975568864387,0.995459959993707,0.8607881576632558,0.8158975568864387,0.04489060077681706,0.008607881576632557,0.008158975568864387,0.00044890600776817044,normal,normal,normal,normal,0.0,1000.0,1000.0,0,10,10
2026-08-24T08:34:06.225Z,0.782779960538084,0.997073456248171,0.8363533344656058,0.782779960538084,0.05357337392752182,0.008363533344656058,0.00782779960538084,0.0005357337392752175,normal,normal,normal,normal,0.0,1000.0,1000.0,0,10,10
2026-08-24T08:34:11.226Z,1.1893187394105802,0.9932239256207649,1.1402950359631263,1.1893187394105802,-0.04902370344745388,0.011402950359631263,0.011893187394105801,-0.0004902370344745388,normal,normal,normal,normal,0.0,1000.0,1000.0,0,10,10
2026-08-24T08:34:16.229Z,1.2774909145551059,0.9932239256207649,1.2064241673215208,1.2774909145551059,-0.07106674723358508,0.012064241673215207,0.012774909145551058,-0.0007106674723358509,normal,normal,normal,normal,0.0,1000.0,1000.0,0,10,10
2026-08-24T08:34:21.231Z,1.3298762995273286,0.9932239256207649,1.2457132060506875,1.3298762995273286,-0.08416309347664108,0.012457132060506875,0.013298762995273286,-0.0008416309347664113,normal,normal,normal,normal,0.0,1000.0,1000.0,0,10,10
2026-08-24T08:34:26.231Z,1.3478093535076403,0.9932239256207649,1.2591629965359212,1.34780935350764,-0.08864635697171885,0.012591629965359213,0.0134780935350764,-0.0008864635697171871,normal,normal,normal,normal,0.0,1000.0,1000.0,0,10,10
2026-08-24T08:34:31.232Z,1.3478093535076403,0.9932239256207649,1.2591629965359212,1.34780935350764,-0.08864635697171885,0.012591629965359213,0.0134780935350764,-0.0008864635697171871,normal,normal,normal,normal,0.0,1000.0,1000.0,0,10,10
2026-08-24T08:34:36.233Z,1.3480347272832454,0.9932239256207649,1.2593320268676251,1.3480347272832454,-0.08870270041562023,0.012593320268676251,0.013480347272832455,-0.0008870270041562035,normal,normal,normal,normal,0.0,1000.0,1000.0,0,10,10
2026-08-24T08:34:41.234Z,1.4282099950050686,0.9932239256207649,1.3194634776589926,1.4282099950050686,-0.10874651734607599,0.013194634776589926,0.014282099950050685,-0.001087465173460759,normal,normal,normal,normal,0.0,1000.0,1000.0,0,10,10
2026-08-24T08:34:46.241Z,1.3606897133815827,0.9934699392028822,1.2688847698369075,1.3606897133815827,-0.09180494354467528,0.012688847698369076,0.013606897133815826,-0.0009180494354467505,normal,normal,normal,normal,0.0,1000.0,1000.0,0,10,10
2026-08-24T08:34:51.240Z,1.2447600091592788,0.9939653231254222,1.1820613376508144,1.2447600091592788,-0.06269867150846431,0.011820613376508145,0.012447600091592789,-0.0006269867150846438,normal,normal,normal,normal,0.0,1000.0,1000.0,0,10,10
2026-08-24T08:34:56.239Z,1.0983925284348892,0.9939653231254222,1.0722857271075226,1.0983925284348892,-0.026106801327366647,0.010722857271075225,0.010983925284348892,-0.0002610680132736666,normal,normal,normal,normal,0.0,1000.0,1000.0,0,10,10
2026-08-24T08:35:01.240Z,1.1090500341133969,0.9939653231254222,1.0802788563664032,1.1090500341133969,-0.02877117774699367,0.010802788563664033,0.01109050034113397,-0.0002877117774699369,normal,normal,normal,normal,0.0,1000.0,1000.0,0,10,10
2026-08-24T08:35:06.239Z,1.1090033133742998,0.9939653231254222,1.0802438158120804,1.1090033133742998,-0.028759497562219405,0.010802438158120804,0.011090033133742998,-0.00028759497562219453,normal,normal,normal,normal,0.0,1000.0,1000.0,0,10,10
2026-08-24T08:35:11.240Z,0.5358269439086393,0.9954965097950912,0.6507443353802522,0.5358269439086393,0.11491739147161295,0.0075,0.0075,0.0,normal,normal,normal,normal,0.0,1000.0,1000.0,0,10,10
2026-08-24T08:35:16.241Z,0.2925251964930969,0.9954965097950912,0.4682680248185955,0.2925251964930969,0.1757428283254986,0.0075,0.0075,0.0,normal,normal,normal,normal,0.0,1000.0,1000.0,0,10,10
2026-08-24T08:35:21.241Z,0.29355595552198893,0.9954965097950912,0.4690410940902645,0.29355595552198893,0.17548513856827558,0.0075,0.0075,0.0,normal,normal,normal,normal,0.0,1000.0,1000.0,0,10,10
2026-08-24T08:35:26.242Z,0.21251916122671585,0.9954965097950912,0.4082634983688097,0.21251916122671585,0.19574433714209385,0.0075,0.0075,0.0,normal,normal,normal,normal,0.0,1000.0,1000.0,0,10,10
2026-08-24T08:35:31.242Z,0.21251916122671585,0.9954965097950912,0.4082634983688097,0.21251916122671585,0.19574433714209385,0.0075,0.0075,0.0,normal,normal,normal,normal,0.0,1000.0,1000.0,0,10,10
2026-08-24T08:35:36.243Z,0.21251916122671585,0.9954965097950912,0.4082634983688097,0.21251916122671585,0.19574433714209385,0.0075,0.0075,0.0,normal,normal,normal,normal,0.0,1000.0,1000.0,0,10,10
2026-08-24T08:35:41.244Z,0.21326561457441476,0.9954965097950912,0.40882333837958384,0.21326561457441476,0.1955577238051691,0.0075,0.0075,0.0,normal,normal,normal,normal,0.0,1000.0,1000.0,0,10,10
2026-08-24T08:35:46.257Z,0.07073421058364755,0.9954965097950912,0.30192478538650847,0.07073421058364755,0.23119057480286093,0.0075,0.0075,0.0,normal,normal,normal,normal,0.0,1000.0,1000.0,0,10,10
2026-08-24T08:35:51.256Z,0.06259141418029758,0.9946633641071831,0.295609401662019,0.06259141418029758,0.23301798748172142,0.0075,0.0075,0.0,normal,normal,normal,normal,0.0,1000.0,1000.0,0,10,10
2026-08-24T08:35:56.256Z,0.03752549476498886,0.9946633641071831,0.27680996210053743,0.03752549476498886,0.23928446733554856,0.0075,0.0075,0.0,normal,normal,normal,normal,0.0,1000.0,1000.0,0,10,10
2026-08-24T08:36:01.260Z,0.01682756114129102,0.9946633641071831,0.261286511882764,0.01682756114129102,0.244458950741473,0.0075,0.0075,0.0,normal,normal,normal,normal,0.0,1000.0,1000.0,0,10,10
2026-08-24T08:36:06.257Z,0.0,0.995380593988012,0.248845148497003,0.0,0.248845148497003,0.0075,0.0075,0.0,normal,normal,normal,normal,0.0,1000.0,1000.0,0,10,10
2026-08-24T08:36:11.258Z,0.0,0.9921582766235523,0.24803956915588807,0.0,0.24803956915588807,0.0075,0.0075,0.0,normal,normal,normal,normal,0.0,1000.0,1000.0,0,10,10
2026-08-24T08:36:16.259Z,0.17246276723630571,0.9921582766235523,0.3773866445831173,0.17246276723630571,0.2049238773468116,0.0075,0.0075,0.0,normal,normal,normal,normal,0.0,1000.0,1000.0,0,10,10
2026-08-24T08:36:21.261Z,0.17246919534426686,0.9921582766235523,0.3773914656640882,0.17246919534426686,0.20492227031982135,0.0075,0.0075,0.0,normal,normal,normal,normal,0.0,1000.0,1000.0,0,10,10
2026-08-24T08:36:26.262Z,0.17278507229075174,0.9924490025921335,0.3777010548660972,0.1727850722907517,0.20491598257534546,0.0075,0.0075,0.0,normal,normal,normal,normal,0.0,1000.0,1000.0,0,10,10
2026-08-24T08:36:31.263Z,0.1728432831756045,0.9924490025921335,0.3777447130297368,0.1728432831756045,0.2049014298541323,0.0075,0.0075,0.0,normal,normal,normal,normal,0.0,1000.0,1000.0,0,10,10
2026-08-24T08:36:36.268Z,0.8395352513206911,0.9924490025921335,0.8777636891385516,0.8395352513206911,0.03822843781786056,0.008777636891385516,0.008395352513206911,0.00038228437817860485,normal,normal,normal,normal,0.0,1000.0,1000.0,0,10,10
2026-08-24T08:36:41.266Z,0.8776324234550484,0.9924490025921335,0.9063365682393196,0.8776324234550484,0.02870414478427119,0.009063365682393196,0.008776324234550483,0.0002870414478427126,normal,normal,normal,normal,0.0,1000.0,1000.0,0,10,10
2026-08-24T08:36:46.271Z,0.9185174824585535,0.9924490025921335,0.9370003624919485,0.9185174824585535,0.018482880033395044,0.009370003624919484,0.009185174824585534,0.00018482880033394988,normal,normal,normal,normal,0.0,1000.0,1000.0,0,10,10
2026-08-24T08:36:51.269Z,0.9436449468045375,0.9943874675983321,0.9563305770029862,0.9436449468045375,0.012685630198448705,0.009563305770029862,0.009436449468045375,0.0001268563019844876,normal,normal,normal,normal,0.0,1000.0,1000.0,0,10,10
2026-08-24T08:36:56.270Z,0.9436449468045375,0.9943874675983321,0.9563305770029862,0.9436449468045375,0.012685630198448705,0.009563305770029862,0.009436449468045375,0.0001268563019844876,normal,normal,normal,normal,0.0,1000.0,1000.0,0,10,10
2026-08-24T08:37:01.271Z,1.2022399483390882,0.9943874675983321,1.150276828153899,1.2022399483390882,-0.051963120185189116,0.01150276828153899,0.012022399483390882,-0.0005196312018518924,normal,normal,normal,normal,0.0,1000.0,1000.0,0,10,10
2026-08-24T08:37:06.272Z,1.2023998007505754,0.9943874675983321,1.1503967174625145,1.2023998007505754,-0.052003083288060914,0.011503967174625145,0.012023998007505754,-0.0005200308328806094,normal,normal,normal,normal,0.0,1000.0,1000.0,0,10,10
2026-08-24T08:37:11.273Z,1.2082294364858706,0.9951538374845036,1.1549605367355287,1.2082294364858706,-0.05326889975034188,0.011549605367355288,0.012082294364858706,-0.0005326889975034183,normal,normal,normal,normal,0.0,1000.0,1000.0,0,10,10
2026-08-24T08:37:16.274Z,1.2268973007457968,0.9951538374845036,1.1689614349304736,1.2268973007457968,-0.057935865815323284,0.011689614349304735,0.012268973007457967,-0.0005793586581532319,normal,normal,normal,normal,0.0,1000.0,1000.0,0,10,10
2026-08-24T08:37:21.276Z,1.2346087138948763,0.9951538374845036,1.174744994792283,1.2346087138948763,-0.05986371910259325,0.01174744994792283,0.012346087138948763,-0.000598637191025932,normal,normal,normal,normal,0.0,1000.0,1000.0,0,10,10
2026-08-24T08:37:26.276Z,1.2346087138948763,0.9951538374845036,1.174744994792283,1.2346087138948763,-0.05986371910259325,0.01174744994792283,0.012346087138948763,-0.000598637191025932,normal,normal,normal,normal,0.0,1000.0,1000.0,0,10,10
2026-08-24T08:37:31.279Z,1.2428434262958328,0.9949735151583455,1.1808759485114608,1.2428434262958328,-0.06196747778437195,0.011808759485114608,0.012428434262958327,-0.0006196747778437189,normal,normal,normal,normal,0.0,1000.0,1000.0,0,10,10
2026-08-24T08:37:36.279Z,0.8341612536555095,0.9949735151583455,0.8743643190312186,0.8341612536555095,0.04020306537570906,0.008743643190312187,0.008341612536555095,0.00040203065375709127,normal,normal,normal,normal,0.0,1000.0,1000.0,0,10,10
2026-08-24T08:37:41.279Z,0.8497441383471326,0.9949735151583455,0.8860514825499358,0.8497441383471326,0.03630734420280324,0.008860514825499358,0.008497441383471326,0.00036307344202803245,normal,normal,normal,normal,0.0,1000.0,1000.0,0,10,10
2026-08-24T08:37:46.286Z,0.8495733209072504,0.9949735151583455,0.8859233694700241,0.8495733209072504,0.036350048562773796,0.008859233694700241,0.008495733209072504,0.0003635004856277369,normal,normal,normal,normal,0.0,1000.0,1000.0,0,10,10
2026-08-24T08:37:51.285Z,0.8646590041906563,0.9949735151583455,0.8972376319325787,0.8646590041906563,0.03257862774192233,0.008972376319325787,0.008646590041906562,0.00032578627741922453,normal,normal,normal,normal,0.0,1000.0,1000.0,0,10,10
2026-08-24T08:37:56.286Z,0.9236963727954548,0.9949735151583455,0.9415156583861776,0.9236963727954549,0.017819285590722655,0.009415156583861776,0.009236963727954548,0.00017819285590722767,normal,normal,normal,normal,0.0,1000.0,1000.0,0,10,10
2026-08-24T08:38:01.286Z,0.40312004089124465,0.9949735151583455,0.5510834094580199,0.4031200408912447,0.14796336856677522,0.0075,0.0075,0.0,normal,normal,normal,normal,0.0,1000.0,1000.0,0,10,10
2026-08-24T08:38:06.287Z,0.4310765887217731,0.9949735151583455,0.5720508203309163,0.4310765887217731,0.14097423160914313,0.0075,0.0075,0.0,normal,normal,normal,normal,0.0,1000.0,1000.0,0,10,10
2026-08-24T08:38:11.288Z,0.5512533628911805,0.9940493632367858,0.6619523629775819,0.5512533628911805,0.11069900008640132,0.0075,0.0075,0.0,normal,normal,normal,normal,0.0,1000.0,1000.0,0,10,10
2026-08-24T08:38:16.304Z,0.5555772857721185,0.993125211315226,0.6649642671578955,0.5555772857721185,0.10938698138577696,0.0075,0.0075,0.0,normal,normal,normal,normal,0.0,1000.0,1000.0,0,10,10
2026-08-24T08:38:21.291Z,0.5651021387247083,0.993125211315226,0.6721079068723377,0.5651021387247083,0.10700576814762941,0.0075,0.0075,0.0,normal,normal,normal,normal,0.0,1000.0,1000.0,0,10,10
2026-08-24T08:38:26.292Z,0.571115070884412,0.993125211315226,0.6766176059921156,0.571115070884412,0.10550253510770358,0.0075,0.0075,0.0,normal,normal,normal,normal,0.0,1000.0,1000.0,0,10,10
2026-08-24T08:38:31.293Z,0.5526019983685284,0.993035050152147,0.6627102613144331,0.5526019983685284,0.1101082629459047,0.0075,0.0075,0.0,normal,normal,normal,normal,0.0,1000.0,1000.0,0,10,10
2026-08-24T08:38:36.294Z,0.4209517138313734,0.9929448889890681,0.5639500076207971,0.4209517138313734,0.14299829378942364,0.0075,0.0075,0.0,normal,normal,normal,normal,0.0,1000.0,1000.0,0,10,10
2026-08-24T08:38:41.295Z,0.4231370197702986,0.9929448889890681,0.565588987074991,0.4231370197702986,0.14245196730469234,0.0075,0.0075,0.0,normal,normal,normal,normal,0.0,1000.0,1000.0,0,10,10
2026-08-24T08:38:46.296Z,0.44892692160954073,0.9929448889890681,0.5849314134544226,0.4489269216095407,0.1360044918448819,0.0075,0.0075,0.0,normal,normal,normal,normal,0.0,1000.0,1000.0,0,10,10
2026-08-24T08:38:51.297Z,0.46331645928783094,0.9929448889890681,0.5957235667131402,0.46331645928783094,0.13240710742530926,0.0075,0.0075,0.0,normal,normal,normal,normal,0.0,1000.0,1000.0,0,10,10
2026-08-24T08:38:56.298Z,0.4859525844844022,0.9929448889890681,0.6127006606105687,0.4859525844844022,0.1267480761261665,0.0075,0.0075,0.0,normal,normal,normal,normal,0.0,1000.0,1000.0,0,10,10
2026-08-24T08:39:01.299Z,1.0281196754513389,0.9929448889890681,1.0193259788357711,1.0281196754513389,-0.008793696615567725,0.01019325978835771,0.010281196754513389,-8.79369661556783e-05,normal,normal,normal,normal,0.0,1000.0,1000.0,0,10,10
2026-08-24T08:39:06.300Z,1.0137227015468546,0.9929448889890681,1.0085282484074078,1.0137227015468546,-0.005194453139446775,0.010085282484074079,0.010137227015468545,-5.194453139446657e-05,normal,normal,normal,normal,0.0,1000.0,1000.0,0,10,10
2026-08-24T08:39:11.302Z,1.128488761439008,0.9942313336795287,1.0949244044991382,1.128488761439008,-0.03356435693986981,0.010949244044991382,0.01128488761439008,-0.00033564356939869665,normal,normal,normal,normal,0.0,1000.0,1000.0,0,10,10
2026-08-24T08:39:16.303Z,1.1671550223123386,0.9938587974983631,1.1238309661088446,1.1671550223123386,-0.043324056203494,0.011238309661088446,0.011671550223123385,-0.0004332405620349391,normal,normal,normal,normal,0.0,1000.0,1000.0,0,10,10
2026-08-24T08:39:21.302Z,1.958043724426724,0.9938587974983631,1.7169974926946336,1.958043724426724,-0.24104623173209028,0.025754962390419505,0.02937065586640086,-0.0036156934759813547,defensive,defensive,high,high,0.0,500.0,500.0,0,6,6
2026-08-24T08:39:26.303Z,2.121570519123047,0.9938587974983631,1.839642588716876,2.121570519123047,-0.28192793040617103,0.02759463883075314,0.03,-0.002405361169246858,defensive,defensive,high,high,0.0,500.0,500.0,0,6,6
2026-08-24T08:39:31.304Z,2.119860937706346,0.993802352622429,1.8383462914353668,2.119860937706346,-0.2815146462709792,0.0275751943715305,0.03,-0.0024248056284694973,defensive,defensive,high,high,0.0,500.0,500.0,0,6,6
2026-08-24T08:39:36.304Z,2.119860937706346,0.9937459077464946,1.8383321802163832,2.119860937706346,-0.28152875748996276,0.027574982703245748,0.03,-0.002425017296754251,defensive,defensive,high,high,0.0,500.0,500.0,0,6,6
2026-08-24T08:39:41.305Z,2.170650637901798,0.9937459077464946,1.876424455362972,2.170650637901798,-0.2942261825388257,0.02814636683044458,0.03,-0.0018536331695554187,defensive,defensive,high,high,0.0,500.0,500.0,0,6,6
2026-08-24T08:39:46.308Z,2.2392712434902915,0.9937459077464946,1.9278899095543423,2.2392712434902915,-0.31138133393594924,0.028918348643315134,0.03,-0.0010816513566848651,defensive,defensive,high,high,0.0,500.0,500.0,0,6,6
2026-08-24T08:39:51.308Z,2.2123246513556185,0.9937459077464946,1.9076799654533374,2.2123246513556185,-0.3046446859022811,0.028615199481800063,0.03,-0.0013848005181999364,defensive,defensive,high,high,0.0,500.0,500.0,0,6,6
2026-08-24T08:39:56.308Z,2.2268861175527026,0.9885755571109255,1.9173084774422584,2.2268861175527026,-0.3095776401104442,0.028759627161633876,0.03,-0.001240372838366123,defensive,defensive,high,high,0.0,500.0,500.0,0,6,6
2026-08-24T08:40:01.309Z,1.6314357072326238,0.9899613375839381,1.4710671148204522,1.6314357072326235,-0.16036859241217138,0.022066006722306783,0.024471535608489352,-0.002405528886182569,defensive,defensive,high,high,0.0,500.0,500.0,0,6,6
2026-08-24T08:40:06.310Z,1.6373136811788156,0.9899613375839381,1.4754755952800962,1.6373136811788156,-0.1618380858987194,0.022132133929201443,0.024559705217682234,-0.0024275712884807912,defensive,defensive,high,high,0.0,500.0,500.0,0,6,6
2026-08-24T08:40:11.311Z,1.8265219584038592,0.9899613375839381,1.617381803198879,1.8265219584038592,-0.2091401552049803,0.024260727047983186,0.027397829376057888,-0.003137102328074702,defensive,defensive,high,high,0.0,500.0,500.0,0,6,6
2026-08-24T08:40:16.313Z,1.8124582922128982,0.9899613375839381,1.606834053555658,1.812458292212898,-0.20562423865724,0.02410251080333487,0.02718687438319347,-0.0030843635798585983,defensive,defensive,high,high,0.0,500.0,500.0,0,6,6
2026-08-24T08:40:21.313Z,1.0219135988317345,0.9899613375839381,1.0139255335197854,1.0219135988317345,-0.007988065311949066,0.010139255335197854,0.010219135988317345,-7.98806531194917e-05,normal,normal,normal,normal,0.0,1000.0,1000.0,0,10,10
2026-08-24T08:40:26.318Z,0.8347615691092684,0.9899613375839381,0.8735615112279358,0.8347615691092684,0.03879994211866744,0.008735615112279358,0.008347615691092684,0.00038799942118667406,normal,normal,normal,normal,0.0,1000.0,1000.0,0,10,10
2026-08-24T08:40:31.315Z,0.8347615691092684,0.9899613375839381,0.8735615112279358,0.8347615691092684,0.03879994211866744,0.008735615112279358,0.008347615691092684,0.00038799942118667406,normal,normal,normal,normal,0.0,1000.0,1000.0,0,10,10
2026-08-24T08:40:36.317Z,0.8347615691092684,0.9838115263740984,0.8720240584254758,0.8347615691092684,0.03726248931620746,0.008720240584254758,0.008347615691092684,0.00037262489316207403,normal,normal,normal,normal,0.0,1000.0,1000.0,0,10,10
2026-08-24T08:40:41.317Z,0.7599000128448904,0.9838115263740984,0.8158778912271923,0.7599000128448904,0.05597787838230195,0.008158778912271923,0.007599000128448904,0.000559778783823019,normal,normal,normal,normal,0.0,1000.0,1000.0,0,10,10
2026-08-24T08:40:46.323Z,0.6811829363328594,0.9838115263740984,0.7568400838431691,0.6811829363328594,0.07565714751030972,0.007568400838431691,0.0075,6.840083843169097e-05,normal,normal,normal,normal,0.0,1000.0,1000.0,0,10,10
2026-08-24T08:40:51.321Z,0.9278031966420012,0.9838115263740984,0.9418052790750254,0.9278031966420012,0.014002082433024254,0.009418052790750253,0.009278031966420013,0.0001400208243302406,normal,normal,normal,normal,0.0,1000.0,1000.0,0,10,10
2026-08-24T08:40:56.323Z,0.9117433147111079,0.9838115263740984,0.9297603676268555,0.9117433147111079,0.018017052915747622,0.009297603676268555,0.00911743314711108,0.0001801705291574751,normal,normal,normal,normal,0.0,1000.0,1000.0,0,10,10
2026-08-24T08:41:01.324Z,0.9119545365929239,0.9841452933459991,0.9300022257811926,0.9119545365929239,0.018047689188268712,0.009300022257811926,0.00911954536592924,0.00018047689188268635,normal,normal,normal,normal,0.0,1000.0,1000.0,0,10,10
2026-08-24T08:41:06.325Z,0.9029770852062834,0.9841452933459991,0.9232691372412123,0.9029770852062834,0.020292052034928898,0.009232691372412123,0.009029770852062835,0.0002029205203492885,normal,normal,normal,normal,0.0,1000.0,1000.0,0,10,10
2026-08-24T08:41:11.326Z,0.623028518308195,0.9841452933459991,0.713307712067646,0.623028518308195,0.09027919375945104,0.0075,0.0075,0.0,normal,normal,normal,normal,0.0,1000.0,1000.0,0,10,10
2026-08-24T08:41:16.327Z,0.6229850017048031,0.9829691952775139,0.7129810500979807,0.6229850017048031,0.08999604839317765,0.0075,0.0075,0.0,normal,normal,normal,normal,0.0,1000.0,1000.0,0,10,10
2026-08-24T08:41:21.329Z,0.6229850017048031,0.9829691952775139,0.7129810500979807,0.6229850017048031,0.08999604839317765,0.0075,0.0075,0.0,normal,normal,normal,normal,0.0,1000.0,1000.0,0,10,10
2026-08-24T08:41:26.330Z,0.6229850017048031,0.9829691952775139,0.7129810500979807,0.6229850017048031,0.08999604839317765,0.0075,0.0075,0.0,normal,normal,normal,normal,0.0,1000.0,1000.0,0,10,10
2026-08-24T08:41:31.331Z,0.6229850017048031,0.9829691952775139,0.7129810500979807,0.6229850017048031,0.08999604839317765,0.0075,0.0075,0.0,normal,normal,normal,normal,0.0,1000.0,1000.0,0,10,10
2026-08-24T08:41:36.332Z,0.6937534164549499,0.9785588275206948,0.7649547692213862,0.69375341645495,0.07120135276643613,0.007649547692213862,0.0075,0.0001495476922138625,normal,normal,normal,normal,0.0,1000.0,1000.0,0,10,10
2026-08-24T08:41:41.334Z,0.6939042292001452,0.9786473648495815,0.7650900131125042,0.6939042292001453,0.07118578391235897,0.007650900131125042,0.0075,0.00015090013112504207,normal,normal,normal,normal,0.0,1000.0,1000.0,0,10,10
2026-08-24T08:41:46.336Z,0.7138233502896596,0.9786473648495815,0.7800293539296401,0.7138233502896596,0.06620600363998053,0.007800293539296401,0.0075,0.000300293539296401,normal,normal,normal,normal,0.0,1000.0,1000.0,0,10,10
2026-08-24T08:41:51.338Z,0.24065298276551902,0.9786473648495815,0.4251515782865346,0.24065298276551902,0.18449859552101558,0.0075,0.0075,0.0,normal,normal,normal,normal,0.0,1000.0,1000.0,0,10,10
2026-08-24T08:41:56.339Z,0.239826891180451,0.9825831259895952,0.42551594988273705,0.239826891180451,0.18568905870228605,0.0075,0.0075,0.0,normal,normal,normal,normal,0.0,1000.0,1000.0,0,10,10
2026-08-24T08:42:01.340Z,0.2579157714587133,0.9825831259895952,0.4390826100914338,0.2579157714587133,0.18116683863272048,0.0075,0.0075,0.0,normal,normal,normal,normal,0.0,1000.0,1000.0,0,10,10
2026-08-24T08:42:06.342Z,0.5353559972613521,0.9825831259895952,0.6471627794434128,0.5353559972613521,0.11180678218206075,0.0075,0.0075,0.0,normal,normal,normal,normal,0.0,1000.0,1000.0,0,10,10
2026-08-24T08:42:11.344Z,0.5409041438069636,0.9825831259895952,0.6513238893526215,0.5409041438069636,0.11041974554565792,0.0075,0.0075,0.0,normal,normal,normal,normal,0.0,1000.0,1000.0,0,10,10
2026-08-24T08:42:16.351Z,0.541321448495826,0.9825831259895952,0.6516368678692683,0.541321448495826,0.11031541937344236,0.0075,0.0075,0.0,normal,normal,normal,normal,0.0,1000.0,1000.0,0,10,10
2026-08-24T08:42:21.353Z,0.5417384263258579,0.9834061530799357,0.6521553580143774,0.5417384263258579,0.11041693168851952,0.0075,0.0075,0.0,normal,normal,normal,normal,0.0,1000.0,1000.0,0,10,10
2026-08-24T08:42:26.355Z,0.5417384263258579,0.9834061530799357,0.6521553580143774,0.5417384263258579,0.11041693168851952,0.0075,0.0075,0.0,normal,normal,normal,normal,0.0,1000.0,1000.0,0,10,10
2026-08-24T08:42:31.356Z,0.5432439918695736,0.9834061530799357,0.6532845321721642,0.5432439918695736,0.11004054030259058,0.0075,0.0075,0.0,normal,normal,normal,normal,0.0,1000.0,1000.0,0,10,10
2026-08-24T08:42:36.363Z,0.5523879919345457,0.9846059810291354,0.6604424892081932,0.5523879919345457,0.10805449727364747,0.0075,0.0075,0.0,normal,normal,normal,normal,0.0,1000.0,1000.0,0,10,10
2026-08-24T08:42:41.361Z,0.6761992415851764,0.9851189127972819,0.7534291593882028,0.6761992415851764,0.07722991780302635,0.007534291593882028,0.0075,3.4291593882028286e-05,normal,normal,normal,normal,0.0,1000.0,1000.0,0,10,10
2026-08-24T08:42:46.367Z,0.651678307842135,0.9849490373725934,0.7349959902247496,0.651678307842135,0.08331768238261461,0.0075,0.0075,0.0,normal,normal,normal,normal,0.0,1000.0,1000.0,0,10,10
2026-08-24T08:42:51.368Z,0.6767117277300976,0.9849490373725934,0.7537710551407215,0.6767117277300976,0.07705932741062393,0.007537710551407215,0.0075,3.7710551407214854e-05,normal,normal,normal,normal,0.0,1000.0,1000.0,0,10,10
2026-08-24T08:42:56.368Z,0.6767117277300976,0.9847791619479048,0.7537285862845494,0.6767117277300976,0.07701685855445184,0.007537285862845494,0.0075,3.7285862845494455e-05,normal,normal,normal,normal,0.0,1000.0,1000.0,0,10,10
2026-08-24T08:43:01.370Z,0.6767117277300976,0.9849576367178651,0.7537732049770395,0.6767117277300976,0.0770614772469419,0.007537732049770395,0.0075,3.773204977039566e-05,normal,normal,normal,normal,0.0,1000.0,1000.0,0,10,10
2026-08-24T08:43:06.373Z,0.4689034099908467,0.9816048208055821,0.5970787626945305,0.4689034099908467,0.12817535270368385,0.0075,0.0075,0.0,normal,normal,normal,normal,0.0,1000.0,1000.0,0,10,10
2026-08-24T08:43:11.375Z,0.42303982403309653,0.9816048208055821,0.562681073226218,0.42303982403309653,0.13964124919312143,0.0075,0.0075,0.0,normal,normal,normal,normal,0.0,1000.0,1000.0,0,10,10
2026-08-24T08:43:16.377Z,0.4835525729014726,0.9782520048932989,0.6072274308994292,0.48355257290147263,0.12367485799795658,0.0075,0.0075,0.0,normal,normal,normal,normal,0.0,1000.0,1000.0,0,10,10
2026-08-24T08:43:21.377Z,0.49055549702833584,0.9782520048932989,0.6124796239945766,0.49055549702833584,0.12192412696624072,0.0075,0.0075,0.0,normal,normal,normal,normal,0.0,1000.0,1000.0,0,10,10
2026-08-24T08:43:26.378Z,0.6109466907501785,0.9782520048932989,0.7027730192859586,0.6109466907501785,0.0918263285357801,0.0075,0.0075,0.0,normal,normal,normal,normal,0.0,1000.0,1000.0,0,10,10
2026-08-24T08:43:31.379Z,0.6110866288968593,0.9782520048932989,0.7028779728959692,0.6110866288968593,0.09179134399910993,0.0075,0.0075,0.0,normal,normal,normal,normal,0.0,1000.0,1000.0,0,10,10
2026-08-24T08:43:36.382Z,0.6110866288968593,0.9782520048932989,0.7028779728959692,0.6110866288968593,0.09179134399910993,0.0075,0.0075,0.0,normal,normal,normal,normal,0.0,1000.0,1000.0,0,10,10
2026-08-24T08:43:41.384Z,0.4663987856900933,0.9782520048932989,0.5943620904908947,0.4663987856900933,0.12796330480080143,0.0075,0.0075,0.0,normal,normal,normal,normal,0.0,1000.0,1000.0,0,10,10
2026-08-24T08:43:46.386Z,0.5210745706032108,0.9799284128494404,0.6357880311647682,0.5210745706032108,0.1147134605615574,0.0075,0.0075,0.0,normal,normal,normal,normal,0.0,1000.0,1000.0,0,10,10
2026-08-24T08:43:51.387Z,0.5744322981779321,0.9799284128494404,0.6758063268458092,0.5744322981779321,0.10137402866787715,0.0075,0.0075,0.0,normal,normal,normal,normal,0.0,1000.0,1000.0,0,10,10
2026-08-24T08:43:56.390Z,0.5744322981779321,0.9816048208055821,0.6762254288348446,0.5744322981779321,0.10179313065691253,0.0075,0.0075,0.0,normal,normal,normal,normal,0.0,1000.0,1000.0,0,10,10
2026-08-24T08:44:01.391Z,0.6333191726903019,0.9820942883046239,0.7205129515938824,0.6333191726903019,0.08719377890358049,0.0075,0.0075,0.0,normal,normal,normal,normal,0.0,1000.0,1000.0,0,10,10
2026-08-24T08:44:06.393Z,0.633021763391471,0.9818223028105169,0.7202218982462325,0.633021763391471,0.08720013485476152,0.0075,0.0075,0.0,normal,normal,normal,normal,0.0,1000.0,1000.0,0,10,10
2026-08-24T08:44:11.394Z,0.6758546485149711,0.9818223028105169,0.7523465620888575,0.6758546485149711,0.0764919135738864,0.007523465620888575,0.0075,2.346562088857522e-05,normal,normal,normal,normal,0.0,1000.0,1000.0,0,10,10
2026-08-24T08:44:16.394Z,0.6224971286687562,0.9815503173164098,0.7122604258306696,0.6224971286687562,0.08976329716191345,0.0075,0.0075,0.0,normal,normal,normal,normal,0.0,1000.0,1000.0,0,10,10
2026-08-24T08:44:21.395Z,0.7781937680806816,0.9815503173164098,0.8290329053896137,0.7781937680806816,0.05083913730893208,0.008290329053896137,0.007781937680806816,0.0005083913730893203,normal,normal,normal,normal,0.0,1000.0,1000.0,0,10,10
2026-08-24T08:44:26.398Z,0.6247846289463694,0.9814936536718042,0.7139618851277281,0.6247846289463694,0.08917725618135863,0.0075,0.0075,0.0,normal,normal,normal,normal,0.0,1000.0,1000.0,0,10,10
2026-08-24T08:44:31.399Z,0.6247846289463694,0.9814936536718042,0.7139618851277281,0.6247846289463694,0.08917725618135863,0.0075,0.0075,0.0,normal,normal,normal,normal,0.0,1000.0,1000.0,0,10,10
2026-08-24T08:44:36.401Z,0.6247846289463694,0.9814369900271986,0.7139477192165767,0.6247846289463694,0.0891630902702073,0.0075,0.0075,0.0,normal,normal,normal,normal,0.0,1000.0,1000.0,0,10,10
2026-08-24T08:44:41.401Z,0.900614926467886,0.9815259769698069,0.9208426890933662,0.900614926467886,0.020227762625480206,0.009208426890933662,0.00900614926467886,0.0002022776262548022,normal,normal,normal,normal,0.0,1000.0,1000.0,0,10,10
2026-08-24T08:44:46.403Z,0.8455014332058547,0.9801772599510382,0.8791703898921506,0.8455014332058547,0.03366895668629588,0.008791703898921506,0.008455014332058548,0.00033668956686295874,normal,normal,normal,normal,0.0,1000.0,1000.0,0,10,10
2026-08-24T08:44:51.404Z,0.7426084389481428,0.9801772599510382,0.8020006441988666,0.7426084389481428,0.05939220525072386,0.008020006441988666,0.0075,0.0005200064419886661,normal,normal,normal,normal,0.0,1000.0,1000.0,0,10,10
2026-08-24T08:44:56.406Z,1.2305971873172334,0.9788285429322694,1.1676550262209924,1.2305971873172334,-0.06294216109624107,0.011676550262209925,0.012305971873172334,-0.0006294216109624089,normal,normal,normal,normal,0.0,1000.0,1000.0,0,10,10
2026-08-24T08:45:01.409Z,1.2784652323212922,0.9791614702614453,1.2036392918063306,1.2784652323212922,-0.07482594051496161,0.012036392918063306,0.012784652323212922,-0.0007482594051496164,normal,normal,normal,normal,0.0,1000.0,1000.0,0,10,10
2026-08-24T08:45:06.409Z,1.3226300988197168,0.9798456650022697,1.236933990365355,1.3226300988197168,-0.08569610845436193,0.01236933990365355,0.013226300988197168,-0.0008569610845436185,normal,normal,normal,normal,0.0,1000.0,1000.0,0,10,10
2026-08-24T08:45:11.409Z,1.4806084688822798,0.9798456650022697,1.3554177679122772,1.4806084688822798,-0.12519070097000262,0.013554177679122772,0.014806084688822798,-0.0012519070097000255,normal,normal,normal,normal,0.0,1000.0,1000.0,0,10,10
2026-08-24T08:45:16.409Z,1.4828327102602075,0.9796187017703132,1.357029208137734,1.4828327102602075,-0.1258035021224735,0.01357029208137734,0.014828327102602075,-0.0012580350212247349,normal,normal,normal,normal,0.0,1000.0,1000.0,0,10,10
2026-08-24T08:45:21.411Z,1.5271911822789463,0.9797076448156891,1.3903202979131322,1.5271911822789466,-0.1368708843658144,0.013903202979131323,0.022907867734184198,-0.009004664755052875,normal,defensive,normal,high,500.0,1000.0,500.0,4,10,6
2026-08-24T08:45:26.413Z,1.5271911822789463,0.9768909470625624,1.3896161234748505,1.5271911822789466,-0.13757505880409604,0.013896161234748504,0.022907867734184198,-0.009011706499435694,normal,defensive,normal,high,500.0,1000.0,500.0,4,10,6
2026-08-24T08:45:31.414Z,1.9459577592477373,0.9768909470625624,1.7036910562014436,1.9459577592477373,-0.24226670304629372,0.025555365843021653,0.02918936638871606,-0.003634000545694408,defensive,defensive,high,high,0.0,500.0,500.0,0,6,6
2026-08-24T08:45:36.415Z,1.9947757194413391,0.9768909470625624,1.740304526346645,1.9947757194413391,-0.2544711930946941,0.026104567895199673,0.029921635791620087,-0.003817067896420414,defensive,defensive,high,high,0.0,500.0,500.0,0,6,6
2026-08-24T08:45:41.419Z,1.746183632460201,0.9768909470625624,1.5538604611107913,1.746183632460201,-0.19232317134940957,0.02330790691666187,0.026192754486903017,-0.0028848475702411454,defensive,defensive,high,high,0.0,500.0,500.0,0,6,6
2026-08-24T08:45:46.420Z,1.7941158446656595,0.9768909470625624,1.5898096202648853,1.7941158446656595,-0.20430622440077428,0.023847144303973278,0.026911737669984892,-0.0030645933660116143,defensive,defensive,high,high,0.0,500.0,500.0,0,6,6
2026-08-24T08:45:51.421Z,2.0938110706039854,0.9768909470625624,1.8145810397186297,2.0938110706039854,-0.2792300308853557,0.027218715595779444,0.03,-0.002781284404220555,defensive,defensive,high,high,0.0,500.0,500.0,0,6,6
2026-08-24T08:45:56.422Z,1.4182677604133649,0.9768909470625624,1.3079235570756644,1.418267760413365,-0.11034420333770067,0.019618853356134967,0.01418267760413365,0.005436175752001317,defensive,normal,high,normal,-500.0,500.0,1000.0,-4,6,10
2026-08-24T08:46:01.423Z,1.3435468846597953,0.9772569858409691,1.251974409955089,1.3435468846597953,-0.09157247470470642,0.018779616149326335,0.013435468846597952,0.005344147302728383,defensive,normal,high,normal,-500.0,500.0,1000.0,-4,6,10
2026-08-24T08:46:06.425Z,1.2825799359952235,0.9794799000681353,1.2068049270134513,1.2825799359952235,-0.07577500898177214,0.012068049270134513,0.012825799359952235,-0.0007577500898177224,normal,normal,normal,normal,0.0,1000.0,1000.0,0,10,10
2026-08-24T08:46:11.425Z,1.2972170427992555,0.9815807404042698,1.218307967200509,1.2972170427992555,-0.07890907559874649,0.01218307967200509,0.012972170427992554,-0.0007890907559874646,normal,normal,normal,normal,0.0,1000.0,1000.0,0,10,10
2026-08-24T08:46:16.426Z,1.2972170427992555,0.9815807404042698,1.218307967200509,1.2972170427992555,-0.07890907559874649,0.01218307967200509,0.012972170427992554,-0.0007890907559874646,normal,normal,normal,normal,0.0,1000.0,1000.0,0,10,10
2026-08-24T08:46:21.435Z,1.2354624439875141,0.9815807404042698,1.171992018091703,1.2354624439875141,-0.0634704258958112,0.01171992018091703,0.012354624439875141,-0.0006347042589581117,normal,normal,normal,normal,0.0,1000.0,1000.0,0,10,10
2026-08-24T08:46:26.434Z,1.2354624439875141,0.9820122643652055,1.172099899081937,1.2354624439875141,-0.06336254490557724,0.01172099899081937,0.012354624439875141,-0.0006336254490557705,normal,normal,normal,normal,0.0,1000.0,1000.0,0,10,10
2026-08-24T08:46:31.435Z,0.7254433224595734,0.9824437883261412,0.7896934389262154,0.7254433224595734,0.06425011646664192,0.007896934389262153,0.0075,0.0003969343892621536,normal,normal,normal,normal,0.0,1000.0,1000.0,0,10,10
2026-08-24T08:46:36.435Z,0.626311727239031,0.9824437883261412,0.7153447425108085,0.626311727239031,0.08903301527177754,0.0075,0.0075,0.0,normal,normal,normal,normal,0.0,1000.0,1000.0,0,10,10
2026-08-24T08:46:41.438Z,0.6198013899246446,0.9824437883261412,0.7104619895250188,0.6198013899246446,0.0906605996003742,0.0075,0.0075,0.0,normal,normal,normal,normal,0.0,1000.0,1000.0,0,10,10
2026-08-24T08:46:46.439Z,0.5115300486096478,0.9830073377405212,0.6293993708923661,0.5115300486096478,0.11786932228271829,0.0075,0.0075,0.0,normal,normal,normal,normal,0.0,1000.0,1000.0,0,10,10
2026-08-24T08:46:51.440Z,0.5115300486096478,0.9833253822213135,0.6294788820125642,0.5115300486096478,0.1179488334029164,0.0075,0.0075,0.0,normal,normal,normal,normal,0.0,1000.0,1000.0,0,10,10
2026-08-24T08:46:56.441Z,0.5115300486096478,0.9833253822213135,0.6294788820125642,0.5115300486096478,0.1179488334029164,0.0075,0.0075,0.0,normal,normal,normal,normal,0.0,1000.0,1000.0,0,10,10
2026-08-24T08:47:01.449Z,0.5115300486096478,0.9833812320379858,0.6294928444667323,0.5115300486096478,0.11796279585708447,0.0075,0.0075,0.0,normal,normal,normal,normal,0.0,1000.0,1000.0,0,10,10
2026-08-24T08:47:06.446Z,0.5385432375630496,0.9832666878720409,0.6497241001402974,0.5385432375630496,0.1111808625772478,0.0075,0.0075,0.0,normal,normal,normal,normal,0.0,1000.0,1000.0,0,10,10
2026-08-24T08:47:11.449Z,0.5844227127876309,0.9830962875448721,0.6840911064769413,0.5844227127876309,0.09966839368931035,0.0075,0.0075,0.0,long_bias,long_bias,normal,normal,0.0,1000.0,1000.0,0,10,10
2026-08-24T08:47:16.451Z,0.8860396779515035,0.9830962875448721,0.9103038303498456,0.8860396779515035,0.02426415239834212,0.009103038303498456,0.008860396779515035,0.00024264152398342093,normal,normal,normal,normal,0.0,1000.0,1000.0,0,10,10
2026-08-24T08:47:21.459Z,0.8907833426176758,0.9830962875448721,0.9138615788494748,0.8907833426176758,0.023078236231799054,0.009138615788494748,0.008907833426176757,0.0002307823623179904,normal,normal,normal,normal,0.0,1000.0,1000.0,0,10,10
2026-08-24T08:47:26.453Z,0.8954013736821304,0.9878725590955806,0.9185191700354929,0.8954013736821304,0.02311779635336253,0.009185191700354929,0.008954013736821304,0.00023117796353362523,normal,normal,normal,normal,0.0,1000.0,1000.0,0,10,10
2026-08-24T08:47:31.459Z,0.6862262263161162,0.9875071371474249,0.7615464540239434,0.6862262263161162,0.0753202277078272,0.007615464540239434,0.0075,0.00011546454023943394,normal,normal,normal,normal,0.0,1000.0,1000.0,0,10,10
2026-08-24T08:47:36.456Z,0.9810368795497801,0.9875071371474249,0.9826544439491913,0.9810368795497801,0.0016175643994111866,0.009826544439491913,0.009810368795497801,1.6175643994111727e-05,normal,normal,normal,normal,0.0,1000.0,1000.0,0,10,10
2026-08-24T08:47:41.457Z,1.1537012774665036,0.9875071371474249,1.112152742386734,1.1537012774665036,-0.041548535079769744,0.01112152742386734,0.011537012774665036,-0.0004154853507976966,normal,normal,normal,normal,0.0,1000.0,1000.0,0,10,10
2026-08-24T08:47:46.461Z,1.1554224259384152,0.9875071371474249,1.1134436037406676,1.1554224259384152,-0.04197882219774751,0.011134436037406676,0.011554224259384151,-0.0004197882219774754,normal,normal,normal,normal,0.0,1000.0,1000.0,0,10,10
2026-08-24T08:47:51.459Z,1.163995080506351,0.9886947584789311,1.120169999999496,1.163995080506351,-0.04382508050685496,0.01120169999999496,0.01163995080506351,-0.0004382508050685494,normal,normal,normal,normal,0.0,1000.0,1000.0,0,10,10
2026-08-24T08:47:56.461Z,1.163995080506351,0.9886947584789311,1.120169999999496,1.163995080506351,-0.04382508050685496,0.01120169999999496,0.01163995080506351,-0.0004382508050685494,normal,normal,normal,normal,0.0,1000.0,1000.0,0,10,10
2026-08-24T08:48:01.462Z,1.163995080506351,0.9886947584789311,1.120169999999496,1.163995080506351,-0.04382508050685496,0.01120169999999496,0.01163995080506351,-0.0004382508050685494,normal,normal,normal,normal,0.0,1000.0,1000.0,0,10,10
2026-08-24T08:48:06.463Z,1.5193764300070907,0.9948750947992554,1.3882510962051318,1.5193764300070907,-0.1311253338019589,0.013882510962051318,0.02279064645010636,-0.008908135488055042,normal,defensive,normal,high,500.0,1000.0,500.0,4,10,6
2026-08-24T08:48:11.465Z,1.495799521653704,0.9952887642773424,1.3706718323096134,1.495799521653704,-0.12512768934409046,0.013706718323096135,0.01495799521653704,-0.0012512768934409054,normal,normal,normal,normal,0.0,1000.0,1000.0,0,10,10
2026-08-24T08:48:16.466Z,1.286089265669465,0.9952887642773424,1.2133891403214343,1.286089265669465,-0.07270012534803061,0.012133891403214343,0.01286089265669465,-0.0007270012534803076,normal,normal,normal,normal,0.0,1000.0,1000.0,0,10,10
2026-08-24T08:48:21.478Z,1.6586155093397343,0.9952887642773424,1.4927838230741364,1.6586155093397343,-0.16583168626559797,0.014927838230741364,0.024879232640096016,-0.009951394409354651,normal,defensive,normal,high,500.0,1000.0,500.0,4,10,6
2026-08-24T08:48:26.469Z,1.7174428801668895,0.9952887642773424,1.5369043511945026,1.7174428801668895,-0.18053852897238687,0.02305356526791754,0.02576164320250334,-0.002708077934585801,defensive,defensive,high,high,0.0,500.0,500.0,0,6,6
2026-08-24T08:48:31.470Z,1.7235540186201215,0.9929906005101924,1.5409131640926392,1.7235540186201215,-0.18264085452748224,0.02311369746138959,0.025853310279301822,-0.0027396128179122334,defensive,defensive,high,high,0.0,500.0,500.0,0,6,6
2026-08-24T08:48:36.471Z,1.5174443699038493,0.9929906005101924,1.3863309275554352,1.5174443699038493,-0.13111344234841416,0.020794963913331528,0.022761665548557738,-0.0019667016352262097,defensive,defensive,high,high,0.0,500.0,500.0,0,6,6
2026-08-24T08:48:41.473Z,1.412228501882313,0.9929906005101924,1.3074190265392829,1.412228501882313,-0.1048094753430302,0.019611285398089245,0.01412228501882313,0.005489000379266114,defensive,normal,high,normal,-500.0,500.0,1000.0,-4,6,10
2026-08-24T08:48:46.475Z,1.4269348762753382,0.9934472213919482,1.3185629625544908,1.4269348762753384,-0.10837191372084765,0.01977844443831736,0.014269348762753384,0.005509095675563977,defensive,normal,high,normal,-500.0,500.0,1000.0,-4,6,10
2026-08-24T08:48:51.476Z,1.4545833020096435,0.9927574552226796,1.3391268403129024,1.4545833020096435,-0.11545646169674106,0.020086902604693535,0.014545833020096434,0.005541069584597101,defensive,normal,high,normal,-500.0,500.0,1000.0,-4,6,10
2026-08-24T08:48:56.477Z,1.4545833020096435,0.9929286773752171,1.339169645851037,1.4545833020096435,-0.11541365615860655,0.020087544687765555,0.014545833020096434,0.005541711667669121,defensive,normal,high,normal,-500.0,500.0,1000.0,-4,6,10
2026-08-24T08:49:01.481Z,1.4545833020096435,0.9929286773752171,1.339169645851037,1.4545833020096435,-0.11541365615860655,0.020087544687765555,0.014545833020096434,0.005541711667669121,defensive,normal,high,normal,-500.0,500.0,1000.0,-4,6,10
2026-08-24T08:49:06.481Z,1.0393768463578743,0.9930999585997516,1.0278076244183436,1.0393768463578743,-0.011569221939530694,0.010278076244183436,0.010393768463578743,-0.00011569221939530631,normal,normal,normal,normal,0.0,1000.0,1000.0,0,10,10
2026-08-24T08:49:11.482Z,1.0484188924603768,0.9928929573577442,1.0345374086847188,1.0484188924603768,-0.01388148377565801,0.010345374086847188,0.010484188924603769,-0.00013881483775658038,normal,normal,normal,normal,0.0,1000.0,1000.0,0,10,10
2026-08-24T08:49:16.485Z,1.048740146941914,0.9932813326890776,1.0348754433787049,1.048740146941914,-0.013864703563209124,0.01034875443378705,0.01048740146941914,-0.00013864703563208972,normal,normal,normal,normal,0.0,1000.0,1000.0,0,10,10
2026-08-24T08:49:21.493Z,0.43363102328566355,0.9932813326890776,0.5735436006365171,0.43363102328566355,0.13991257735085355,0.0075,0.0075,0.0,normal,normal,normal,normal,0.0,1000.0,1000.0,0,10,10
2026-08-24T08:49:26.488Z,0.4196386509752381,0.9932813326890776,0.563049321403698,0.4196386509752381,0.1434106704284599,0.0075,0.0075,0.0,normal,normal,normal,normal,0.0,1000.0,1000.0,0,10,10
2026-08-24T08:49:31.489Z,0.4129819652886952,0.9904051908607717,0.5573377716817143,0.4129819652886952,0.1443558063930191,0.0075,0.0075,0.0,normal,normal,normal,normal,0.0,1000.0,1000.0,0,10,10
2026-08-24T08:49:36.491Z,0.5791665914367631,0.9908839779005525,0.6820959380527105,0.5791665914367631,0.10292934661594744,0.0075,0.0075,0.0,normal,normal,normal,normal,0.0,1000.0,1000.0,0,10,10
2026-08-24T08:49:41.493Z,0.5418916718584791,0.9908839779005525,0.6541397483689975,0.5418916718584791,0.11224807651051838,0.0075,0.0075,0.0,normal,normal,normal,normal,0.0,1000.0,1000.0,0,10,10
2026-08-24T08:49:46.494Z,0.6607000449440498,0.9908839779005525,0.7432460281831754,0.6607000449440498,0.08254598323912565,0.0075,0.0075,0.0,normal,normal,normal,normal,0.0,1000.0,1000.0,0,10,10
2026-08-24T08:49:51.493Z,0.7048158875531881,0.9956261510128913,0.7775184534181139,0.7048158875531881,0.07270256586492574,0.007775184534181139,0.0075,0.0002751845341811389,normal,normal,normal,normal,0.0,1000.0,1000.0,0,10,10
2026-08-24T08:49:56.496Z,0.7997692296004351,0.9956261510128913,0.8487334599535491,0.7997692296004351,0.048964230353114035,0.008487334599535492,0.00799769229600435,0.0004896423035311414,normal,normal,normal,normal,0.0,1000.0,1000.0,0,10,10
2026-08-24T08:50:01.504Z,0.9723238603330568,0.9956261510128913,0.9781494330030155,0.972323860333057,0.005825572669958534,0.009781494330030154,0.00972323860333057,5.82557266995843e-05,normal,normal,normal,normal,0.0,1000.0,1000.0,0,10,10
2026-08-24T08:50:06.501Z,0.980168111582676,0.9956261510128913,0.9840326214402298,0.980168111582676,0.0038645098575538217,0.009840326214402298,0.00980168111582676,3.86450985755387e-05,normal,normal,normal,normal,0.0,1000.0,1000.0,0,10,10
2026-08-24T08:50:11.501Z,1.036324836687082,0.9949355432780846,1.0259775133348328,1.036324836687082,-0.010347323352249305,0.010259775133348328,0.01036324836687082,-0.00010347323352249277,normal,normal,normal,normal,0.0,1000.0,1000.0,0,10,10
2026-08-24T08:50:16.503Z,1.1589348564938253,0.9974613431802445,1.11856647816543,1.1589348564938253,-0.04036837832839524,0.0111856647816543,0.011589348564938253,-0.0004036837832839535,normal,normal,normal,normal,0.0,1000.0,1000.0,0,10,10
2026-08-24T08:50:21.512Z,1.1719541652194905,0.9974613431802445,1.128330959709679,1.1719541652194905,-0.04362320550981158,0.01128330959709679,0.011719541652194906,-0.00043623205509811525,normal,normal,normal,normal,0.0,1000.0,1000.0,0,10,10
2026-08-24T08:50:26.506Z,1.2777170717212463,0.9974613431802445,1.2076531395859957,1.2777170717212463,-0.07006393213525053,0.012076531395859957,0.012777170717212462,-0.0007006393213525048,normal,normal,normal,normal,0.0,1000.0,1000.0,0,10,10
2026-08-24T08:50:31.509Z,1.4387617057989304,0.9974613431802445,1.328436615144259,1.4387617057989306,-0.11032509065467155,0.01328436615144259,0.014387617057989306,-0.0011032509065467162,normal,normal,normal,normal,0.0,1000.0,1000.0,0,10,10
2026-08-24T08:50:36.511Z,1.2464658372819155,0.9977376610185141,1.1842837932160653,1.2464658372819155,-0.06218204406585026,0.011842837932160653,0.012464658372819156,-0.0006218204406585031,normal,normal,normal,normal,0.0,1000.0,1000.0,0,10,10
2026-08-24T08:50:41.512Z,1.2475648003821707,0.9977376610185141,1.1851080155412566,1.2475648003821707,-0.062456784840914104,0.011851080155412566,0.012475648003821707,-0.000624567848409141,normal,normal,normal,normal,0.0,1000.0,1000.0,0,10,10
2026-08-24T08:50:46.514Z,1.1518317710673054,0.9979680428558233,1.1133658390144348,1.1518317710673054,-0.03846593205287063,0.011133658390144349,0.011518317710673054,-0.000384659320528705,normal,normal,normal,normal,0.0,1000.0,1000.0,0,10,10
2026-08-24T08:50:51.513Z,1.1159565126982924,0.9971367876604784,1.086251581438839,1.1159565126982924,-0.029704931259453504,0.01086251581438839,0.011159565126982924,-0.0002970493125945342,normal,normal,normal,normal,0.0,1000.0,1000.0,0,10,10
2026-08-24T08:50:56.513Z,1.0802863607585356,0.9971367876604784,1.0594989674840214,1.0802863607585356,-0.020787393274514177,0.010594989674840214,0.010802863607585356,-0.00020787393274514232,normal,normal,normal,normal,0.0,1000.0,1000.0,0,10,10
2026-08-24T08:51:01.515Z,0.8855659798692577,0.9971367876604784,0.9134586818170629,0.8855659798692578,0.027892701947805132,0.009134586818170629,0.008855659798692577,0.0002789270194780511,normal,normal,normal,normal,0.0,1000.0,1000.0,0,10,10
2026-08-24T08:51:06.515Z,0.8871913096915874,0.9971828384057636,0.9146891918701314,0.8871913096915874,0.027497882178543986,0.009146891918701314,0.008871913096915873,0.0002749788217854404,normal,normal,normal,normal,0.0,1000.0,1000.0,0,10,10
2026-08-24T08:51:11.515Z,0.8080548926623222,0.9971828384057636,0.8553368790981826,0.8080548926623222,0.047281986435860346,0.008553368790981826,0.008080548926623222,0.0004728198643586031,normal,normal,normal,normal,0.0,1000.0,1000.0,0,10,10
2026-08-24T08:51:16.516Z,0.6731277030803808,0.9972404078192294,0.7541558792650931,0.673127703080381,0.08102817618471214,0.007541558792650931,0.0075,4.155879265093157e-05,normal,normal,normal,normal,0.0,1000.0,1000.0,0,10,10
2026-08-24T08:51:21.522Z,0.672294606815464,0.9972404078192294,0.7535310570664053,0.672294606815464,0.08123645025094128,0.007535310570664053,0.0075,3.531057066405354e-05,normal,normal,normal,normal,0.0,1000.0,1000.0,0,10,10
2026-08-24T08:51:26.519Z,0.4378938875645319,0.9972979838802799,0.5777449116434689,0.4378938875645319,0.13985102407893696,0.0075,0.0075,0.0,normal,normal,normal,normal,0.0,1000.0,1000.0,0,10,10
2026-08-24T08:51:31.520Z,0.37122159647439656,0.9999076233805224,0.528393103200928,0.37122159647439656,0.15717150672653146,0.0075,0.0075,0.0,normal,normal,normal,normal,0.0,1000.0,1000.0,0,10,10
2026-08-24T08:51:36.523Z,0.37122159647439656,1.0,0.5284161973557975,0.37122159647439656,0.15719460088140091,0.0075,0.0075,0.0,normal,normal,normal,normal,0.0,1000.0,1000.0,0,10,10
2026-08-24T08:51:41.525Z,0.3994575631314647,1.0,0.5495931723485985,0.3994575631314647,0.15013560921713381,0.0075,0.0075,0.0,normal,normal,normal,normal,0.0,1000.0,1000.0,0,10,10
2026-08-24T08:51:46.527Z,0.41794516232943146,1.0,0.5634588717470737,0.41794516232943146,0.1455137094176422,0.0075,0.0075,0.0,normal,normal,normal,normal,0.0,1000.0,1000.0,0,10,10
2026-08-24T08:51:51.527Z,0.3987099631352513,1.0,0.5490324723514385,0.3987099631352513,0.15032250921618717,0.0075,0.0075,0.0,normal,normal,normal,normal,0.0,1000.0,1000.0,0,10,10
2026-08-24T08:51:56.532Z,0.3794440696590676,1.0,0.5345830522443007,0.3794440696590676,0.15513898258523312,0.0075,0.0075,0.0,normal,normal,normal,normal,0.0,1000.0,1000.0,0,10,10
2026-08-24T08:52:01.533Z,0.3752182042335676,1.0,0.5314136531751756,0.3752182042335676,0.15619544894160803,0.0075,0.0075,0.0,normal,normal,normal,normal,0.0,1000.0,1000.0,0,10,10
2026-08-24T08:52:06.534Z,0.3677158703040703,1.0,0.5257869027280527,0.3677158703040703,0.1580710324239824,0.0075,0.0075,0.0,normal,normal,normal,normal,0.0,1000.0,1000.0,0,10,10
2026-08-24T08:52:11.535Z,0.9803736255735178,1.0010393329791902,0.985540052424936,0.9803736255735179,0.005166426851418104,0.00985540052424936,0.009803736255735178,5.166426851418125e-05,normal,normal,normal,normal,0.0,1000.0,1000.0,0,10,10
2026-08-24T08:52:16.538Z,1.0317188189619977,1.0010393329791902,1.024048947466296,1.0317188189619977,-0.007669871495701752,0.01024048947466296,0.010317188189619977,-7.669871495701724e-05,normal,normal,normal,normal,0.0,1000.0,1000.0,0,10,10
2026-08-24T08:52:21.551Z,1.02621085816542,1.0010393329791902,1.0199179768688624,1.02621085816542,-0.006292881296557473,0.010199179768688624,0.0102621085816542,-6.292881296557536e-05,normal,normal,normal,normal,0.0,1000.0,1000.0,0,10,10
2026-08-24T08:52:26.539Z,1.0269444018433869,1.0010393329791902,1.0204681346273377,1.0269444018433869,-0.006476267216049214,0.010204681346273376,0.01026944401843387,-6.476267216049339e-05,normal,normal,normal,normal,0.0,1000.0,1000.0,0,10,10
2026-08-24T08:52:31.541Z,1.1033697218720173,0.996258401274915,1.0765918917227417,1.1033697218720173,-0.026777830149275594,0.010765918917227417,0.011033697218720172,-0.0002677783014927559,normal,normal,normal,normal,0.0,1000.0,1000.0,0,10,10
2026-08-24T08:52:36.545Z,1.1576368456117716,0.9964194964194965,1.1173325083137027,1.1576368456117716,-0.040304337298068926,0.011173325083137026,0.011576368456117717,-0.00040304337298069023,normal,normal,normal,normal,0.0,1000.0,1000.0,0,10,10
2026-08-24T08:52:41.544Z,1.1767500488026221,0.9964194964194965,1.1316674107068407,1.1767500488026221,-0.04508263809578139,0.011316674107068407,0.01176750048802622,-0.00045082638095781356,normal,normal,normal,normal,0.0,1000.0,1000.0,0,10,10
2026-08-24T08:52:46.545Z,1.1666433077398932,0.9964194964194965,1.124087354909794,1.1666433077398932,-0.042555952830099164,0.01124087354909794,0.011666433077398931,-0.0004255595283009922,normal,normal,normal,normal,0.0,1000.0,1000.0,0,10,10
2026-08-24T08:52:51.546Z,1.1666433077398932,0.9966735966735967,1.124150879973319,1.1666433077398932,-0.04249242776657414,0.01124150879973319,0.011666433077398931,-0.00042492427766574123,normal,normal,normal,normal,0.0,1000.0,1000.0,0,10,10
2026-08-24T08:52:56.547Z,1.2263109452380223,0.9967887258865658,1.1689303904001582,1.2263109452380223,-0.057380554837864084,0.011689303904001582,0.012263109452380223,-0.0005738055483786413,normal,normal,normal,normal,0.0,1000.0,1000.0,0,10,10
2026-08-24T08:53:01.549Z,1.2249635882168728,0.9967887258865658,1.167919872634296,1.2249635882168728,-0.057043715582576704,0.01167919872634296,0.012249635882168729,-0.000570437155825769,normal,normal,normal,normal,0.0,1000.0,1000.0,0,10,10
2026-08-24T08:53:06.551Z,1.4985317248685863,0.9967887258865658,1.3730959751230811,1.4985317248685863,-0.1254357497455052,0.013730959751230811,0.014985317248685863,-0.0012543574974550522,normal,normal,normal,normal,0.0,1000.0,1000.0,0,10,10
2026-08-24T08:53:11.553Z,1.3494057954854777,0.9966148691583386,1.2612080639036929,1.3494057954854777,-0.08819773158178479,0.012612080639036929,0.013494057954854777,-0.0008819773158178484,normal,normal,normal,normal,0.0,1000.0,1000.0,0,10,10
2026-08-24T08:53:16.554Z,1.2976734653475053,0.9967645767373067,1.2224462431949557,1.2976734653475053,-0.07522722215254962,0.012224462431949556,0.012976734653475054,-0.0007522722215254976,normal,normal,normal,normal,0.0,1000.0,1000.0,0,10,10
2026-08-24T08:53:21.569Z,1.4647844389650242,0.9967876126646639,1.3477852323899342,1.4647844389650242,-0.11699920657509,0.013477852323899342,0.014647844389650243,-0.0011699920657509012,normal,normal,normal,normal,0.0,1000.0,1000.0,0,10,10
2026-08-24T08:53:26.556Z,1.4703925307231136,0.9967876126646639,1.3519913012085012,1.4703925307231136,-0.1184012295146124,0.013519913012085012,0.014703925307231136,-0.0011840122951461245,normal,normal,normal,normal,0.0,1000.0,1000.0,0,10,10
2026-08-24T08:53:31.559Z,1.3611473084146188,0.9976427085740699,1.2702711584544815,1.3611473084146188,-0.09087614996013738,0.012702711584544816,0.013611473084146187,-0.0009087614996013717,normal,normal,normal,normal,0.0,1000.0,1000.0,0,10,10
2026-08-24T08:53:36.562Z,1.5503532065867323,0.9977349419867795,1.4121986404367441,1.5503532065867323,-0.1381545661499881,0.01412198640436744,0.023255298098800985,-0.009133311694433545,normal,defensive,normal,high,500.0,1000.0,500.0,4,10,6
2026-08-24T08:53:41.562Z,1.5671917843448648,0.9977349419867795,1.4248275737553435,1.5671917843448648,-0.1423642105895213,0.014248275737553434,0.02350787676517297,-0.009259601027619536,normal,defensive,normal,high,500.0,1000.0,500.0,4,10,6
2026-08-24T08:53:46.564Z,1.6000595528916028,0.9977349419867795,1.449478400165397,1.6000595528916028,-0.15058115272620576,0.01449478400165397,0.024000893293374043,-0.009506109291720072,normal,defensive,normal,high,500.0,1000.0,500.0,4,10,6
2026-08-24T08:53:51.564Z,1.6000595528916028,0.9977349419867795,1.449478400165397,1.6000595528916028,-0.15058115272620576,0.01449478400165397,0.024000893293374043,-0.009506109291720072,normal,defensive,normal,high,500.0,1000.0,500.0,4,10,6
2026-08-24T08:53:56.564Z,1.553724851604455,0.9979425295327924,1.4147792710865392,1.553724851604455,-0.13894558051791583,0.014147792710865392,0.023305872774066826,-0.009158080063201434,normal,defensive,normal,high,500.0,1000.0,500.0,4,10,6
2026-08-24T08:54:01.566Z,1.5628340185022938,0.9979425295327924,1.4216111462599184,1.5628340185022938,-0.1412228722423754,0.014216111462599185,0.02344251027753441,-0.009226398814935224,normal,defensive,normal,high,500.0,1000.0,500.0,4,10,6
2026-08-24T08:54:06.568Z,1.3853572962590535,0.9979425295327924,1.288503604577488,1.3853572962590535,-0.09685369168156543,0.01288503604577488,0.013853572962590535,-0.0009685369168156554,normal,normal,normal,normal,0.0,1000.0,1000.0,0,10,10
2026-08-24T08:54:11.569Z,1.4579712123528084,0.9977228592565194,1.3429091240787363,1.4579712123528086,-0.11506208827407227,0.013429091240787363,0.014579712123528085,-0.0011506208827407223,normal,normal,normal,normal,0.0,1000.0,1000.0,0,10,10
2026-08-24T08:54:16.569Z,1.4338406797725962,0.9974801183650823,1.3247505394207177,1.4338406797725962,-0.10909014035187847,0.013247505394207177,0.014338406797725961,-0.0010909014035187844,normal,normal,normal,normal,0.0,1000.0,1000.0,0,10,10
2026-08-24T08:54:21.577Z,1.5946842678155655,0.9975262403477136,1.4453947609486026,1.5946842678155655,-0.14928950686696285,0.014453947609486026,0.023920264017233482,-0.009466316407747456,normal,defensive,normal,high,500.0,1000.0,500.0,4,10,6
2026-08-24T08:54:26.572Z,1.660735023360342,0.9976184971098266,1.494955891797713,1.660735023360342,-0.1657791315626289,0.01494955891797713,0.02491102535040513,-0.009961466432427998,normal,defensive,normal,high,500.0,1000.0,500.0,4,10,6
2026-08-24T08:54:31.579Z,1.6836613717356645,0.9968786127167631,1.5119656819809393,1.6836613717356645,-0.17169568975472527,0.02267948522971409,0.025254920576034966,-0.0025754353463208757,defensive,defensive,high,high,0.0,500.0,500.0,0,6,6
2026-08-24T08:54:36.578Z,1.5708522553962088,0.9961387283236994,1.4271738736280815,1.5708522553962088,-0.1436783817681273,0.021407608104421223,0.02356278383094313,-0.0021551757265219074,defensive,defensive,high,high,0.0,500.0,500.0,0,6,6
2026-08-24T08:54:41.580Z,1.570557274037172,0.9961387283236994,1.4269526376088038,1.5705572740371718,-0.14360463642836807,0.021404289564132057,0.023558359110557578,-0.002154069546425521,defensive,defensive,high,high,0.0,500.0,500.0,0,6,6
2026-08-24T08:54:46.582Z,1.570179851695643,0.9963345397361331,1.4267185237057654,1.5701798516956427,-0.14346132798987732,0.02140077785558648,0.02355269777543464,-0.0021519199198481616,defensive,defensive,high,high,0.0,500.0,500.0,0,6,6
2026-08-24T08:54:51.584Z,1.5817555956947449,0.9963345397361331,1.435400331705092,1.581755595694745,-0.14635526398965304,0.02153100497557638,0.023726333935421173,-0.002195328959844794,defensive,defensive,high,high,0.0,500.0,500.0,0,6,6
2026-08-24T08:54:56.584Z,1.5494564669160076,0.9964151903418289,1.411196147772463,1.5494564669160076,-0.13826031914354453,0.021167942216586945,0.023241847003740115,-0.0020739047871531704,defensive,defensive,high,high,0.0,500.0,500.0,0,6,6
2026-08-24T08:55:01.585Z,1.5906716271557038,0.9964151903418289,1.4421075179522351,1.5906716271557038,-0.14856410920346863,0.021631612769283527,0.023860074407335556,-0.002228461638052029,defensive,defensive,high,high,0.0,500.0,500.0,0,6,6
2026-08-24T08:55:06.588Z,1.6096995951792774,0.9964151903418289,1.4563784939699154,1.6096995951792774,-0.15332110120936204,0.021845677409548733,0.024145493927689162,-0.0022998165181404295,defensive,defensive,high,high,0.0,500.0,500.0,0,6,6
2026-08-24T08:55:11.589Z,0.8364496657481145,0.996426754243952,0.8764439378720739,0.8364496657481145,0.03999427212395934,0.00876443937872074,0.008364496657481145,0.00039994272123959444,normal,normal,normal,normal,0.0,1000.0,1000.0,0,10,10
2026-08-24T08:55:16.591Z,0.8349652661438991,0.9964383181460752,0.8753335291444431,0.834965266143899,0.04036826300054408,0.00875333529144443,0.00834965266143899,0.00040368263000544087,normal,normal,normal,normal,0.0,1000.0,1000.0,0,10,10
2026-08-24T08:55:21.593Z,0.5306112481290153,0.99723507635354,0.6472672051851465,0.5306112481290153,0.11665595705613119,0.0075,0.0075,0.0,normal,normal,normal,normal,0.0,1000.0,1000.0,0,10,10
2026-08-24T08:55:26.592Z,0.6127569937483572,0.9976168440536789,0.7089719563246877,0.6127569937483572,0.09621496257633044,0.0075,0.0075,0.0,normal,normal,normal,normal,0.0,1000.0,1000.0,0,10,10
2026-08-24T08:55:31.595Z,0.591708416418923,0.9976168440536789,0.693185523327612,0.591708416418923,0.10147710690868894,0.0075,0.0075,0.0,normal,normal,normal,normal,0.0,1000.0,1000.0,0,10,10
2026-08-24T08:55:36.595Z,0.6415634546502901,0.9976168440536789,0.7305768020011373,0.6415634546502901,0.0890133473508472,0.0075,0.0075,0.0,normal,normal,normal,normal,0.0,1000.0,1000.0,0,10,10
2026-08-24T08:55:41.598Z,0.6415634546502901,0.9986348912540491,0.7308313138012299,0.6415634546502901,0.08926785915093982,0.0075,0.0075,0.0,normal,normal,normal,normal,0.0,1000.0,1000.0,0,10,10
2026-08-24T08:55:46.600Z,0.7523383614477553,0.9996529384544193,0.8141670056994214,0.7523383614477553,0.06182864425166601,0.008141670056994213,0.007523383614477553,0.0006182864425166605,normal,normal,normal,normal,0.0,1000.0,1000.0,0,10,10
2026-08-24T08:55:51.606Z,0.7533465136328686,0.9996529384544193,0.8149231198382563,0.7533465136328686,0.06157660620538763,0.008149231198382564,0.007533465136328686,0.0006157660620538779,normal,normal,normal,normal,0.0,1000.0,1000.0,0,10,10
2026-08-24T08:55:56.606Z,0.7543587953026614,0.9996529384544193,0.8156823310906008,0.7543587953026614,0.061323535787939476,0.008156823310906008,0.007543587953026614,0.0006132353578793938,normal,normal,normal,normal,0.0,1000.0,1000.0,0,10,10
2026-08-24T08:56:01.609Z,0.7547242358646647,0.9996760683958443,0.8159621939974597,0.7547242358646647,0.06123795813279498,0.008159621939974597,0.007547242358646647,0.0006123795813279499,normal,normal,normal,normal,0.0,1000.0,1000.0,0,10,10
2026-08-24T08:56:06.606Z,0.7150354130465133,0.9996760683958443,0.786195576883846,0.7150354130465133,0.0711601638373327,0.00786195576883846,0.0075,0.0003619557688384605,normal,normal,normal,normal,0.0,1000.0,1000.0,0,10,10
2026-08-24T08:56:11.608Z,0.7150354130465133,0.9996760683958443,0.786195576883846,0.7150354130465133,0.0711601638373327,0.00786195576883846,0.0075,0.0003619557688384605,normal,normal,normal,normal,0.0,1000.0,1000.0,0,10,10
2026-08-24T08:56:16.610Z,0.7205769696714242,0.9994908350305499,0.7903054360112055,0.720576969671424,0.06972846633978147,0.007903054360112054,0.0075,0.00040305436011205467,normal,normal,normal,normal,0.0,1000.0,1000.0,0,10,10
2026-08-24T08:56:21.614Z,0.7157581448774419,0.9994908350305499,0.786691317415719,0.715758144877442,0.07093317253827691,0.00786691317415719,0.0075,0.00036691317415719037,normal,normal,normal,normal,0.0,1000.0,1000.0,0,10,10
2026-08-24T08:56:26.613Z,0.49808826000226203,0.9994908350305499,0.623438903759334,0.49808826000226203,0.12535064375707194,0.0075,0.0075,0.0,normal,normal,normal,normal,0.0,1000.0,1000.0,0,10,10
2026-08-24T08:56:31.616Z,0.5375709947067965,0.9994908350305499,0.6530509547877348,0.5375709947067965,0.1154799600809383,0.0075,0.0075,0.0,normal,normal,normal,normal,0.0,1000.0,1000.0,0,10,10
2026-08-24T08:56:36.617Z,0.4785185724239226,0.9995602360837866,0.6087789883388885,0.47851857242392254,0.130260415914966,0.0075,0.0075,0.0,normal,normal,normal,normal,0.0,1000.0,1000.0,0,10,10
2026-08-24T08:56:41.619Z,0.48970831028829925,0.9995602360837866,0.6171712917371711,0.48970831028829925,0.12746298144887186,0.0075,0.0075,0.0,normal,normal,normal,normal,0.0,1000.0,1000.0,0,10,10
2026-08-24T08:56:46.622Z,0.2778021778276574,0.9973614165027197,0.45769198749642304,0.2778021778276574,0.1798898096687656,0.0075,0.0075,0.0,normal,normal,normal,normal,0.0,1000.0,1000.0,0,10,10
2026-08-24T08:56:51.622Z,0.2778021778276574,0.9973614165027197,0.45769198749642304,0.2778021778276574,0.1798898096687656,0.0075,0.0075,0.0,normal,normal,normal,normal,0.0,1000.0,1000.0,0,10,10
2026-08-24T08:56:56.623Z,0.28058046223707384,0.9973614165027197,0.4597757008034853,0.28058046223707384,0.17919523856641145,0.0075,0.0075,0.0,normal,normal,normal,normal,0.0,1000.0,1000.0,0,10,10
2026-08-24T08:57:01.628Z,0.2833730704846556,0.9973614165027197,0.46187015698917167,0.2833730704846556,0.17849708650451607,0.0075,0.0075,0.0,normal,normal,normal,normal,0.0,1000.0,1000.0,0,10,10
2026-08-24T08:57:06.629Z,0.2833730704846556,0.9978002130320011,0.46197985612149195,0.2833730704846556,0.17860678563683635,0.0075,0.0075,0.0,normal,normal,normal,normal,0.0,1000.0,1000.0,0,10,10
2026-08-24T08:57:11.631Z,0.30705828763869325,0.9978002130320011,0.4797437689870202,0.30705828763869325,0.17268548134832695,0.0075,0.0075,0.0,normal,normal,normal,normal,0.0,1000.0,1000.0,0,10,10
2026-08-24T08:57:16.632Z,1.0715170143850388,0.9978002130320011,1.0530878140467792,1.0715170143850388,-0.018429200338259566,0.010530878140467792,0.010715170143850388,-0.00018429200338259538,normal,normal,normal,normal,0.0,1000.0,1000.0,0,10,10
2026-08-24T08:57:21.638Z,1.09261231901564,0.9978002130320011,1.0689092925197303,1.09261231901564,-0.023703026495909718,0.010689092925197303,0.0109261231901564,-0.00023703026495909725,normal,normal,normal,normal,0.0,1000.0,1000.0,0,10,10
2026-08-24T08:57:26.634Z,1.093176819837737,0.9986338165146111,1.0695410690069556,1.093176819837737,-0.0236357508307814,0.010695410690069556,0.01093176819837737,-0.00023635750830781378,normal,normal,normal,normal,0.0,1000.0,1000.0,0,10,10
2026-08-24T08:57:31.636Z,1.0625956330734754,0.9986338165146111,1.0466051789337594,1.0625956330734754,-0.015990454139716004,0.010466051789337594,0.010625956330734754,-0.00015990454139716039,normal,normal,normal,normal,0.0,1000.0,1000.0,0,10,10
2026-08-24T08:57:36.638Z,1.0614837708886018,0.9986800666913671,1.0457828448392932,1.0614837708886018,-0.015700926049308617,0.010457828448392933,0.010614837708886018,-0.00015700926049308506,normal,normal,normal,normal,0.0,1000.0,1000.0,0,10,10
2026-08-24T08:57:41.640Z,1.0545310523035762,0.9986800666913671,1.040568305900524,1.0545310523035762,-0.013962746403052284,0.01040568305900524,0.010545310523035763,-0.00013962746403052215,normal,normal,normal,normal,0.0,1000.0,1000.0,0,10,10
2026-08-24T08:57:46.643Z,1.0542528118585404,0.99870322341608,1.0403654147479253,1.0542528118585404,-0.01388739711061504,0.010403654147479253,0.010542528118585404,-0.00013887397110615152,normal,normal,normal,normal,0.0,1000.0,1000.0,0,10,10
2026-08-24T08:57:51.645Z,1.0544706988434767,0.99870322341608,1.0405288299866275,1.0544706988434767,-0.013941868856849116,0.010405288299866275,0.010544706988434767,-0.00013941868856849268,normal,normal,normal,normal,0.0,1000.0,1000.0,0,10,10
2026-08-24T08:57:56.645Z,1.0653829228283187,0.99870322341608,1.048712997975259,1.0653829228283187,-0.016669924853059737,0.01048712997975259,0.010653829228283188,-0.0001666992485305982,normal,normal,normal,normal,0.0,1000.0,1000.0,0,10,10
2026-08-24T08:58:01.647Z,1.0643138004422648,0.99870322341608,1.0479111561857186,1.0643138004422648,-0.01640264425654614,0.010479111561857187,0.010643138004422648,-0.00016402644256546112,normal,normal,normal,normal,0.0,1000.0,1000.0,0,10,10
2026-08-24T08:58:06.649Z,1.0929172005163579,1.0033808818080772,1.0705331208392876,1.0929172005163579,-0.022384079677070234,0.010705331208392876,0.010929172005163579,-0.0002238407967707027,normal,normal,normal,normal,0.0,1000.0,1000.0,0,10,10
2026-08-24T08:58:11.650Z,1.2116932551278656,1.0033808818080772,1.1596151617979185,1.2116932551278656,-0.05207809332994717,0.011596151617979184,0.012116932551278657,-0.0005207809332994726,normal,normal,normal,normal,0.0,1000.0,1000.0,0,10,10
2026-08-24T08:58:16.650Z,0.22018277085056645,1.0033808818080772,0.4159822985899441,0.22018277085056645,0.19579952773937767,0.0075,0.0075,0.0,normal,normal,normal,normal,0.0,1000.0,1000.0,0,10,10
2026-08-24T08:58:21.655Z,0.3022257965369978,1.0033808818080772,0.47751456785476765,0.3022257965369978,0.17528877131776982,0.0075,0.0075,0.0,normal,normal,normal,normal,0.0,1000.0,1000.0,0,10,10
2026-08-24T08:58:26.652Z,0.3110013809609848,0.99821693219711,0.48280526877001606,0.3110013809609848,0.17180388780903127,0.0075,0.0075,0.0,normal,normal,normal,normal,0.0,1000.0,1000.0,0,10,10
2026-08-24T08:58:31.653Z,0.3174730410128405,0.99821693219711,0.48765901380890786,0.3174730410128405,0.17018597279606734,0.0075,0.0075,0.0,normal,normal,normal,normal,0.0,1000.0,1000.0,0,10,10
2026-08-24T08:58:36.656Z,0.3290582160224465,0.99821693219711,0.49634789506611243,0.3290582160224465,0.16728967904366593,0.0075,0.0075,0.0,normal,normal,normal,normal,0.0,1000.0,1000.0,0,10,10
2026-08-24T08:58:41.658Z,0.329811757726829,0.99821693219711,0.4969130513443993,0.329811757726829,0.16710129361757026,0.0075,0.0075,0.0,normal,normal,normal,normal,0.0,1000.0,1000.0,0,10,10
2026-08-24T08:58:46.659Z,0.3329850947638076,0.9999073731011486,0.49971566434814285,0.3329850947638076,0.16673056958433524,0.0075,0.0075,0.0,normal,normal,normal,normal,0.0,1000.0,1000.0,0,10,10
2026-08-24T08:58:51.661Z,0.3329645783512764,0.9999073731011486,0.4997002770387444,0.3329645783512764,0.16673569868746801,0.0075,0.0075,0.0,normal,normal,normal,normal,0.0,1000.0,1000.0,0,10,10
2026-08-24T08:58:56.663Z,0.3425647167450389,0.9999073731011486,0.5069003808340663,0.3425647167450389,0.1643356640890274,0.0075,0.0075,0.0,normal,normal,normal,normal,0.0,1000.0,1000.0,0,10,10
2026-08-24T08:59:01.665Z,0.4962664278583269,0.9999073731011486,0.6221766641690324,0.4962664278583269,0.12591023631070547,0.0075,0.0075,0.0,normal,normal,normal,normal,0.0,1000.0,1000.0,0,10,10
2026-08-24T08:59:06.667Z,1.1646900350654412,0.9999536844055394,1.1235059474004658,1.1646900350654412,-0.04118408766497539,0.011235059474004659,0.011646900350654412,-0.0004118408766497529,normal,normal,normal,normal,0.0,1000.0,1000.0,0,10,10
2026-08-24T08:59:11.670Z,1.444637791049573,0.9999536844055394,1.3334667643885645,1.444637791049573,-0.11117102666100842,0.013334667643885644,0.01444637791049573,-0.0011117102666100866,normal,normal,normal,normal,0.0,1000.0,1000.0,0,10,10
2026-08-24T08:59:16.670Z,1.4556536399803066,1.0,1.34174022998523,1.4556536399803066,-0.11391340999507671,0.0134174022998523,0.014556536399803066,-0.0011391340999507664,normal,normal,normal,normal,0.0,1000.0,1000.0,0,10,10
2026-08-24T08:59:21.682Z,1.4989467719566452,1.0,1.3742100789674838,1.4989467719566452,-0.12473669298916135,0.013742100789674838,0.014989467719566453,-0.0012473669298916149,normal,normal,normal,normal,0.0,1000.0,1000.0,0,10,10
2026-08-24T08:59:26.673Z,1.557684001860172,0.9990041685965724,1.418014043544272,1.5576840018601719,-0.1396699583158998,0.01418014043544272,0.02336526002790258,-0.00918511959245986,normal,defensive,normal,high,500.0,1000.0,500.0,4,10,6
2026-08-24T08:59:31.676Z,1.5755756087262867,0.9990041685965724,1.431432748693858,1.5755756087262867,-0.1441428600324286,0.01431432748693858,0.0236336341308943,-0.00931930664395572,normal,defensive,normal,high,500.0,1000.0,500.0,4,10,6
2026-08-24T08:59:36.679Z,1.5752730592685538,0.9990041685965724,1.4312058366005584,1.5752730592685538,-0.14406722266799532,0.014312058366005584,0.02362909588902831,-0.009317037523022724,normal,defensive,normal,high,500.0,1000.0,500.0,4,10,6
2026-08-24T08:59:41.680Z,1.577500694875241,0.9990041685965724,1.432876563305574,1.5775006948752412,-0.14462413156966725,0.01432876563305574,0.023662510423128617,-0.009333744790072877,normal,defensive,normal,high,500.0,1000.0,500.0,4,10,6
2026-08-24T08:59:46.682Z,1.585015561891478,0.9990968040759611,1.438535872437599,1.5850155618914783,-0.14647968945387935,0.01438535872437599,0.023775233428372174,-0.009389874703996184,normal,defensive,normal,high,500.0,1000.0,500.0,4,10,6
2026-08-24T08:59:51.684Z,1.5872452526518508,0.9990968040759611,1.4402081405078784,1.5872452526518508,-0.14703711214397241,0.014402081405078784,0.02380867878977776,-0.009406597384698977,normal,defensive,normal,high,500.0,1000.0,500.0,4,10,6
2026-08-24T08:59:56.686Z,1.5840212530304283,0.9991430821251563,1.4378017103041103,1.5840212530304283,-0.14621954272631799,0.014378017103041103,0.023760318795456425,-0.009382301692415322,normal,defensive,normal,high,500.0,1000.0,500.0,4,10,6
2026-08-24T09:00:01.688Z,1.5375509268250418,0.9991430821251563,1.4029489656500704,1.5375509268250418,-0.13460196117497136,0.014029489656500704,0.023063263902375626,-0.009033774245874922,normal,defensive,normal,high,500.0,1000.0,500.0,4,10,6
2026-08-24T09:00:06.690Z,0.6881574591969085,0.9982166844226227,0.7656722655033371,0.6881574591969085,0.0775148063064286,0.007656722655033371,0.0075,0.00015672265503337106,normal,normal,normal,normal,0.0,1000.0,1000.0,0,10,10
2026-08-24T09:00:11.692Z,0.6489374137149655,0.9982166844226227,0.7362572313918798,0.6489374137149655,0.08731981767691432,0.0075,0.0075,0.0,normal,normal,normal,normal,0.0,1000.0,1000.0,0,10,10
2026-08-24T09:00:16.694Z,0.7678050417291957,0.9982166844226227,0.8254079524025525,0.7678050417291957,0.057602910673356766,0.008254079524025525,0.007678050417291957,0.0005760291067335686,normal,normal,normal,normal,0.0,1000.0,1000.0,0,10,10
2026-08-24T09:00:21.699Z,0.7669257563851112,0.9982166844226227,0.8247484883944891,0.7669257563851112,0.05782273200937793,0.00824748488394489,0.007669257563851112,0.0005782273200937785,normal,normal,normal,normal,0.0,1000.0,1000.0,0,10,10
2026-08-24T09:00:26.698Z,0.7949505441533522,1.0023391541988975,0.8467976966647386,0.7949505441533522,0.051847152511386385,0.008467976966647386,0.007949505441533522,0.0005184715251138634,normal,normal,normal,normal,0.0,1000.0,1000.0,0,10,10
2026-08-24T09:00:31.700Z,0.9516375570094616,1.0023391541988975,0.9643129563068207,0.9516375570094616,0.012675399297359058,0.009643129563068207,0.009516375570094616,0.0001267539929735908,normal,normal,normal,normal,0.0,1000.0,1000.0,0,10,10
2026-08-24T09:00:36.700Z,0.963274822190011,1.002292728114868,0.9730292986712252,0.963274822190011,0.009754476481214192,0.009730292986712252,0.00963274822190011,9.754476481214219e-05,normal,normal,normal,normal,0.0,1000.0,1000.0,0,10,10
2026-08-24T09:00:41.702Z,0.9593384826786048,1.002292728114868,0.9700770440376705,0.9593384826786048,0.010738561359065701,0.009700770440376705,0.009593384826786048,0.00010738561359065722,normal,normal,normal,normal,0.0,1000.0,1000.0,0,10,10
2026-08-24T09:00:46.704Z,0.9920112439531962,1.002454840203798,0.9946221430158466,0.9920112439531962,0.0026108990626504402,0.009946221430158466,0.009920112439531961,2.610899062650482e-05,normal,normal,normal,normal,0.0,1000.0,1000.0,0,10,10
2026-08-24T09:00:51.706Z,1.0058348515652178,1.002454840203798,1.004989848724863,1.0058348515652178,-0.0008450028403548249,0.01004989848724863,0.010058348515652177,-8.450028403547e-06,normal,normal,normal,normal,0.0,1000.0,1000.0,0,10,10
2026-08-24T09:00:56.708Z,1.009816554014579,1.002454840203798,1.0079761255618838,1.009816554014579,-0.0018404284526951642,0.010079761255618838,0.01009816554014579,-1.840428452695199e-05,normal,normal,normal,normal,0.0,1000.0,1000.0,0,10,10
2026-08-24T09:01:01.710Z,1.0791720009565753,1.002454840203798,1.059992710768381,1.0791720009565753,-0.019179290188194198,0.01059992710768381,0.010791720009565752,-0.00019179290188194205,normal,normal,normal,normal,0.0,1000.0,1000.0,0,10,10
2026-08-24T09:01:06.712Z,0.9266016813136435,1.002616952292728,0.9456054990584146,0.9266016813136435,0.019003817744771112,0.009456054990584146,0.009266016813136435,0.00019003817744771105,normal,normal,normal,normal,0.0,1000.0,1000.0,0,10,10
2026-08-24T09:01:11.714Z,1.03663802110349,1.002616952292728,1.0281327539007994,1.03663802110349,-0.008505267202690625,0.010281327539007994,0.0103663802110349,-8.5052672026905e-05,normal,normal,normal,normal,0.0,1000.0,1000.0,0,10,10
2026-08-24T09:01:16.716Z,1.023617062773721,1.002616952292728,1.0183670351534728,1.023617062773721,-0.005250027620248288,0.010183670351534727,0.01023617062773721,-5.250027620248322e-05,normal,normal,normal,normal,0.0,1000.0,1000.0,0,10,10
2026-08-24T09:01:21.733Z,1.048003114477342,1.002616952292728,1.0366565739311886,1.048003114477342,-0.011346540546153472,0.010366565739311885,0.01048003114477342,-0.00011346540546153423,normal,normal,normal,normal,0.0,1000.0,1000.0,0,10,10
2026-08-24T09:01:26.720Z,1.0480848643634948,1.0004400185270959,1.036173652904395,1.0480848643634948,-0.01191121145909979,0.01036173652904395,0.010480848643634948,-0.00011911211459099923,normal,normal,normal,normal,0.0,1000.0,1000.0,0,10,10
2026-08-24T09:01:31.722Z,1.2993514033417406,0.9982630847614635,1.2240793236966714,1.2993514033417406,-0.07527207964506921,0.012240793236966713,0.012993514033417405,-0.000752720796450692,normal,normal,normal,normal,0.0,1000.0,1000.0,0,10,10
2026-08-24T09:01:36.724Z,1.3227039558721383,0.9982630847614635,1.2415937380944695,1.3227039558721383,-0.0811102177776688,0.012415937380944694,0.013227039558721383,-0.0008111021777766885,normal,normal,normal,normal,0.0,1000.0,1000.0,0,10,10
2026-08-24T09:01:41.724Z,1.3363316543550765,0.9982630847614635,1.2518145119566733,1.3363316543550765,-0.08451714239840324,0.012518145119566733,0.013363316543550765,-0.0008451714239840324,normal,normal,normal,normal,0.0,1000.0,1000.0,0,10,10
2026-08-24T09:01:46.728Z,1.380059885635254,0.9992473367299676,1.2848567484089324,1.380059885635254,-0.09520313722632157,0.012848567484089324,0.01380059885635254,-0.0009520313722632158,normal,normal,normal,normal,0.0,1000.0,1000.0,0,10,10
2026-08-24T09:01:51.728Z,1.5056392674708452,1.0002315886984714,1.3792873477777519,1.5056392674708452,-0.12635191969309334,0.01379287347777752,0.02258458901206268,-0.00879171553428516,normal,defensive,normal,high,500.0,1000.0,500.0,4,10,6
2026-08-24T09:01:56.730Z,1.5012904989476257,1.0002315886984714,1.3760257713853372,1.5012904989476257,-0.12526472756228846,0.013760257713853372,0.022519357484214384,-0.008759099770361012,normal,defensive,normal,high,500.0,1000.0,500.0,4,10,6
2026-08-24T09:02:01.731Z,1.3399005973519973,1.0002315886984714,1.2549833451886159,1.3399005973519973,-0.08491725216338142,0.012549833451886159,0.013399005973519973,-0.0008491725216338147,normal,normal,normal,normal,0.0,1000.0,1000.0,0,10,10
2026-08-24T09:02:06.733Z,1.6800084793641148,1.0009379342288096,1.5102408430802885,1.6800084793641148,-0.1697676362838263,0.022653612646204326,0.025200127190461722,-0.002546514544257396,defensive,defensive,high,high,0.0,500.0,500.0,0,6,6
2026-08-24T09:02:11.735Z,1.5804719348125291,1.0016442797591478,1.435765021049184,1.5804719348125291,-0.1447069137633452,0.02153647531573776,0.023707079022187938,-0.0021706037064501763,defensive,defensive,high,high,0.0,500.0,500.0,0,6,6
2026-08-24T09:02:16.735Z,1.7758439849773093,1.0016442797591478,1.582294058672769,1.7758439849773093,-0.19354992630454038,0.023734410880091535,0.02663765977465964,-0.0029032488945681043,defensive,defensive,high,high,0.0,500.0,500.0,0,6,6
2026-08-24T09:02:21.742Z,1.8502745573859924,1.0016442797591478,1.6381169879792814,1.8502745573859924,-0.21215756940671104,0.02457175481968922,0.027754118360789885,-0.003182363541100665,defensive,defensive,high,high,0.0,500.0,500.0,0,6,6
2026-08-24T09:02:26.738Z,1.8509419942394294,0.9997799907364521,1.6381514933636852,1.8509419942394294,-0.21279050087574425,0.02457227240045528,0.02776412991359144,-0.0031918575131361614,defensive,defensive,high,high,0.0,500.0,500.0,0,6,6
2026-08-24T09:02:31.739Z,1.376269869125896,0.9979157017137563,1.281681327272861,1.376269869125896,-0.094588541853035,0.019225219909092914,0.01376269869125896,0.005462521217833954,defensive,normal,high,normal,-500.0,500.0,1000.0,-4,6,10
2026-08-24T09:02:36.742Z,1.3457665921028725,0.9979157017137563,1.2588038695055934,1.3457665921028725,-0.08696272259727911,0.018882058042583902,0.013457665921028724,0.0054243921215551775,defensive,normal,high,normal,-500.0,500.0,1000.0,-4,6,10
2026-08-24T09:02:41.744Z,1.330881765255703,0.9979619250544259,1.2476518052053838,1.330881765255703,-0.08322996005031924,0.012476518052053838,0.01330881765255703,-0.0008322996005031922,normal,normal,normal,normal,0.0,1000.0,1000.0,0,10,10
2026-08-24T09:02:46.744Z,1.2716828964943454,0.9977766455139191,1.2032063337492387,1.2716828964943454,-0.06847656274510672,0.012032063337492387,0.012716828964943454,-0.0006847656274510672,normal,normal,normal,normal,0.0,1000.0,1000.0,0,10,10
2026-08-24T09:02:51.745Z,1.069400870978326,0.9975913659734125,1.0514484947270977,1.069400870978326,-0.017952376251228364,0.010514484947270976,0.01069400870978326,-0.00017952376251228336,normal,normal,normal,normal,0.0,1000.0,1000.0,0,10,10
2026-08-24T09:02:56.747Z,1.069100768184915,0.9975913659734125,1.0512234176320394,1.069100768184915,-0.017877350552875537,0.010512234176320395,0.01069100768184915,-0.00017877350552875614,normal,normal,normal,normal,0.0,1000.0,1000.0,0,10,10
2026-08-24T09:03:01.749Z,1.069100768184915,0.9977646772680419,1.0512667454556968,1.069100768184915,-0.01783402272921819,0.010512667454556968,0.01069100768184915,-0.0001783402272921824,normal,normal,normal,normal,0.0,1000.0,1000.0,0,10,10
2026-08-24T09:03:06.750Z,0.42323340917312163,0.9977761819824411,0.5668691023754515,0.42323340917312163,0.14363569320232988,0.0075,0.0075,0.0,normal,normal,normal,normal,0.0,1000.0,1000.0,0,10,10
2026-08-24T09:03:11.752Z,0.44609503870161865,0.9977530172114248,0.5840095333290702,0.44609503870161865,0.1379144946274516,0.0075,0.0075,0.0,normal,normal,normal,normal,0.0,1000.0,1000.0,0,10,10
2026-08-24T09:03:16.752Z,0.44609503870161865,0.9977530172114248,0.5840095333290702,0.44609503870161865,0.1379144946274516,0.0075,0.0075,0.0,normal,normal,normal,normal,0.0,1000.0,1000.0,0,10,10
2026-08-24T09:03:21.760Z,0.4405928004064093,0.9977530172114248,0.5798828546076632,0.4405928004064093,0.1392900542012539,0.0075,0.0075,0.0,normal,normal,normal,normal,0.0,1000.0,1000.0,0,10,10
2026-08-24T09:03:26.756Z,0.4837564340339123,0.9987954040029651,0.6125161765261755,0.4837564340339123,0.12875974249226324,0.0075,0.0075,0.0,normal,normal,normal,normal,0.0,1000.0,1000.0,0,10,10
2026-08-24T09:03:31.757Z,0.48353886545509295,0.9998146775389176,0.6126078184760491,0.48353886545509295,0.1290689530209561,0.0075,0.0075,0.0,normal,normal,normal,normal,0.0,1000.0,1000.0,0,10,10
2026-08-24T09:03:36.757Z,0.568309781425424,0.9998146775389176,0.6761860054537974,0.568309781425424,0.10787622402837338,0.0075,0.0075,0.0,normal,normal,normal,normal,0.0,1000.0,1000.0,0,10,10
2026-08-24T09:03:41.759Z,0.7054820129647252,0.9998146775389176,0.7790651791082733,0.7054820129647252,0.0735831661435481,0.007790651791082733,0.0075,0.00029065179108273345,normal,normal,normal,normal,0.0,1000.0,1000.0,0,10,10
2026-08-24T09:03:46.760Z,0.7055170484442879,0.9998146775389176,0.7790914557179452,0.7055170484442878,0.0735744072736575,0.007790914557179452,0.0075,0.0002909145571794525,normal,normal,normal,normal,0.0,1000.0,1000.0,0,10,10
2026-08-24T09:03:51.762Z,0.705552089598923,0.9993050407709414,0.7789903273919276,0.705552089598923,0.07343823779300462,0.007789903273919276,0.0075,0.00028990327391927636,normal,normal,normal,normal,0.0,1000.0,1000.0,0,10,10
2026-08-24T09:03:56.763Z,0.7069903137268877,0.9993050407709414,0.7800689954879011,0.7069903137268877,0.0730786817610134,0.007800689954879011,0.0075,0.0003006899548790116,normal,normal,normal,normal,0.0,1000.0,1000.0,0,10,10
2026-08-24T09:04:01.764Z,0.716162790459133,0.9993050407709414,0.7869483530370851,0.716162790459133,0.0707855625779521,0.007869483530370851,0.0075,0.0003694835303708517,normal,normal,normal,normal,0.0,1000.0,1000.0,0,10,10
2026-08-24T09:04:06.766Z,0.8136442494657946,0.9994671115127082,0.860099964977523,0.8136442494657946,0.046455715511728335,0.00860099964977523,0.008136442494657945,0.00046455715511728446,normal,normal,normal,normal,0.0,1000.0,1000.0,0,10,10
2026-08-24T09:04:11.768Z,0.8212199727128282,0.9994902687673772,0.8657875467264655,0.8212199727128282,0.04456757401363731,0.008657875467264655,0.008212199727128283,0.0004456757401363719,normal,normal,normal,normal,0.0,1000.0,1000.0,0,10,10
2026-08-24T09:04:16.770Z,0.8217100457637967,0.9994902687673772,0.8661551015146918,0.8217100457637967,0.04444505575089508,0.008661551015146918,0.008217100457637967,0.0004444505575089512,normal,normal,normal,normal,0.0,1000.0,1000.0,0,10,10
2026-08-24T09:04:21.781Z,0.6598808678605409,0.9994902687673772,0.74478321808725,0.6598808678605409,0.08490235022670911,0.0075,0.0075,0.0,normal,normal,normal,normal,0.0,1000.0,1000.0,0,10,10
2026-08-24T09:04:26.774Z,0.6175499596782387,0.9994902687673772,0.7130350369505234,0.6175499596782387,0.09548507727228472,0.0075,0.0075,0.0,normal,normal,normal,normal,0.0,1000.0,1000.0,0,10,10
2026-08-24T09:04:31.776Z,0.6642837728708738,0.9930954587581095,0.7464866943426828,0.6642837728708738,0.08220292147180897,0.0075,0.0075,0.0,normal,normal,normal,normal,0.0,1000.0,1000.0,0,10,10
2026-08-24T09:04:36.777Z,0.5769853883417383,0.9930954587581095,0.6810129059458311,0.5769853883417383,0.10402751760409279,0.0075,0.0075,0.0,normal,normal,normal,normal,0.0,1000.0,1000.0,0,10,10
2026-08-24T09:04:41.779Z,0.7255228863573001,0.9930954587581095,0.7924160294575024,0.7255228863573001,0.06689314310020233,0.007924160294575024,0.0075,0.0004241602945750239,normal,normal,normal,normal,0.0,1000.0,1000.0,0,10,10
2026-08-24T09:04:46.781Z,0.8023787495403197,0.9930954587581095,0.8500579268447672,0.8023787495403197,0.047679177304447484,0.008500579268447672,0.008023787495403197,0.00047679177304447463,normal,normal,normal,normal,0.0,1000.0,1000.0,0,10,10
2026-08-24T09:04:51.783Z,0.8308388518528151,0.9947749522099286,0.8718228769420936,0.8308388518528153,0.04098402508927834,0.008718228769420936,0.008308388518528153,0.00040984025089278384,normal,normal,normal,normal,0.0,1000.0,1000.0,0,10,10
2026-08-24T09:04:56.785Z,0.8821906933473654,0.9950055043745292,0.9103943961041564,0.8821906933473654,0.02820370275679096,0.009103943961041564,0.008821906933473653,0.00028203702756791037,normal,normal,normal,normal,0.0,1000.0,1000.0,0,10,10
2026-08-24T09:05:01.787Z,0.895463662060841,0.99501703478805,0.9203520052426433,0.895463662060841,0.02488834318180222,0.009203520052426433,0.00895463662060841,0.0002488834318180224,normal,normal,normal,normal,0.0,1000.0,1000.0,0,10,10
2026-08-24T09:05:06.790Z,0.915246260868481,0.99501703478805,0.9351889543483732,0.9152462608684809,0.019942693479892304,0.009351889543483732,0.00915246260868481,0.0001994269347989231,normal,normal,normal,normal,0.0,1000.0,1000.0,0,10,10
2026-08-24T09:05:11.791Z,0.8967681596287029,0.9942522075694717,0.9211391716138951,0.8967681596287029,0.024371011985192204,0.009211391716138951,0.008967681596287028,0.00024371011985192294,normal,normal,normal,normal,0.0,1000.0,1000.0,0,10,10
2026-08-24T09:05:16.792Z,0.9134457643088846,0.994275251471747,0.9336531360996002,0.9134457643088846,0.020207371790715634,0.009336531360996003,0.009134457643088846,0.00020207371790715613,normal,normal,normal,normal,0.0,1000.0,1000.0,0,10,10
2026-08-24T09:05:21.805Z,0.9012894621670505,0.994275251471747,0.9245359094932246,0.9012894621670505,0.02324644732617409,0.009245359094932246,0.009012894621670505,0.0002324644732617405,normal,normal,normal,normal,0.0,1000.0,1000.0,0,10,10
2026-08-24T09:05:26.797Z,0.901570465793647,0.994275251471747,0.924746662213172,0.9015704657936471,0.023176196419524953,0.00924746662213172,0.00901570465793647,0.00023176196419525015,normal,normal,normal,normal,0.0,1000.0,1000.0,0,10,10
2026-08-24T09:05:31.797Z,0.882693273919321,0.9976591109256941,0.9114347331709143,0.8826932739193211,0.028741459251593215,0.009114347331709143,0.008826932739193211,0.0002874145925159319,normal,normal,normal,normal,0.0,1000.0,1000.0,0,10,10
2026-08-24T09:05:36.799Z,0.8737848549384045,0.9977747386476901,0.9047823258657259,0.8737848549384045,0.030997470927321413,0.009047823258657259,0.008737848549384045,0.00030997470927321413,normal,normal,normal,normal,0.0,1000.0,1000.0,0,10,10
2026-08-24T09:05:41.801Z,0.5112131391590986,0.9977747386476901,0.6328535390312464,0.5112131391590986,0.12164039987214781,0.0075,0.0075,0.0,normal,normal,normal,normal,0.0,1000.0,1000.0,0,10,10
2026-08-24T09:05:46.804Z,0.3802509835532037,0.9977747386476901,0.5346319223268252,0.3802509835532037,0.15438093877362152,0.0075,0.0075,0.0,normal,normal,normal,normal,0.0,1000.0,1000.0,0,10,10
2026-08-24T09:05:51.805Z,0.31393239850644483,0.9966157483600288,0.4846032359698408,0.31393239850644483,0.17067083746339595,0.0075,0.0075,0.0,normal,normal,normal,normal,0.0,1000.0,1000.0,0,10,10
2026-08-24T09:05:56.807Z,0.09873171468171552,0.996685057258102,0.32322005032581214,0.09873171468171553,0.2244883356440966,0.0075,0.0075,0.0,normal,normal,normal,normal,0.0,1000.0,1000.0,0,10,10
2026-08-24T09:06:01.809Z,0.10176851332903479,0.996685057258102,0.3254976493113016,0.10176851332903479,0.2237291359822668,0.0075,0.0075,0.0,normal,normal,normal,normal,0.0,1000.0,1000.0,0,10,10
2026-08-24T09:06:06.810Z,0.1828181312994989,0.996685057258102,0.38628486278914964,0.1828181312994989,0.20346673148965075,0.0075,0.0075,0.0,normal,normal,normal,normal,0.0,1000.0,1000.0,0,10,10
2026-08-24T09:06:11.811Z,0.18145797630151755,0.9983773007557143,0.3856878074150667,0.18145797630151753,0.20422983111354917,0.0075,0.0075,0.0,normal,normal,normal,normal,0.0,1000.0,1000.0,0,10,10
2026-08-24T09:06:16.813Z,0.1851799484366236,0.9983773007557143,0.3884792865163963,0.18517994843662358,0.2032993380797727,0.0075,0.0075,0.0,normal,normal,normal,normal,0.0,1000.0,1000.0,0,10,10
2026-08-24T09:06:21.817Z,0.1861496750762234,0.9983773007557143,0.3892065814960961,0.1861496750762234,0.2030569064198727,0.0075,0.0075,0.0,normal,normal,normal,normal,0.0,1000.0,1000.0,0,10,10
2026-08-24T09:06:26.814Z,0.1902586871006256,0.9983773007557143,0.39228834051439776,0.19025868710062563,0.20202965341377213,0.0075,0.0075,0.0,normal,normal,normal,normal,0.0,1000.0,1000.0,0,10,10
2026-08-24T09:06:31.816Z,0.2110234117182489,0.9990727432889795,0.40803574461093156,0.2110234117182489,0.19701233289268266,0.0075,0.0075,0.0,normal,normal,normal,normal,0.0,1000.0,1000.0,0,10,10
2026-08-24T09:06:36.818Z,0.939775506016203,0.9990959037485222,0.9546056054492827,0.9397755060162029,0.01483009943307989,0.009546056054492828,0.009397755060162029,0.00014830099433079877,normal,normal,normal,normal,0.0,1000.0,1000.0,0,10,10
2026-08-24T09:06:41.819Z,0.9435274072420479,0.9990959037485222,0.9574195313686665,0.943527407242048,0.013892124126618555,0.009574195313686666,0.00943527407242048,0.00013892124126618603,normal,normal,normal,normal,0.0,1000.0,1000.0,0,10,10
2026-08-24T09:06:46.821Z,0.9520858772429087,0.9990959037485222,0.9638383838693121,0.9520858772429087,0.01175250662640337,0.00963838383869312,0.009520858772429088,0.00011752506626403272,normal,normal,normal,normal,0.0,1000.0,1000.0,0,10,10
2026-08-24T09:06:51.825Z,1.0113499802371728,0.9960590676217632,1.0075272520833205,1.0113499802371728,-0.0038227281538523172,0.010075272520833204,0.010113499802371728,-3.822728153852345e-05,normal,normal,normal,normal,0.0,1000.0,1000.0,0,10,10
2026-08-24T09:06:56.828Z,1.01144603374704,0.9961052509563,1.007610838049355,1.01144603374704,-0.003835195697684979,0.01007610838049355,0.0101144603374704,-3.8351956976849164e-05,normal,normal,normal,normal,0.0,1000.0,1000.0,0,10,10
2026-08-24T09:07:01.830Z,1.01144603374704,0.9961052509563,1.007610838049355,1.01144603374704,-0.003835195697684979,0.01007610838049355,0.0101144603374704,-3.8351956976849164e-05,normal,normal,normal,normal,0.0,1000.0,1000.0,0,10,10
2026-08-24T09:07:06.834Z,1.7292272116604248,0.9961052509563,1.5459467214843936,1.7292272116604248,-0.1832804901760312,0.023189200822265905,0.025938408174906374,-0.002749207352640469,defensive,defensive,high,high,0.0,500.0,500.0,0,6,6
2026-08-24T09:07:11.834Z,1.7292272116604248,0.9988640315289209,1.5466364166275488,1.7292272116604248,-0.182590795032876,0.02319954624941323,0.025938408174906374,-0.0027388619254931426,defensive,defensive,high,high,0.0,500.0,500.0,0,6,6
2026-08-24T09:07:16.837Z,1.7286455874832065,0.9989566668985185,1.5462233573370345,1.7286455874832065,-0.18242223014617198,0.023193350360055518,0.025929683812248097,-0.002736333452192579,defensive,defensive,high,high,0.0,500.0,500.0,0,6,6
2026-08-24T09:07:21.860Z,1.85028486049526,0.9989566668985185,1.6374528120960745,1.85028486049526,-0.21283204839918546,0.024561792181441118,0.0277542729074289,-0.0031924807259877813,defensive,defensive,high,high,0.0,500.0,500.0,0,6,6
2026-08-24T09:07:26.840Z,1.87030636356578,0.9989566668985185,1.6524689393989647,1.8703063635657802,-0.2178374241668155,0.02478703409098447,0.028054595453486705,-0.0032675613625022353,defensive,defensive,high,high,0.0,500.0,500.0,0,6,6
2026-08-24T09:07:31.842Z,1.8706149185769683,0.9972177783960492,1.6522656335317385,1.8706149185769683,-0.21834928504522977,0.024783984502976076,0.028059223778654524,-0.003275239275678448,defensive,defensive,high,high,0.0,500.0,500.0,0,6,6
2026-08-24T09:07:36.846Z,1.1610433275520964,0.9972871452420701,1.1201042819745899,1.1610433275520964,-0.040939045577506494,0.0112010428197459,0.011610433275520964,-0.0004093904557750643,normal,normal,normal,normal,0.0,1000.0,1000.0,0,10,10
2026-08-24T09:07:41.846Z,1.1610433275520964,0.9972871452420701,1.1201042819745899,1.1610433275520964,-0.040939045577506494,0.0112010428197459,0.011610433275520964,-0.0004093904557750643,normal,normal,normal,normal,0.0,1000.0,1000.0,0,10,10
2026-08-24T09:07:46.847Z,1.1610433275520964,0.9972871452420701,1.1201042819745899,1.1610433275520964,-0.040939045577506494,0.0112010428197459,0.011610433275520964,-0.0004093904557750643,normal,normal,normal,normal,0.0,1000.0,1000.0,0,10,10
2026-08-24T09:07:51.848Z,1.1610433275520964,0.9966379150435911,1.1199419744249701,1.1610433275520964,-0.04110135312712626,0.0111994197442497,0.011610433275520964,-0.0004110135312712631,normal,normal,normal,normal,0.0,1000.0,1000.0,0,10,10
2026-08-24T09:07:56.848Z,1.7934235183289073,0.9966610244162589,1.5942328948507452,1.7934235183289073,-0.1991906234781622,0.023913493422761178,0.02690135277493361,-0.0029878593521724325,defensive,defensive,high,high,0.0,500.0,500.0,0,6,6
2026-08-24T09:08:01.851Z,1.793680655377817,0.9966610244162589,1.5944257476374275,1.793680655377817,-0.19925490774038956,0.02391638621456141,0.026905209830667257,-0.002988823616105845,defensive,defensive,high,high,0.0,500.0,500.0,0,6,6
2026-08-24T09:08:06.852Z,1.275279076783653,0.9966610244162589,1.2056245636918046,1.275279076783653,-0.06965451309184845,0.012056245636918046,0.01275279076783653,-0.0006965451309184842,normal,normal,normal,normal,0.0,1000.0,1000.0,0,10,10
2026-08-24T09:08:11.853Z,1.2808771835616843,0.998492823521228,1.2102810935515702,1.2808771835616843,-0.07059609001011413,0.012102810935515702,0.012808771835616843,-0.0007059609001011415,normal,normal,normal,normal,0.0,1000.0,1000.0,0,10,10
2026-08-24T09:08:16.855Z,1.2811567045281365,0.9987244010483104,1.21054862865818,1.2811567045281365,-0.07060807586995654,0.0121054862865818,0.012811567045281365,-0.0007060807586995645,normal,normal,normal,normal,0.0,1000.0,1000.0,0,10,10
2026-08-24T09:08:21.857Z,1.2695663832527275,0.9987244010483104,1.2018558877016232,1.2695663832527275,-0.06771049555110431,0.012018558877016233,0.012695663832527276,-0.0006771049555110431,normal,normal,normal,normal,0.0,1000.0,1000.0,0,10,10
2026-08-24T09:08:26.859Z,1.3212633894963468,0.9987244010483104,1.2406286423843378,1.3212633894963468,-0.08063474711200902,0.012406286423843378,0.013212633894963468,-0.0008063474711200898,normal,normal,normal,normal,0.0,1000.0,1000.0,0,10,10
2026-08-24T09:08:31.861Z,1.3212633894963468,0.994201688468318,1.2394979642393396,1.3212633894963468,-0.08176542525700725,0.012394979642393396,0.013212633894963468,-0.0008176542525700718,normal,normal,normal,normal,0.0,1000.0,1000.0,0,10,10
2026-08-24T09:08:36.863Z,1.3074206705085325,0.9942247477675982,1.2291216898232988,1.3074206705085325,-0.07829898068523367,0.012291216898232989,0.013074206705085325,-0.0007829898068523362,normal,normal,normal,normal,0.0,1000.0,1000.0,0,10,10
2026-08-24T09:08:41.865Z,1.3695854651026567,0.9944092606769201,1.2757914139962225,1.3695854651026567,-0.09379405110643413,0.012757914139962225,0.013695854651026566,-0.0009379405110643418,normal,normal,normal,normal,0.0,1000.0,1000.0,0,10,10
2026-08-24T09:08:46.866Z,1.3695854651026567,0.9944092606769201,1.2757914139962225,1.3695854651026567,-0.09379405110643413,0.012757914139962225,0.013695854651026566,-0.0009379405110643418,normal,normal,normal,normal,0.0,1000.0,1000.0,0,10,10
2026-08-24T09:08:51.869Z,1.3695854651026567,0.9944092606769201,1.2757914139962225,1.3695854651026567,-0.09379405110643413,0.012757914139962225,0.013695854651026566,-0.0009379405110643418,normal,normal,normal,normal,0.0,1000.0,1000.0,0,10,10
2026-08-24T09:08:56.868Z,0.2505888650534681,0.9944092606769201,0.43654396395933115,0.2505888650534681,0.18595509890586304,0.0075,0.0075,0.0,long_bias,long_bias,normal,normal,0.0,1000.0,1000.0,0,10,10
2026-08-24T09:09:01.871Z,0.24935037283187655,0.9944553996056142,0.43562662952531095,0.24935037283187655,0.1862762566934344,0.0075,0.0075,0.0,normal,normal,normal,normal,0.0,1000.0,1000.0,0,10,10
2026-08-24T09:09:06.871Z,0.15104321086055544,0.9944553996056142,0.36189625804682013,0.15104321086055544,0.21085304718626469,0.0075,0.0075,0.0,normal,normal,normal,normal,0.0,1000.0,1000.0,0,10,10
2026-08-24T09:09:11.872Z,0.15177543096245522,0.9969609094072613,0.36307180057365673,0.15177543096245522,0.21129636961120152,0.0075,0.0075,0.0,normal,normal,normal,normal,0.0,1000.0,1000.0,0,10,10
2026-08-24T09:09:16.874Z,0.7535250271646121,0.9970534326349737,0.8144071285322025,0.7535250271646121,0.060882101367590424,0.008144071285322026,0.007535250271646121,0.0006088210136759049,normal,normal,normal,normal,0.0,1000.0,1000.0,0,10,10
2026-08-24T09:09:21.877Z,0.7944363489450526,0.9970534326349737,0.8450906198675329,0.7944363489450526,0.050654270922480316,0.008450906198675329,0.007944363489450526,0.0005065427092248026,normal,normal,normal,normal,0.0,1000.0,1000.0,0,10,10
2026-08-24T09:09:26.877Z,0.7944363489450526,0.9970534326349737,0.8450906198675329,0.7944363489450526,0.050654270922480316,0.008450906198675329,0.007944363489450526,0.0005065427092248026,normal,normal,normal,normal,0.0,1000.0,1000.0,0,10,10
2026-08-24T09:09:31.880Z,0.8396702530652885,0.99801628732512,0.8792567616302464,0.8396702530652885,0.03958650856495782,0.008792567616302463,0.008396702530652885,0.00039586508564957816,normal,normal,normal,normal,0.0,1000.0,1000.0,0,10,10
2026-08-24T09:09:36.882Z,0.8413068428512245,0.9989791420152665,0.8807249176422349,0.8413068428512244,0.03941807479101056,0.008807249176422349,0.008413068428512244,0.00039418074791010456,normal,normal,normal,normal,0.0,1000.0,1000.0,0,10,10
2026-08-24T09:09:41.884Z,0.907436206349461,0.9989791420152665,0.9303219402659124,0.9074362063494611,0.022885733916451323,0.009303219402659125,0.009074362063494611,0.00022885733916451316,normal,normal,normal,normal,0.0,1000.0,1000.0,0,10,10
2026-08-24T09:09:46.885Z,0.9693006450006623,0.9989791420152665,0.9767202692543133,0.9693006450006623,0.007419624253651058,0.009767202692543133,0.009693006450006623,7.41962425365103e-05,normal,normal,normal,normal,0.0,1000.0,1000.0,0,10,10
2026-08-24T09:09:51.891Z,1.017455514385879,0.9998723927519082,1.0130597339773864,1.017455514385879,-0.004395780408492644,0.010130597339773863,0.01017455514385879,-4.39578040849261e-05,normal,normal,normal,normal,0.0,1000.0,1000.0,0,10,10
2026-08-24T09:09:56.889Z,1.0373682191610112,1.0007656434885501,1.028217575242896,1.0373682191610112,-0.009150643918115264,0.01028217575242896,0.010373682191610112,-9.15064391811514e-05,normal,normal,normal,normal,0.0,1000.0,1000.0,0,10,10
2026-08-24T09:10:01.892Z,1.6896632843902202,1.0007656434885501,1.5174388741648026,1.6896632843902202,-0.17222441022541757,0.02276158311247204,0.025344949265853303,-0.0025833661533812627,defensive,defensive,high,high,0.0,500.0,500.0,0,6,6
2026-08-24T09:10:06.894Z,1.6752335046821798,1.0007656434885501,1.5066165393837723,1.6752335046821798,-0.16861696529840753,0.022599248090756585,0.0251285025702327,-0.002529254479476113,defensive,defensive,high,high,0.0,500.0,500.0,0,6,6
2026-08-24T09:10:11.894Z,2.248920355786611,1.0008584487598895,1.9369048790299306,2.248920355786611,-0.3120154767566803,0.029053573185448957,0.03,-0.0009464268145510414,defensive,defensive,high,high,0.0,500.0,500.0,0,6,6
2026-08-24T09:10:16.895Z,1.9172787529519888,1.0008583690987125,1.6881736569886698,1.917278752951989,-0.22910509596331918,0.025322604854830046,0.028759181294279835,-0.0034365764394497893,defensive,defensive,high,high,0.0,500.0,500.0,0,6,6
2026-08-24T09:10:21.897Z,1.9341409961437122,1.0008583690987125,1.7008203393824621,1.934140996143712,-0.2333206567612498,0.02551230509073693,0.02901211494215568,-0.0034998098514187476,defensive,defensive,high,high,0.0,500.0,500.0,0,6,6
2026-08-24T09:10:26.897Z,1.9678391663203207,1.0008583690987125,1.7260939670149187,1.9678391663203207,-0.24174519930540206,0.02589140950522378,0.02951758749480481,-0.0036261779895810295,defensive,defensive,high,high,0.0,500.0,500.0,0,6,6
2026-08-24T09:10:31.899Z,1.9347569331991257,1.0008583690987125,1.7012822921740225,1.934756933199126,-0.2334746410251034,0.025519234382610338,0.02902135399798689,-0.0035021196153765533,defensive,defensive,high,high,0.0,500.0,500.0,0,6,6
2026-08-24T09:10:36.901Z,1.9347569331991257,1.0008583690987125,1.7012822921740225,1.934756933199126,-0.2334746410251034,0.025519234382610338,0.02902135399798689,-0.0035021196153765533,defensive,defensive,high,high,0.0,500.0,500.0,0,6,6
2026-08-24T09:10:41.902Z,1.9347569331991257,1.0008583690987125,1.7012822921740225,1.934756933199126,-0.2334746410251034,0.025519234382610338,0.02902135399798689,-0.0035021196153765533,defensive,defensive,high,high,0.0,500.0,500.0,0,6,6
2026-08-24T09:10:46.904Z,1.9046631632110136,1.0008583690987125,1.6787119646829383,1.9046631632110136,-0.22595119852807533,0.025180679470244074,0.028569947448165205,-0.003389267977921131,defensive,defensive,high,high,0.0,500.0,500.0,0,6,6
2026-08-24T09:10:51.905Z,1.883384140975285,1.0015195452963694,1.6629179920555561,1.883384140975285,-0.22046614891972882,0.02494376988083334,0.028250762114629274,-0.003306992233795932,defensive,defensive,high,high,0.0,500.0,500.0,0,6,6
2026-08-24T09:10:56.907Z,1.883384140975285,1.0021807214940261,1.6630832861049702,1.883384140975285,-0.2203008548703147,0.024946249291574553,0.028250762114629274,-0.0033045128230547206,defensive,defensive,high,high,0.0,500.0,500.0,0,6,6
2026-08-24T09:11:01.909Z,1.3312410360212348,1.0021807214940261,1.2489759573894326,1.3312410360212348,-0.08226507863180221,0.012489759573894326,0.013312410360212348,-0.0008226507863180223,normal,normal,normal,normal,0.0,1000.0,1000.0,0,10,10
2026-08-24T09:11:06.909Z,1.3348489438245779,1.0021807214940261,1.25168188824194,1.3348489438245779,-0.08316705558263782,0.0125168188824194,0.01334848943824578,-0.0008316705558263793,normal,normal,normal,normal,0.0,1000.0,1000.0,0,10,10
2026-08-24T09:11:11.914Z,0.5810771728061981,1.0021807214940261,0.6863530599781551,0.5810771728061981,0.10527588717195702,0.0075,0.0075,0.0,normal,normal,normal,normal,0.0,1000.0,1000.0,0,10,10
2026-08-24T09:11:16.913Z,0.6927846998193969,1.0021807214940261,0.7701337052380544,0.692784699819397,0.0773490054186573,0.007701337052380544,0.0075,0.00020133705238054456,normal,normal,normal,normal,0.0,1000.0,1000.0,0,10,10
2026-08-24T09:11:21.914Z,0.6063412650169216,1.0021807214940261,0.7053011291361977,0.6063412650169216,0.09895986411927604,0.0075,0.0075,0.0,normal,normal,normal,normal,0.0,1000.0,1000.0,0,10,10
2026-08-24T09:11:26.916Z,0.5428967130916024,1.0021807214940261,0.6577177151922082,0.5428967130916024,0.11482100210060586,0.0075,0.0075,0.0,normal,normal,normal,normal,0.0,1000.0,1000.0,0,10,10
2026-08-24T09:11:31.920Z,0.5428967130916024,1.0021807214940261,0.6577177151922082,0.5428967130916024,0.11482100210060586,0.0075,0.0075,0.0,normal,normal,normal,normal,0.0,1000.0,1000.0,0,10,10
2026-08-24T09:11:36.920Z,0.5756795537976297,0.998608050110196,0.6814116778757713,0.5756795537976297,0.10573212407814159,0.0075,0.0075,0.0,normal,normal,normal,normal,0.0,1000.0,1000.0,0,10,10
2026-08-24T09:11:41.921Z,0.5756795537976297,0.998608050110196,0.6814116778757713,0.5756795537976297,0.10573212407814159,0.0075,0.0075,0.0,normal,normal,normal,normal,0.0,1000.0,1000.0,0,10,10
2026-08-24T09:11:46.922Z,0.5760125136466886,0.998608050110196,0.6816613977625654,0.5760125136466886,0.1056488841158768,0.0075,0.0075,0.0,normal,normal,normal,normal,0.0,1000.0,1000.0,0,10,10
2026-08-24T09:11:51.927Z,0.5529387241319905,0.998608050110196,0.6643560556265419,0.5529387241319905,0.11141733149455135,0.0075,0.0075,0.0,normal,normal,normal,normal,0.0,1000.0,1000.0,0,10,10
2026-08-24T09:11:56.925Z,0.5863925330551694,0.9996288133627189,0.6897016031320568,0.5863925330551694,0.10330907007688739,0.0075,0.0075,0.0,normal,normal,normal,normal,0.0,1000.0,1000.0,0,10,10
2026-08-24T09:12:01.926Z,0.4297517305219805,0.9996288133627189,0.5722210012321651,0.4297517305219805,0.14246927071018461,0.0075,0.0075,0.0,normal,normal,normal,normal,0.0,1000.0,1000.0,0,10,10
2026-08-24T09:12:06.926Z,0.4578868927025769,0.9996288133627189,0.5933223728676124,0.4578868927025768,0.13543548016503554,0.0075,0.0075,0.0,normal,normal,normal,normal,0.0,1000.0,1000.0,0,10,10
2026-08-24T09:12:11.928Z,0.48614705825650795,0.9996288133627189,0.6145174970330607,0.48614705825650795,0.12837043877655274,0.0075,0.0075,0.0,normal,normal,normal,normal,0.0,1000.0,1000.0,0,10,10
2026-08-24T09:12:16.928Z,0.25927514463776113,0.9961025403085488,0.44348199355545803,0.25927514463776113,0.1842068489176969,0.0075,0.0075,0.0,normal,normal,normal,normal,0.0,1000.0,1000.0,0,10,10
2026-08-24T09:12:21.929Z,0.25927514463776113,0.9961025403085488,0.44348199355545803,0.25927514463776113,0.1842068489176969,0.0075,0.0075,0.0,normal,normal,normal,normal,0.0,1000.0,1000.0,0,10,10
2026-08-24T09:12:26.931Z,0.2601099604296578,0.996194983875084,0.4441312162910144,0.2601099604296578,0.1840212558613566,0.0075,0.0075,0.0,normal,normal,normal,normal,0.0,1000.0,1000.0,0,10,10
2026-08-24T09:12:31.933Z,0.26318861407626404,0.996194983875084,0.44644020652596905,0.26318861407626404,0.18325159244970501,0.0075,0.0075,0.0,normal,normal,normal,normal,0.0,1000.0,1000.0,0,10,10
2026-08-24T09:12:36.935Z,0.3098563440389406,0.9986543235655785,0.48205583892060005,0.3098563440389406,0.17219949488165948,0.0075,0.0075,0.0,normal,normal,normal,normal,0.0,1000.0,1000.0,0,10,10
2026-08-24T09:12:41.937Z,0.3697160414080016,0.9986543235655785,0.5269506119473959,0.3697160414080016,0.15723457053939427,0.0075,0.0075,0.0,normal,normal,normal,normal,0.0,1000.0,1000.0,0,10,10
2026-08-24T09:12:46.938Z,0.36914674137134607,0.9990138753538448,0.5266135248669708,0.36914674137134607,0.1574667834956247,0.0075,0.0075,0.0,normal,normal,normal,normal,0.0,1000.0,1000.0,0,10,10
2026-08-24T09:12:51.941Z,0.42013596506269113,0.9990138753538448,0.5648554426354795,0.4201359650626911,0.1447194775727884,0.0075,0.0075,0.0,normal,normal,normal,normal,0.0,1000.0,1000.0,0,10,10
2026-08-24T09:12:56.945Z,0.411007408064475,0.9993039120144787,0.5580815340519759,0.411007408064475,0.14707412598750091,0.0075,0.0075,0.0,normal,normal,normal,normal,0.0,1000.0,1000.0,0,10,10
2026-08-24T09:13:01.944Z,0.41039162227818804,0.9993039120144787,0.5576196947122607,0.41039162227818804,0.14722807243407265,0.0075,0.0075,0.0,normal,normal,normal,normal,0.0,1000.0,1000.0,0,10,10
2026-08-24T09:13:06.946Z,0.41301167616013035,0.998886194614287,0.5594803057736695,0.41301167616013035,0.14646862961353913,0.0075,0.0075,0.0,normal,normal,normal,normal,0.0,1000.0,1000.0,0,10,10
2026-08-24T09:13:11.949Z,0.3696889228293637,0.9990136922719889,0.52702011519002,0.3696889228293638,0.15733119236065624,0.0075,0.0075,0.0,normal,normal,normal,normal,0.0,1000.0,1000.0,0,10,10
2026-08-24T09:13:16.950Z,0.43238419004773376,0.9985379438384776,0.5739226284954198,0.4323841900477337,0.14153843844768604,0.0075,0.0075,0.0,normal,normal,normal,normal,0.0,1000.0,1000.0,0,10,10
2026-08-24T09:13:21.952Z,0.43241165898892786,0.9985379438384776,0.5739432302013152,0.4324116589889278,0.1415315712123874,0.0075,0.0075,0.0,normal,normal,normal,normal,0.0,1000.0,1000.0,0,10,10
2026-08-24T09:13:26.954Z,0.43241165898892786,0.9987583838102532,0.5739983401942592,0.4324116589889278,0.1415866812053314,0.0075,0.0075,0.0,normal,normal,normal,normal,0.0,1000.0,1000.0,0,10,10
2026-08-24T09:13:31.954Z,0.4299453075056942,0.9987583838102532,0.5721485765818339,0.4299453075056942,0.14220326907613973,0.0075,0.0075,0.0,normal,normal,normal,normal,0.0,1000.0,1000.0,0,10,10
2026-08-24T09:13:36.955Z,0.44886055459632973,0.9989556499338578,0.5863843284307118,0.44886055459632973,0.13752377383438202,0.0075,0.0075,0.0,normal,normal,normal,normal,0.0,1000.0,1000.0,0,10,10
2026-08-24T09:13:41.957Z,0.38628709425293506,0.9989556499338578,0.5394542331731658,0.38628709425293506,0.1531671389202307,0.0075,0.0075,0.0,normal,normal,normal,normal,0.0,1000.0,1000.0,0,10,10
2026-08-24T09:13:46.957Z,0.42549148757720706,0.9990252054031471,0.5688749170336921,0.42549148757720706,0.14338342945648502,0.0075,0.0075,0.0,normal,normal,normal,normal,0.0,1000.0,1000.0,0,10,10
2026-08-24T09:13:51.959Z,0.36011736656671656,0.9990252054031471,0.5198443262758242,0.36011736656671656,0.15972695970910766,0.0075,0.0075,0.0,normal,normal,normal,normal,0.0,1000.0,1000.0,0,10,10
2026-08-24T09:13:56.961Z,0.3838811552569009,0.9990252054031471,0.5376671677934625,0.383881155256901,0.1537860125365615,0.0075,0.0075,0.0,normal,normal,normal,normal,0.0,1000.0,1000.0,0,10,10
2026-08-24T09:14:01.962Z,0.5535901454111256,0.9990252054031471,0.664948910409131,0.5535901454111256,0.11135876499800534,0.0075,0.0075,0.0,normal,normal,normal,normal,0.0,1000.0,1000.0,0,10,10
2026-08-24T09:14:06.962Z,1.361554381158768,0.9994081054732835,1.2710178122373967,1.3615543811587678,-0.09053656892137107,0.012710178122373968,0.013615543811587678,-0.0009053656892137104,normal,normal,normal,normal,0.0,1000.0,1000.0,0,10,10
2026-08-24T09:14:11.963Z,1.3680536329842272,0.9995937224311648,1.2759386553459615,1.3680536329842272,-0.0921149776382657,0.012759386553459614,0.013680536329842272,-0.0009211497763826574,normal,normal,normal,normal,0.0,1000.0,1000.0,0,10,10
2026-08-24T09:14:16.966Z,1.43129258111714,0.9998839206946186,1.3234404160115096,1.43129258111714,-0.10785216510563034,0.013234404160115096,0.0143129258111714,-0.0010785216510563033,normal,normal,normal,normal,0.0,1000.0,1000.0,0,10,10
2026-08-24T09:14:21.970Z,1.4413817272291496,0.9998839206946186,1.331007275595517,1.4413817272291496,-0.11037445163363269,0.01331007275595517,0.014413817272291496,-0.0011037445163363264,normal,normal,normal,normal,0.0,1000.0,1000.0,0,10,10
2026-08-24T09:14:26.970Z,1.4421505966667578,0.99990713439974,1.3315897311000033,1.4421505966667578,-0.11056086556675448,0.013315897311000033,0.014421505966667579,-0.0011056086556675455,normal,normal,normal,normal,0.0,1000.0,1000.0,0,10,10
2026-08-24T09:14:31.971Z,1.452261054616841,0.9999303491827638,1.3391783782583218,1.452261054616841,-0.11308267635851932,0.013391783782583218,0.01452261054616841,-0.0011308267635851913,normal,normal,normal,normal,0.0,1000.0,1000.0,0,10,10
2026-08-24T09:14:36.973Z,1.4227764750885898,0.9999303491827638,1.3170649436121333,1.4227764750885898,-0.10571153147645651,0.013170649436121333,0.014227764750885897,-0.0010571153147645642,normal,normal,normal,normal,0.0,1000.0,1000.0,0,10,10
2026-08-24T09:14:41.974Z,1.4227764750885898,0.9999303491827638,1.3170649436121333,1.4227764750885898,-0.10571153147645651,0.013170649436121333,0.014227764750885897,-0.0010571153147645642,normal,normal,normal,normal,0.0,1000.0,1000.0,0,10,10
2026-08-24T09:14:46.978Z,1.4139706818549043,1.0003366690659174,1.3105621786576576,1.4139706818549043,-0.1034085031972467,0.013105621786576576,0.014139706818549043,-0.001034085031972467,normal,normal,normal,normal,0.0,1000.0,1000.0,0,10,10
2026-08-24T09:14:51.980Z,1.4239312460314109,1.0003366690659174,1.3180326017900375,1.4239312460314109,-0.10589864424137341,0.013180326017900375,0.014239312460314109,-0.0010589864424137337,normal,normal,normal,normal,0.0,1000.0,1000.0,0,10,10
2026-08-24T09:14:56.981Z,1.4133701341735612,1.000673338131835,1.3101959351631294,1.413370134173561,-0.10317419901043157,0.013101959351631293,0.01413370134173561,-0.0010317419901043172,normal,normal,normal,normal,0.0,1000.0,1000.0,0,10,10
2026-08-24T09:15:01.982Z,1.5757076266921695,1.000673338131835,1.4319490545520859,1.5757076266921695,-0.14375857214008358,0.014319490545520858,0.023635614400382542,-0.009316123854861684,normal,defensive,normal,high,500.0,1000.0,500.0,4,10,6
2026-08-24T09:15:06.984Z,0.22725180975108356,0.9994891917620562,0.4203111552538267,0.22725180975108353,0.19305934550274315,0.0075,0.0075,0.0,normal,normal,normal,normal,0.0,1000.0,1000.0,0,10,10
2026-08-24T09:15:11.985Z,1.7271146638738646,0.9994891917620562,1.5452082958459126,1.7271146638738646,-0.18190636802795201,0.02317812443768869,0.02590671995810797,-0.002728595520419281,defensive,defensive,high,high,0.0,500.0,500.0,0,6,6
2026-08-24T09:15:16.986Z,1.8868826791930218,0.9983050453922775,1.6647382707428358,1.8868826791930218,-0.22214440845018602,0.02497107406114254,0.028303240187895328,-0.00333216612675279,defensive,defensive,high,high,0.0,500.0,500.0,0,6,6
2026-08-24T09:15:21.987Z,1.936955162176114,0.9983050453922775,1.702292632980155,1.9369551621761143,-0.2346625291959592,0.025534389494702325,0.029054327432641715,-0.00351993793793939,defensive,defensive,high,high,0.0,500.0,500.0,0,6,6
2026-08-24T09:15:27.000Z,1.9719985992973406,0.9995356288745967,1.7288828566916545,1.9719985992973406,-0.24311574260568602,0.025933242850374818,0.029579978989460107,-0.0036467361390852895,defensive,defensive,high,high,0.0,500.0,500.0,0,6,6
2026-08-24T09:15:31.991Z,1.9790601439322493,0.9995356288745967,1.734179015167836,1.979060143932249,-0.24488112876441304,0.02601268522751754,0.029685902158983736,-0.003673216931466196,defensive,defensive,high,high,0.0,500.0,500.0,0,6,6
2026-08-24T09:15:36.991Z,2.041505648349205,1.0007894492430576,1.7813265985726683,2.041505648349205,-0.2601790497765366,0.026719898978590024,0.03,-0.003280101021409975,defensive,defensive,high,high,0.0,500.0,500.0,0,6,6
2026-08-24T09:15:41.992Z,2.053613964771122,1.0007894492430576,1.790407835889106,2.053613964771122,-0.263206128882016,0.02685611753833659,0.03,-0.0031438824616634095,defensive,defensive,high,high,0.0,500.0,500.0,0,6,6
2026-08-24T09:15:46.994Z,2.0532259009203053,1.0008591065292096,1.7901342023225315,2.0532259009203053,-0.2630916985977738,0.026852013034837974,0.03,-0.003147986965162025,defensive,defensive,high,high,0.0,500.0,500.0,0,6,6
2026-08-24T09:15:51.995Z,2.066118823260349,1.0008591065292096,1.7998038940775642,2.066118823260349,-0.2663149291827849,0.026997058411163462,0.03,-0.003002941588836537,defensive,defensive,high,high,0.0,500.0,500.0,0,6,6
2026-08-24T09:15:56.997Z,2.072547405735466,1.0009287638153619,1.8046427452554399,2.072547405735466,-0.2679046604800259,0.027069641178831597,0.03,-0.0029303588211684016,defensive,defensive,high,high,0.0,500.0,500.0,0,6,6
2026-08-24T09:16:01.999Z,2.394163270433249,1.0009287638153619,2.0458546437787772,2.394163270433249,-0.3483086266544717,0.03,0.03,0.0,defensive,defensive,high,high,0.0,500.0,500.0,0,6,6
2026-08-24T09:16:07.002Z,2.394163270433249,1.0006617442184453,2.045787888879548,2.394163270433249,-0.34837538155370096,0.03,0.03,0.0,defensive,defensive,high,high,0.0,500.0,500.0,0,6,6
2026-08-24T09:16:12.005Z,1.2294779845360397,1.0006617442184453,1.1722739244566411,1.2294779845360397,-0.0572040600793986,0.011722739244566412,0.012294779845360397,-0.0005720406007939851,normal,normal,normal,normal,0.0,1000.0,1000.0,0,10,10
2026-08-24T09:16:17.004Z,1.1187508921632845,1.0003947246215288,1.0891618502778455,1.1187508921632845,-0.029589041885438983,0.010891618502778455,0.011187508921632845,-0.00029589041885439045,normal,normal,normal,normal,0.0,1000.0,1000.0,0,10,10
2026-08-24T09:16:22.007Z,1.1187508921632845,1.0003947246215288,1.0891618502778455,1.1187508921632845,-0.029589041885438983,0.010891618502778455,0.011187508921632845,-0.00029589041885439045,normal,normal,normal,normal,0.0,1000.0,1000.0,0,10,10
2026-08-24T09:16:27.017Z,1.538878931028798,0.9991408934707903,1.4039444216392962,1.5388789310287982,-0.13493450938950202,0.014039444216392962,0.023083183965431974,-0.009043739749039012,normal,defensive,normal,high,500.0,1000.0,500.0,4,10,6
2026-08-24T09:16:32.009Z,1.534378915619626,0.9991408934707903,1.400569410082417,1.534378915619626,-0.13380950553720883,0.01400569410082417,0.02301568373429439,-0.009009989633470222,normal,defensive,normal,high,500.0,1000.0,500.0,4,10,6
2026-08-24T09:16:37.011Z,1.4835849672111445,0.997887062320052,1.3621604909883713,1.4835849672111445,-0.12142447622277319,0.013621604909883712,0.014835849672111445,-0.001214244762227732,normal,normal,normal,normal,0.0,1000.0,1000.0,0,10,10
2026-08-24T09:16:42.012Z,1.5359274170694097,0.997887062320052,1.4014173283820703,1.53592741706941,-0.1345100886873396,0.014014173283820703,0.02303891125604115,-0.009024737972220446,normal,defensive,normal,high,500.0,1000.0,500.0,4,10,6
2026-08-24T09:16:47.015Z,1.5885940786484913,0.9991873316615584,1.4412423919017583,1.5885940786484916,-0.14735168674673327,0.014412423919017583,0.023828911179727373,-0.00941648726070979,normal,defensive,normal,high,500.0,1000.0,500.0,4,10,6
2026-08-24T09:16:52.015Z,1.5969281556598172,0.9991873316615584,1.4474929496602524,1.596928155659817,-0.1494352059995645,0.014474929496602524,0.023953922334897255,-0.00947899283829473,normal,defensive,normal,high,500.0,1000.0,500.0,4,10,6
2026-08-24T09:16:57.016Z,1.6485207988776316,0.9993265524128001,1.4862222372614236,1.6485207988776314,-0.16229856161620781,0.014862222372614236,0.024727811983164472,-0.009865589610550236,normal,defensive,normal,high,500.0,1000.0,500.0,4,10,6
2026-08-24T09:17:02.016Z,1.3872063166085211,0.9993265524128001,1.2902363755595907,1.387206316608521,-0.0969699410489302,0.012902363755595907,0.01387206316608521,-0.0009696994104893032,normal,normal,normal,normal,0.0,1000.0,1000.0,0,10,10
2026-08-24T09:17:07.021Z,1.3872063166085211,1.0017416747944823,1.2908401561550114,1.387206316608521,-0.09636616045350954,0.012908401561550114,0.01387206316608521,-0.0009636616045350967,normal,normal,normal,normal,0.0,1000.0,1000.0,0,10,10
2026-08-24T09:17:12.022Z,1.2674050938465158,1.0017416747944823,1.2009892390835075,1.2674050938465158,-0.06641585476300826,0.012009892390835076,0.012674050938465157,-0.0006641585476300817,normal,normal,normal,normal,0.0,1000.0,1000.0,0,10,10
2026-08-24T09:17:17.022Z,1.1923805097195004,1.0017416747944823,1.144720800988246,1.1923805097195004,-0.04765970873125447,0.01144720800988246,0.011923805097195005,-0.0004765970873125448,normal,normal,normal,normal,0.0,1000.0,1000.0,0,10,10
2026-08-24T09:17:22.025Z,1.1923805097195004,1.0017416747944823,1.144720800988246,1.1923805097195004,-0.04765970873125447,0.01144720800988246,0.011923805097195005,-0.0004765970873125448,normal,normal,normal,normal,0.0,1000.0,1000.0,0,10,10
2026-08-24T09:17:27.035Z,0.6784008872889137,0.9986531048256002,0.7584639416730853,0.6784008872889137,0.0800630543841716,0.007584639416730853,0.0075,8.463941673085302e-05,normal,normal,normal,normal,0.0,1000.0,1000.0,0,10,10
2026-08-24T09:17:32.029Z,0.6761042855339531,0.9986531048256002,0.7567414903568649,0.6761042855339531,0.08063720482291181,0.007567414903568649,0.0075,6.74149035686496e-05,normal,normal,normal,normal,0.0,1000.0,1000.0,0,10,10
2026-08-24T09:17:37.028Z,0.9820472464882809,0.9987690735536614,0.986227703254626,0.9820472464882809,0.004180456766345153,0.00986227703254626,0.00982047246488281,4.180456766345042e-05,normal,normal,normal,normal,0.0,1000.0,1000.0,0,10,10
2026-08-24T09:17:42.029Z,0.9885927054405075,0.9987690735536614,0.9911367974687959,0.9885927054405075,0.002544092028288425,0.00991136797468796,0.009885927054405075,2.5440920282884458e-05,normal,normal,normal,normal,0.0,1000.0,1000.0,0,10,10
2026-08-24T09:17:47.031Z,1.4531244297835713,1.0013006015282069,1.3401684727197303,1.4531244297835713,-0.11295595706384098,0.013401684727197303,0.014531244297835713,-0.0011295595706384103,short_bias,short_bias,normal,normal,0.0,1000.0,1000.0,0,10,10
2026-08-24T09:17:52.033Z,1.454834904285439,1.0038321295027521,1.3420842105897672,1.4548349042854387,-0.11275069369567148,0.013420842105897671,0.014548349042854387,-0.0011275069369567157,normal,normal,normal,normal,0.0,1000.0,1000.0,0,10,10
2026-08-24T09:17:57.034Z,1.4099591247359304,1.0038321295027521,1.3084273759276357,1.4099591247359304,-0.10153174880829474,0.013084273759276357,0.014099591247359305,-0.0010153174880829473,short_bias,short_bias,normal,normal,0.0,1000.0,1000.0,0,10,10
2026-08-24T09:18:02.037Z,1.4099591247359304,1.0038321295027521,1.3084273759276357,1.4099591247359304,-0.10153174880829474,0.013084273759276357,0.014099591247359305,-0.0010153174880829473,normal,normal,normal,normal,0.0,1000.0,1000.0,0,10,10
2026-08-24T09:18:07.039Z,1.4326370488183287,1.003913417098265,1.3254561408883128,1.4326370488183287,-0.10718090793001589,0.013254561408883129,0.014326370488183287,-0.0010718090793001584,short_bias,short_bias,normal,normal,0.0,1000.0,1000.0,0,10,10
2026-08-24T09:18:12.041Z,1.4261387913687502,1.003994704693778,1.3206027697000073,1.4261387913687502,-0.10553602166874287,0.013206027697000073,0.014261387913687503,-0.0010553602166874301,short_bias,short_bias,normal,normal,0.0,1000.0,1000.0,0,10,10
2026-08-24T09:18:17.041Z,1.414552787476765,1.003994704693778,1.3119132667810183,1.414552787476765,-0.10263952069574667,0.013119132667810183,0.01414552787476765,-0.001026395206957468,short_bias,short_bias,normal,normal,0.0,1000.0,1000.0,0,10,10
2026-08-24T09:18:22.044Z,1.4973211286299626,1.003994704693778,1.3739895226459162,1.4973211286299624,-0.12333160598404613,0.013739895226459162,0.014973211286299625,-0.0012333160598404624,short_bias,short_bias,normal,normal,0.0,1000.0,1000.0,0,10,10
2026-08-24T09:18:27.056Z,1.5014201223184689,1.0004645005457882,1.3761812168752987,1.5014201223184689,-0.12523890544317018,0.013761812168752987,0.022521301834777033,-0.008759489666024045,normal,defensive,normal,high,500.0,1000.0,500.0,4,10,6
2026-08-24T09:18:32.045Z,1.5014235663102815,0.9969342963977983,1.3753012488321608,1.5014235663102815,-0.12612231747812075,0.013753012488321607,0.02252135349465422,-0.008768341006332614,normal,defensive,normal,high,500.0,1000.0,500.0,4,10,6
2026-08-24T09:18:37.046Z,1.2598030090103873,0.9969458734453568,1.1940887251191297,1.2598030090103873,-0.06571428389125766,0.011940887251191298,0.012598030090103874,-0.000657142838912576,short_bias,short_bias,normal,normal,0.0,1000.0,1000.0,0,10,10
2026-08-24T09:18:42.047Z,1.1827569237680544,0.9969458734453568,1.13630416118738,1.1827569237680544,-0.04645276258067432,0.0113630416118738,0.011827569237680543,-0.00046452762580674253,normal,normal,normal,normal,0.0,1000.0,1000.0,0,10,10
2026-08-24T09:18:47.049Z,0.5198172055435524,0.9973058029752295,0.6391893549014717,0.5198172055435524,0.11937214935791929,0.0075,0.0075,0.0,short_bias,short_bias,normal,normal,0.0,1000.0,1000.0,0,10,10
2026-08-24T09:18:52.051Z,0.5084656839102136,0.9976425776033259,0.6307599073334917,0.5084656839102136,0.12229422342327811,0.0075,0.0075,0.0,normal,normal,normal,normal,0.0,1000.0,1000.0,0,10,10
2026-08-24T09:18:57.053Z,0.49088474565039636,0.9977932123858857,0.6176118623342687,0.49088474565039636,0.12672711668387232,0.0075,0.0075,0.0,normal,normal,normal,normal,0.0,1000.0,1000.0,0,10,10
2026-08-24T09:19:02.055Z,0.6010315489120328,0.9977932123858857,0.700221964780496,0.6010315489120328,0.09919041586846322,0.0075,0.0075,0.0,normal,normal,normal,normal,0.0,1000.0,1000.0,0,10,10
2026-08-24T09:19:07.059Z,1.0820561563851177,0.9978279807189732,1.0609991124685814,1.0820561563851177,-0.02105704391653629,0.010609991124685815,0.010820561563851177,-0.00021057043916536226,normal,normal,normal,normal,0.0,1000.0,1000.0,0,10,10
2026-08-24T09:19:12.061Z,1.0830182807647788,0.9978279807189732,1.0617207057533276,1.0830182807647788,-0.021297575011451242,0.010617207057533277,0.010830182807647788,-0.0002129757501145111,normal,normal,normal,normal,0.0,1000.0,1000.0,0,10,10
2026-08-24T09:19:17.063Z,1.3242106524786488,0.997839570701791,1.2426178820344342,1.3242106524786488,-0.08159277044421454,0.012426178820344342,0.013242106524786489,-0.0008159277044421463,normal,normal,normal,normal,0.0,1000.0,1000.0,0,10,10
2026-08-24T09:19:22.065Z,1.2215896643491793,0.997839570701791,1.1656521409373322,1.2215896643491793,-0.0559375234118471,0.011656521409373321,0.012215896643491793,-0.000559375234118472,normal,normal,normal,normal,0.0,1000.0,1000.0,0,10,10
2026-08-24T09:19:27.072Z,1.22584196443431,0.9979672435822976,1.1688732842213068,1.22584196443431,-0.056968680213003164,0.011688732842213069,0.0122584196443431,-0.0005696868021300306,normal,normal,normal,normal,0.0,1000.0,1000.0,0,10,10
2026-08-24T09:19:32.068Z,1.2308736385388332,0.9980485538390057,1.1726673673638763,1.2308736385388332,-0.058206271174956914,0.011726673673638763,0.012308736385388331,-0.0005820627117495685,normal,normal,normal,normal,0.0,1000.0,1000.0,0,10,10
2026-08-24T09:19:37.076Z,1.2180950174124114,0.9980485538390057,1.16308340151906,1.2180950174124114,-0.05501161589335135,0.0116308340151906,0.012180950174124114,-0.0005501161589335137,normal,normal,normal,normal,0.0,1000.0,1000.0,0,10,10
2026-08-24T09:19:42.072Z,1.2290196029870546,0.9980485538390057,1.1712768407000425,1.2290196029870546,-0.05774276228701214,0.011712768407000425,0.012290196029870547,-0.000577427622870122,normal,normal,normal,normal,0.0,1000.0,1000.0,0,10,10
2026-08-24T09:19:47.074Z,1.2366516002175727,0.9980485538390057,1.177000838622931,1.2366516002175727,-0.05965076159464178,0.01177000838622931,0.012366516002175728,-0.0005965076159464185,normal,normal,normal,normal,0.0,1000.0,1000.0,0,10,10
2026-08-24T09:19:52.074Z,1.2414932755981987,0.9974677662910908,1.1804868982714216,1.2414932755981987,-0.06100637732677705,0.011804868982714215,0.012414932755981987,-0.000610063773267772,normal,normal,normal,normal,0.0,1000.0,1000.0,0,10,10
2026-08-24T09:19:57.077Z,1.3164506090205357,0.9974677662910908,1.2367048983381743,1.3164506090205357,-0.07974571068236136,0.012367048983381743,0.013164506090205357,-0.0007974571068236139,normal,normal,normal,normal,0.0,1000.0,1000.0,0,10,10
2026-08-24T09:20:02.079Z,1.2481858772441063,0.9974677662910908,1.1855063495058524,1.2481858772441063,-0.06267952773825392,0.011855063495058524,0.012481858772441063,-0.0006267952773825382,normal,normal,normal,normal,0.0,1000.0,1000.0,0,10,10
2026-08-24T09:20:07.081Z,0.8926155574363004,0.9974677662910908,0.918828609649998,0.8926155574363004,0.02621305221369763,0.00918828609649998,0.008926155574363003,0.00026213052213697706,normal,normal,normal,normal,0.0,1000.0,1000.0,0,10,10
2026-08-24T09:20:12.082Z,1.0380554993763245,0.9967243582297595,1.0277227140896832,1.0380554993763245,-0.010332785286641277,0.010277227140896832,0.010380554993763245,-0.00010332785286641319,normal,normal,normal,normal,0.0,1000.0,1000.0,0,10,10
2026-08-24T09:20:17.083Z,0.7156782225041198,0.9967243582297595,0.7859397564355298,0.7156782225041199,0.07026153393140988,0.007859397564355297,0.0075,0.00035939756435529775,normal,normal,normal,normal,0.0,1000.0,1000.0,0,10,10
2026-08-24T09:20:22.085Z,0.715547031802785,0.9967243582297595,0.7858413634095286,0.7155470318027849,0.0702943316067437,0.007858413634095287,0.0075,0.00035841363409528683,normal,normal,normal,normal,0.0,1000.0,1000.0,0,10,10
2026-08-24T09:20:27.094Z,0.7224170941165008,0.9967243582297595,0.7909939101448155,0.7224170941165008,0.06857681602831467,0.007909939101448155,0.0075,0.0004099391014481552,normal,normal,normal,normal,0.0,1000.0,1000.0,0,10,10
2026-08-24T09:20:32.089Z,0.7173302096451378,0.9944012080380996,0.7865979592433783,0.7173302096451378,0.06926774959824045,0.007865979592433783,0.0075,0.00036597959243378324,normal,normal,normal,normal,0.0,1000.0,1000.0,0,10,10
2026-08-24T09:20:37.090Z,0.7967124230920359,0.9944012080380996,0.8461346193285518,0.7967124230920359,0.04942219623651589,0.008461346193285518,0.007967124230920358,0.0004942219623651593,normal,normal,normal,normal,0.0,1000.0,1000.0,0,10,10
2026-08-24T09:20:42.090Z,0.7907474722484448,0.9944012080380996,0.8416609061958584,0.7907474722484448,0.050913433947413655,0.008416609061958584,0.007907474722484448,0.0005091343394741359,normal,normal,normal,normal,0.0,1000.0,1000.0,0,10,10
2026-08-24T09:20:47.090Z,0.8123385083088999,0.9944012080380996,0.8578541832411998,0.8123385083088999,0.04551567493229991,0.008578541832411997,0.008123385083089,0.0004551567493229977,normal,normal,normal,normal,0.0,1000.0,1000.0,0,10,10
2026-08-24T09:20:52.093Z,0.8046934983165844,0.9980253223370891,0.8530264543217106,0.8046934983165844,0.048332956005126215,0.008530264543217106,0.008046934983165844,0.00048332956005126167,normal,normal,normal,normal,0.0,1000.0,1000.0,0,10,10
2026-08-24T09:20:57.097Z,0.9787786244165613,0.9980253223370891,0.9835902988966932,0.9787786244165613,0.004811674480131978,0.009835902988966931,0.009787786244165613,4.811674480131867e-05,normal,normal,normal,normal,0.0,1000.0,1000.0,0,10,10
2026-08-24T09:21:02.097Z,1.0103255814469512,0.9980253223370891,1.0072505166694856,1.0103255814469512,-0.0030750647774655526,0.010072505166694857,0.010103255814469511,-3.0750647774654624e-05,normal,normal,normal,normal,0.0,1000.0,1000.0,0,10,10
2026-08-24T09:21:07.106Z,0.96787930439671,0.9980253223370891,0.9754158088818048,0.96787930439671,0.007536504485094797,0.009754158088818047,0.0096787930439671,7.536504485094672e-05,normal,normal,normal,normal,0.0,1000.0,1000.0,0,10,10
2026-08-24T09:21:12.101Z,0.9162758826188855,0.9963991172029272,0.936306691264896,0.9162758826188856,0.020030808646010367,0.00936306691264896,0.009162758826188855,0.00020030808646010444,normal,normal,normal,normal,0.0,1000.0,1000.0,0,10,10
2026-08-24T09:21:17.103Z,0.91842857973883,0.9963991172029272,0.9379212141048543,0.91842857973883,0.01949263436602433,0.009379212141048542,0.0091842857973883,0.0001949263436602424,normal,normal,normal,normal,0.0,1000.0,1000.0,0,10,10
2026-08-24T09:21:22.104Z,0.9185185245964832,0.9963991172029272,0.9379886727480942,0.9185185245964832,0.019470148151610966,0.009379886727480942,0.009185185245964832,0.00019470148151611022,normal,normal,normal,normal,0.0,1000.0,1000.0,0,10,10
2026-08-24T09:21:27.109Z,0.9491044154785829,0.9964222655887,0.9609338780061122,0.9491044154785829,0.011829462527529255,0.009609338780061122,0.009491044154785829,0.00011829462527529304,normal,normal,normal,normal,0.0,1000.0,1000.0,0,10,10
2026-08-24T09:21:32.105Z,0.9517173809043011,0.9947263265495772,0.9624696173156201,0.951717380904301,0.01075223641131906,0.009624696173156201,0.00951717380904301,0.00010752236411319151,normal,normal,normal,normal,0.0,1000.0,1000.0,0,10,10
2026-08-24T09:21:37.109Z,0.9027342511429735,0.9947263265495772,0.9257322699946243,0.9027342511429733,0.02299801885165098,0.009257322699946243,0.009027342511429733,0.00022998018851651085,normal,normal,normal,normal,0.0,1000.0,1000.0,0,10,10
2026-08-24T09:21:42.110Z,0.9818168295370956,0.9947263265495772,0.985044203790216,0.9818168295370956,0.003227374253120363,0.00985044203790216,0.009818168295370956,3.2273742531204255e-05,normal,normal,normal,normal,0.0,1000.0,1000.0,0,10,10
2026-08-24T09:21:47.112Z,0.9564032164947862,0.9947263265495772,0.9659839940084839,0.9564032164947861,0.009580777513697791,0.00965983994008484,0.009564032164947861,9.580777513697875e-05,normal,normal,normal,normal,0.0,1000.0,1000.0,0,10,10
2026-08-24T09:21:52.114Z,0.9578970667526858,0.9944707740916272,0.9670404935874211,0.9578970667526857,0.009143426834735346,0.00967040493587421,0.009578970667526858,9.143426834735263e-05,normal,normal,normal,normal,0.0,1000.0,1000.0,0,10,10
2026-08-24T09:21:57.116Z,0.553917382865936,0.9944707740916272,0.6640557306723587,0.553917382865936,0.11013834780642273,0.0075,0.0075,0.0,normal,normal,normal,normal,0.0,1000.0,1000.0,0,10,10
2026-08-24T09:22:02.118Z,0.7366602039366577,0.9944707740916272,0.8011128464754,0.7366602039366578,0.06445264253874228,0.008011128464754,0.0075,0.0005111284647540005,normal,normal,normal,normal,0.0,1000.0,1000.0,0,10,10
2026-08-24T09:22:07.120Z,0.6885968682688105,0.9944707740916272,0.7650653447245146,0.6885968682688105,0.07646847645570409,0.007650653447245146,0.0075,0.00015065344724514602,normal,normal,normal,normal,0.0,1000.0,1000.0,0,10,10
2026-08-24T09:22:12.122Z,0.6704283946024414,0.9955626800483227,0.7517119659639117,0.6704283946024413,0.08128357136147035,0.007517119659639117,0.0075,1.7119659639117102e-05,normal,normal,normal,normal,0.0,1000.0,1000.0,0,10,10
2026-08-24T09:22:17.124Z,0.8889131937263706,0.995585809539298,0.9155813476796024,0.8889131937263706,0.026668153953231855,0.009155813476796023,0.008889131937263706,0.00026668153953231764,normal,normal,normal,normal,0.0,1000.0,1000.0,0,10,10
2026-08-24T09:22:22.125Z,0.906266144424249,0.995585809539298,0.9285960607030113,0.906266144424249,0.02232991627876224,0.009285960607030113,0.00906266144424249,0.00022329916278762338,normal,normal,normal,normal,0.0,1000.0,1000.0,0,10,10
2026-08-24T09:22:27.132Z,0.9093305663432752,0.995759314984141,0.9309377535034917,0.9093305663432752,0.02160718716021648,0.009309377535034916,0.009093305663432753,0.00021607187160216368,normal,normal,normal,normal,0.0,1000.0,1000.0,0,10,10
2026-08-24T09:22:32.130Z,0.9116691523024568,0.9982688710483206,0.9333190819889228,0.9116691523024568,0.021649929686465952,0.009333190819889228,0.009116691523024568,0.0002164992968646598,normal,normal,normal,normal,0.0,1000.0,1000.0,0,10,10
2026-08-24T09:22:37.132Z,0.9183472988803616,0.9982688710483206,0.9383276919223513,0.9183472988803616,0.01998039304198973,0.009383276919223513,0.009183472988803615,0.0001998039304198975,normal,normal,normal,normal,0.0,1000.0,1000.0,0,10,10
2026-08-24T09:22:42.134Z,0.8324649283408828,0.9982688710483206,0.8739159140177423,0.8324649283408828,0.04145098567685945,0.008739159140177423,0.008324649283408828,0.0004145098567685957,normal,normal,normal,normal,0.0,1000.0,1000.0,0,10,10
2026-08-24T09:22:47.134Z,0.9302494281219342,0.9982688710483206,0.9472542888535308,0.9302494281219342,0.01700486073159657,0.009472542888535308,0.009302494281219343,0.00017004860731596565,normal,normal,normal,normal,0.0,1000.0,1000.0,0,10,10
2026-08-24T09:22:52.135Z,0.9317042675946235,0.9995701223408582,0.9486707312811822,0.9317042675946235,0.01696646368655863,0.009486707312811822,0.009317042675946236,0.00016966463686558624,normal,normal,normal,normal,0.0,1000.0,1000.0,0,10,10
2026-08-24T09:22:57.136Z,0.9468196211037749,0.9995701223408582,0.9600072464130457,0.9468196211037748,0.013187625309270867,0.009600072464130457,0.009468196211037748,0.0001318762530927095,normal,normal,normal,normal,0.0,1000.0,1000.0,0,10,10
2026-08-24T09:23:02.137Z,0.7250749912867166,0.9995701223408582,0.793698774050252,0.7250749912867166,0.06862378276353542,0.00793698774050252,0.0075,0.0004369877405025202,normal,normal,normal,normal,0.0,1000.0,1000.0,0,10,10
2026-08-24T09:23:07.137Z,0.7258177688353744,0.9995701223408582,0.7942558572117454,0.7258177688353745,0.06843808837637089,0.007942558572117455,0.0075,0.000442558572117455,normal,normal,normal,normal,0.0,1000.0,1000.0,0,10,10
2026-08-24T09:23:12.139Z,0.7258177688353744,1.0000580915755597,0.7943778495204208,0.7258177688353745,0.06856008068504627,0.007943778495204208,0.0075,0.0004437784952042081,normal,normal,normal,normal,0.0,1000.0,1000.0,0,10,10
2026-08-24T09:23:17.140Z,0.31988509527447373,1.0000580915755597,0.4899283443497452,0.31988509527447373,0.17004324907527146,0.0075,0.0075,0.0,normal,normal,normal,normal,0.0,1000.0,1000.0,0,10,10
2026-08-24T09:23:22.142Z,0.38018263361401855,1.0000580915755597,0.5351514981044039,0.38018263361401855,0.15496886449038533,0.0075,0.0075,0.0,normal,normal,normal,normal,0.0,1000.0,1000.0,0,10,10
2026-08-24T09:23:27.151Z,0.4181558016155573,1.0000580915755597,0.5636313741055579,0.4181558016155573,0.14547557249000054,0.0075,0.0075,0.0,normal,normal,normal,normal,0.0,1000.0,1000.0,0,10,10
2026-08-24T09:23:32.145Z,0.3832082833119035,0.9957825516143649,0.5363518503875189,0.3832082833119035,0.15314356707561538,0.0075,0.0075,0.0,normal,normal,normal,normal,0.0,1000.0,1000.0,0,10,10
2026-08-24T09:23:37.147Z,0.41819861670274894,0.9957825516143649,0.5625946004306529,0.41819861670274894,0.14439598372790396,0.0075,0.0075,0.0,normal,normal,normal,normal,0.0,1000.0,1000.0,0,10,10
2026-08-24T09:23:42.147Z,0.4182084946020581,0.9957825516143649,0.5626020088551348,0.4182084946020581,0.14439351425307667,0.0075,0.0075,0.0,normal,normal,normal,normal,0.0,1000.0,1000.0,0,10,10
2026-08-24T09:23:47.149Z,0.4182084946020581,0.9957825516143649,0.5626020088551348,0.4182084946020581,0.14439351425307667,0.0075,0.0075,0.0,normal,normal,normal,normal,0.0,1000.0,1000.0,0,10,10
2026-08-24T09:23:52.151Z,0.4182084946020581,0.9989659699550372,0.5633978634403028,0.4182084946020581,0.14518936883824474,0.0075,0.0075,0.0,normal,normal,normal,normal,0.0,1000.0,1000.0,0,10,10
2026-08-24T09:23:57.153Z,0.44640345330142894,0.9989659699550372,0.584544082464831,0.44640345330142894,0.13814062916340208,0.0075,0.0075,0.0,normal,normal,normal,normal,0.0,1000.0,1000.0,0,10,10
2026-08-24T09:24:02.155Z,0.5052267532070603,0.9989659699550372,0.6286615573940546,0.5052267532070603,0.12343480418699426,0.0075,0.0075,0.0,normal,normal,normal,normal,0.0,1000.0,1000.0,0,10,10
2026-08-24T09:24:07.157Z,0.6371171379123293,0.9989659699550372,0.7275793459230062,0.6371171379123293,0.09046220801067695,0.0075,0.0075,0.0,normal,normal,normal,normal,0.0,1000.0,1000.0,0,10,10
2026-08-24T09:24:12.157Z,0.6388244224312212,1.0019634952539185,0.7296091906368956,0.6388244224312212,0.09078476820567438,0.0075,0.0075,0.0,normal,normal,normal,normal,0.0,1000.0,1000.0,0,10,10
2026-08-24T09:24:17.158Z,0.6888150295261706,1.0019052929968866,0.7670875953938495,0.6888150295261705,0.07827256586767906,0.007670875953938495,0.0075,0.00017087595393849506,normal,normal,normal,normal,0.0,1000.0,1000.0,0,10,10
2026-08-24T09:24:22.160Z,0.5893420214558904,1.0019052929968866,0.6924828393411395,0.5893420214558904,0.10314081788524909,0.0075,0.0075,0.0,normal,normal,normal,normal,0.0,1000.0,1000.0,0,10,10
2026-08-24T09:24:27.169Z,0.5385679212266798,1.0019052929968866,0.6544022641692315,0.5385679212266798,0.11583434294255168,0.0075,0.0075,0.0,normal,normal,normal,normal,0.0,1000.0,1000.0,0,10,10
2026-08-24T09:24:32.162Z,0.6118908385664394,1.003810585993773,0.7098707754232728,0.6118908385664394,0.09797993685683337,0.0075,0.0075,0.0,normal,normal,normal,normal,0.0,1000.0,1000.0,0,10,10
2026-08-24T09:24:37.165Z,0.5754511144708158,1.003810585993773,0.6825409823515551,0.5754511144708158,0.10708986788073938,0.0075,0.0075,0.0,normal,normal,normal,normal,0.0,1000.0,1000.0,0,10,10
2026-08-24T09:24:42.167Z,0.5845140033127955,1.003810585993773,0.6893381489830399,0.5845140033127955,0.10482414567024445,0.0075,0.0075,0.0,normal,normal,normal,normal,0.0,1000.0,1000.0,0,10,10
2026-08-24T09:24:47.170Z,0.5875822766634136,1.003810585993773,0.6916393539960034,0.5875822766634136,0.10405707733258984,0.0075,0.0075,0.0,normal,normal,normal,normal,0.0,1000.0,1000.0,0,10,10
2026-08-24T09:24:52.168Z,0.6084292246732574,1.000278823365398,0.7063916243462927,0.6084292246732574,0.09796239967303522,0.0075,0.0075,0.0,normal,normal,normal,normal,0.0,1000.0,1000.0,0,10,10
2026-08-24T09:24:57.170Z,0.5601585629220381,1.000278823365398,0.6701886280328782,0.5601585629220381,0.11003006511084001,0.0075,0.0075,0.0,normal,normal,normal,normal,0.0,1000.0,1000.0,0,10,10
2026-08-24T09:25:02.173Z,0.48115558875106823,1.000278823365398,0.6109363974046507,0.4811555887510683,0.12978080865358238,0.0075,0.0075,0.0,normal,normal,normal,normal,0.0,1000.0,1000.0,0,10,10
2026-08-24T09:25:07.175Z,0.35642637483128753,1.000278823365398,0.5173894869648152,0.35642637483128753,0.1609631121335277,0.0075,0.0075,0.0,normal,normal,normal,normal,0.0,1000.0,1000.0,0,10,10
2026-08-24T09:25:12.177Z,0.36270395089581303,1.009549700264882,0.5244153882380803,0.36270395089581303,0.16171143734226728,0.0075,0.0075,0.0,normal,normal,normal,normal,0.0,1000.0,1000.0,0,10,10
2026-08-24T09:25:17.178Z,0.370785574639215,1.009549700264882,0.5304766060456318,0.370785574639215,0.15969103140641683,0.0075,0.0075,0.0,normal,normal,normal,normal,0.0,1000.0,1000.0,0,10,10
2026-08-24T09:25:22.180Z,0.3712268478168221,1.009549700264882,0.5308075609288371,0.3712268478168221,0.159580713112015,0.0075,0.0075,0.0,normal,normal,normal,normal,0.0,1000.0,1000.0,0,10,10
2026-08-24T09:25:27.189Z,0.37468451890682236,1.009549700264882,0.5334008142463373,0.37468451890682236,0.15871629533951498,0.0075,0.0075,0.0,normal,normal,normal,normal,0.0,1000.0,1000.0,0,10,10
2026-08-24T09:25:32.183Z,0.5473375311193842,1.009456759143083,0.662867338125309,0.5473375311193842,0.11552980700592475,0.0075,0.0075,0.0,normal,normal,normal,normal,0.0,1000.0,1000.0,0,10,10
2026-08-24T09:25:37.184Z,0.5666660315751034,1.009456759143083,0.6773637134670982,0.5666660315751034,0.1106976818919948,0.0075,0.0075,0.0,normal,normal,normal,normal,0.0,1000.0,1000.0,0,10,10
2026-08-24T09:25:42.187Z,1.1045124178416903,1.009456759143083,1.0807485031670385,1.1045124178416903,-0.023763914674651776,0.010807485031670385,0.011045124178416903,-0.00023763914674651727,normal,normal,normal,normal,0.0,1000.0,1000.0,0,10,10
2026-08-24T09:25:47.187Z,1.146270805457199,1.009456759143083,1.11206729387867,1.146270805457199,-0.03420351157852908,0.0111206729387867,0.01146270805457199,-0.0003420351157852903,normal,normal,normal,normal,0.0,1000.0,1000.0,0,10,10
2026-08-24T09:25:52.188Z,1.1294758072395996,1.0130698452530322,1.1003743167429576,1.1294758072395996,-0.029101490496642013,0.011003743167429575,0.011294758072395996,-0.0002910149049664204,normal,normal,normal,normal,0.0,1000.0,1000.0,0,10,10
2026-08-24T09:25:57.188Z,1.5071353207313194,1.0166829313629815,1.384522223389235,1.5071353207313194,-0.12261309734208448,0.01384522223389235,0.022607029810969792,-0.008761807577077441,normal,defensive,normal,high,500.0,1000.0,500.0,4,10,6
2026-08-24T09:26:02.189Z,1.9893642035324177,1.0166829313629815,1.7461938854900587,1.9893642035324177,-0.243170318042359,0.02619290828235088,0.029840463052986266,-0.003647554770635386,defensive,defensive,high,high,0.0,500.0,500.0,0,6,6
2026-08-24T09:26:07.190Z,2.081507629526471,1.0166829313629815,1.8153014549855988,2.081507629526471,-0.26620617454087236,0.02722952182478398,0.03,-0.0027704781752160186,defensive,defensive,high,high,0.0,500.0,500.0,0,6,6
2026-08-24T09:26:12.193Z,2.101806216633534,1.0168804312468052,1.8305747702868518,2.101806216633534,-0.2712314463466823,0.027458621554302776,0.03,-0.0025413784456972226,defensive,defensive,high,high,0.0,500.0,500.0,0,6,6
2026-08-24T09:26:17.196Z,2.097552324215928,1.0170779311306288,1.8274337259446034,2.097552324215928,-0.2701185982713248,0.02741150588916905,0.03,-0.002588494110830949,defensive,defensive,high,high,0.0,500.0,500.0,0,6,6
2026-08-24T09:26:22.199Z,2.097425623982033,1.0170779311306288,1.827338700769182,2.097425623982033,-0.2700869232128511,0.02741008051153773,0.03,-0.00258991948846227,defensive,defensive,high,high,0.0,500.0,500.0,0,6,6
2026-08-24T09:26:27.217Z,2.1099061895388598,1.0170779311306288,1.836699124936802,2.1099061895388598,-0.2732070646020577,0.02755048687405203,0.03,-0.0024495131259479677,defensive,defensive,high,high,0.0,500.0,500.0,0,6,6
2026-08-24T09:26:32.203Z,2.1954125396948387,1.0171708722524282,1.900852122834236,2.1954125396948387,-0.29456041686060264,0.02851278184251354,0.03,-0.0014872181574864599,defensive,defensive,high,high,0.0,500.0,500.0,0,6,6
2026-08-24T09:26:37.205Z,2.2847867571221836,1.0172638133742273,1.9679060211851944,2.2847867571221836,-0.3168807359369892,0.029518590317777916,0.03,-0.000481409682222083,defensive,defensive,high,high,0.0,500.0,500.0,0,6,6
2026-08-24T09:26:42.208Z,1.9644195772652022,1.0172638133742273,1.7276306362924585,1.9644195772652022,-0.23678894097274372,0.025914459544386877,0.029466293658978033,-0.0035518341145911562,defensive,defensive,high,high,0.0,500.0,500.0,0,6,6
2026-08-24T09:26:47.209Z,1.948433865156243,1.0172638133742273,1.715641352210739,1.948433865156243,-0.23279251294550396,0.025734620283161085,0.029226507977343646,-0.003491887694182561,defensive,defensive,high,high,0.0,500.0,500.0,0,6,6
2026-08-24T09:26:52.210Z,1.9897113548005836,1.0175542543798504,1.7466720796954003,1.9897113548005836,-0.2430392751051833,0.026200081195431005,0.029845670322008754,-0.0036455891265777494,defensive,defensive,high,high,0.0,500.0,500.0,0,6,6
2026-08-24T09:26:57.216Z,1.7919688415690918,1.0178446953854734,1.5984378050231873,1.7919688415690918,-0.19353103654590442,0.02397656707534781,0.026879532623536376,-0.002902965548188568,defensive,defensive,high,high,0.0,500.0,500.0,0,6,6
2026-08-24T09:27:02.214Z,1.3001927264133453,1.0178446953854734,1.2296057186563774,1.3001927264133453,-0.07058700775696791,0.012296057186563774,0.013001927264133453,-0.0007058700775696789,normal,normal,normal,normal,0.0,1000.0,1000.0,0,10,10
2026-08-24T09:27:07.215Z,1.247762989458483,1.0178446953854734,1.1902834159402307,1.247762989458483,-0.05747957351825228,0.011902834159402307,0.01247762989458483,-0.0005747957351825237,long_bias,long_bias,normal,normal,0.0,1000.0,1000.0,0,10,10
2026-08-24T09:27:12.217Z,1.3672178524399163,1.0180654305497467,1.279929746967374,1.3672178524399163,-0.08728810547254229,0.01279929746967374,0.013672178524399163,-0.0008728810547254228,long_bias,long_bias,normal,normal,0.0,1000.0,1000.0,0,10,10
2026-08-24T09:27:17.219Z,1.5115730418384774,1.0181678786329948,1.3882217510371067,1.5115730418384772,-0.12335129080137053,0.013882217510371067,0.022673595627577158,-0.008791378117206091,normal,defensive,normal,high,500.0,1000.0,500.0,4,10,6
2026-08-24T09:27:22.222Z,1.6316084481084843,1.0181678786329948,1.4782483057396119,1.6316084481084843,-0.1533601423688724,0.014782483057396118,0.024474126721627264,-0.009691643664231146,long_bias,defensive,normal,high,500.0,1000.0,500.0,4,10,6
2026-08-24T09:27:27.227Z,1.6520226828982028,1.0181442245144503,1.4935530683022646,1.6520226828982028,-0.1584696145959381,0.014935530683022646,0.02478034024347304,-0.009844809560450396,normal,defensive,normal,high,500.0,1000.0,500.0,4,10,6
2026-08-24T09:27:32.224Z,1.2511914720941786,1.0170987826410185,1.1926682997308886,1.2511914720941786,-0.058523172363289966,0.011926682997308886,0.012511914720941786,-0.0005852317236329004,normal,normal,normal,normal,0.0,1000.0,1000.0,0,10,10
2026-08-24T09:27:37.224Z,1.1682311948074473,1.0160533407675867,1.1301867312974823,1.1682311948074473,-0.03804446350996504,0.011301867312974823,0.011682311948074472,-0.00038044463509964883,long_bias,long_bias,normal,normal,0.0,1000.0,1000.0,0,10,10
2026-08-24T09:27:42.225Z,0.8907890401098812,1.0160533407675867,0.9221051152743076,0.8907890401098811,0.03131607516442647,0.009221051152743076,0.00890789040109881,0.00031316075164426575,normal,normal,normal,normal,0.0,1000.0,1000.0,0,10,10
2026-08-24T09:27:47.228Z,0.8648801616384324,1.0122200538983366,0.9017151347034085,0.8648801616384324,0.03683497306497607,0.009017151347034085,0.008648801616384323,0.00036834973064976163,normal,normal,normal,normal,0.0,1000.0,1000.0,0,10,10
2026-08-24T09:27:52.230Z,0.7912658340350801,1.0122200538983366,0.8465043890008942,0.7912658340350801,0.05523855496581409,0.008465043890008942,0.0079126583403508,0.0005523855496581409,normal,normal,normal,normal,0.0,1000.0,1000.0,0,10,10
2026-08-24T09:27:57.232Z,0.9292752495754254,1.0122200538983366,0.9500114506561532,0.9292752495754254,0.020736201080727823,0.009500114506561533,0.009292752495754253,0.00020736201080727955,normal,normal,normal,normal,0.0,1000.0,1000.0,0,10,10
2026-08-24T09:28:02.234Z,0.9378086522937648,1.0122200538983366,0.9564115026949077,0.9378086522937648,0.018602850401142956,0.009564115026949076,0.009378086522937649,0.00018602850401142762,normal,normal,normal,normal,0.0,1000.0,1000.0,0,10,10
2026-08-24T09:28:07.236Z,0.9418490702046368,1.017679583681814,0.9608066985739312,0.9418490702046368,0.018957628369294377,0.009608066985739312,0.009418490702046369,0.00018957628369294273,normal,normal,normal,normal,0.0,1000.0,1000.0,0,10,10
2026-08-24T09:28:12.237Z,0.7656854066988724,1.017679583681814,0.8286839509446078,0.7656854066988724,0.06299854424573537,0.008286839509446078,0.007656854066988724,0.0006299854424573542,normal,normal,normal,normal,0.0,1000.0,1000.0,0,10,10
2026-08-24T09:28:17.238Z,0.7407821541104337,1.017679583681814,0.8100065115032788,0.7407821541104337,0.06922435739284516,0.008100065115032787,0.0075,0.0006000651150327874,normal,normal,normal,normal,0.0,1000.0,1000.0,0,10,10
2026-08-24T09:28:22.239Z,0.5777006554689652,1.017679583681814,0.6876953875221774,0.5777006554689652,0.1099947320532122,0.0075,0.0075,0.0,normal,normal,normal,normal,0.0,1000.0,1000.0,0,10,10
2026-08-24T09:28:27.247Z,0.5060511796038626,1.0141473273398842,0.6330752165378679,0.5060511796038626,0.12702403693400532,0.0075,0.0075,0.0,normal,normal,normal,normal,0.0,1000.0,1000.0,0,10,10
2026-08-24T09:28:32.242Z,0.5021369811013318,1.0141473273398842,0.6301395676609698,0.5021369811013318,0.12800258655963803,0.0075,0.0075,0.0,normal,normal,normal,normal,0.0,1000.0,1000.0,0,10,10
2026-08-24T09:28:37.244Z,0.5042521159732295,1.014100211387024,0.6317141398266781,0.5042521159732295,0.12746202385344862,0.0075,0.0075,0.0,normal,normal,normal,normal,0.0,1000.0,1000.0,0,10,10
2026-08-24T09:28:42.246Z,0.5042521159732295,1.014100211387024,0.6317141398266781,0.5042521159732295,0.12746202385344862,0.0075,0.0075,0.0,normal,normal,normal,normal,0.0,1000.0,1000.0,0,10,10
2026-08-24T09:28:47.248Z,0.5042521159732295,1.0130778164924508,0.6314585411030349,0.5042521159732295,0.1272064251298054,0.0075,0.0075,0.0,normal,normal,normal,normal,0.0,1000.0,1000.0,0,10,10
2026-08-24T09:28:52.250Z,0.5042521159732295,1.0130778164924508,0.6314585411030349,0.5042521159732295,0.1272064251298054,0.0075,0.0075,0.0,normal,normal,normal,normal,0.0,1000.0,1000.0,0,10,10
2026-08-24T09:28:57.252Z,0.20577595561432804,1.0130778164924508,0.40760142083385875,0.20577595561432804,0.2018254652195307,0.0075,0.0075,0.0,normal,normal,normal,normal,0.0,1000.0,1000.0,0,10,10
2026-08-24T09:29:02.254Z,0.15602115963217494,1.0130778164924508,0.3702853238472439,0.15602115963217494,0.21426416421506894,0.0075,0.0075,0.0,normal,normal,normal,normal,0.0,1000.0,1000.0,0,10,10
2026-08-24T09:29:07.256Z,0.11590952732444658,1.0124738675958187,0.3400506123922896,0.11590952732444658,0.22414108506784303,0.0075,0.0075,0.0,normal,normal,normal,normal,0.0,1000.0,1000.0,0,10,10
2026-08-24T09:29:12.258Z,0.26579511581158954,1.0124738675958187,0.45246480375764686,0.26579511581158954,0.18666968794605732,0.0075,0.0075,0.0,normal,normal,normal,normal,0.0,1000.0,1000.0,0,10,10
2026-08-24T09:29:17.260Z,0.360460025953116,1.0124738675958187,0.5234634863637917,0.36046002595311605,0.16300346041067565,0.0075,0.0075,0.0,normal,normal,normal,normal,0.0,1000.0,1000.0,0,10,10
2026-08-24T09:29:22.262Z,0.3491988014816549,1.0124738675958187,0.5150175680101958,0.3491988014816549,0.16581876652854094,0.0075,0.0075,0.0,normal,normal,normal,normal,0.0,1000.0,1000.0,0,10,10
2026-08-24T09:29:27.270Z,0.3491988014816549,1.0144250871080138,0.5155053728882446,0.3491988014816549,0.16630657140658972,0.0075,0.0075,0.0,normal,normal,normal,normal,0.0,1000.0,1000.0,0,10,10
2026-08-24T09:29:32.265Z,0.35514693263877883,1.0144250871080138,0.5199664712560876,0.35514693263877883,0.1648195386173088,0.0075,0.0075,0.0,normal,normal,normal,normal,0.0,1000.0,1000.0,0,10,10
2026-08-24T09:29:37.271Z,0.44973828432264545,1.0144250871080138,0.5909099850189876,0.44973828432264545,0.14117170069634216,0.0075,0.0075,0.0,normal,normal,normal,normal,0.0,1000.0,1000.0,0,10,10
2026-08-24T09:29:42.271Z,0.45033126215607266,1.0144250871080138,0.591354718394058,0.45033126215607266,0.1410234562379853,0.0075,0.0075,0.0,normal,normal,normal,normal,0.0,1000.0,1000.0,0,10,10
2026-08-24T09:29:47.274Z,0.4503844336111922,1.0144250871080138,0.5913945969853975,0.4503844336111922,0.14101016337420536,0.0075,0.0075,0.0,normal,normal,normal,normal,0.0,1000.0,1000.0,0,10,10
2026-08-24T09:29:52.275Z,0.4607958464042673,1.0144250871080138,0.599203156580204,0.46079584640426735,0.1384073101759366,0.0075,0.0075,0.0,normal,normal,normal,normal,0.0,1000.0,1000.0,0,10,10
2026-08-24T09:29:57.276Z,0.46488238478504307,1.0144250871080138,0.6022680603657857,0.464882384785043,0.13738567558074272,0.0075,0.0075,0.0,normal,normal,normal,normal,0.0,1000.0,1000.0,0,10,10
2026-08-24T09:30:02.278Z,0.557395644281529,1.0144250871080138,0.6716530049881502,0.557395644281529,0.11425736070662118,0.0075,0.0075,0.0,normal,normal,normal,normal,0.0,1000.0,1000.0,0,10,10
2026-08-24T09:30:07.279Z,0.557395644281529,1.0133017619611393,0.6713721737014315,0.557395644281529,0.11397652941990255,0.0075,0.0075,0.0,normal,normal,normal,normal,0.0,1000.0,1000.0,0,10,10
2026-08-24T09:30:12.282Z,0.5240141599168138,1.013113612626204,0.6462890230941614,0.5240141599168138,0.12227486317734759,0.0075,0.0075,0.0,normal,normal,normal,normal,0.0,1000.0,1000.0,0,10,10
2026-08-24T09:30:17.284Z,0.46662609281858347,1.013113612626204,0.6032479727704886,0.46662609281858347,0.1366218799519051,0.0075,0.0075,0.0,normal,normal,normal,normal,0.0,1000.0,1000.0,0,10,10
2026-08-24T09:30:22.284Z,0.4624723116271952,1.012843270335178,0.600065051304191,0.4624723116271952,0.13759273967699576,0.0075,0.0075,0.0,normal,normal,normal,normal,0.0,1000.0,1000.0,0,10,10
2026-08-24T09:30:27.290Z,0.46248563075543814,1.014560347127957,0.6005043098485678,0.46248563075543814,0.1380186790931297,0.0075,0.0075,0.0,normal,normal,normal,normal,0.0,1000.0,1000.0,0,10,10
2026-08-24T09:30:32.287Z,0.47087969001046664,1.014430884877732,0.6067674887272829,0.47087969001046664,0.13588779871681628,0.0075,0.0075,0.0,normal,normal,normal,normal,0.0,1000.0,1000.0,0,10,10
2026-08-24T09:30:37.287Z,0.37586497256788737,1.014430884877732,0.5355064506453485,0.37586497256788737,0.15964147807746115,0.0075,0.0075,0.0,normal,normal,normal,normal,0.0,1000.0,1000.0,0,10,10
2026-08-24T09:30:42.289Z,0.4083108561982847,1.0143602830298108,0.5598232129061662,0.4083108561982847,0.1515123567078815,0.0075,0.0075,0.0,normal,normal,normal,normal,0.0,1000.0,1000.0,0,10,10
2026-08-24T09:30:47.290Z,0.4107496456605016,1.0116691799095232,0.5609795292227571,0.4107496456605016,0.15022988356225547,0.0075,0.0075,0.0,normal,normal,normal,normal,0.0,1000.0,1000.0,0,10,10
2026-08-24T09:30:52.290Z,0.43162512096264477,1.011598775169342,0.5766185345143191,0.43162512096264477,0.14499341355167433,0.0075,0.0075,0.0,normal,normal,normal,normal,0.0,1000.0,1000.0,0,10,10
2026-08-24T09:30:57.292Z,0.44243610884270407,1.011598775169342,0.5847267754243636,0.44243610884270407,0.1422906665816595,0.0075,0.0075,0.0,normal,normal,normal,normal,0.0,1000.0,1000.0,0,10,10
2026-08-24T09:31:02.296Z,0.5344911356670821,1.0114814557094147,0.6537387156776653,0.5344911356670821,0.11924758001058322,0.0075,0.0075,0.0,normal,normal,normal,normal,0.0,1000.0,1000.0,0,10,10
2026-08-24T09:31:07.296Z,0.5432040123951801,1.011317254174397,0.6602323228399843,0.5432040123951801,0.11702831044480422,0.0075,0.0075,0.0,normal,normal,normal,normal,0.0,1000.0,1000.0,0,10,10
2026-08-24T09:31:12.299Z,0.4932457701319345,1.011317254174397,0.6227636411425501,0.49324577013193444,0.12951787101061568,0.0075,0.0075,0.0,normal,normal,normal,normal,0.0,1000.0,1000.0,0,10,10
2026-08-24T09:31:17.299Z,0.4824140524641184,1.011317254174397,0.6146398528916881,0.48241405246411845,0.13222580042756965,0.0075,0.0075,0.0,normal,normal,normal,normal,0.0,1000.0,1000.0,0,10,10
2026-08-24T09:31:22.301Z,0.4824140524641184,1.011317254174397,0.6146398528916881,0.48241405246411845,0.13222580042756965,0.0075,0.0075,0.0,normal,normal,normal,normal,0.0,1000.0,1000.0,0,10,10
2026-08-24T09:31:27.313Z,0.48484411325067106,1.008901870783782,0.6158585526339488,0.48484411325067106,0.13101443938327778,0.0075,0.0075,0.0,normal,normal,normal,normal,0.0,1000.0,1000.0,0,10,10
2026-08-24T09:31:32.303Z,0.5534720604535579,1.008901870783782,0.6673295130361139,0.5534720604535579,0.11385745258255597,0.0075,0.0075,0.0,normal,normal,normal,normal,0.0,1000.0,1000.0,0,10,10
2026-08-24T09:31:37.304Z,0.5719741487846628,1.008901870783782,0.6812060792844425,0.5719741487846628,0.10923193049977975,0.0075,0.0075,0.0,normal,normal,normal,normal,0.0,1000.0,1000.0,0,10,10
2026-08-24T09:31:42.305Z,0.8783547487080212,1.008901870783782,0.9109915292269615,0.8783547487080212,0.032636780518940256,0.009109915292269614,0.008783547487080212,0.0003263678051894023,normal,normal,normal,normal,0.0,1000.0,1000.0,0,10,10
2026-08-24T09:31:47.308Z,0.8916947661113108,1.0097680662932271,0.92121309115679,0.8916947661113109,0.02951832504547902,0.0092121309115679,0.008916947661113108,0.00029518325045479153,normal,normal,normal,normal,0.0,1000.0,1000.0,0,10,10
2026-08-24T09:31:52.308Z,0.8737954079942999,1.0097680662932271,0.9077885725690317,0.8737954079942999,0.03399316457473178,0.009077885725690318,0.008737954079943,0.0003399316457473184,normal,normal,normal,normal,0.0,1000.0,1000.0,0,10,10
2026-08-24T09:31:57.310Z,1.1743334898384086,1.0097680662932271,1.1331921339521132,1.1743334898384086,-0.041141355886295417,0.011331921339521132,0.011743334898384085,-0.00041141355886295354,normal,normal,normal,normal,0.0,1000.0,1000.0,0,10,10
2026-08-24T09:32:02.311Z,0.9564206271168872,1.0097680662932271,0.9697574869109722,0.9564206271168872,0.013336859794084943,0.009697574869109722,0.009564206271168873,0.00013336859794084964,normal,normal,normal,normal,0.0,1000.0,1000.0,0,10,10
2026-08-24T09:32:07.313Z,0.981596161824684,1.0086067280551572,0.9883488033823022,0.981596161824684,0.006752641557618233,0.009883488033823022,0.00981596161824684,6.752641557618115e-05,normal,normal,normal,normal,0.0,1000.0,1000.0,0,10,10
2026-08-24T09:32:12.315Z,1.0889459476368337,1.0086067280551572,1.0688611427414145,1.0889459476368337,-0.020084804895419195,0.010688611427414145,0.010889459476368338,-0.00020084804895419313,normal,normal,normal,normal,0.0,1000.0,1000.0,0,10,10
2026-08-24T09:32:17.318Z,1.184906242894667,1.0086067280551572,1.1408313641847896,1.184906242894667,-0.044074878709877474,0.011408313641847896,0.01184906242894667,-0.00044074878709877453,normal,normal,normal,normal,0.0,1000.0,1000.0,0,10,10
2026-08-24T09:32:22.319Z,1.5417207059024705,1.0085250604388614,1.4084217945365682,1.5417207059024705,-0.13329891136590222,0.014084217945365681,0.023125810588537056,-0.009041592643171375,normal,defensive,normal,high,500.0,1000.0,500.0,4,10,6
2026-08-24T09:32:27.328Z,1.8146129336780752,1.0434430590575772,1.6218204650229506,1.814612933678075,-0.19279246865512434,0.02432730697534426,0.027219194005171126,-0.002891887029826866,defensive,defensive,high,high,0.0,500.0,500.0,0,6,6
2026-08-24T09:32:32.323Z,1.8192438848582895,1.0434430590575772,1.6252936784081113,1.8192438848582893,-0.1939502064501779,0.02437940517612167,0.027288658272874338,-0.002909253096752669,defensive,defensive,high,high,0.0,500.0,500.0,0,6,6
2026-08-24T09:32:37.325Z,1.8415355167444123,1.0434430590575772,1.6420124023227036,1.8415355167444123,-0.19952311442170867,0.024630186034840552,0.027623032751166184,-0.002992846716325631,defensive,defensive,high,high,0.0,500.0,500.0,0,6,6
2026-08-24T09:32:42.326Z,1.9785798068545186,1.005224997122799,1.7352411044215885,1.9785798068545184,-0.24333870243292988,0.02602861656632383,0.029678697102817776,-0.0036500805364939465,defensive,defensive,high,high,0.0,500.0,500.0,0,6,6
2026-08-24T09:32:47.328Z,1.976369689873823,1.0046955921279779,1.7334511654373617,1.976369689873823,-0.24291852443646134,0.026001767481560425,0.029645545348107344,-0.0036437778665469184,defensive,defensive,high,high,0.0,500.0,500.0,0,6,6
2026-08-24T09:32:52.328Z,1.9988629364536472,1.0046955921279779,1.7503211003722299,1.9988629364536472,-0.24854183608141733,0.026254816505583447,0.029982944046804707,-0.00372812754122126,defensive,defensive,high,high,0.0,500.0,500.0,0,6,6
2026-08-24T09:32:57.331Z,1.7983677013162938,1.0046955921279779,1.5999496740192147,1.7983677013162938,-0.19841802729707902,0.023999245110288222,0.026975515519744406,-0.002976270409456184,defensive,defensive,high,high,0.0,500.0,500.0,0,6,6
2026-08-24T09:33:02.333Z,1.8198489542843246,1.0046030978848766,1.6160374901844625,1.8198489542843246,-0.20381146409986206,0.024240562352766937,0.027297734314264868,-0.0030571719614979308,defensive,defensive,high,high,0.0,500.0,500.0,0,6,6
2026-08-24T09:33:07.335Z,2.083418392898098,1.0053856245253054,1.8139102008049,2.083418392898098,-0.2695081920931981,0.0272086530120735,0.03,-0.0027913469879264977,defensive,defensive,high,high,0.0,500.0,500.0,0,6,6
2026-08-24T09:33:12.336Z,2.088287190310197,1.0053856245253054,1.8175617988639743,2.088287190310197,-0.2707253914462229,0.027263426982959613,0.03,-0.0027365730170403856,defensive,defensive,high,high,0.0,500.0,500.0,0,6,6
2026-08-24T09:33:17.338Z,2.0473928083013915,1.0053856245253054,1.78689101235737,2.0473928083013915,-0.26050179594402145,0.02680336518536055,0.03,-0.00319663481463945,defensive,defensive,high,high,0.0,500.0,500.0,0,6,6
2026-08-24T09:33:22.340Z,1.7898570939769016,1.0037223409388571,1.5933234057173906,1.7898570939769016,-0.196533688259511,0.02389985108576086,0.026847856409653523,-0.0029480053238926628,defensive,defensive,high,high,0.0,500.0,500.0,0,6,6
2026-08-24T09:33:27.348Z,1.7222178646376896,1.0061809241515591,1.543208629516157,1.7222178646376893,-0.17900923512153244,0.023148129442742357,0.025833267969565338,-0.002685138526822981,defensive,defensive,high,high,0.0,500.0,500.0,0,6,6
2026-08-24T09:33:32.343Z,1.722468403555716,1.0061809241515591,1.5433965337046769,1.722468403555716,-0.17907186985103918,0.023150948005570153,0.02583702605333574,-0.002686078047765588,defensive,defensive,high,high,0.0,500.0,500.0,0,6,6
2026-08-24T09:33:37.344Z,1.7070094120598323,1.0061809241515591,1.531802290082764,1.707009412059832,-0.17520712197706811,0.02297703435124146,0.02560514118089748,-0.002628106829656019,defensive,defensive,high,high,0.0,500.0,500.0,0,6,6
2026-08-24T09:33:42.347Z,1.1643403532213878,1.0050493458801928,1.1245176013860891,1.1643403532213878,-0.03982275183529871,0.01124517601386089,0.011643403532213877,-0.00039822751835298653,normal,normal,normal,normal,0.0,1000.0,1000.0,0,10,10
2026-08-24T09:33:47.349Z,1.174491959716066,1.00545099839339,1.132231719385397,1.174491959716066,-0.042260240330668886,0.01132231719385397,0.01174491959716066,-0.0004226024033066912,normal,normal,normal,normal,0.0,1000.0,1000.0,0,10,10
2026-08-24T09:33:52.350Z,1.1620134817022767,1.005852650906587,1.1229732740033542,1.1620134817022767,-0.03904020769892247,0.011229732740033542,0.011620134817022768,-0.0003904020769892255,normal,normal,normal,normal,0.0,1000.0,1000.0,0,10,10
2026-08-24T09:33:57.351Z,1.1620134817022767,1.005852650906587,1.1229732740033542,1.1620134817022767,-0.03904020769892247,0.011229732740033542,0.011620134817022768,-0.0003904020769892255,normal,normal,normal,normal,0.0,1000.0,1000.0,0,10,10
2026-08-24T09:34:02.354Z,1.1616393431451397,1.0054603436804552,1.1225945932789685,1.1616393431451397,-0.039044749866171236,0.011225945932789685,0.011616393431451396,-0.00039044749866171125,normal,normal,normal,normal,0.0,1000.0,1000.0,0,10,10
2026-08-24T09:34:07.356Z,0.7916889837778273,1.0040952577603415,0.8447905522734558,0.7916889837778273,0.053101568495628526,0.008447905522734557,0.007916889837778274,0.0005310156849562837,normal,normal,normal,normal,0.0,1000.0,1000.0,0,10,10
2026-08-24T09:34:12.359Z,0.8010586316656209,1.0027301718402277,0.8514765167092726,0.8010586316656209,0.050417885043651745,0.008514765167092726,0.008010586316656208,0.0005041788504365173,normal,normal,normal,normal,0.0,1000.0,1000.0,0,10,10
2026-08-24T09:34:17.359Z,0.7019087432207323,1.0027301718402277,0.7771141003756061,0.7019087432207322,0.07520535715487398,0.007771141003756061,0.0075,0.00027114100375606135,normal,normal,normal,normal,0.0,1000.0,1000.0,0,10,10
2026-08-24T09:34:22.361Z,0.9365028451948182,1.002569160893701,0.9530194241195389,0.9365028451948182,0.016516578924720693,0.009530194241195389,0.009365028451948181,0.00016516578924720762,normal,normal,normal,normal,0.0,1000.0,1000.0,0,10,10
2026-08-24T09:34:27.367Z,0.6776092579557766,1.0025462219571502,0.75884349895612,0.6776092579557766,0.08123424100034338,0.0075884349895612,0.0075,8.843498956120042e-05,normal,normal,normal,normal,0.0,1000.0,1000.0,0,10,10
2026-08-24T09:34:32.366Z,0.7156599085183323,1.0025232830205992,0.7873757521438991,0.7156599085183323,0.07171584362556682,0.007873757521438991,0.0075,0.00037375752143899155,normal,normal,normal,normal,0.0,1000.0,1000.0,0,10,10
2026-08-24T09:34:37.368Z,0.803458714802583,1.0025232830205992,0.853224856857087,0.803458714802583,0.049766142054504026,0.00853224856857087,0.00803458714802583,0.0004976614205450397,normal,normal,normal,normal,0.0,1000.0,1000.0,0,10,10
2026-08-24T09:34:42.369Z,0.8035140471665553,1.002373825988234,0.8532289918719749,0.8035140471665553,0.049714944705419595,0.00853228991871975,0.008035140471665553,0.0004971494470541963,normal,normal,normal,normal,0.0,1000.0,1000.0,0,10,10
2026-08-24T09:34:47.368Z,0.7946557130578186,1.004013025133003,0.8469950410766147,0.7946557130578186,0.05233932801879615,0.008469950410766147,0.007946557130578185,0.0005233932801879618,normal,normal,normal,normal,0.0,1000.0,1000.0,0,10,10
2026-08-24T09:34:52.370Z,0.7707808347651278,1.0058246193359017,0.8295417809078213,0.7707808347651278,0.05876094614269345,0.008295417809078214,0.007707808347651278,0.0005876094614269359,normal,normal,normal,normal,0.0,1000.0,1000.0,0,10,10
2026-08-24T09:34:57.372Z,0.8062991124701271,1.0058246193359017,0.8561804891865707,0.8062991124701271,0.04988137671644366,0.008561804891865707,0.00806299112470127,0.0004988137671644369,normal,normal,normal,normal,0.0,1000.0,1000.0,0,10,10
