timestamp,iv_minus_rv_pnl,iv_minus_static_pnl,iv_minus_rv_inventory,iv_minus_static_inventory,iv_minus_rv_drawdown,iv_minus_static_drawdown
2026-08-24T04:00:11.875Z,0.0,0.0,0.0,0.0,0.0,0.0
2026-08-24T04:00:16.873Z,0.0,0.0,0.0,0.0,0.0,0.0
2026-08-24T04:00:21.870Z,0.0,0.0,0.0,0.0,0.0,0.0
2026-08-24T04:00:26.870Z,0.0,0.0,0.0,0.0,0.0,0.0
2026-08-24T04:00:31.870Z,0.0,0.0,0.0,0.0,0.0,0.0
2026-08-24T04:00:36.869Z,0.0,0.0,0.0,0.0,0.0,0.0
2026-08-24T04:00:41.869Z,0.0,0.0,0.0,0.0,0.0,0.0
2026-08-24T04:00:46.870Z,0.0,0.0,0.0,0.0,0.0,0.0
2026-08-24T04:00:51.870Z,0.0,0.0,0.0,0.0,0.0,0.0
2026-08-24T04:00:56.871Z,0.0,0.0,0.0,0.0,0.0,0.0
2026-08-24T04:01:01.872Z,0.0,0.0,0.0,0.0,0.0,0.0
2026-08-24T04:01:06.873Z,0.0,0.0,0.0,0.0,0.0,0.0
2026-08-24T04:01:11.873Z,0.0,0.0,0.0,0.0,0.0,0.0
2026-08-24T04:01:16.874Z,0.0,0.0,0.0,0.0,0.0,0.0
2026-08-24T04:01:21.875Z,0.0,0.0,0.0,0.0,0.0,0.0
2026-08-24T04:01:26.876Z,0.0,0.0,0.0,0.0,0.0,0.0
2026-08-24T04:01:31.877Z,0.0,0.0,0.0,0.0,0.0,0.0
2026-08-24T04:01:36.878Z,0.0,0.0,0.0,0.0,0.0,0.0
2026-08-24T04:01:41.879Z,0.0,0.0,0.0,0.0,0.0,0.0
2026-08-24T04:01:46.881Z,0.0,0.0,0.0,0.0,0.0,0.0
2026-08-24T04:01:51.881Z,0.0,0.0,0.0,0.0,0.0,0.0
2026-08-24T04:01:56.882Z,0.0,0.0,0.0,0.0,0.0,0.0
2026-08-24T04:02:01.883Z,0.0,0.0,0.0,0.0,0.0,0.0
2026-08-24T04:02:06.884Z,0.0,0.0,0.0,0.0,0.0,0.0
2026-08-24T04:02:11.884Z,0.0,0.0,0.0,0.0,0.0,0.0
2026-08-24T04:02:16.886Z,0.0,0.0,0.0,0.0,0.0,0.0
2026-08-24T04:02:21.887Z,0.0,0.0,0.0,0.0,0.0,0.0
2026-08-24T04:02:26.888Z,0.0,0.0,0.0,0.0,0.0,0.0
2026-08-24T04:02:31.889Z,0.0,0.0,0.0,0.0,0.0,0.0
2026-08-24T04:02:36.890Z,0.0,0.0,0.0,0.0,0.0,0.0
2026-08-24T04:02:41.891Z,0.0,0.0,0.0,0.0,0.0,0.0
2026-08-24T04:02:46.892Z,0.0,0.0,0.0,0.0,0.0,0.0
2026-08-24T04:02:51.894Z,0.0,0.0,0.0,0.0,0.0,0.0
2026-08-24T04:02:56.895Z,0.0,0.0,0.0,0.0,0.0,0.0
2026-08-24T04:03:01.895Z,0.0,0.0,0.0,0.0,0.0,0.0
2026-08-24T04:03:06.896Z,0.0,0.0,0.0,0.0,0.0,0.0
2026-08-24T04:03:11.898Z,0.0,0.0,0.0,0.0,0.0,0.0
2026-08-24T04:03:16.898Z,0.0,0.0,0.0,0.0,0.0,0.0
2026-08-24T04:03:21.899Z,0.0,0.0,0.0,0.0,0.0,0.0
2026-08-24T04:03:26.899Z,0.0,0.0,0.0,0.0,0.0,0.0
2026-08-24T04:03:31.900Z,0.0,0.0,0.0,0.0,0.0,0.0
2026-08-24T04:03:36.901Z,0.0,0.0,0.0,0.0,0.0,0.0
2026-08-24T04:03:41.903Z,0.0,0.0,0.0,0.0,0.0,0.0
2026-08-24T04:03:46.903Z,0.0,0.0,0.0,0.0,0.0,0.0
2026-08-24T04:03:51.904Z,0.0,0.0,0.0,0.0,0.0,0.0
2026-08-24T04:03:56.905Z,0.0,0.0,0.0,0.0,0.0,0.0
2026-08-24T04:04:01.906Z,0.0,0.0,0.0,0.0,0.0,0.0
2026-08-24T04:04:06.907Z,0.0,0.0,0.0,0.0,0.0,0.0
2026-08-24T04:04:11.908Z,0.0,0.0,0.0,0.0,0.0,0.0
2026-08-24T04:04:16.910Z,0.0,0.0,0.0,0.0,0.0,0.0
2026-08-24T04:04:21.910Z,0.0,0.0,0.0,0.0,0.0,0.0
2026-08-24T04:04:26.911Z,0.0,0.0,0.0,0.0,0.0,0.0
2026-08-24T04:04:31.913Z,0.0,0.0,0.0,0.0,0.0,0.0
2026-08-24T04:04:36.913Z,0.0,0.0,0.0,0.0,0.0,0.0
2026-08-24T04:04:41.914Z,0.0,0.0,0.0,0.0,0.0,0.0
2026-08-24T04:04:46.916Z,0.0,0.0,0.0,0.0,0.0,0.0
2026-08-24T04:04:51.917Z,0.0,0.0,0.0,0.0,0.0,0.0
2026-08-24T04:04:56.918Z,0.0,0.0,0.0,0.0,0.0,0.0
2026-08-24T04:05:01.918Z,0.0,0.0,0.0,0.0,0.0,0.0
2026-08-24T04:05:06.920Z,0.0,0.0,0.0,0.0,0.0,0.0
2026-08-24T04:05:11.921Z,0.0,0.0,0.0,0.0,0.0,0.0
2026-08-24T04:05:16.922Z,0.0,0.0,0.0,0.0,0.0,0.0
2026-08-24T04:05:21.923Z,0.0,0.0,0.0,0.0,0.0,0.0
2026-08-24T04:05:26.924Z,0.0,0.0,0.0,0.0,0.0,0.0
2026-08-24T04:05:31.925Z,0.0,0.0,0.0,0.0,0.0,0.0
2026-08-24T04:05:36.926Z,0.0,0.0,0.0,0.0,0.0,0.0
2026-08-24T04:05:41.926Z,0.0,0.0,0.0,0.0,0.0,0.0
2026-08-24T04:05:46.927Z,0.0,0.0,0.0,0.0,0.0,0.0
2026-08-24T04:05:51.928Z,0.0,0.0,0.0,0.0,0.0,0.0
2026-08-24T04:05:56.929Z,0.0,0.0,0.0,0.0,0.0,0.0
2026-08-24T04:06:01.929Z,0.0,0.0,0.0,0.0,0.0,0.0
2026-08-24T04:06:06.931Z,0.0,0.0,0.0,0.0,0.0,0.0
2026-08-24T04:06:11.931Z,0.0,0.0,0.0,0.0,0.0,0.0
2026-08-24T04:06:16.933Z,0.0,0.0,0.0,0.0,0.0,0.0
2026-08-24T04:06:21.933Z,0.0,0.0,0.0,0.0,0.0,0.0
2026-08-24T04:06:26.934Z,0.0,0.0,0.0,0.0,0.0,0.0
2026-08-24T04:06:31.936Z,0.0,0.0,0.0,0.0,0.0,0.0
2026-08-24T04:06:36.937Z,0.0,0.0,0.0,0.0,0.0,0.0
2026-08-24T04:06:41.938Z,0.0,0.0,0.0,0.0,0.0,0.0
2026-08-24T04:06:46.938Z,0.0,0.0,0.0,0.0,0.0,0.0
2026-08-24T04:06:51.939Z,0.0,0.0,0.0,0.0,0.0,0.0
2026-08-24T04:06:56.941Z,0.0,0.0,0.0,0.0,0.0,0.0
2026-08-24T04:07:01.942Z,0.0,0.0,0.0,0.0,0.0,0.0
2026-08-24T04:07:06.942Z,0.0,0.0,0.0,0.0,0.0,0.0
2026-08-24T04:07:11.943Z,0.0,0.0,0.0,0.0,0.0,0.0
2026-08-24T04:07:16.943Z,0.0,0.0,0.0,0.0,0.0,0.0
2026-08-24T04:07:21.944Z,0.0,0.0,0.0,0.0,0.0,0.0
2026-08-24T04:07:26.945Z,0.0,0.0,0.0,0.0,0.0,0.0
2026-08-24T04:07:31.946Z,0.0,0.0,0.0,0.0,0.0,0.0
2026-08-24T04:07:36.946Z,0.0,0.0,0.0,0.0,0.0,0.0
2026-08-24T04:07:41.947Z,0.0,0.0,0.0,0.0,0.0,0.0
2026-08-24T04:07:46.948Z,0.0,0.0,0.0,0.0,0.0,0.0
2026-08-24T04:07:51.949Z,0.0,0.0,0.0,0.0,0.0,0.0
2026-08-24T04:07:56.959Z,0.0,0.0,0.0,0.0,0.0,0.0
2026-08-24T04:08:01.952Z,0.0,0.0,0.0,0.0,0.0,0.0
2026-08-24T04:08:06.953Z,0.0,0.0,0.0,0.0,0.0,0.0
2026-08-24T04:08:11.954Z,0.0,0.0,0.0,0.0,0.0,0.0
2026-08-24T04:08:16.955Z,0.0,0.0,0.0,0.0,0.0,0.0
2026-08-24T04:08:21.956Z,0.0,0.0,0.0,0.0,0.0,0.0
2026-08-24T04:08:26.958Z,0.0,0.0,0.0,0.0,0.0,0.0
2026-08-24T04:08:31.959Z,0.0,0.0,0.0,0.0,0.0,0.0
2026-08-24T04:08:36.959Z,0.0,0.0,0.0,0.0,0.0,0.0
2026-08-24T04:08:41.960Z,0.0,0.0,0.0,0.0,0.0,0.0
2026-08-24T04:08:46.961Z,0.0,0.0,0.0,0.0,0.0,0.0
2026-08-24T04:08:51.962Z,0.0,0.0,0.0,0.0,0.0,0.0
2026-08-24T04:08:56.966Z,0.0,0.0,0.0,0.0,0.0,0.0
2026-08-24T04:09:01.963Z,0.0,0.0,0.0,0.0,0.0,0.0
2026-08-24T04:09:06.964Z,0.0,0.0,0.0,0.0,0.0,0.0
2026-08-24T04:09:11.964Z,0.0,0.0,0.0,0.0,0.0,0.0
2026-08-24T04:09:16.965Z,0.0,0.0,0.0,0.0,0.0,0.0
2026-08-24T04:09:21.965Z,0.0,0.0,0.0,0.0,0.0,0.0
2026-08-24T04:09:26.966Z,0.0,0.0,0.0,0.0,0.0,0.0
2026-08-24T04:09:31.967Z,0.0,0.0,0.0,0.0,0.0,0.0
2026-08-24T04:09:36.968Z,0.0,0.0,0.0,0.0,0.0,0.0
2026-08-24T04:09:41.969Z,0.0,0.0,0.0,0.0,0.0,0.0
2026-08-24T04:09:46.970Z,0.0,0.0,0.0,0.0,0.0,0.0
2026-08-24T04:09:51.971Z,0.0,0.0,0.0,0.0,0.0,0.0
2026-08-24T04:09:56.979Z,0.0,0.0,0.0,0.0,0.0,0.0
2026-08-24T04:10:01.973Z,0.0,0.0,0.0,0.0,0.0,0.0
2026-08-24T04:10:06.973Z,0.0,0.0,0.0,0.0,0.0,0.0
2026-08-24T04:10:11.974Z,0.0,0.0,0.0,0.0,0.0,0.0
2026-08-24T04:10:16.975Z,0.0,0.0,0.0,0.0,0.0,0.0
2026-08-24T04:10:21.975Z,0.0,0.0,0.0,0.0,0.0,0.0
2026-08-24T04:10:26.976Z,0.0,0.0,0.0,0.0,0.0,0.0
2026-08-24T04:10:31.977Z,0.0,0.0,0.0,0.0,0.0,0.0
2026-08-24T04:10:36.978Z,0.0,0.0,0.0,0.0,0.0,0.0
2026-08-24T04:10:41.979Z,0.0,0.0,0.0,0.0,0.0,0.0
2026-08-24T04:10:46.979Z,0.0,0.0,0.0,0.0,0.0,0.0
2026-08-24T04:10:51.981Z,0.0,0.0,0.0,0.0,0.0,0.0
2026-08-24T04:10:56.988Z,0.0,0.0,0.0,0.0,0.0,0.0
2026-08-24T04:11:01.983Z,0.0,0.0,0.0,0.0,0.0,0.0
2026-08-24T04:11:06.984Z,0.0,0.0,0.0,0.0,0.0,0.0
2026-08-24T04:11:11.984Z,0.0,0.0,0.0,0.0,0.0,0.0
2026-08-24T04:11:16.985Z,0.0,0.0,0.0,0.0,0.0,0.0
2026-08-24T04:11:21.985Z,0.0,0.0,0.0,0.0,0.0,0.0
2026-08-24T04:11:26.987Z,0.0,0.0,0.0,0.0,0.0,0.0
2026-08-24T04:11:31.988Z,0.0,0.0,0.0,0.0,0.0,0.0
2026-08-24T04:11:36.989Z,0.0,0.0,0.0,0.0,0.0,0.0
2026-08-24T04:11:41.990Z,0.0,0.0,0.0,0.0,0.0,0.0
2026-08-24T04:11:46.991Z,0.0,0.0,0.0,0.0,0.0,0.0
2026-08-24T04:11:51.992Z,0.0,0.0,0.0,0.0,0.0,0.0
2026-08-24T04:11:57.000Z,0.0,0.0,0.0,0.0,0.0,0.0
2026-08-24T04:12:01.994Z,0.0,0.0,0.0,0.0,0.0,0.0
2026-08-24T04:12:06.995Z,0.0,0.0,0.0,0.0,0.0,0.0
2026-08-24T04:12:11.996Z,0.0,0.0,0.0,0.0,0.0,0.0
2026-08-24T04:12:16.997Z,0.0,0.0,0.0,0.0,0.0,0.0
2026-08-24T04:12:21.998Z,0.0,0.0,0.0,0.0,0.0,0.0
2026-08-24T04:12:26.999Z,0.0,0.0,0.0,0.0,0.0,0.0
2026-08-24T04:12:32.000Z,0.0,0.0,0.0,0.0,0.0,0.0
2026-08-24T04:12:37.001Z,0.0,0.0,0.0,0.0,0.0,0.0
2026-08-24T04:12:42.002Z,0.0,0.0,0.0,0.0,0.0,0.0
2026-08-24T04:12:47.003Z,0.0,0.0,0.0,0.0,0.0,0.0
2026-08-24T04:12:52.005Z,0.0,0.0,0.0,0.0,0.0,0.0
2026-08-24T04:12:57.016Z,0.0,0.0,0.0,0.0,0.0,0.0
2026-08-24T04:13:02.007Z,0.0,0.0,0.0,0.0,0.0,0.0
2026-08-24T04:13:07.008Z,0.0,0.0,0.0,0.0,0.0,0.0
2026-08-24T04:13:12.009Z,0.0,0.0,0.0,0.0,0.0,0.0
2026-08-24T04:13:17.009Z,0.0,0.0,0.0,0.0,0.0,0.0
2026-08-24T04:13:22.010Z,0.0,0.0,0.0,0.0,0.0,0.0
2026-08-24T04:13:27.011Z,0.0,0.0,0.0,0.0,0.0,0.0
2026-08-24T04:13:32.012Z,0.0,0.0,0.0,0.0,0.0,0.0
2026-08-24T04:13:37.013Z,0.0,0.0,0.0,0.0,0.0,0.0
2026-08-24T04:13:42.014Z,0.0,0.0,0.0,0.0,0.0,0.0
2026-08-24T04:13:47.015Z,0.0,0.0,0.0,0.0,0.0,0.0
2026-08-24T04:13:52.016Z,0.0,0.0,0.0,0.0,0.0,0.0
2026-08-24T04:13:57.025Z,0.0,0.0,0.0,0.0,0.0,0.0
2026-08-24T04:14:02.018Z,0.0,0.0,0.0,0.0,0.0,0.0
2026-08-24T04:14:07.018Z,0.0,0.0,0.0,0.0,0.0,0.0
2026-08-24T04:14:12.018Z,0.0,0.0,0.0,0.0,0.0,0.0
2026-08-24T04:14:17.019Z,0.0,0.0,0.0,0.0,0.0,0.0
2026-08-24T04:14:22.020Z,0.0,0.0,0.0,0.0,0.0,0.0
2026-08-24T04:14:27.021Z,0.0,0.0,0.0,0.0,0.0,0.0
2026-08-24T04:14:32.021Z,0.0,0.0,0.0,0.0,0.0,0.0
2026-08-24T04:14:37.023Z,0.0,0.0,0.0,0.0,0.0,0.0
2026-08-24T04:14:42.023Z,0.0,0.0,0.0,0.0,0.0,0.0
2026-08-24T04:14:47.024Z,0.0,0.0,0.0,0.0,0.0,0.0
2026-08-24T04:14:52.025Z,0.0,0.0,0.0,0.0,0.0,0.0
2026-08-24T04:14:57.035Z,0.0,0.0,0.0,0.0,0.0,0.0
2026-08-24T04:15:02.029Z,0.0,0.0,0.0,0.0,0.0,0.0
2026-08-24T04:15:07.031Z,0.0,0.0,0.0,0.0,0.0,0.0
2026-08-24T04:15:12.031Z,0.0,0.0,0.0,0.0,0.0,0.0
2026-08-24T04:15:17.032Z,0.0,0.0,0.0,0.0,0.0,0.0
2026-08-24T04:15:22.033Z,0.0,0.0,0.0,0.0,0.0,0.0
2026-08-24T04:15:27.035Z,0.0,0.0,0.0,0.0,0.0,0.0
2026-08-24T04:15:32.037Z,0.0,0.0,0.0,0.0,0.0,0.0
2026-08-24T04:15:37.040Z,0.0,0.0,0.0,0.0,0.0,0.0
2026-08-24T04:15:42.042Z,0.0,0.0,0.0,0.0,0.0,0.0
2026-08-24T04:15:47.044Z,0.0,0.0,0.0,0.0,0.0,0.0
2026-08-24T04:15:52.045Z,0.0,0.0,0.0,0.0,0.0,0.0
2026-08-24T04:15:57.059Z,0.0,0.0,0.0,0.0,0.0,0.0
2026-08-24T04:16:02.049Z,0.0,-0.006,0.0,-0.01,0.0,0.006
2026-08-24T04:16:07.048Z,0.0,-0.006,0.0,-0.01,0.0,0.006
2026-08-24T04:16:12.045Z,0.0,-0.006,0.0,-0.01,0.0,0.006
2026-08-24T04:16:17.044Z,0.0,-0.006,0.0,-0.01,0.0,0.006
2026-08-24T04:16:22.043Z,0.0,-0.006,0.0,-0.01,0.0,0.006
2026-08-24T04:16:27.044Z,0.0,-0.006,0.0,-0.01,0.0,0.006
2026-08-24T04:16:32.044Z,0.0,-0.006,0.0,-0.01,0.0,0.006
2026-08-24T04:16:37.045Z,0.0,-0.261,0.0,-0.01,0.0,0.261
2026-08-24T04:16:42.049Z,0.0,-0.191,0.0,-0.01,0.0,0.191
2026-08-24T04:16:47.048Z,0.0,-0.216,0.0,-0.01,0.0,0.216
2026-08-24T04:16:52.048Z,0.0,-0.216,0.0,-0.01,0.0,0.216
2026-08-24T04:16:57.050Z,0.0,-0.216,0.0,-0.01,0.0,0.216
2026-08-24T04:17:02.051Z,0.0,-0.316,0.0,-0.01,0.0,0.316
2026-08-24T04:17:07.052Z,0.0,-0.176,0.0,-0.01,0.0,0.176
2026-08-24T04:17:12.054Z,0.0,-0.176,0.0,-0.01,0.0,0.176
2026-08-24T04:17:17.056Z,0.0,-0.176,0.0,-0.01,0.0,0.176
2026-08-24T04:17:22.057Z,0.0,-0.176,0.0,-0.01,0.0,0.176
2026-08-24T04:17:27.059Z,0.0,-0.176,0.0,-0.01,0.0,0.176
2026-08-24T04:17:32.061Z,0.0,-0.176,0.0,-0.01,0.0,0.176
2026-08-24T04:17:37.063Z,0.0,-0.176,0.0,-0.01,0.0,0.176
2026-08-24T04:17:42.064Z,0.0,-0.176,0.0,-0.01,0.0,0.176
2026-08-24T04:17:47.066Z,0.0,-0.226,0.0,-0.01,0.0,0.226
2026-08-24T04:17:52.066Z,0.0,-0.226,0.0,-0.01,0.0,0.226
2026-08-24T04:17:57.068Z,0.0,-0.376,0.0,-0.01,0.0,0.376
2026-08-24T04:18:02.071Z,0.0,-0.386,0.0,-0.01,0.0,0.386
2026-08-24T04:18:07.072Z,0.0,-0.536,0.0,-0.01,0.0,0.536
2026-08-24T04:18:12.074Z,0.0,-0.526,0.0,-0.01,0.0,0.526
2026-08-24T04:18:17.078Z,0.0,-0.536,0.0,-0.01,0.0,0.536
2026-08-24T04:18:22.078Z,0.0,-0.801,0.0,-0.01,0.0,0.801
2026-08-24T04:18:27.080Z,0.0,-0.806,0.0,-0.01,0.0,0.806
2026-08-24T04:18:32.082Z,0.0,-0.906,0.0,-0.01,0.0,0.906
2026-08-24T04:18:37.083Z,0.0,-0.806,0.0,-0.01,0.0,0.806
2026-08-24T04:18:42.085Z,0.0,-0.796,0.0,-0.01,0.0,0.796
2026-08-24T04:18:47.087Z,0.0,-0.636,0.0,-0.01,0.0,0.636
2026-08-24T04:18:52.089Z,0.0,-0.606,0.0,-0.01,0.0,0.606
2026-08-24T04:18:57.091Z,0.0,-0.606,0.0,-0.01,0.0,0.606
2026-08-24T04:19:02.092Z,0.0,-0.606,0.0,-0.01,0.0,0.606
2026-08-24T04:19:07.095Z,0.0,-0.606,0.0,-0.01,0.0,0.606
2026-08-24T04:19:12.095Z,0.0,-0.566,0.0,-0.01,0.0,0.566
2026-08-24T04:19:17.097Z,0.0,-0.446,0.0,0.002,0.0,0.446
2026-08-24T04:19:22.098Z,0.0,-0.453,0.0,0.002,0.0,0.453
2026-08-24T04:19:27.100Z,0.0,-0.452,0.0,0.002,0.0,0.452
2026-08-24T04:19:32.101Z,0.0,-0.444,0.0,0.002,0.0,0.444
2026-08-24T04:19:37.103Z,0.0,-0.444,0.0,0.002,0.0,0.444
2026-08-24T04:19:42.105Z,0.0,-0.444,0.0,0.002,0.0,0.444
2026-08-24T04:19:47.107Z,0.0,-0.444,0.0,0.002,0.0,0.444
2026-08-24T04:19:52.108Z,0.0,-0.45,0.0,0.002,0.0,0.45
2026-08-24T04:19:57.109Z,0.0,-0.45,0.0,0.002,0.0,0.45
2026-08-24T04:20:02.111Z,0.0,-0.45,0.0,0.002,0.0,0.45
2026-08-24T04:20:07.113Z,0.0,-0.449,0.0,0.002,0.0,0.449
2026-08-24T04:20:12.114Z,0.0,-0.454,0.0,0.002,0.0,0.454
2026-08-24T04:20:17.116Z,0.0,-0.452,0.0,0.002,0.0,0.452
2026-08-24T04:20:22.116Z,0.0,-0.414,0.0,0.002,0.0,0.414
2026-08-24T04:20:27.117Z,0.0,-0.49104,0.0,-0.0124,0.0,0.49104
2026-08-24T04:20:32.119Z,0.0,-0.57784,0.0,-0.0124,0.0,0.57784
2026-08-24T04:20:37.121Z,0.0,-0.60264,0.0,-0.0124,0.0,0.60264
2026-08-24T04:20:42.123Z,0.0,-0.60264,0.0,-0.0124,0.0,0.60264
2026-08-24T04:20:47.125Z,0.0,-0.60264,0.0,-0.0124,0.0,0.60264
2026-08-24T04:20:52.127Z,0.0,-0.62744,0.0,-0.0124,0.0,0.62744
2026-08-24T04:20:57.129Z,0.0,-0.69564,0.0,-0.0124,0.0,0.69564
2026-08-24T04:21:02.131Z,0.0,-0.70184,0.0,-0.0124,0.0,0.70184
2026-08-24T04:21:07.133Z,0.0,-0.70184,0.0,-0.0124,0.0,0.70184
2026-08-24T04:21:12.134Z,0.0,-0.99984,0.0,-0.0244,0.0,0.99984
2026-08-24T04:21:17.136Z,0.0,-0.99984,0.0,-0.0244,0.0,0.99984
2026-08-24T04:21:22.138Z,0.0,-0.99984,0.0,-0.0244,0.0,0.99984
2026-08-24T04:21:27.141Z,0.0,-0.99984,0.0,-0.0244,0.0,0.99984
2026-08-24T04:21:32.141Z,0.0,-0.99984,0.0,-0.0244,0.0,0.99984
2026-08-24T04:21:37.143Z,0.0,-1.53664,0.0,-0.0244,0.0,1.53664
2026-08-24T04:21:42.144Z,0.0,-1.53664,0.0,-0.0244,0.0,1.53664
2026-08-24T04:21:47.146Z,0.0,-1.53664,0.0,-0.0244,0.0,1.53664
2026-08-24T04:21:52.146Z,0.0,-1.53664,0.0,-0.0244,0.0,1.53664
2026-08-24T04:21:57.147Z,0.0,-1.53664,0.0,-0.0244,0.0,1.53664
2026-08-24T04:22:02.149Z,0.0,-1.53664,0.0,-0.0244,0.0,1.53664
2026-08-24T04:22:07.151Z,0.0,-1.53664,0.0,-0.0244,0.0,1.53664
2026-08-24T04:22:12.153Z,0.0,-1.53664,0.0,-0.0244,0.0,1.53664
2026-08-24T04:22:17.156Z,0.0,-1.53664,0.0,-0.0244,0.0,1.53664
2026-08-24T04:22:22.157Z,0.0,-1.53664,0.0,-0.0244,0.0,1.53664
2026-08-24T04:22:27.157Z,0.0,-1.42684,0.0,-0.0244,0.0,1.42684
2026-08-24T04:22:32.158Z,0.0,-1.42684,0.0,-0.0244,0.0,1.42684
2026-08-24T04:22:37.160Z,0.0,-1.43904,0.0,-0.0244,0.0,1.43904
2026-08-24T04:22:42.162Z,0.0,-1.39024,0.0,-0.0244,0.0,1.39024
2026-08-24T04:22:47.164Z,0.0,-1.39024,0.0,-0.0244,0.0,1.39024
2026-08-24T04:22:52.164Z,0.0,-1.39024,0.0,-0.0244,0.0,1.39024
2026-08-24T04:22:57.167Z,0.0,-0.98764,0.0,-0.0244,0.0,0.98764
2026-08-24T04:23:02.171Z,0.0,-0.75584,0.0,-0.0244,0.0,0.75584
2026-08-24T04:23:07.171Z,0.0,-0.75584,0.0,-0.0244,0.0,0.75584
2026-08-24T04:23:12.171Z,0.0,-0.75584,0.0,-0.0244,0.0,0.75584
2026-08-24T04:23:17.172Z,0.0,-0.75584,0.0,-0.0244,0.0,0.75584
2026-08-24T04:23:22.173Z,0.0,-0.75584,0.0,-0.0244,0.0,0.75584
2026-08-24T04:23:27.173Z,0.007259999999999933,-0.68264,-0.012100000000000001,-0.0244,-0.007259999999999933,0.68264
2026-08-24T04:23:32.175Z,0.04356000000000004,-0.60944,-0.012100000000000001,-0.0244,-0.04356000000000004,0.60944
2026-08-24T04:23:37.177Z,0.04356000000000004,-0.60944,-0.012100000000000001,-0.0244,-0.04356000000000004,0.60944
2026-08-24T04:23:42.178Z,0.04961000000000004,-0.59724,-0.012100000000000001,-0.0244,-0.04961000000000004,0.59724
2026-08-24T04:23:47.179Z,0.16456000000000004,-0.36544,-0.012100000000000001,-0.0244,-0.16456000000000004,0.36544
2026-08-24T04:23:52.180Z,0.16456000000000004,-0.36544,-0.012100000000000001,-0.0244,-0.16456000000000004,0.36544
2026-08-24T04:23:57.182Z,0.14035999999999998,-0.41424,-0.012100000000000001,-0.0244,-0.14035999999999998,0.41424
2026-08-24T04:24:02.186Z,0.07985999999999993,-0.53624,-0.012100000000000001,-0.0244,-0.07985999999999993,0.53624
2026-08-24T04:24:07.184Z,0.07985999999999993,-0.53624,-0.012100000000000001,-0.0244,-0.07985999999999993,0.53624
2026-08-24T04:24:12.186Z,0.22506000000000004,-0.24344,-0.012100000000000001,-0.0244,-0.22506000000000004,0.24344
2026-08-24T04:24:17.191Z,0.22506000000000004,-0.24344,-0.012100000000000001,-0.0244,-0.22506000000000004,0.24344
2026-08-24T04:24:22.193Z,0.34606,0.02816,-0.012100000000000001,-0.0364,-0.3455,-0.0276
2026-08-24T04:24:27.194Z,0.41866000000000003,0.24656,-0.012100000000000001,-0.0364,-0.2717,-0.0996
2026-08-24T04:24:32.195Z,0.41866000000000003,0.24656,-0.012100000000000001,-0.0364,-0.2717,-0.0996
2026-08-24T04:24:37.197Z,0.41866000000000003,0.24656,-0.012100000000000001,-0.0364,-0.2717,-0.0996
2026-08-24T04:24:42.199Z,0.46706000000000003,0.39216,-0.012100000000000001,-0.0364,-0.2225,-0.1476
2026-08-24T04:24:47.201Z,0.49126000000000003,0.46496000000000004,-0.012100000000000001,-0.0364,-0.1979,-0.1716
2026-08-24T04:24:52.203Z,0.52756,0.57416,-0.012100000000000001,-0.0364,-0.161,-0.2076
2026-08-24T04:24:57.204Z,0.52756,0.57416,-0.012100000000000001,-0.0364,-0.161,-0.2076
2026-08-24T04:25:02.207Z,0.55176,0.64696,-0.012100000000000001,-0.0364,-0.1364,-0.2316
2026-08-24T04:25:07.206Z,0.30371000000000004,-0.09924,-0.012100000000000001,-0.0364,0.11164999999999997,0.5002
2026-08-24T04:25:12.207Z,0.35816,0.06456,-0.012100000000000001,-0.0364,0.05720000000000003,0.33640000000000003
2026-08-24T04:25:17.209Z,0.35816,0.06456,-0.012100000000000001,-0.0364,0.05720000000000003,0.33640000000000003
2026-08-24T04:25:22.210Z,0.35816,0.06456,-0.012100000000000001,-0.0364,0.05720000000000003,0.33640000000000003
2026-08-24T04:25:27.212Z,0.35816,0.06456,-0.012100000000000001,-0.0364,0.05720000000000003,0.33640000000000003
2026-08-24T04:25:32.212Z,0.35816,0.06456,-0.012100000000000001,-0.0364,0.05720000000000003,0.33640000000000003
2026-08-24T04:25:37.214Z,0.24926,-0.26304,-0.012100000000000001,-0.0364,0.16609999999999997,0.61
2026-08-24T04:25:42.216Z,0.24926,-0.26304,-0.012100000000000001,-0.0364,0.16609999999999997,0.61
2026-08-24T04:25:47.217Z,0.32186,-0.04464,-0.012100000000000001,-0.0364,0.09350000000000003,0.3916
2026-08-24T04:25:52.218Z,0.013309999999999933,-0.97284,-0.012100000000000001,-0.0364,0.40205000000000013,1.0858
2026-08-24T04:25:57.220Z,0.019359999999999933,-0.95464,-0.012100000000000001,-0.0364,0.39600000000000013,1.0676
2026-08-24T04:26:02.224Z,0.013309999999999933,-0.97284,-0.012100000000000001,-0.0364,0.40205000000000013,1.0858
2026-08-24T04:26:07.222Z,0.031460000000000043,-0.91824,-0.012100000000000001,-0.0364,0.3838999999999999,1.0312
2026-08-24T04:26:12.224Z,0.031460000000000043,-0.91824,-0.012100000000000001,-0.0364,0.3838999999999999,1.0312
2026-08-24T04:26:17.226Z,0.031460000000000043,-0.91824,-0.012100000000000001,-0.0364,0.3838999999999999,1.0312
2026-08-24T04:26:22.227Z,0.031460000000000043,-0.91824,-0.012100000000000001,-0.0364,0.3838999999999999,1.0312
2026-08-24T04:26:27.227Z,0.031460000000000043,-0.91824,-0.012100000000000001,-0.0364,0.3838999999999999,1.0312
2026-08-24T04:26:32.230Z,0.031460000000000043,-0.91824,-0.012100000000000001,-0.0364,0.3838999999999999,1.0312
2026-08-24T04:26:37.232Z,0.031460000000000043,-0.91824,-0.012100000000000001,-0.0364,0.3838999999999999,1.0312
2026-08-24T04:26:42.233Z,0.031460000000000043,-0.91824,-0.012100000000000001,-0.0364,0.3838999999999999,1.0312
2026-08-24T04:26:47.235Z,0.031460000000000043,-0.91824,-0.012100000000000001,-0.0364,0.3838999999999999,1.0312
2026-08-24T04:26:52.237Z,0.03751000000000004,-0.90004,-0.012100000000000001,-0.0364,0.3778499999999999,1.013
2026-08-24T04:26:57.239Z,0.20085999999999998,-0.40864,-0.012100000000000001,-0.0364,0.21450000000000002,0.5216000000000001
2026-08-24T04:27:02.246Z,0.20085999999999998,-0.40864,-0.012100000000000001,-0.0364,0.21450000000000002,0.5216000000000001
2026-08-24T04:27:07.243Z,0.20085999999999998,-0.40864,-0.012100000000000001,-0.0364,0.21450000000000002,0.5216000000000001
2026-08-24T04:27:12.244Z,0.16456000000000004,-0.51784,-0.012100000000000001,-0.0364,0.2508,0.6308
2026-08-24T04:27:17.247Z,0.16456000000000004,-0.51784,-0.012100000000000001,-0.0364,0.2508,0.6308
2026-08-24T04:27:22.247Z,0.16456000000000004,-0.51784,-0.012100000000000001,-0.0364,0.2508,0.6308
2026-08-24T04:27:27.250Z,0.16456000000000004,-0.51784,-0.012100000000000001,-0.0364,0.2508,0.6308
2026-08-24T04:27:32.250Z,0.16456000000000004,-0.51784,-0.012100000000000001,-0.0364,0.2508,0.6308
2026-08-24T04:27:37.252Z,0.16456000000000004,-0.51784,-0.012100000000000001,-0.0364,0.2508,0.6308
2026-08-24T04:27:42.252Z,0.18875999999999998,-0.44504,-0.012100000000000001,-0.0364,0.22660000000000002,0.558
2026-08-24T04:27:47.254Z,0.18875999999999998,-0.44504,-0.012100000000000001,-0.0364,0.22660000000000002,0.558
2026-08-24T04:27:52.256Z,0.18875999999999998,-0.44504,-0.012100000000000001,-0.0364,0.22660000000000002,0.558
2026-08-24T04:27:57.258Z,0.18875999999999998,-0.44504,-0.012100000000000001,-0.0364,0.22660000000000002,0.558
2026-08-24T04:28:02.264Z,0.18875999999999998,-0.44504,-0.012100000000000001,-0.0364,0.22660000000000002,0.558
2026-08-24T04:28:07.259Z,0.18875999999999998,-0.44504,-0.012100000000000001,-0.0364,0.22660000000000002,0.558
2026-08-24T04:28:12.260Z,0.18875999999999998,-0.44504,-0.012100000000000001,-0.0364,0.22660000000000002,0.558
2026-08-24T04:28:17.262Z,0.18875999999999998,-0.44504,-0.012100000000000001,-0.0364,0.22660000000000002,0.558
2026-08-24T04:28:22.264Z,0.18875999999999998,-0.44504,-0.012100000000000001,-0.0364,0.22660000000000002,0.558
2026-08-24T04:28:27.267Z,0.18875999999999998,-0.44504,-0.012100000000000001,-0.0364,0.22660000000000002,0.558
2026-08-24T04:28:32.269Z,0.18875999999999998,-0.44504,-0.012100000000000001,-0.0364,0.22660000000000002,0.558
2026-08-24T04:28:37.271Z,0.18875999999999998,-0.44504,-0.012100000000000001,-0.0364,0.22660000000000002,0.558
2026-08-24T04:28:42.272Z,0.18875999999999998,-0.44504,-0.012100000000000001,-0.0364,0.22660000000000002,0.558
2026-08-24T04:28:47.273Z,-0.059290000000000065,-1.19124,-0.012100000000000001,-0.0364,0.47465,1.2322
2026-08-24T04:28:52.275Z,-0.15003999999999995,-1.46424,-0.012100000000000001,-0.0364,0.5654,1.4152
2026-08-24T04:28:57.277Z,-0.15003999999999995,-1.46424,-0.012100000000000001,-0.0364,0.5654,1.4152
2026-08-24T04:29:02.287Z,-0.18633999999999995,-1.53624,-0.012100000000000001,-0.0244,0.6016999999999999,1.4871999999999999
2026-08-24T04:29:07.280Z,-0.15003999999999995,-1.46304,-0.012100000000000001,-0.0244,0.5654,1.414
2026-08-24T04:29:12.282Z,-0.13793999999999995,-1.43864,-0.012100000000000001,-0.0244,0.5533,1.3896
2026-08-24T04:29:17.283Z,-0.11374000000000006,-1.38984,-0.012100000000000001,-0.0244,0.5291000000000001,1.3408
2026-08-24T04:29:22.285Z,-0.07743999999999995,-1.31664,-0.012100000000000001,-0.0244,0.4927999999999999,1.2675999999999998
2026-08-24T04:29:27.286Z,-0.07743999999999995,-1.31664,-0.012100000000000001,-0.0244,0.4927999999999999,1.2675999999999998
2026-08-24T04:29:32.287Z,-0.11374000000000006,-1.38984,-0.012100000000000001,-0.0244,0.5291000000000001,1.3408
2026-08-24T04:29:37.289Z,-0.11374000000000006,-1.38984,-0.012100000000000001,-0.0244,0.5291000000000001,1.3408
2026-08-24T04:29:42.291Z,-0.11374000000000006,-1.38984,-0.012100000000000001,-0.0244,0.5291000000000001,1.3408
2026-08-24T04:29:47.294Z,-0.11374000000000006,-1.38984,-0.012100000000000001,-0.0244,0.5291000000000001,1.3408
2026-08-24T04:29:52.297Z,-0.11374000000000006,-1.38984,-0.012100000000000001,-0.0244,0.5291000000000001,1.3408
2026-08-24T04:29:57.296Z,-0.11374000000000006,-1.38984,-0.012100000000000001,-0.0244,0.5291000000000001,1.3408
2026-08-24T04:30:02.307Z,-0.11374000000000006,-1.38984,-0.012100000000000001,-0.0244,0.5291000000000001,1.3408
2026-08-24T04:30:07.298Z,-0.11374000000000006,-1.38984,-0.012100000000000001,-0.0244,0.5291000000000001,1.3408
2026-08-24T04:30:12.300Z,-0.23473999999999995,-1.63384,-0.012100000000000001,-0.0244,0.6501000000000001,1.5848
2026-08-24T04:30:17.302Z,-0.22263999999999995,-1.60944,-0.012100000000000001,-0.0244,0.6380000000000001,1.5604
2026-08-24T04:30:22.303Z,-0.22263999999999995,-1.60944,-0.012100000000000001,-0.0244,0.6380000000000001,1.5604
2026-08-24T04:30:27.305Z,-0.23473999999999995,-1.63384,-0.012100000000000001,-0.0244,0.6501000000000001,1.5848
2026-08-24T04:30:32.308Z,-0.23473999999999995,-1.63384,-0.012100000000000001,-0.0244,0.6501000000000001,1.5848
2026-08-24T04:30:37.310Z,-0.23473999999999995,-1.63384,-0.012100000000000001,-0.0244,0.6501000000000001,1.5848
2026-08-24T04:30:42.312Z,-0.23473999999999995,-1.63384,-0.012100000000000001,-0.0244,0.6501000000000001,1.5848
2026-08-24T04:30:47.314Z,-0.23473999999999995,-1.63384,-0.012100000000000001,-0.0244,0.6501000000000001,1.5848
2026-08-24T04:30:52.317Z,-0.23473999999999995,-1.63384,-0.012100000000000001,-0.0244,0.6501000000000001,1.5848
2026-08-24T04:30:57.319Z,-0.24684000000000006,-1.6582400000000002,-0.012100000000000001,-0.0244,0.6622,1.6092
2026-08-24T04:31:02.327Z,-0.24684000000000006,-1.6582400000000002,-0.012100000000000001,-0.0244,0.6622,1.6092
2026-08-24T04:31:07.321Z,-0.19843999999999995,-1.56064,-0.012100000000000001,-0.0244,0.6137999999999999,1.5115999999999998
2026-08-24T04:31:12.323Z,-0.19843999999999995,-1.56064,-0.012100000000000001,-0.0244,0.6137999999999999,1.5115999999999998
2026-08-24T04:31:17.324Z,-0.19843999999999995,-1.56064,-0.012100000000000001,-0.0244,0.6137999999999999,1.5115999999999998
2026-08-24T04:31:22.325Z,-0.19843999999999995,-1.56064,-0.012100000000000001,-0.0244,0.6137999999999999,1.5115999999999998
2026-08-24T04:31:27.326Z,-0.19843999999999995,-1.56064,-0.012100000000000001,-0.0244,0.6137999999999999,1.5115999999999998
2026-08-24T04:31:32.328Z,-0.14398999999999995,-1.45084,-0.012100000000000001,-0.0244,0.55935,1.4018
2026-08-24T04:31:37.330Z,0.04356000000000004,-1.07264,-0.012100000000000001,-0.0244,0.3717999999999999,1.0235999999999998
2026-08-24T04:31:42.332Z,0.04356000000000004,-1.07264,-0.012100000000000001,-0.0244,0.3717999999999999,1.0235999999999998
2026-08-24T04:31:47.333Z,0.04356000000000004,-1.07264,-0.012100000000000001,-0.0244,0.3717999999999999,1.0235999999999998
2026-08-24T04:31:52.334Z,0.04356000000000004,-1.07264,-0.012100000000000001,-0.0244,0.3717999999999999,1.0235999999999998
2026-08-24T04:31:57.336Z,0.11616000000000004,-0.92624,-0.012100000000000001,-0.0244,0.2991999999999999,0.8772
2026-08-24T04:32:02.340Z,0.10406000000000004,-0.9506399999999999,-0.012100000000000001,-0.0244,0.3113,0.9016000000000001
2026-08-24T04:32:07.342Z,0.15245999999999998,-0.85304,-0.012100000000000001,-0.0244,0.2629,0.804
2026-08-24T04:32:12.348Z,0.15245999999999998,-0.85304,-0.012100000000000001,-0.0244,0.2629,0.804
2026-08-24T04:32:17.352Z,0.39446000000000003,-0.36504000000000003,-0.012100000000000001,-0.0244,0.020899999999999974,0.316
2026-08-24T04:32:22.355Z,0.40656,-0.34064,-0.012100000000000001,-0.0244,0.00880000000000003,0.2916
2026-08-24T04:32:27.359Z,0.40656,-0.34064,-0.012100000000000001,-0.0244,0.00880000000000003,0.2916
2026-08-24T04:32:32.360Z,0.40656,-0.34064,-0.012100000000000001,-0.0244,0.00880000000000003,0.2916
2026-08-24T04:32:37.362Z,0.40656,-0.34064,-0.012100000000000001,-0.0244,0.00880000000000003,0.2916
2026-08-24T04:32:42.363Z,0.40656,-0.34064,-0.012100000000000001,-0.0244,0.00880000000000003,0.2916
2026-08-24T04:32:47.364Z,0.40656,-0.34064,-0.012100000000000001,-0.0244,0.00880000000000003,0.2916
2026-08-24T04:32:52.366Z,0.40656,-0.34064,-0.012100000000000001,-0.0244,0.00880000000000003,0.2916
2026-08-24T04:32:57.367Z,0.35816,-0.43824,-0.012100000000000001,-0.0244,0.05720000000000003,0.38920000000000005
2026-08-24T04:33:02.371Z,0.24926,-0.65784,-0.012100000000000001,-0.0244,0.16609999999999997,0.6088
2026-08-24T04:33:07.369Z,-0.08348999999999995,-1.32884,-0.012100000000000001,-0.0244,0.4988499999999999,1.2797999999999998
2026-08-24T04:33:12.370Z,0.07380999999999993,-1.01164,-0.012100000000000001,-0.0244,0.34155,0.9626
2026-08-24T04:33:17.371Z,0.07380999999999993,-1.01164,-0.012100000000000001,-0.0244,0.34155,0.9626
2026-08-24T04:33:22.373Z,0.07985999999999993,-0.9994400000000001,-0.012100000000000001,-0.0244,0.3355,0.9504
2026-08-24T04:33:27.374Z,0.07985999999999993,-0.9994400000000001,-0.012100000000000001,-0.0244,0.3355,0.9504
2026-08-24T04:33:32.375Z,0.15851000000000004,-0.84084,-0.012100000000000001,-0.0244,0.25685,0.7918000000000001
2026-08-24T04:33:37.375Z,0.17666000000000004,-0.8042400000000001,-0.012100000000000001,-0.0244,0.2386999999999999,0.7552
2026-08-24T04:33:42.376Z,0.17666000000000004,-0.8042400000000001,-0.012100000000000001,-0.0244,0.2386999999999999,0.7552
2026-08-24T04:33:47.378Z,0.17666000000000004,-0.8042400000000001,-0.012100000000000001,-0.0244,0.2386999999999999,0.7552
2026-08-24T04:33:52.379Z,0.17666000000000004,-0.8042400000000001,-0.012100000000000001,-0.0244,0.2386999999999999,0.7552
2026-08-24T04:33:57.379Z,0.17666000000000004,-0.8042400000000001,-0.012100000000000001,-0.0244,0.2386999999999999,0.7552
2026-08-24T04:34:02.389Z,0.17666000000000004,-0.8042400000000001,-0.012100000000000001,-0.0244,0.2386999999999999,0.7552
2026-08-24T04:34:07.382Z,0.17666000000000004,-0.8042400000000001,-0.012100000000000001,-0.0244,0.2386999999999999,0.7552
2026-08-24T04:34:12.382Z,0.17666000000000004,-0.8042400000000001,-0.012100000000000001,-0.0244,0.2386999999999999,0.7552
2026-08-24T04:34:17.384Z,0.05566000000000004,-1.04824,-0.012100000000000001,-0.0244,0.3596999999999999,0.9992
2026-08-24T04:34:22.385Z,0.031460000000000043,-1.09704,-0.012100000000000001,-0.0244,0.3838999999999999,1.0479999999999998
2026-08-24T04:34:27.386Z,0.019359999999999933,-1.12144,-0.012100000000000001,-0.0244,0.39600000000000013,1.0724
2026-08-24T04:34:32.387Z,0.07985999999999993,-0.9994400000000001,-0.012100000000000001,-0.0244,0.3355,0.9504
2026-08-24T04:34:37.389Z,0.07985999999999993,-0.9994400000000001,-0.012100000000000001,-0.0244,0.3355,0.9504
2026-08-24T04:34:42.389Z,0.07985999999999993,-0.9994400000000001,-0.012100000000000001,-0.0244,0.3355,0.9504
2026-08-24T04:34:47.390Z,0.07985999999999993,-0.9994400000000001,-0.012100000000000001,-0.0244,0.3355,0.9504
2026-08-24T04:34:52.391Z,0.07985999999999993,-0.9994400000000001,-0.012100000000000001,-0.0244,0.3355,0.9504
2026-08-24T04:34:57.393Z,0.07985999999999993,-0.9994400000000001,-0.012100000000000001,-0.0244,0.3355,0.9504
2026-08-24T04:35:02.402Z,0.07985999999999993,-0.9994400000000001,-0.012100000000000001,-0.0244,0.3355,0.9504
2026-08-24T04:35:07.394Z,0.07985999999999993,-0.9994400000000001,-0.012100000000000001,-0.0244,0.3355,0.9504
2026-08-24T04:35:12.394Z,0.07985999999999993,-0.9994400000000001,-0.012100000000000001,-0.0244,0.3355,0.9504
2026-08-24T04:35:17.395Z,0.43076000000000003,-0.29184,-0.012100000000000001,-0.0244,-0.015400000000000025,0.2428
2026-08-24T04:35:22.396Z,0.44165,-0.24405,0.0,-0.0123,-0.026290000000000008,0.19501
2026-08-24T04:35:27.397Z,0.44165,-0.23175,0.0,-0.0123,-0.026290000000000008,0.18270999999999998
2026-08-24T04:35:32.398Z,0.44165,-0.24405,0.0,-0.0123,-0.026290000000000008,0.19501
2026-08-24T04:35:37.399Z,0.44165,-0.24405,0.0,-0.0123,-0.026290000000000008,0.19501
2026-08-24T04:35:42.400Z,0.44165,-0.24405,0.0,-0.0123,-0.026290000000000008,0.19501
2026-08-24T04:35:47.400Z,0.44165,-0.24405,0.0,-0.0123,-0.026290000000000008,0.19501
2026-08-24T04:35:52.402Z,0.44165,-0.24405,0.0,-0.0123,-0.026290000000000008,0.19501
2026-08-24T04:35:57.403Z,0.44165,-0.24405,0.0,-0.0123,-0.026290000000000008,0.19501
2026-08-24T04:36:02.411Z,0.44165,-0.24405,0.0,-0.0123,-0.026290000000000008,0.19501
2026-08-24T04:36:07.404Z,0.44165,-0.33015,0.0,-0.0123,-0.02628999999999998,0.28111
2026-08-24T04:36:12.405Z,0.44165,-0.40395000000000003,0.0,-0.0123,-0.026290000000000036,0.35491
2026-08-24T04:36:17.407Z,0.44165,-0.40395000000000003,0.0,-0.0123,-0.026290000000000036,0.35491
2026-08-24T04:36:22.407Z,0.44165,-0.44085,0.0,-0.0123,-0.02628999999999998,0.39181000000000005
2026-08-24T04:36:27.408Z,0.44165,-0.45315,0.0,-0.0123,-0.02628999999999998,0.40411
2026-08-24T04:36:32.409Z,0.44165,-0.52695,0.0,-0.0123,-0.02628999999999998,0.47791
2026-08-24T04:36:37.411Z,0.44165,-0.52695,0.0,-0.0123,-0.02628999999999998,0.47791
2026-08-24T04:36:42.412Z,0.44165,-0.52695,0.0,-0.0123,-0.02628999999999998,0.47791
2026-08-24T04:36:47.413Z,0.44165,-0.52695,0.0,-0.0123,-0.02628999999999998,0.47791
2026-08-24T04:36:52.414Z,0.44165,-0.52695,0.0,-0.0123,-0.02628999999999998,0.47791
2026-08-24T04:36:57.415Z,0.44165,-0.52695,0.0,-0.0123,-0.02628999999999998,0.47791
2026-08-24T04:37:02.426Z,0.44165,-0.52695,0.0,-0.0123,-0.02628999999999998,0.47791
2026-08-24T04:37:07.417Z,0.44165,-0.52695,0.0,-0.0123,-0.02628999999999998,0.47791
2026-08-24T04:37:12.418Z,0.44165,-0.52695,0.0,-0.0123,-0.02628999999999998,0.47791
2026-08-24T04:37:17.419Z,0.44165000000000004,-0.46545,0.0,-0.0123,-0.026290000000000036,0.41641
2026-08-24T04:37:22.420Z,0.44165,-0.28095000000000003,0.0,-0.0123,-0.026290000000000008,0.23191
2026-08-24T04:37:27.420Z,0.44165,-0.15794999999999998,0.0,-0.0123,-0.026289999999999994,0.10890999999999999
2026-08-24T04:37:32.421Z,0.44165,-0.10875000000000001,0.0,-0.0123,-0.02629,0.05971
2026-08-24T04:37:37.423Z,0.44165,-0.10875000000000001,0.0,-0.0123,-0.02629,0.05971
2026-08-24T04:37:42.424Z,0.44165,-0.10875000000000001,0.0,-0.0123,-0.02629,0.05971
2026-08-24T04:37:47.427Z,0.44165,-0.17025,0.0,-0.0123,-0.026289999999999994,0.12121
2026-08-24T04:37:52.428Z,0.44165,-0.17025,0.0,-0.0123,-0.026289999999999994,0.12121
2026-08-24T04:37:57.430Z,0.44165,-0.17025,0.0,-0.0123,-0.026289999999999994,0.12121
2026-08-24T04:38:02.439Z,0.44165,-0.24405,0.0,-0.0123,-0.026290000000000008,0.19501
2026-08-24T04:38:07.434Z,0.44165,-0.15794999999999998,0.0,-0.0123,-0.026289999999999994,0.10890999999999999
2026-08-24T04:38:12.436Z,0.44165,-0.13335000000000002,0.0,-0.0123,-0.026289999999999994,0.08431
2026-08-24T04:38:17.437Z,0.44165000000000004,-0.11897999999999997,0.0,0.0021,-0.026290000000000008,0.06993999999999999
2026-08-24T04:38:22.438Z,0.44165,-0.11582999999999999,0.0,0.0021,-0.026290000000000008,0.06678999999999999
2026-08-24T04:38:27.440Z,0.44165,-0.09483000000000003,0.0,0.0021,-0.02629,0.04579
2026-08-24T04:38:32.440Z,0.44165,-0.10113,0.0,0.0021,-0.02629,0.05209
2026-08-24T04:38:37.442Z,0.44165,-0.10217999999999999,0.0,0.0021,-0.026289999999999994,0.05314
2026-08-24T04:38:42.444Z,0.44165,-0.10113,0.0,0.0021,-0.02629,0.05209
2026-08-24T04:38:47.445Z,0.44165,-0.10113,0.0,0.0021,-0.02629,0.05209
2026-08-24T04:38:52.447Z,0.44165,-0.10113,0.0,0.0021,-0.02629,0.05209
2026-08-24T04:38:57.449Z,0.44165,-0.10113,0.0,0.0021,-0.02629,0.05209
2026-08-24T04:39:02.458Z,0.44165,-0.10113,0.0,0.0021,-0.02629,0.05209
2026-08-24T04:39:07.452Z,0.44165000000000004,-0.10637999999999997,0.0,0.0021,-0.02629,0.05734
2026-08-24T04:39:12.454Z,0.44165,-0.12843,0.0,0.0021,-0.026290000000000008,0.07938999999999999
2026-08-24T04:39:17.455Z,0.44165,-0.14312999999999998,0.0,0.0021,-0.026289999999999994,0.09409
2026-08-24T04:39:22.457Z,0.44165,-0.14312999999999998,0.0,0.0021,-0.026289999999999994,0.09409
2026-08-24T04:39:27.458Z,0.44165,-0.14312999999999998,0.0,0.0021,-0.026289999999999994,0.09409
2026-08-24T04:39:32.459Z,0.44165,-0.15153,0.0,0.0021,-0.026290000000000008,0.10249
2026-08-24T04:39:37.460Z,0.44165,-0.15993000000000002,0.0,0.0021,-0.026290000000000008,0.11088999999999999
2026-08-24T04:39:42.460Z,0.44165,-0.15993000000000002,0.0,0.0021,-0.026290000000000008,0.11088999999999999
2026-08-24T04:39:47.461Z,0.44165,-0.09062999999999999,0.0,0.0021,-0.02629,0.04159
2026-08-24T04:39:52.461Z,0.44165,-0.09588000000000002,0.0,0.0021,-0.026289999999999994,0.04684
2026-08-24T04:39:57.462Z,0.44165,-0.11268,0.0,0.0021,-0.026290000000000008,0.06363999999999999
2026-08-24T04:40:02.471Z,0.44165,-0.12003000000000003,0.0,0.0021,-0.026289999999999994,0.07099
2026-08-24T04:40:07.466Z,0.44165,-0.09272999999999998,0.0,0.0021,-0.026289999999999994,0.04369
2026-08-24T04:40:12.467Z,0.44165,-0.09272999999999998,0.0,0.0021,-0.026289999999999994,0.04369
2026-08-24T04:40:17.468Z,0.44165,-0.09272999999999998,0.0,0.0021,-0.026289999999999994,0.04369
2026-08-24T04:40:22.469Z,0.44165,-0.09272999999999998,0.0,0.0021,-0.026289999999999994,0.04369
2026-08-24T04:40:27.471Z,0.44165,-0.09272999999999998,0.0,0.0021,-0.026289999999999994,0.04369
2026-08-24T04:40:32.471Z,0.44165,-0.07383,0.0,0.0021,-0.02629,0.02479
2026-08-24T04:40:37.473Z,0.44165,-0.06333,0.0,0.0021,-0.026289999999999997,0.01429
2026-08-24T04:40:42.475Z,0.44165,-0.057030000000000025,0.0,0.0021,-0.026289999999999997,0.00799
2026-08-24T04:40:47.476Z,0.44165,-0.057030000000000025,0.0,0.0021,-0.026289999999999997,0.00799
2026-08-24T04:40:52.477Z,0.44165,-0.057030000000000025,0.0,0.0021,-0.026289999999999997,0.00799
2026-08-24T04:40:57.477Z,0.44165000000000004,-0.08012999999999998,0.0,0.0021,-0.02629,0.03109
2026-08-24T04:41:02.486Z,0.45124999999999993,0.54017,0.0,9.99999999999994e-05,-0.03588999999999998,-0.58921
2026-08-24T04:41:07.480Z,0.45124999999999993,0.54017,0.0,9.99999999999994e-05,-0.03588999999999998,-0.58921
2026-08-24T04:41:12.481Z,0.45124999999999993,0.54017,0.0,9.99999999999994e-05,-0.03588999999999998,-0.58921
2026-08-24T04:41:17.482Z,0.45125000000000004,0.54137,0.0,9.99999999999994e-05,-0.03589000000000009,-0.59041
2026-08-24T04:41:22.484Z,0.45125000000000004,0.54137,0.0,9.99999999999994e-05,-0.03589000000000009,-0.59041
2026-08-24T04:41:27.486Z,0.45125,0.54247,0.0,9.99999999999994e-05,-0.03588999999999998,-0.59151
2026-08-24T04:41:32.486Z,0.45125,0.54247,0.0,9.99999999999994e-05,-0.03588999999999998,-0.59151
2026-08-24T04:41:37.488Z,0.45125,0.54397,0.0,9.99999999999994e-05,-0.035890000000000005,-0.5930099999999999
2026-08-24T04:41:42.489Z,0.45125,0.54417,0.0,9.99999999999994e-05,-0.01508,-0.5724
2026-08-24T04:41:47.491Z,0.45125,0.54417,0.0,9.99999999999994e-05,-0.01508,-0.5724
2026-08-24T04:41:52.491Z,0.45125000000000004,0.54477,0.0,9.99999999999994e-05,0.0,-0.4284
2026-08-24T04:41:57.492Z,0.45125000000000004,0.54487,0.0,9.99999999999994e-05,0.0,-0.4044
2026-08-24T04:42:02.498Z,0.45125000000000004,0.54507,0.0,9.99999999999994e-05,0.0,-0.3564
2026-08-24T04:42:07.496Z,0.45125000000000004,0.54507,0.0,9.99999999999994e-05,0.0,-0.3564
2026-08-24T04:42:12.498Z,0.45125000000000004,0.54507,0.0,9.99999999999994e-05,0.0,-0.3564
2026-08-24T04:42:17.500Z,0.45125,0.5453699999999999,0.0,9.99999999999994e-05,0.0,-0.2844
2026-08-24T04:42:22.501Z,0.45125,0.5453699999999999,0.0,9.99999999999994e-05,0.0,-0.2844
2026-08-24T04:42:27.503Z,0.45125,0.5453699999999999,0.0,9.99999999999994e-05,0.0,-0.2844
2026-08-24T04:42:32.505Z,0.45125,0.5453699999999999,0.0,9.99999999999994e-05,0.0,-0.2844
2026-08-24T04:42:37.507Z,0.45125,0.5453699999999999,0.0,9.99999999999994e-05,0.0,-0.2844
2026-08-24T04:42:42.509Z,0.45125,0.5453699999999999,0.0,9.99999999999994e-05,0.0,-0.2844
2026-08-24T04:42:47.509Z,0.45125,0.54342,0.0,9.99999999999994e-05,0.0,-0.28245
2026-08-24T04:42:52.511Z,0.45125,0.54347,0.0,9.99999999999994e-05,0.0,-0.2825
2026-08-24T04:42:57.513Z,0.45125,0.54417,0.0,9.99999999999994e-05,0.0,-0.2832
2026-08-24T04:43:02.519Z,0.45125000000000004,0.54487,0.0,9.99999999999994e-05,0.0,-0.2839
2026-08-24T04:43:07.516Z,0.45125,0.54467,0.0,9.99999999999994e-05,0.0,-0.28370000000000006
2026-08-24T04:43:12.517Z,0.45125,0.54467,0.0,9.99999999999994e-05,0.0,-0.28370000000000006
2026-08-24T04:43:17.519Z,0.45125,0.54392,0.0,9.99999999999994e-05,0.0,-0.28295
2026-08-24T04:43:22.521Z,0.45125000000000004,0.5417700000000001,0.0,9.99999999999994e-05,0.0,-0.28080000000000005
2026-08-24T04:43:27.523Z,0.45125000000000004,0.5417700000000001,0.0,9.99999999999994e-05,0.0,-0.28080000000000005
2026-08-24T04:43:32.523Z,0.45125000000000004,0.5417700000000001,0.0,9.99999999999994e-05,0.0,-0.28080000000000005
2026-08-24T04:43:37.525Z,0.45125000000000004,0.5417700000000001,0.0,9.99999999999994e-05,0.0,-0.28080000000000005
2026-08-24T04:43:42.527Z,0.45125,0.54077,0.0,9.99999999999994e-05,0.0,-0.27980000000000005
2026-08-24T04:43:47.529Z,0.45125,0.54077,0.0,9.99999999999994e-05,0.0,-0.27980000000000005
2026-08-24T04:43:52.531Z,0.45125,0.54077,0.0,9.99999999999994e-05,0.0,-0.27980000000000005
2026-08-24T04:43:57.533Z,0.45125,0.54077,0.0,9.99999999999994e-05,0.0,-0.27980000000000005
2026-08-24T04:44:02.542Z,0.45125,0.54077,0.0,9.99999999999994e-05,0.0,-0.27980000000000005
2026-08-24T04:44:07.536Z,0.45125,0.54077,0.0,9.99999999999994e-05,0.0,-0.27980000000000005
2026-08-24T04:44:12.537Z,0.45125,0.5420699999999999,0.0,9.99999999999994e-05,0.0,-0.2811
2026-08-24T04:44:17.539Z,0.45125,0.5420699999999999,0.0,9.99999999999994e-05,0.0,-0.2811
2026-08-24T04:44:22.541Z,0.45125,0.5420699999999999,0.0,9.99999999999994e-05,0.0,-0.2811
2026-08-24T04:44:27.542Z,0.45125,0.5420699999999999,0.0,9.99999999999994e-05,0.0,-0.2811
2026-08-24T04:44:32.544Z,0.45125,0.5420699999999999,0.0,9.99999999999994e-05,0.0,-0.2811
2026-08-24T04:44:37.546Z,0.45125,0.5420699999999999,0.0,9.99999999999994e-05,0.0,-0.2811
2026-08-24T04:44:42.548Z,0.45125,0.54237,0.0,9.99999999999994e-05,0.0,-0.2814
2026-08-24T04:44:47.550Z,0.45125,0.54237,0.0,9.99999999999994e-05,0.0,-0.2814
2026-08-24T04:44:52.551Z,0.45125,0.54237,0.0,9.99999999999994e-05,0.0,-0.2814
2026-08-24T04:44:57.553Z,0.45125000000000004,0.54427,0.0,9.99999999999994e-05,0.0,-0.2833
2026-08-24T04:45:02.565Z,0.45125000000000004,0.54522,0.0,9.99999999999994e-05,0.0,-0.28425
2026-08-24T04:45:07.558Z,0.45125,0.5453699999999999,0.0,9.99999999999994e-05,0.0,-0.2844
2026-08-24T04:45:12.560Z,0.45125,0.54577,0.0,9.99999999999994e-05,0.0,-0.1884
2026-08-24T04:45:17.561Z,0.45125,0.54577,0.0,9.99999999999994e-05,0.0,-0.1884
2026-08-24T04:45:22.563Z,0.45125,0.54577,0.0,9.99999999999994e-05,0.0,-0.1884
2026-08-24T04:45:27.565Z,0.45125,0.5418700000000001,0.0,9.99999999999994e-05,0.0,-0.1845000000000001
2026-08-24T04:45:32.565Z,0.45125000000000015,0.5355700000000001,0.0,9.99999999999994e-05,0.0,-0.17819999999999991
2026-08-24T04:45:37.568Z,0.45125000000000015,0.53467,0.0,9.99999999999994e-05,0.0,-0.1772999999999998
2026-08-24T04:45:42.570Z,0.45124999999999993,0.53497,0.0,9.99999999999994e-05,0.0,-0.17760000000000042
2026-08-24T04:45:47.572Z,0.45125000000000004,0.53842,0.0,9.99999999999994e-05,0.0,-0.18104999999999993
2026-08-24T04:45:52.572Z,0.45124999999999993,0.53847,0.0,9.99999999999994e-05,0.0,-0.18109999999999982
2026-08-24T04:45:57.574Z,0.45124999999999993,0.53847,0.0,9.99999999999994e-05,0.0,-0.18109999999999982
2026-08-24T04:46:02.584Z,0.45125000000000015,0.5379200000000002,0.0,9.99999999999994e-05,0.0,-0.18055
2026-08-24T04:46:07.579Z,0.45124999999999993,0.5289699999999997,0.0,9.99999999999994e-05,0.0,-0.17159999999999975
2026-08-24T04:46:12.581Z,0.45124999999999993,0.5302699999999998,0.0,9.99999999999994e-05,0.0,-0.17289999999999983
2026-08-24T04:46:17.583Z,0.45124999999999993,0.5306699999999998,0.0,9.99999999999994e-05,0.0,-0.1732999999999998
2026-08-24T04:46:22.584Z,0.45124999999999993,0.5317699999999999,0.0,9.99999999999994e-05,0.0,-0.1743999999999999
2026-08-24T04:46:27.585Z,0.45124999999999993,0.53207,0.0,9.99999999999994e-05,0.0,-0.17470000000000008
2026-08-24T04:46:32.586Z,0.45124999999999993,0.5314700000000001,0.0,9.99999999999994e-05,0.0,-0.17410000000000014
2026-08-24T04:46:37.587Z,0.45124999999999993,0.5308699999999997,0.0,9.99999999999994e-05,0.0,-0.1735000000000002
2026-08-24T04:46:42.589Z,0.45124999999999993,0.5308699999999997,0.0,9.99999999999994e-05,0.0,-0.1735000000000002
2026-08-24T04:46:47.591Z,0.45124999999999993,0.53437,0.0,9.99999999999994e-05,0.0,-0.17700000000000005
2026-08-24T04:46:52.592Z,0.45125000000000015,0.5359200000000002,0.0,9.99999999999994e-05,0.0,-0.17855
2026-08-24T04:46:57.593Z,0.4512500000000004,0.5334700000000003,0.0,9.99999999999994e-05,0.0,-0.17609999999999992
2026-08-24T04:47:02.601Z,0.4512500000000004,0.5332700000000004,0.0,9.99999999999994e-05,0.0,-0.17589999999999995
2026-08-24T04:47:07.595Z,0.4512500000000004,0.5332700000000004,0.0,9.99999999999994e-05,0.0,-0.17589999999999995
2026-08-24T04:47:12.596Z,0.4512500000000004,0.5332700000000004,0.0,9.99999999999994e-05,0.0,-0.17589999999999995
2026-08-24T04:47:17.597Z,0.45124999999999993,0.5333200000000002,0.0,9.99999999999994e-05,0.0,-0.17595000000000027
2026-08-24T04:47:22.598Z,0.45124999999999993,0.5352700000000001,0.0,9.99999999999994e-05,0.0,-0.17790000000000017
2026-08-24T04:47:27.600Z,0.45124999999999993,0.5352700000000001,0.0,9.99999999999994e-05,0.0,-0.17790000000000017
2026-08-24T04:47:32.602Z,0.45124999999999993,0.53497,0.0,9.99999999999994e-05,0.0,-0.17760000000000042
2026-08-24T04:47:37.604Z,0.4512499999999997,0.5353700000000001,0.0,9.99999999999994e-05,0.0,-0.17799999999999994
2026-08-24T04:47:42.606Z,0.4512499999999997,0.5353700000000001,0.0,9.99999999999994e-05,0.0,-0.17799999999999994
2026-08-24T04:47:47.607Z,0.45125000000000015,0.5355700000000001,0.0,9.99999999999994e-05,0.0,-0.17819999999999991
2026-08-24T04:47:52.609Z,0.45125000000000015,0.5355700000000001,0.0,9.99999999999994e-05,0.0,-0.17819999999999991
2026-08-24T04:47:57.609Z,0.45125000000000015,0.53667,0.0,9.99999999999994e-05,0.0,-0.17930000000000001
2026-08-24T04:48:02.622Z,0.45125000000000015,0.53667,0.0,9.99999999999994e-05,0.0,-0.17930000000000001
2026-08-24T04:48:07.615Z,0.45124999999999993,0.5354700000000001,0.0,9.99999999999994e-05,0.0,-0.17810000000000015
2026-08-24T04:48:12.619Z,0.45124999999999993,0.5354700000000001,0.0,9.99999999999994e-05,0.0,-0.17810000000000015
2026-08-24T04:48:17.623Z,0.45124999999999993,0.5354700000000001,0.0,9.99999999999994e-05,0.0,-0.17810000000000015
2026-08-24T04:48:22.627Z,0.45124999999999993,0.5333700000000001,0.0,9.99999999999994e-05,0.0,-0.17600000000000016
2026-08-24T04:48:27.630Z,0.45124999999999993,0.5316700000000001,0.0,9.99999999999994e-05,0.0,-0.17430000000000012
2026-08-24T04:48:32.631Z,0.45124999999999993,0.5316700000000001,0.0,9.99999999999994e-05,0.0,-0.17430000000000012
2026-08-24T04:48:37.634Z,0.4512500000000004,0.5313700000000003,0.0,9.99999999999994e-05,0.0,-0.17399999999999993
2026-08-24T04:48:42.636Z,0.45124999999999993,0.5304699999999998,0.0,9.99999999999994e-05,0.0,-0.1730999999999998
2026-08-24T04:48:47.638Z,0.45124999999999993,0.5304699999999998,0.0,9.99999999999994e-05,0.0,-0.1730999999999998
2026-08-24T04:48:52.640Z,0.45124999999999993,0.5304699999999998,0.0,9.99999999999994e-05,0.0,-0.1730999999999998
2026-08-24T04:48:57.642Z,0.45124999999999993,0.5304699999999998,0.0,9.99999999999994e-05,0.0,-0.1730999999999998
2026-08-24T04:49:02.652Z,0.45124999999999993,0.5304699999999998,0.0,9.99999999999994e-05,0.0,-0.1730999999999998
2026-08-24T04:49:07.645Z,0.45124999999999993,0.5304699999999998,0.0,9.99999999999994e-05,0.0,-0.1730999999999998
2026-08-24T04:49:12.648Z,0.45124999999999993,0.5304699999999998,0.0,9.99999999999994e-05,0.0,-0.1730999999999998
2026-08-24T04:49:17.648Z,0.45124999999999993,0.5300699999999998,0.0,9.99999999999994e-05,0.0,-0.17269999999999985
2026-08-24T04:49:22.649Z,0.45124999999999993,0.5300699999999998,0.0,9.99999999999994e-05,0.0,-0.17269999999999985
2026-08-24T04:49:27.651Z,0.45124999999999993,0.5293700000000001,0.0,9.99999999999994e-05,0.0,-0.1719999999999997
2026-08-24T04:49:32.653Z,0.45124999999999993,0.5293700000000001,0.0,9.99999999999994e-05,0.0,-0.1719999999999997
2026-08-24T04:49:37.652Z,0.45124999999999993,0.5293700000000001,0.0,9.99999999999994e-05,0.0,-0.1719999999999997
2026-08-24T04:49:42.652Z,0.45124999999999993,0.5293700000000001,0.0,9.99999999999994e-05,0.0,-0.1719999999999997
2026-08-24T04:49:47.654Z,0.45124999999999993,0.52887,0.0,9.99999999999994e-05,0.0,-0.17149999999999999
2026-08-24T04:49:52.654Z,0.4512499999999995,0.5275699999999994,0.0,9.99999999999994e-05,0.0,-0.17020000000000035
2026-08-24T04:49:57.656Z,0.4512499999999995,0.5275699999999994,0.0,9.99999999999994e-05,0.0,-0.17020000000000035
2026-08-24T04:50:02.667Z,0.4512499999999995,0.5275699999999994,0.0,9.99999999999994e-05,0.0,-0.17020000000000035
2026-08-24T04:50:07.657Z,0.4512499999999995,0.5275699999999994,0.0,9.99999999999994e-05,0.0,-0.17020000000000035
2026-08-24T04:50:12.659Z,0.4512499999999995,0.5275699999999994,0.0,9.99999999999994e-05,0.0,-0.17020000000000035
2026-08-24T04:50:17.659Z,0.45124999999999993,0.52292,0.0,9.99999999999994e-05,0.0,-0.16554999999999964
2026-08-24T04:50:22.660Z,0.45124999999999993,0.5216199999999995,0.0,9.99999999999994e-05,0.0,-0.16425
2026-08-24T04:50:27.661Z,0.45124999999999993,0.5215699999999996,0.0,9.99999999999994e-05,0.0,-0.16420000000000012
2026-08-24T04:50:32.661Z,0.45124999999999993,0.5219699999999996,0.0,9.99999999999994e-05,0.0,-0.16460000000000008
2026-08-24T04:50:37.662Z,0.45124999999999993,0.52407,0.0,9.99999999999994e-05,0.0,-0.16669999999999963
2026-08-24T04:50:42.664Z,0.45124999999999993,0.52407,0.0,9.99999999999994e-05,0.0,-0.16669999999999963
2026-08-24T04:50:47.665Z,0.45124999999999993,0.5236699999999992,0.0,9.99999999999994e-05,0.0,-0.16629999999999967
2026-08-24T04:50:52.667Z,0.45124999999999993,0.5236699999999992,0.0,9.99999999999994e-05,0.0,-0.16629999999999967
2026-08-24T04:50:57.667Z,0.45124999999999993,0.5229699999999999,0.0,9.99999999999994e-05,0.0,-0.1656000000000004
2026-08-24T04:51:02.676Z,0.45124999999999993,0.5212700000000003,0.0,9.99999999999994e-05,0.0,-0.16389999999999993
2026-08-24T04:51:07.669Z,0.45124999999999993,0.5190699999999993,0.0,9.99999999999994e-05,0.0,-0.16169999999999973
2026-08-24T04:51:12.669Z,0.45124999999999993,0.5191699999999999,0.0,9.99999999999994e-05,0.0,-0.1618000000000004
2026-08-24T04:51:17.670Z,0.45124999999999993,0.5191699999999999,0.0,9.99999999999994e-05,0.0,-0.1618000000000004
2026-08-24T04:51:22.670Z,0.45124999999999993,0.5191699999999999,0.0,9.99999999999994e-05,0.0,-0.1618000000000004
2026-08-24T04:51:27.671Z,0.45124999999999993,0.5190699999999993,0.0,9.99999999999994e-05,0.0,-0.16169999999999973
2026-08-24T04:51:32.673Z,0.4512500000000008,0.5186700000000002,0.0,9.99999999999994e-05,0.0,-0.16129999999999978
2026-08-24T04:51:37.674Z,0.4512500000000008,0.5186700000000002,0.0,9.99999999999994e-05,0.0,-0.16129999999999978
2026-08-24T04:51:42.675Z,0.45124999999999993,0.5178700000000003,0.0,9.99999999999994e-05,0.0,-0.16049999999999986
2026-08-24T04:51:47.676Z,0.45124999999999993,0.5178700000000003,0.0,9.99999999999994e-05,0.0,-0.16049999999999986
2026-08-24T04:51:52.676Z,0.45124999999999993,0.5178700000000003,0.0,9.99999999999994e-05,0.0,-0.16049999999999986
2026-08-24T04:51:57.677Z,0.45124999999999993,0.51647,0.0,9.99999999999994e-05,0.0,-0.15909999999999958
2026-08-24T04:52:02.686Z,0.45124999999999993,0.5154700000000005,0.0,9.99999999999994e-05,0.0,-0.15810000000000013
2026-08-24T04:52:07.679Z,0.45124999999999993,0.5184199999999999,0.0,9.99999999999994e-05,0.0,-0.16104999999999947
2026-08-24T04:52:12.680Z,0.45124999999999993,0.5152699999999992,0.0,9.99999999999994e-05,0.0,-0.1578999999999997
2026-08-24T04:52:17.681Z,0.4836500000000008,0.4660700000000002,0.0,0.0,-0.032399999999999096,-0.10869999999999891
2026-08-24T04:52:22.682Z,0.4836500000000008,0.4660700000000002,0.0,0.0,-0.032399999999999096,-0.10869999999999891
2026-08-24T04:52:27.682Z,0.483649999999999,0.4660700000000002,0.0,0.0,-0.03240000000000087,-0.10870000000000068
2026-08-24T04:52:32.683Z,0.483649999999999,0.4660700000000002,0.0,0.0,-0.03240000000000087,-0.10870000000000068
2026-08-24T04:52:37.684Z,0.34757000000000016,0.3159700000000001,-0.0102,-0.010100000000000001,0.10367999999999977,0.041400000000000325
2026-08-24T04:52:42.684Z,0.8269700000000011,0.7906700000000004,-0.0102,-0.010100000000000001,-0.3757199999999994,-0.43329999999999913
2026-08-24T04:52:47.685Z,1.0003700000000002,0.96237,-0.0102,-0.010100000000000001,-0.5491200000000003,-0.6049999999999986
2026-08-24T04:52:52.686Z,1.0615700000000015,1.02107,0.0,9.99999999999994e-05,-0.6103199999999998,-0.6637000000000004
2026-08-24T04:52:57.686Z,1.0615699999999997,1.0212699999999995,0.0,9.99999999999994e-05,-0.6103199999999998,-0.6638999999999999
2026-08-24T04:53:02.697Z,1.0615699999999997,1.0186700000000002,0.0,9.99999999999994e-05,-0.6103199999999998,-0.6612999999999989
2026-08-24T04:53:07.689Z,1.0615699999999997,1.0173699999999997,0.0,9.99999999999994e-05,-0.6103199999999998,-0.6600000000000001
2026-08-24T04:53:12.690Z,1.0615699999999997,1.0186700000000002,0.0,9.99999999999994e-05,-0.6103199999999998,-0.6612999999999989
2026-08-24T04:53:17.691Z,1.0615699999999997,1.0205200000000012,0.0,9.99999999999994e-05,-0.6103199999999998,-0.6631499999999999
2026-08-24T04:53:22.692Z,1.0615700000000006,1.0245699999999998,0.0,9.99999999999994e-05,-0.6103199999999998,-0.6672000000000011
2026-08-24T04:53:27.693Z,1.0615699999999997,1.0306699999999998,0.0,9.99999999999994e-05,-0.6103199999999998,-0.6733000000000002
2026-08-24T04:53:32.693Z,1.0615700000000006,1.0304700000000002,0.0,9.99999999999994e-05,-0.6103200000000006,-0.6731000000000007
2026-08-24T04:53:37.694Z,1.0615699999999997,1.0311699999999995,0.0,9.99999999999994e-05,-0.6103199999999998,-0.6738
2026-08-24T04:53:42.696Z,1.0615699999999997,1.0327700000000002,0.0,9.99999999999994e-05,-0.6103199999999998,-0.6753999999999998
2026-08-24T04:53:47.696Z,1.0615699999999997,1.0331700000000001,0.0,9.99999999999994e-05,-0.6103199999999998,-0.6757999999999997
2026-08-24T04:53:52.697Z,1.0615699999999997,1.0344699999999998,0.0,9.99999999999994e-05,-0.6103199999999998,-0.6771000000000003
2026-08-24T04:53:57.698Z,1.0615699999999997,1.0349699999999995,0.0,9.99999999999994e-05,-0.6103199999999998,-0.6776
2026-08-24T04:54:02.706Z,1.0615699999999997,1.0343199999999992,0.0,9.99999999999994e-05,-0.6103199999999998,-0.6769499999999997
2026-08-24T04:54:07.700Z,1.0615700000000006,1.0295700000000005,0.0,9.99999999999994e-05,-0.6103199999999998,-0.6721999999999992
2026-08-24T04:54:12.704Z,1.0615699999999997,1.03052,0.0,9.99999999999994e-05,-0.6103199999999998,-0.6731499999999997
2026-08-24T04:54:17.702Z,1.0615700000000006,1.0281200000000004,0.0,9.99999999999994e-05,-0.6103200000000006,-0.6707500000000008
2026-08-24T04:54:22.703Z,1.0615699999999997,1.0264699999999998,0.0,9.99999999999994e-05,-0.6103200000000006,-0.6690999999999994
2026-08-24T04:54:27.704Z,1.0615699999999997,1.0277699999999994,0.0,9.99999999999994e-05,-0.6103199999999998,-0.6703999999999999
2026-08-24T04:54:32.704Z,1.0615699999999997,0.6958900000000003,0.0,-0.0291,-0.6103200000000006,-0.33851999999999993
2026-08-24T04:54:37.705Z,1.0615699999999997,0.9286899999999996,0.0,-0.0291,-0.6103199999999998,-0.57132
2026-08-24T04:54:42.706Z,1.0615699999999997,0.2302900000000001,0.0,-0.0291,-0.6103200000000006,0.12707999999999942
2026-08-24T04:54:47.707Z,1.0615699999999997,-0.03161000000000058,0.0,-0.0291,-0.6103199999999998,0.3889800000000001
2026-08-24T04:54:52.708Z,1.109090000000001,-0.3829399999999996,0.0,-0.0435,-0.6578400000000002,0.7403099999999991
2026-08-24T04:54:57.710Z,1.1090899999999992,-0.83969,0.0,-0.0435,-0.6578400000000002,1.1970600000000005
2026-08-24T04:55:02.717Z,1.1090899999999992,-0.83969,0.0,-0.0435,-0.6578400000000002,1.1970600000000005
2026-08-24T04:55:07.710Z,1.1090899999999992,-1.3399400000000004,0.0,-0.0435,-0.6578400000000002,1.6973099999999999
2026-08-24T04:55:12.712Z,1.1090900000000001,-1.7096900000000002,0.0,-0.0435,-0.6578399999999984,2.0670600000000006
2026-08-24T04:55:17.713Z,1.1090900000000001,-1.73144,0.0,-0.0435,-0.6578400000000002,2.0888099999999996
2026-08-24T04:55:22.713Z,1.1090900000000001,-1.73144,0.0,-0.0435,-0.6578400000000002,2.0888099999999996
2026-08-24T04:55:27.714Z,1.1090900000000001,-0.6439399999999997,0.0,-0.0435,-0.6578400000000011,1.0013099999999993
2026-08-24T04:55:32.715Z,1.1090899999999992,-0.40469000000000044,0.0,-0.0435,-0.6578400000000002,0.76206
2026-08-24T04:55:37.714Z,1.109090000000001,-0.4916900000000002,0.0,-0.0435,-0.6578400000000002,0.8490599999999997
2026-08-24T04:55:42.716Z,1.1090900000000001,-0.29593999999999987,0.0,-0.0435,-0.6578400000000002,0.6533100000000003
2026-08-24T04:55:47.717Z,1.1090900000000001,0.2478100000000003,0.0,-0.0435,-0.6578399999999993,0.1095600000000001
2026-08-24T04:55:52.718Z,1.1090900000000001,0.2478100000000003,0.0,-0.0435,-0.6578399999999993,0.1095600000000001
2026-08-24T04:55:57.719Z,1.1090900000000001,0.03031000000000006,0.0,-0.0435,-0.6578400000000002,0.32705999999999946
2026-08-24T04:56:02.730Z,1.1090900000000001,0.03031000000000006,0.0,-0.0435,-0.6578400000000002,0.32705999999999946
2026-08-24T04:56:07.722Z,1.1090900000000001,-0.29593999999999987,0.0,-0.0435,-0.6578400000000002,0.6533100000000003
2026-08-24T04:56:12.722Z,1.1090900000000001,0.07380999999999993,0.0,-0.0435,-0.6578399999999993,0.2835599999999996
2026-08-24T04:56:17.723Z,1.1090900000000001,-0.14369000000000032,0.0,-0.0435,-0.6578399999999993,0.5010599999999998
2026-08-24T04:56:22.725Z,1.1090899999999992,-0.6221899999999998,0.0,-0.0435,-0.6578400000000002,0.9795600000000002
2026-08-24T04:56:27.725Z,1.109090000000001,-1.12244,0.0,-0.0435,-0.6578400000000002,1.4798099999999996
2026-08-24T04:56:32.726Z,1.109090000000001,-1.12244,0.0,-0.0435,-0.6578400000000002,1.4798099999999996
2026-08-24T04:56:37.728Z,1.1090900000000001,0.1173099999999998,0.0,-0.0435,-0.6578400000000002,0.24005999999999972
2026-08-24T04:56:42.728Z,1.1090900000000001,1.1178100000000004,0.0,-0.0435,-0.6578400000000002,-0.76044
2026-08-24T04:56:47.730Z,1.1090900000000001,1.2918100000000008,0.0,-0.0435,-0.6578399999999993,-0.9344399999999995
2026-08-24T04:56:52.731Z,1.1090900000000001,1.6398099999999998,0.0,-0.0435,-0.6578400000000002,-1.2824400000000002
2026-08-24T04:56:57.732Z,1.1090900000000001,1.6398099999999998,0.0,-0.0435,-0.6578400000000002,-1.2824400000000002
2026-08-24T04:57:02.740Z,1.1090900000000001,1.59631,0.0,-0.0435,-0.6578400000000002,-1.2389399999999995
2026-08-24T04:57:07.735Z,1.1090900000000001,1.2918100000000008,0.0,-0.0435,-0.6578399999999993,-0.9344399999999995
2026-08-24T04:57:12.737Z,1.1090900000000001,1.0743100000000005,0.0,-0.0435,-0.6578400000000002,-0.7169400000000001
2026-08-24T04:57:17.738Z,1.1090900000000001,1.1613100000000003,0.0,-0.0435,-0.6578400000000002,-0.8039399999999999
2026-08-24T04:57:22.738Z,1.1090900000000001,0.7915599999999996,0.0,-0.0435,-0.6578400000000002,-0.4341900000000001
2026-08-24T04:57:27.739Z,1.1090899999999992,0.46530999999999967,0.0,-0.0435,-0.6578399999999993,-0.10794000000000015
2026-08-24T04:57:32.740Z,1.1090900000000001,0.07380999999999993,0.0,-0.0435,-0.6578399999999993,0.2835599999999996
2026-08-24T04:57:37.742Z,1.1090899999999992,0.20430999999999955,0.0,-0.0435,-0.6578400000000002,0.15305999999999997
2026-08-24T04:57:42.742Z,1.1090900000000001,0.5958100000000002,0.0,-0.0435,-0.6578400000000002,-0.23843999999999976
2026-08-24T04:57:47.744Z,1.1090900000000001,0.5958100000000002,0.0,-0.0435,-0.6578400000000002,-0.23843999999999976
2026-08-24T04:57:52.744Z,1.1090900000000001,0.5958100000000002,0.0,-0.0435,-0.6578400000000002,-0.23843999999999976
2026-08-24T04:57:57.745Z,1.1090899999999992,0.09555999999999987,0.0,-0.0435,-0.6578400000000002,0.26181000000000054
2026-08-24T04:58:02.750Z,1.1090900000000001,-0.013189999999999813,0.0,-0.0435,-0.6578400000000002,0.3705600000000002
2026-08-24T04:58:07.747Z,1.1090900000000001,-0.1871900000000002,0.0,-0.0435,-0.6578400000000002,0.5445599999999997
2026-08-24T04:58:12.748Z,1.1090899999999992,-0.4264400000000004,0.0,-0.0435,-0.6578400000000002,0.7838099999999999
2026-08-24T04:58:17.749Z,1.1090899999999992,-0.9484400000000006,0.0,-0.0435,-0.6578400000000002,1.3058100000000001
2026-08-24T04:58:22.750Z,1.1090899999999992,-1.3616900000000003,0.0,-0.0435,-0.6578400000000002,1.7190599999999998
2026-08-24T04:58:27.751Z,1.1090899999999992,-1.8619399999999997,0.0,-0.0435,-0.6578400000000002,2.21931
2026-08-24T04:58:32.753Z,1.1090900000000001,-1.18769,0.0,-0.0435,-0.6578399999999984,1.5450600000000012
2026-08-24T04:58:37.753Z,1.1090900000000001,-1.18769,0.0,-0.0435,-0.6578399999999984,1.5450600000000012
2026-08-24T04:58:42.754Z,1.1090900000000001,-1.18769,0.0,-0.0435,-0.6578399999999984,1.5450600000000012
2026-08-24T04:58:47.755Z,1.1090900000000001,-1.4051900000000002,0.0,-0.0435,-0.6578400000000002,1.7625599999999988
2026-08-24T04:58:52.756Z,1.109090000000001,-2.05769,0.0,-0.0435,-0.6578400000000002,2.4150599999999995
2026-08-24T04:58:57.757Z,1.1090900000000001,-2.2316900000000004,0.0,-0.0435,-0.6578399999999984,2.589060000000001
2026-08-24T04:59:02.768Z,1.109090000000001,-2.5796899999999994,0.0,-0.0435,-0.6578400000000002,2.93706
2026-08-24T04:59:07.759Z,1.109090000000001,-2.7971899999999996,0.0,-0.0435,-0.6578400000000002,3.15456
2026-08-24T04:59:12.761Z,1.1090900000000001,-2.992940000000001,0.0,-0.0435,-0.6578400000000002,3.3503099999999995
2026-08-24T04:59:17.762Z,1.1090900000000001,-3.1886900000000002,0.0,-0.0435,-0.6578400000000002,3.546059999999999
2026-08-24T04:59:22.762Z,1.1090900000000001,-3.3191900000000008,0.0,-0.0435,-0.6578400000000002,3.6765599999999994
2026-08-24T04:59:27.764Z,1.1090900000000001,-3.3191900000000008,0.0,-0.0435,-0.6578400000000002,3.6765599999999994
2026-08-24T04:59:32.765Z,1.1090899999999984,-3.536690000000001,0.0,-0.0435,-0.6578400000000002,3.8940599999999996
2026-08-24T04:59:37.766Z,1.1090900000000001,-3.6236900000000007,0.0,-0.0435,-0.6578400000000002,3.9810599999999994
2026-08-24T04:59:42.766Z,1.1090900000000001,-3.6889399999999997,0.0,-0.0435,-0.6578400000000002,4.046310000000001
2026-08-24T04:59:47.767Z,1.1090900000000001,-3.6889399999999997,0.0,-0.0435,-0.6578400000000002,4.046310000000001
2026-08-24T04:59:52.768Z,1.1090900000000001,-3.6889399999999997,0.0,-0.0435,-0.6578400000000002,4.046310000000001
2026-08-24T04:59:57.770Z,1.1090900000000001,-3.6889399999999997,0.0,-0.0435,-0.6578400000000002,4.046310000000001
2026-08-24T05:00:02.776Z,1.1090899999999992,-2.71019,0.0,-0.0435,-0.6578400000000002,3.0675600000000003
2026-08-24T05:00:07.773Z,1.1090899999999992,-2.71019,0.0,-0.0435,-0.6578400000000002,3.0675600000000003
2026-08-24T05:00:12.776Z,1.1090900000000001,-2.94944,0.0,-0.0435,-0.6578400000000002,3.3068100000000005
2026-08-24T05:00:17.778Z,1.1090900000000001,-3.60194,0.0,-0.0435,-0.6578400000000002,3.9593099999999994
2026-08-24T05:00:22.780Z,1.1090900000000001,-3.60194,0.0,-0.0435,-0.6578400000000002,3.9593099999999994
2026-08-24T05:00:27.781Z,1.1090900000000001,-3.60194,0.0,-0.0435,-0.6578400000000002,3.9593099999999994
2026-08-24T05:00:32.783Z,1.1090900000000001,-3.60194,0.0,-0.0435,-0.6578400000000002,3.9593099999999994
2026-08-24T05:00:37.786Z,1.1090900000000001,-1.79669,0.0,-0.0435,-0.6578400000000002,2.1540600000000003
2026-08-24T05:00:42.788Z,1.1090899999999992,-2.1881900000000005,0.0,-0.0435,-0.6578400000000002,2.54556
2026-08-24T05:00:47.790Z,1.1090900000000001,-2.36219,0.0,-0.0435,-0.6578400000000002,2.7195599999999995
2026-08-24T05:00:52.790Z,1.1090900000000001,-2.36219,0.0,-0.0435,-0.6578400000000002,2.7195599999999995
2026-08-24T05:00:57.793Z,1.1090900000000001,-2.36219,0.0,-0.0435,-0.6578400000000002,2.7195599999999995
2026-08-24T05:01:02.801Z,1.109090000000001,-1.9489399999999995,0.0,-0.0435,-0.6578400000000002,2.30631
2026-08-24T05:01:07.795Z,1.109090000000001,-1.75319,0.0,-0.0435,-0.6578400000000002,2.1105599999999995
2026-08-24T05:01:12.796Z,1.1090900000000001,-1.79669,0.0,-0.0435,-0.6578400000000002,2.1540600000000003
2026-08-24T05:01:17.798Z,1.109090000000001,-2.7971899999999996,0.0,-0.0435,-0.6578400000000002,3.15456
2026-08-24T05:01:22.799Z,1.1090900000000001,-1.6009399999999996,0.0,-0.0435,-0.6578399999999984,1.9583100000000009
2026-08-24T05:01:27.801Z,1.1090899999999992,-1.2529400000000006,0.0,-0.0435,-0.6578400000000002,1.6103100000000001
2026-08-24T05:01:32.803Z,1.1090900000000001,-1.2746899999999997,0.0,-0.0435,-0.6578400000000002,1.63206
2026-08-24T05:01:37.804Z,1.1090900000000001,-1.2746899999999997,0.0,-0.0435,-0.6578400000000002,1.63206
2026-08-24T05:01:42.805Z,1.109090000000001,-2.05769,0.0,-0.0435,-0.6578400000000002,2.4150599999999995
2026-08-24T05:01:47.806Z,1.1090899999999992,-2.07944,0.0,-0.0435,-0.6578400000000002,2.4368100000000004
2026-08-24T05:01:52.806Z,1.109090000000001,-1.9489399999999995,0.0,-0.0435,-0.6578400000000002,2.30631
2026-08-24T05:01:57.808Z,1.1090900000000001,-2.10119,0.0,-0.0435,-0.6578400000000002,2.4585600000000003
2026-08-24T05:02:02.814Z,1.1090900000000001,-3.1451899999999995,0.0,-0.0435,-0.6578400000000002,3.50256
2026-08-24T05:02:07.812Z,1.1090900000000001,-3.58019,0.0,-0.0435,-0.6578400000000002,3.9375600000000004
2026-08-24T05:02:12.814Z,1.1090899999999984,-3.9499400000000007,0.0,-0.0435,-0.6578400000000002,4.30731
2026-08-24T05:02:17.816Z,1.1090900000000001,-4.53719,0.0,-0.0435,-0.6578399999999984,4.894560000000001
2026-08-24T05:02:22.818Z,1.1090900000000001,-5.189690000000001,0.0,-0.0435,-0.6578400000000002,5.547059999999999
2026-08-24T05:02:27.821Z,1.1090900000000001,-5.189690000000001,0.0,-0.0435,-0.6578400000000002,5.547059999999999
2026-08-24T05:02:32.823Z,1.1090900000000001,-5.428939999999999,0.0,-0.0435,-0.6578400000000002,5.78631
2026-08-24T05:02:37.824Z,1.1090900000000001,-5.755189999999999,0.0,-0.0435,-0.6578400000000002,6.11256
2026-08-24T05:02:42.826Z,1.1090900000000001,-5.755189999999999,0.0,-0.0435,-0.6578400000000002,6.11256
2026-08-24T05:02:47.828Z,1.1090900000000001,-5.36369,0.0,-0.0435,-0.6578399999999984,5.7210600000000005
2026-08-24T05:02:52.827Z,1.1090900000000001,-5.36369,0.0,-0.0435,-0.6578399999999984,5.7210600000000005
2026-08-24T05:02:57.829Z,1.1090900000000001,-5.36369,0.0,-0.0435,-0.6578399999999984,5.7210600000000005
2026-08-24T05:03:02.837Z,1.1090900000000001,-5.711690000000001,0.0,-0.0435,-0.6578400000000002,6.0690599999999995
2026-08-24T05:03:07.834Z,1.1090900000000001,-5.385440000000001,0.0,-0.0435,-0.6578400000000002,5.7428099999999995
2026-08-24T05:03:12.835Z,1.1090900000000001,-4.471940000000001,0.0,-0.0435,-0.6578400000000002,4.8293099999999995
2026-08-24T05:03:17.836Z,1.1090900000000001,-4.471940000000001,0.0,-0.0435,-0.6578400000000002,4.8293099999999995
2026-08-24T05:03:22.837Z,1.1090900000000001,-4.45019,0.0,-0.0435,-0.6578400000000002,4.80756
2026-08-24T05:03:27.842Z,1.1090900000000001,-4.45019,0.0,-0.0435,-0.6578400000000002,4.80756
2026-08-24T05:03:32.838Z,1.1090900000000001,-5.494190000000001,0.0,-0.0435,-0.6578400000000002,5.851559999999999
2026-08-24T05:03:37.841Z,1.1090900000000001,-5.5159400000000005,0.0,-0.0435,-0.6578400000000002,5.87331
2026-08-24T05:03:42.842Z,1.1090900000000001,-5.842189999999999,0.0,-0.0435,-0.6578400000000002,6.19956
2026-08-24T05:03:47.843Z,1.1090900000000001,-5.97269,0.0,-0.0435,-0.6578400000000002,6.3300600000000005
2026-08-24T05:03:52.845Z,1.1090900000000001,-6.40769,0.0,-0.0435,-0.6578400000000002,6.76506
2026-08-24T05:03:57.847Z,1.1090900000000001,-6.42944,0.0,-0.0435,-0.6578400000000002,6.786809999999999
2026-08-24T05:04:02.856Z,1.1090900000000001,-6.05969,0.0,-0.0435,-0.6578400000000002,6.41706
2026-08-24T05:04:07.851Z,1.1090900000000001,-6.01619,0.0,-0.0435,-0.6578400000000002,6.3735599999999994
2026-08-24T05:04:12.856Z,1.1090900000000001,-5.88569,0.0,-0.0435,-0.6578400000000002,6.243060000000001
2026-08-24T05:04:17.859Z,1.1090900000000001,-5.88569,0.0,-0.0435,-0.6578400000000002,6.243060000000001
2026-08-24T05:04:22.862Z,1.1090900000000001,-5.88569,0.0,-0.0435,-0.6578400000000002,6.243060000000001
2026-08-24T05:04:27.864Z,1.1090899999999984,-5.624690000000001,0.0,-0.0435,-0.6578400000000002,5.98206
2026-08-24T05:04:32.866Z,1.1090899999999984,-5.624690000000001,0.0,-0.0435,-0.6578400000000002,5.98206
2026-08-24T05:04:37.869Z,1.1090899999999984,-5.624690000000001,0.0,-0.0435,-0.6578400000000002,5.98206
2026-08-24T05:04:42.871Z,1.1090900000000001,-5.711690000000001,0.0,-0.0435,-0.6578400000000002,6.0690599999999995
2026-08-24T05:04:47.872Z,1.1090900000000001,-5.950939999999999,0.0,-0.0435,-0.6578400000000002,6.3083100000000005
2026-08-24T05:04:52.873Z,1.1090900000000001,-5.99444,0.0,-0.0435,-0.6578399999999984,6.35181
2026-08-24T05:04:57.875Z,1.1090900000000001,-6.277189999999999,0.0,-0.0435,-0.6578400000000002,6.6345600000000005
2026-08-24T05:05:02.881Z,1.1090900000000001,-6.05969,0.0,-0.0435,-0.6578400000000002,6.41706
2026-08-24T05:05:07.878Z,1.1090900000000001,-6.233690000000001,0.0,-0.0435,-0.6578400000000002,6.59106
2026-08-24T05:05:12.879Z,1.1090900000000001,-6.4729399999999995,0.0,-0.0435,-0.6578400000000002,6.83031
2026-08-24T05:05:17.879Z,1.1090900000000001,-6.4729399999999995,0.0,-0.0435,-0.6578400000000002,6.83031
2026-08-24T05:05:22.881Z,1.1090900000000001,-6.646940000000001,0.0,-0.0435,-0.6578400000000002,7.004309999999999
2026-08-24T05:05:27.882Z,1.1090899999999984,-6.668690000000001,0.0,-0.0435,-0.6578400000000002,7.026059999999999
2026-08-24T05:05:32.882Z,1.1090900000000001,-6.71219,0.0,-0.0435,-0.6578400000000002,7.069560000000001
2026-08-24T05:05:37.883Z,1.1090900000000001,-6.71219,0.0,-0.0435,-0.6578400000000002,7.069560000000001
2026-08-24T05:05:42.885Z,1.1090900000000001,-6.71219,0.0,-0.0435,-0.6578400000000002,7.069560000000001
2026-08-24T05:05:47.888Z,1.1090900000000001,-6.71219,0.0,-0.0435,-0.6578400000000002,7.069560000000001
2026-08-24T05:05:52.890Z,1.1090900000000001,-5.92919,0.0,-0.0435,-0.6578400000000002,6.28656
2026-08-24T05:05:57.892Z,1.1090900000000001,-5.88569,0.0,-0.0435,-0.6578400000000002,6.243060000000001
2026-08-24T05:06:02.906Z,1.1090900000000001,-5.472440000000001,0.0,-0.0435,-0.6578399999999984,5.829810000000001
2026-08-24T05:06:07.896Z,1.1090900000000001,-5.45069,0.0,-0.0435,-0.6578400000000002,5.80806
2026-08-24T05:06:12.896Z,1.1090900000000001,-4.776440000000001,0.0,-0.0435,-0.6578400000000002,5.1338099999999995
2026-08-24T05:06:17.899Z,1.1090900000000001,-4.776440000000001,0.0,-0.0435,-0.6578400000000002,5.1338099999999995
2026-08-24T05:06:22.900Z,1.1090900000000001,-4.75469,0.0,-0.0435,-0.6578400000000002,5.11206
2026-08-24T05:06:27.902Z,1.1090900000000001,-4.75469,0.0,-0.0435,-0.6578400000000002,5.11206
2026-08-24T05:06:32.905Z,1.1090900000000001,-5.189690000000001,0.0,-0.0435,-0.6578400000000002,5.547059999999999
2026-08-24T05:06:37.906Z,1.1090900000000001,-5.189690000000001,0.0,-0.0435,-0.6578400000000002,5.547059999999999
2026-08-24T05:06:42.907Z,1.1090900000000001,-5.27669,0.0,-0.0435,-0.6578400000000002,5.634059999999999
2026-08-24T05:06:47.909Z,1.1090900000000001,-5.27669,0.0,-0.0435,-0.6578400000000002,5.634059999999999
2026-08-24T05:06:52.910Z,1.1090900000000001,-5.27669,0.0,-0.0435,-0.6578400000000002,5.634059999999999
2026-08-24T05:06:57.912Z,1.1090900000000001,-5.27669,0.0,-0.0435,-0.6578400000000002,5.634059999999999
2026-08-24T05:07:02.920Z,1.1090900000000001,-5.407190000000001,0.0,-0.0435,-0.6578400000000002,5.7645599999999995
2026-08-24T05:07:07.915Z,1.1090900000000001,-4.66769,0.0,-0.0435,-0.6578400000000002,5.02506
2026-08-24T05:07:12.918Z,1.1090900000000001,-3.9716899999999997,0.0,-0.0435,-0.6578400000000002,4.32906
2026-08-24T05:07:17.920Z,1.1090900000000001,-3.9716899999999997,0.0,-0.0435,-0.6578400000000002,4.32906
2026-08-24T05:07:22.922Z,1.1090900000000001,-3.9716899999999997,0.0,-0.0435,-0.6578400000000002,4.32906
2026-08-24T05:07:27.924Z,1.1090900000000001,-3.841190000000001,0.0,-0.0435,-0.6578400000000002,4.19856
2026-08-24T05:07:32.926Z,1.1090900000000001,-3.7541899999999995,0.0,-0.0435,-0.6578400000000002,4.11156
2026-08-24T05:07:37.928Z,1.1090900000000001,-3.4061900000000005,0.0,-0.0435,-0.6578400000000002,3.763559999999999
2026-08-24T05:07:42.929Z,1.1090900000000001,-3.3844399999999997,0.0,-0.0435,-0.6578399999999984,3.741810000000001
2026-08-24T05:07:47.933Z,1.1090900000000001,-3.4061900000000005,0.0,-0.0435,-0.6578400000000002,3.763559999999999
2026-08-24T05:07:52.935Z,1.1090900000000001,-4.99394,0.0,-0.0435,-0.6578400000000002,5.35131
2026-08-24T05:07:57.936Z,1.1090900000000001,-5.755189999999999,0.0,-0.0435,-0.6578400000000002,6.11256
2026-08-24T05:08:02.945Z,1.1090900000000001,-5.842189999999999,0.0,-0.0435,-0.6578400000000002,6.19956
2026-08-24T05:08:07.939Z,1.1090900000000001,-6.71219,0.0,-0.0435,-0.6578400000000002,7.069560000000001
2026-08-24T05:08:12.940Z,1.1090900000000001,-6.886189999999999,0.0,-0.0435,-0.6578400000000002,7.24356
2026-08-24T05:08:17.941Z,1.1090900000000001,-6.86444,0.0,-0.0435,-0.6578400000000002,7.22181
2026-08-24T05:08:22.941Z,1.1090900000000001,-6.86444,0.0,-0.0435,-0.6578400000000002,7.22181
2026-08-24T05:08:27.944Z,1.1090900000000001,-6.799189999999999,0.0,-0.0435,-0.6578400000000002,7.156560000000001
2026-08-24T05:08:32.944Z,1.1090900000000001,-7.03844,0.0,-0.0435,-0.6578399999999984,7.395810000000001
2026-08-24T05:08:37.946Z,1.1090900000000001,-7.582190000000001,0.0,-0.0435,-0.6578400000000002,7.939559999999999
2026-08-24T05:08:42.949Z,1.1090900000000001,-7.734439999999999,0.0,-0.0435,-0.6578400000000002,8.09181
2026-08-24T05:08:47.949Z,1.1090899999999984,-7.930190000000001,0.0,-0.0435,-0.6578400000000002,8.28756
2026-08-24T05:08:52.950Z,1.1090900000000001,-7.908440000000001,0.0,-0.0435,-0.6578400000000002,8.26581
2026-08-24T05:08:57.952Z,1.1090900000000001,-7.95194,0.0,-0.0435,-0.6578400000000002,8.30931
2026-08-24T05:09:02.958Z,1.1090900000000001,-8.29994,0.0,-0.0435,-0.6578399999999984,8.65731
2026-08-24T05:09:07.953Z,1.1090900000000001,-8.29994,0.0,-0.0435,-0.6578399999999984,8.65731
2026-08-24T05:09:12.953Z,1.1090900000000001,-8.23469,0.0,-0.0435,-0.6578400000000002,8.59206
2026-08-24T05:09:17.956Z,1.1090900000000001,-8.23469,0.0,-0.0435,-0.6578400000000002,8.59206
2026-08-24T05:09:22.957Z,1.1090900000000001,-8.25644,0.0,-0.0435,-0.6578400000000002,8.61381
2026-08-24T05:09:27.958Z,1.1090900000000001,-8.29994,0.0,-0.0435,-0.6578399999999984,8.65731
2026-08-24T05:09:32.961Z,1.1090900000000001,-7.212439999999999,0.0,-0.0435,-0.6578400000000002,7.56981
2026-08-24T05:09:37.963Z,1.1090900000000001,-9.561440000000001,0.0,-0.0435,-0.6578400000000002,9.918809999999999
2026-08-24T05:09:42.965Z,1.1090900000000001,-9.71369,0.0,-0.0435,-0.6578400000000002,10.07106
2026-08-24T05:09:47.965Z,1.1090900000000001,-10.08344,0.0,-0.0435,-0.6578400000000002,10.440809999999999
2026-08-24T05:09:52.967Z,1.1090900000000001,-9.278690000000001,0.0,-0.0435,-0.6578400000000002,9.63606
2026-08-24T05:09:57.968Z,1.1090900000000001,-9.53969,0.0,-0.0435,-0.6578400000000002,9.89706
2026-08-24T05:10:02.977Z,1.1090900000000001,-9.322189999999999,0.0,-0.0435,-0.6578400000000002,9.67956
2026-08-24T05:10:07.970Z,1.1090899999999984,-9.49619,0.0,-0.0435,-0.6578400000000002,9.85356
2026-08-24T05:10:12.971Z,1.1090900000000001,-10.19219,0.0,-0.0435,-0.6578400000000002,10.54956
2026-08-24T05:10:17.973Z,1.1090900000000001,-9.36569,0.0,-0.0435,-0.6578400000000002,9.72306
2026-08-24T05:10:22.975Z,1.1090900000000001,-9.409189999999999,0.0,-0.0435,-0.6578400000000002,9.76656
2026-08-24T05:10:27.977Z,1.1090900000000001,-8.23469,0.0,-0.0435,-0.6578400000000002,8.59206
2026-08-24T05:10:32.978Z,1.1090900000000001,-9.45269,0.0,-0.0435,-0.6578399999999984,9.81006
2026-08-24T05:10:37.981Z,1.1090900000000001,-9.51794,0.0,-0.0435,-0.6578400000000002,9.87531
2026-08-24T05:10:42.983Z,1.1090900000000001,-9.51794,0.0,-0.0435,-0.6578400000000002,9.87531
2026-08-24T05:10:47.985Z,1.1090900000000001,-9.06119,0.0,-0.0435,-0.6578400000000002,9.41856
2026-08-24T05:10:52.986Z,1.1090900000000001,-9.06119,0.0,-0.0435,-0.6578400000000002,9.41856
2026-08-24T05:10:57.988Z,1.1090900000000001,-8.71319,0.0,-0.0435,-0.6578399999999984,9.07056
2026-08-24T05:11:02.993Z,1.1090900000000001,-8.84369,0.0,-0.0435,-0.6578400000000002,9.20106
2026-08-24T05:11:07.990Z,1.1090900000000001,-9.23519,0.0,-0.0435,-0.6578399999999984,9.59256
2026-08-24T05:11:12.992Z,1.1090900000000001,-9.14819,0.0,-0.0435,-0.6578400000000002,9.50556
2026-08-24T05:11:17.993Z,1.1090900000000001,-9.14819,0.0,-0.0435,-0.6578400000000002,9.50556
2026-08-24T05:11:22.996Z,1.1090900000000001,-9.14819,0.0,-0.0435,-0.6578400000000002,9.50556
2026-08-24T05:11:27.998Z,1.1090900000000001,-9.23519,0.0,-0.0435,-0.6578399999999984,9.59256
2026-08-24T05:11:33.000Z,1.1090900000000001,-9.23519,0.0,-0.0435,-0.6578399999999984,9.59256
2026-08-24T05:11:38.002Z,1.1090899999999984,-8.97419,0.0,-0.0435,-0.6578400000000002,9.33156
2026-08-24T05:11:43.004Z,1.1090899999999984,-10.01819,0.0,-0.0435,-0.6578400000000002,10.37556
2026-08-24T05:11:48.005Z,1.1090900000000001,-10.23569,0.0,-0.0435,-0.6578400000000002,10.59306
2026-08-24T05:11:53.007Z,1.1090900000000001,-10.23569,0.0,-0.0435,-0.6578400000000002,10.59306
2026-08-24T05:11:58.010Z,1.1090899999999984,-11.170940000000002,0.0,-0.0435,-0.6578400000000002,11.52831
2026-08-24T05:12:03.020Z,1.1090900000000001,-12.41069,0.0,-0.0435,-0.6578400000000002,12.76806
2026-08-24T05:12:08.012Z,1.1090900000000001,-13.23719,0.0,-0.0435,-0.6578400000000002,13.47524
2026-08-24T05:12:13.014Z,1.1090900000000001,-12.976189999999999,0.0,-0.0435,-0.6578400000000002,13.21424
2026-08-24T05:12:18.016Z,1.1090900000000001,-12.69344,0.0,-0.0435,-0.6578399999999984,12.93149
2026-08-24T05:12:23.017Z,1.1090900000000001,-12.80219,0.0,-0.0435,-0.6578400000000002,13.040239999999999
2026-08-24T05:12:28.018Z,1.1090900000000001,-12.62819,0.0,-0.0435,-0.6578400000000002,12.86624
2026-08-24T05:12:33.019Z,1.1090900000000001,-11.49719,0.0,-0.0435,-0.6578400000000002,11.735240000000001
2026-08-24T05:12:38.021Z,1.1090900000000001,-12.280190000000001,0.0,-0.0435,-0.6578400000000002,12.518239999999999
2026-08-24T05:12:43.021Z,1.1090900000000001,-12.280190000000001,0.0,-0.0435,-0.6578400000000002,12.518239999999999
2026-08-24T05:12:48.023Z,1.1090900000000001,-11.97569,0.0,-0.0435,-0.6578400000000002,12.21374
2026-08-24T05:12:53.025Z,1.1090900000000001,-11.192689999999999,0.0,-0.0435,-0.6578400000000002,11.43074
2026-08-24T05:12:58.027Z,1.1090900000000001,-11.801689999999999,0.0,-0.0435,-0.6578400000000002,12.03974
2026-08-24T05:13:03.038Z,1.1090900000000001,-12.193190000000001,0.0,-0.0435,-0.6578400000000002,12.431239999999999
2026-08-24T05:13:08.031Z,1.1090900000000001,-12.193190000000001,0.0,-0.0435,-0.6578400000000002,12.431239999999999
2026-08-24T05:13:13.034Z,1.1090900000000001,-12.193190000000001,0.0,-0.0435,-0.6578400000000002,12.431239999999999
2026-08-24T05:13:18.035Z,1.1090900000000001,-12.193190000000001,0.0,-0.0435,-0.6578400000000002,12.431239999999999
2026-08-24T05:13:23.035Z,1.1090900000000001,-12.541189999999999,0.0,-0.0435,-0.6578400000000002,12.77924
2026-08-24T05:13:28.036Z,1.1090900000000001,-13.23719,0.0,-0.0435,-0.6578400000000002,13.47524
2026-08-24T05:13:33.036Z,1.1090900000000001,-13.75919,0.0,-0.0435,-0.6578400000000002,13.70924
2026-08-24T05:13:38.037Z,1.1090900000000001,-13.23719,0.0,-0.0435,-0.6578400000000002,13.18724
2026-08-24T05:13:43.039Z,1.1090900000000001,-13.10669,0.0,-0.0435,-0.6578399999999984,13.056740000000001
2026-08-24T05:13:48.039Z,1.1090900000000001,-13.10669,0.0,-0.0435,-0.6578399999999984,13.056740000000001
2026-08-24T05:13:53.040Z,1.1090900000000001,-12.58469,0.0,-0.0435,-0.6578399999999984,12.534740000000001
2026-08-24T05:13:58.041Z,1.1090900000000001,-12.84569,0.0,-0.0435,-0.6578400000000002,12.79574
2026-08-24T05:14:03.046Z,1.1090900000000001,-12.67169,0.0,-0.0435,-0.6578400000000002,12.62174
2026-08-24T05:14:08.044Z,1.1090900000000001,-13.51994,0.0,-0.0435,-0.6578399999999984,13.469990000000001
2026-08-24T05:14:13.045Z,1.1090900000000001,-14.36819,0.0,-0.0435,-0.6578400000000002,13.98224
2026-08-24T05:14:18.046Z,1.1090900000000001,-14.32469,0.0,-0.0435,-0.6578400000000002,13.938740000000001
2026-08-24T05:14:23.047Z,1.1090900000000001,-16.38749,0.0,-0.0435,-0.6578400000000002,15.30794
2026-08-24T05:14:28.048Z,1.1090900000000001,-16.12649,0.0,-0.0435,-0.6578400000000002,15.046940000000001
2026-08-24T05:14:33.049Z,1.1090900000000001,-16.921490000000002,0.0,-0.0315,-0.6578400000000002,15.81194
2026-08-24T05:14:38.049Z,1.109090000000002,-17.29949,0.0,-0.0315,-0.6578400000000002,16.18994
2026-08-24T05:14:43.050Z,1.0945699999999992,-17.44001,-0.0121,-0.0436,-0.6433200000000028,16.33046
2026-08-24T05:14:48.051Z,1.100620000000001,-17.418210000000002,-0.0121,-0.0436,-0.6493700000000011,16.30866
2026-08-24T05:14:53.052Z,1.100620000000001,-17.418210000000002,-0.0121,-0.0436,-0.6493700000000011,16.30866
2026-08-24T05:14:58.053Z,1.0945699999999992,-17.44001,-0.0121,-0.0436,-0.6433200000000028,16.33046
2026-08-24T05:15:03.063Z,1.0219699999999996,-17.70161,-0.0121,-0.0436,-0.5707200000000014,16.59206
2026-08-24T05:15:08.055Z,1.288170000000001,-16.74241,-0.0121,-0.0436,-0.8369199999999992,15.63286
2026-08-24T05:15:13.057Z,1.7721699999999991,-14.80761,-0.0121,-0.0556,-1.320920000000001,13.69806
2026-08-24T05:15:18.057Z,1.8931699999999996,-14.25161,-0.0121,-0.0556,-1.4419200000000014,13.142059999999999
2026-08-24T05:15:23.058Z,2.00207,-13.75121,-0.0121,-0.0556,-1.5508199999999999,12.641660000000002
2026-08-24T05:15:28.059Z,2.2573799999999995,-12.86161,-0.0242,-0.0556,-1.8061300000000013,11.75206
2026-08-24T05:15:33.061Z,2.329980000000001,-12.69481,-0.0242,-0.0556,-1.8787299999999991,11.58526
2026-08-24T05:15:38.062Z,2.1242800000000006,-13.16741,-0.0242,-0.0556,-1.6730300000000007,12.05786
2026-08-24T05:15:43.063Z,2.0516799999999993,-13.33421,-0.0242,-0.0556,-1.6004300000000011,12.224659999999998
2026-08-24T05:15:48.064Z,1.5918799999999997,-14.39061,-0.0242,-0.0556,-1.1406299999999998,13.28106
2026-08-24T05:15:53.065Z,1.60398,-14.36281,-0.0242,-0.0556,-1.15273,13.253260000000001
2026-08-24T05:15:58.066Z,1.8459800000000008,-13.80681,-0.0242,-0.0556,-1.3947299999999991,12.69726
2026-08-24T05:16:03.070Z,2.2089800000000004,-12.972809999999999,-0.0242,-0.0556,-1.7577299999999987,11.86326
2026-08-24T05:16:08.068Z,1.6281800000000004,-14.30721,-0.0242,-0.0556,-1.1769299999999987,13.19766
2026-08-24T05:16:13.068Z,1.652379999999999,-14.25161,-0.0242,-0.0556,-1.201130000000001,13.142059999999999
2026-08-24T05:16:18.069Z,1.6160799999999984,-14.33501,-0.0242,-0.0556,-1.1648300000000003,13.22546
2026-08-24T05:16:23.069Z,1.6281800000000004,-14.30721,-0.0242,-0.0556,-1.1769299999999987,13.19766
2026-08-24T05:16:28.071Z,1.6281800000000004,-14.30721,-0.0242,-0.0556,-1.1769299999999987,13.19766
2026-08-24T05:16:33.071Z,1.7249800000000004,-14.08481,-0.0242,-0.0556,-1.2737299999999987,12.97526
2026-08-24T05:16:38.072Z,1.7733799999999995,-13.97361,-0.0242,-0.0556,-1.3221300000000014,12.864059999999998
2026-08-24T05:16:43.072Z,1.7733799999999995,-13.97361,-0.0242,-0.0556,-1.3221300000000014,12.864059999999998
2026-08-24T05:16:48.074Z,1.7733799999999995,-13.97361,-0.0242,-0.0556,-1.3221300000000014,12.864059999999998
2026-08-24T05:16:53.075Z,1.7733799999999995,-13.97361,-0.0242,-0.0556,-1.3221300000000014,12.864059999999998
2026-08-24T05:16:58.076Z,1.7733799999999995,-13.97361,-0.0242,-0.0556,-1.3221300000000014,12.864059999999998
2026-08-24T05:17:03.086Z,2.136379999999999,-13.139610000000001,-0.0242,-0.0556,-1.685130000000001,12.030059999999999
2026-08-24T05:17:08.078Z,2.2089800000000004,-12.972809999999999,-0.0242,-0.0556,-1.7577299999999987,11.86326
2026-08-24T05:17:13.079Z,2.4782400000000013,-12.26395,-0.011999999999999997,-0.043399999999999994,-2.0269899999999996,11.1544
2026-08-24T05:17:18.080Z,2.646239999999999,-11.656350000000002,-0.011999999999999997,-0.043399999999999994,-2.1949900000000007,10.5468
2026-08-24T05:17:23.080Z,2.646239999999999,-11.656350000000002,-0.011999999999999997,-0.043399999999999994,-2.1949900000000007,10.5468
2026-08-24T05:17:28.081Z,2.6702399999999997,-11.56955,-0.011999999999999997,-0.043399999999999994,-2.21899,10.46
2026-08-24T05:17:33.082Z,2.700240000000001,-11.46105,-0.011999999999999997,-0.043399999999999994,-2.248989999999999,10.3515
2026-08-24T05:17:38.083Z,2.7902400000000007,-11.13555,-0.011999999999999997,-0.043399999999999994,-2.338989999999999,10.026
2026-08-24T05:17:43.084Z,2.82024,-11.02705,-0.011999999999999997,-0.043399999999999994,-2.36899,9.9175
2026-08-24T05:17:48.085Z,2.850240000000001,-10.91855,-0.011999999999999997,-0.043399999999999994,-2.3989899999999995,9.809000000000001
2026-08-24T05:17:53.086Z,2.886239999999999,-10.788350000000001,-0.011999999999999997,-0.043399999999999994,-2.434990000000001,9.678799999999999
2026-08-24T05:17:58.087Z,2.886239999999999,-10.788350000000001,-0.011999999999999997,-0.043399999999999994,-2.434990000000001,9.678799999999999
2026-08-24T05:18:03.096Z,2.9702400000000004,-10.484549999999999,-0.011999999999999997,-0.043399999999999994,-2.5189900000000005,9.375
2026-08-24T05:18:08.090Z,3.0422399999999996,-10.22415,-0.011999999999999997,-0.043399999999999994,-2.5909899999999997,9.114600000000001
2026-08-24T05:18:13.090Z,3.1742399999999993,-9.74675,-0.011999999999999997,-0.043399999999999994,-2.722990000000001,8.6372
2026-08-24T05:18:18.091Z,3.1742399999999993,-9.74675,-0.011999999999999997,-0.043399999999999994,-2.722990000000001,8.6372
2026-08-24T05:18:23.092Z,3.15024,-9.833549999999999,-0.011999999999999997,-0.043399999999999994,-2.6989900000000002,8.724
2026-08-24T05:18:28.093Z,3.23424,-9.52975,-0.011999999999999997,-0.043399999999999994,-2.7829900000000016,8.4202
2026-08-24T05:18:33.094Z,3.23424,-9.52975,-0.011999999999999997,-0.043399999999999994,-2.7829900000000016,8.4202
2026-08-24T05:18:38.094Z,3.258239999999999,-9.442950000000002,-0.011999999999999997,-0.043399999999999994,-2.8069900000000008,8.3334
2026-08-24T05:18:43.095Z,3.00624,-10.35435,-0.011999999999999997,-0.043399999999999994,-2.55499,9.2448
2026-08-24T05:18:48.096Z,3.00624,-10.35435,-0.011999999999999997,-0.043399999999999994,-2.55499,9.2448
2026-08-24T05:18:53.097Z,2.364239999999999,-12.67625,-0.011999999999999997,-0.043399999999999994,-1.9129900000000006,11.566699999999999
2026-08-24T05:18:58.098Z,2.658240000000001,-11.61295,-0.011999999999999997,-0.043399999999999994,-2.2069899999999993,10.503400000000001
2026-08-24T05:19:03.108Z,2.610240000000001,-11.78655,-0.011999999999999997,-0.043399999999999994,-2.1589899999999993,10.677
2026-08-24T05:19:08.100Z,2.5202399999999994,-12.11205,-0.011999999999999997,-0.043399999999999994,-2.0689899999999994,11.002500000000001
2026-08-24T05:19:13.101Z,2.5262399999999996,-12.09035,-0.011999999999999997,-0.043399999999999994,-2.0749899999999997,10.9808
2026-08-24T05:19:18.102Z,2.5262399999999996,-12.09035,-0.011999999999999997,-0.043399999999999994,-2.0749899999999997,10.9808
2026-08-24T05:19:23.102Z,2.5502400000000005,-12.00355,-0.011999999999999997,-0.043399999999999994,-2.098989999999999,10.894
2026-08-24T05:19:28.104Z,2.7782400000000003,-11.178949999999999,-0.011999999999999997,-0.043399999999999994,-2.3269900000000003,10.0694
2026-08-24T05:19:33.104Z,2.76624,-11.22235,-0.011999999999999997,-0.043399999999999994,-2.31499,10.1128
2026-08-24T05:19:38.105Z,2.7782400000000003,-11.178949999999999,-0.011999999999999997,-0.043399999999999994,-2.3269900000000003,10.0694
2026-08-24T05:19:43.106Z,2.7902400000000007,-11.13555,-0.011999999999999997,-0.043399999999999994,-2.338989999999999,10.026
2026-08-24T05:19:48.107Z,2.7902400000000007,-11.13555,-0.011999999999999997,-0.043399999999999994,-2.338989999999999,10.026
2026-08-24T05:19:53.108Z,3.1382400000000015,-9.876949999999999,-0.011999999999999997,-0.043399999999999994,-2.6869899999999998,8.7674
2026-08-24T05:19:58.110Z,3.1862399999999997,-9.70335,-0.011999999999999997,-0.043399999999999994,-2.73499,8.5938
2026-08-24T05:20:03.119Z,3.402240000000001,-8.92215,-0.011999999999999997,-0.043399999999999994,-2.950989999999999,7.812600000000001
2026-08-24T05:20:08.111Z,3.3482399999999988,-9.117450000000002,-0.011999999999999997,-0.043399999999999994,-2.8969900000000006,8.0079
2026-08-24T05:20:13.112Z,3.15024,-9.833549999999999,-0.011999999999999997,-0.043399999999999994,-2.6989900000000002,8.724
2026-08-24T05:20:18.112Z,3.1382400000000015,-9.876949999999999,-0.011999999999999997,-0.043399999999999994,-2.6869899999999998,8.7674
2026-08-24T05:20:23.114Z,3.4142399999999995,-8.87875,-0.011999999999999997,-0.043399999999999994,-2.9629899999999996,7.7692000000000005
2026-08-24T05:20:28.116Z,3.5102400000000014,-8.53155,-0.011999999999999997,-0.043399999999999994,-3.0589899999999997,7.422000000000001
2026-08-24T05:20:33.118Z,3.9302400000000004,-7.01255,-0.011999999999999997,-0.043399999999999994,-3.4789899999999996,5.9030000000000005
2026-08-24T05:20:38.120Z,3.9302400000000004,-7.01255,-0.011999999999999997,-0.043399999999999994,-3.4789899999999996,5.9030000000000005
2026-08-24T05:20:43.120Z,3.84624,-7.31635,-0.011999999999999997,-0.043399999999999994,-3.39499,6.206799999999999
2026-08-24T05:20:48.122Z,3.84624,-7.31635,-0.011999999999999997,-0.043399999999999994,-3.39499,6.206799999999999
2026-08-24T05:20:53.123Z,3.84624,-7.31635,-0.011999999999999997,-0.043399999999999994,-3.39499,6.206799999999999
2026-08-24T05:20:58.124Z,3.84624,-7.31635,-0.011999999999999997,-0.043399999999999994,-3.39499,6.206799999999999
2026-08-24T05:21:03.128Z,3.6062399999999997,-8.18435,-0.011999999999999997,-0.043399999999999994,-3.1549900000000015,7.0748
2026-08-24T05:21:08.126Z,3.8102399999999994,-7.44655,-0.011999999999999997,-0.043399999999999994,-3.3589900000000004,6.337
2026-08-24T05:21:13.127Z,3.6782399999999997,-7.92395,-0.011999999999999997,-0.043399999999999994,-3.2269900000000007,6.814399999999999
2026-08-24T05:21:18.128Z,3.6782399999999997,-7.92395,-0.011999999999999997,-0.043399999999999994,-3.2269900000000007,6.814399999999999
2026-08-24T05:21:23.129Z,3.726239999999999,-7.75035,-0.011999999999999997,-0.043399999999999994,-3.2749900000000007,6.640799999999999
2026-08-24T05:21:28.130Z,3.8342399999999994,-7.35975,-0.011999999999999997,-0.043399999999999994,-3.3829899999999995,6.250200000000001
2026-08-24T05:21:33.131Z,3.87024,-7.22955,-0.011999999999999997,-0.043399999999999994,-3.418990000000001,6.12
2026-08-24T05:21:38.132Z,3.87024,-7.22955,-0.011999999999999997,-0.043399999999999994,-3.418990000000001,6.12
2026-08-24T05:21:43.134Z,3.8342399999999994,-7.35975,-0.011999999999999997,-0.043399999999999994,-3.3829899999999995,6.250200000000001
2026-08-24T05:21:48.135Z,3.7742400000000007,-7.57675,-0.011999999999999997,-0.043399999999999994,-3.322989999999999,6.4672
2026-08-24T05:21:53.136Z,3.6542399999999997,-8.01075,-0.011999999999999997,-0.043399999999999994,-3.20299,6.901200000000001
2026-08-24T05:21:58.137Z,3.726239999999999,-7.75035,-0.011999999999999997,-0.043399999999999994,-3.2749900000000007,6.640799999999999
2026-08-24T05:22:03.141Z,3.9062400000000004,-7.09935,-0.011999999999999997,-0.043399999999999994,-3.4549900000000004,5.989799999999999
2026-08-24T05:22:08.139Z,4.434240000000001,-5.18975,-0.011999999999999997,-0.043399999999999994,-3.982989999999999,4.0802000000000005
2026-08-24T05:22:13.140Z,4.31424,-5.623749999999999,-0.011999999999999997,-0.043399999999999994,-3.86299,4.514200000000001
2026-08-24T05:22:18.141Z,4.3982399999999995,-5.31995,-0.011999999999999997,-0.043399999999999994,-3.9469900000000004,4.2104
2026-08-24T05:22:23.142Z,4.3982399999999995,-5.31995,-0.011999999999999997,-0.043399999999999994,-3.9469900000000004,4.2104
2026-08-24T05:22:28.143Z,4.3982399999999995,-5.31995,-0.011999999999999997,-0.043399999999999994,-3.9469900000000004,4.2104
2026-08-24T05:22:33.144Z,4.3982399999999995,-5.31995,-0.011999999999999997,-0.043399999999999994,-3.9469900000000004,4.2104
2026-08-24T05:22:38.145Z,4.4702399999999995,-5.05955,-0.011999999999999997,-0.043399999999999994,-4.0189900000000005,3.9499999999999997
2026-08-24T05:22:43.147Z,4.49424,-4.97275,-0.011999999999999997,-0.043399999999999994,-4.04299,3.8632000000000004
2026-08-24T05:22:48.147Z,4.410240000000001,-5.276549999999999,-0.011999999999999997,-0.043399999999999994,-3.95899,4.167
2026-08-24T05:22:53.148Z,4.410240000000001,-5.276549999999999,-0.011999999999999997,-0.043399999999999994,-3.95899,4.167
2026-08-24T05:22:58.148Z,3.5042399999999994,-8.55325,-0.011999999999999997,-0.043399999999999994,-3.0529899999999994,7.443700000000001
2026-08-24T05:23:03.156Z,3.3002400000000005,-9.29105,-0.011999999999999997,-0.043399999999999994,-2.8489900000000006,8.1815
2026-08-24T05:23:08.150Z,3.258239999999999,-9.442950000000002,-0.011999999999999997,-0.043399999999999994,-2.8069900000000008,8.3334
2026-08-24T05:23:13.151Z,3.258239999999999,-9.442950000000002,-0.011999999999999997,-0.043399999999999994,-2.8069900000000008,8.3334
2026-08-24T05:23:18.152Z,3.28224,-9.35615,-0.011999999999999997,-0.043399999999999994,-2.83099,8.2466
2026-08-24T05:23:23.153Z,3.28224,-9.35615,-0.011999999999999997,-0.043399999999999994,-2.83099,8.2466
2026-08-24T05:23:28.154Z,2.8022399999999994,-11.09215,-0.011999999999999997,-0.043399999999999994,-2.3509899999999995,9.982600000000001
2026-08-24T05:23:33.156Z,2.8022399999999994,-11.09215,-0.011999999999999997,-0.043399999999999994,-2.3509899999999995,9.982600000000001
2026-08-24T05:23:38.156Z,2.7542399999999994,-11.26575,-0.011999999999999997,-0.043399999999999994,-2.302990000000001,10.1562
2026-08-24T05:23:43.157Z,2.562239999999999,-11.96015,-0.011999999999999997,-0.043399999999999994,-2.110990000000001,10.8506
2026-08-24T05:23:48.157Z,2.562239999999999,-11.96015,-0.011999999999999997,-0.043399999999999994,-2.110990000000001,10.8506
2026-08-24T05:23:53.157Z,2.68224,-11.52615,-0.011999999999999997,-0.043399999999999994,-2.2309899999999985,10.4166
2026-08-24T05:23:58.158Z,2.5742399999999996,-11.91675,-0.011999999999999997,-0.043399999999999994,-2.1229899999999997,10.8072
2026-08-24T05:24:03.163Z,2.5742399999999996,-11.91675,-0.011999999999999997,-0.043399999999999994,-2.1229899999999997,10.8072
2026-08-24T05:24:08.160Z,2.39424,-12.56775,-0.011999999999999997,-0.043399999999999994,-1.94299,11.4582
2026-08-24T05:24:13.161Z,2.49024,-12.22055,-0.011999999999999997,-0.043399999999999994,-2.03899,11.111
2026-08-24T05:24:18.163Z,2.53824,-12.046949999999999,-0.011999999999999997,-0.043399999999999994,-2.08699,10.9374
2026-08-24T05:24:23.163Z,2.53224,-12.06865,-0.011999999999999997,-0.043399999999999994,-2.0809900000000017,10.9591
2026-08-24T05:24:28.164Z,2.7842400000000005,-11.157250000000001,-0.011999999999999997,-0.043399999999999994,-2.3329900000000006,10.047699999999999
2026-08-24T05:24:33.164Z,2.81424,-11.04875,-0.011999999999999997,-0.043399999999999994,-2.36299,9.9392
2026-08-24T05:24:38.166Z,2.886239999999999,-10.788350000000001,-0.011999999999999997,-0.043399999999999994,-2.434990000000001,9.678799999999999
2026-08-24T05:24:43.167Z,2.91024,-10.70155,-0.011999999999999997,-0.043399999999999994,-2.45899,9.592
2026-08-24T05:24:48.168Z,2.91024,-10.70155,-0.011999999999999997,-0.043399999999999994,-2.45899,9.592
2026-08-24T05:24:53.168Z,2.9942399999999996,-10.39775,-0.011999999999999997,-0.043399999999999994,-2.5429900000000014,9.2882
2026-08-24T05:24:58.169Z,2.9942399999999996,-10.39775,-0.011999999999999997,-0.043399999999999994,-2.5429900000000014,9.2882
2026-08-24T05:25:03.173Z,3.0122400000000003,-10.33265,-0.011999999999999997,-0.043399999999999994,-2.5609899999999985,9.2231
2026-08-24T05:25:08.172Z,3.25052,-9.38787,0.00020000000000000226,-0.0312,-2.79927,8.27832
2026-08-24T05:25:13.173Z,3.2511200000000002,-9.48147,0.00020000000000000226,-0.0312,-2.7998700000000003,8.37192
2026-08-24T05:25:18.174Z,3.25192,-9.606269999999999,0.00020000000000000226,-0.0312,-2.80067,8.49672
2026-08-24T05:25:23.175Z,3.2533200000000004,-9.824670000000001,0.00020000000000000226,-0.0312,-2.8020700000000005,8.715119999999999
2026-08-24T05:25:28.177Z,3.2483199999999997,-9.04467,0.00020000000000000226,-0.0312,-2.7970699999999997,7.93512
2026-08-24T05:25:33.179Z,3.2517200000000006,-9.57507,0.00020000000000000226,-0.0312,-2.800469999999999,8.46552
2026-08-24T05:25:38.181Z,3.25432,-9.98067,0.00020000000000000226,-0.0312,-2.80307,8.87112
2026-08-24T05:25:43.183Z,3.25432,-9.98067,0.00020000000000000226,-0.0312,-2.80307,8.87112
2026-08-24T05:25:48.185Z,3.2567199999999996,-10.35507,0.00020000000000000226,-0.0312,-2.8054699999999997,9.24552
2026-08-24T05:25:53.186Z,3.1546199999999995,-10.70837,-0.011999999999999997,-0.043399999999999994,-2.7033699999999996,9.59882
2026-08-24T05:25:58.186Z,3.1546199999999995,-10.70837,-0.011999999999999997,-0.043399999999999994,-2.7033699999999996,9.59882
2026-08-24T05:26:03.191Z,3.238620000000001,-10.40457,-0.011999999999999997,-0.043399999999999994,-2.7873699999999992,9.295020000000001
2026-08-24T05:26:08.190Z,3.238620000000001,-10.40457,-0.011999999999999997,-0.043399999999999994,-2.7873699999999992,9.295020000000001
2026-08-24T05:26:13.190Z,3.238620000000001,-10.40457,-0.011999999999999997,-0.043399999999999994,-2.7873699999999992,9.295020000000001
2026-08-24T05:26:18.191Z,2.7826199999999996,-12.05377,-0.011999999999999997,-0.043399999999999994,-2.3313699999999997,10.94422
2026-08-24T05:26:23.193Z,2.7826199999999996,-12.05377,-0.011999999999999997,-0.043399999999999994,-2.3313699999999997,10.94422
2026-08-24T05:26:28.196Z,2.7826199999999996,-12.05377,-0.011999999999999997,-0.043399999999999994,-2.3313699999999997,10.94422
2026-08-24T05:26:33.198Z,2.7826199999999996,-12.05377,-0.011999999999999997,-0.043399999999999994,-2.3313699999999997,10.94422
2026-08-24T05:26:38.199Z,2.84262,-11.836770000000001,-0.011999999999999997,-0.043399999999999994,-2.39137,10.727219999999999
2026-08-24T05:26:43.199Z,2.7946199999999983,-12.010370000000002,-0.011999999999999997,-0.043399999999999994,-2.34337,10.90082
2026-08-24T05:26:48.200Z,2.7946199999999983,-12.010370000000002,-0.011999999999999997,-0.043399999999999994,-2.34337,10.90082
2026-08-24T05:26:53.201Z,2.7946199999999983,-12.010370000000002,-0.011999999999999997,-0.043399999999999994,-2.34337,10.90082
2026-08-24T05:26:58.202Z,2.7946199999999983,-12.010370000000002,-0.011999999999999997,-0.043399999999999994,-2.34337,10.90082
2026-08-24T05:27:03.205Z,2.674620000000001,-12.44437,-0.011999999999999997,-0.043399999999999994,-2.223370000000001,11.33482
2026-08-24T05:27:08.203Z,2.65062,-12.53117,-0.011999999999999997,-0.043399999999999994,-2.19937,11.421619999999999
2026-08-24T05:27:13.205Z,2.8786199999999997,-11.70657,-0.011999999999999997,-0.043399999999999994,-2.42737,10.59702
2026-08-24T05:27:18.206Z,2.8786199999999997,-11.70657,-0.011999999999999997,-0.043399999999999994,-2.42737,10.59702
2026-08-24T05:27:23.207Z,2.8786199999999997,-11.70657,-0.011999999999999997,-0.043399999999999994,-2.42737,10.59702
2026-08-24T05:27:28.208Z,2.8786199999999997,-11.70657,-0.011999999999999997,-0.043399999999999994,-2.42737,10.59702
2026-08-24T05:27:33.209Z,2.902619999999999,-11.61977,-0.011999999999999997,-0.043399999999999994,-2.4513700000000007,10.51022
2026-08-24T05:27:38.209Z,2.902619999999999,-11.61977,-0.011999999999999997,-0.043399999999999994,-2.4513700000000007,10.51022
2026-08-24T05:27:43.211Z,2.902619999999999,-11.61977,-0.011999999999999997,-0.043399999999999994,-2.4513700000000007,10.51022
2026-08-24T05:27:48.212Z,2.902619999999999,-11.61977,-0.011999999999999997,-0.043399999999999994,-2.4513700000000007,10.51022
2026-08-24T05:27:53.213Z,2.902619999999999,-11.61977,-0.011999999999999997,-0.043399999999999994,-2.4513700000000007,10.51022
2026-08-24T05:27:58.213Z,2.902619999999999,-11.61977,-0.011999999999999997,-0.043399999999999994,-2.4513700000000007,10.51022
2026-08-24T05:28:03.224Z,2.902619999999999,-11.61977,-0.011999999999999997,-0.043399999999999994,-2.4513700000000007,10.51022
2026-08-24T05:28:08.215Z,2.902619999999999,-11.61977,-0.011999999999999997,-0.043399999999999994,-2.4513700000000007,10.51022
2026-08-24T05:28:13.216Z,2.902619999999999,-11.61977,-0.011999999999999997,-0.043399999999999994,-2.4513700000000007,10.51022
2026-08-24T05:28:18.217Z,2.902619999999999,-11.61977,-0.011999999999999997,-0.043399999999999994,-2.4513700000000007,10.51022
2026-08-24T05:28:23.218Z,2.9626199999999994,-11.40277,-0.011999999999999997,-0.043399999999999994,-2.511370000000001,10.29322
2026-08-24T05:28:28.219Z,2.97462,-11.35937,-0.011999999999999997,-0.043399999999999994,-2.52337,10.24982
2026-08-24T05:28:33.219Z,3.0466200000000008,-11.09897,-0.011999999999999997,-0.043399999999999994,-2.595369999999999,9.98942
2026-08-24T05:28:38.220Z,3.1066200000000013,-10.881969999999999,-0.011999999999999997,-0.043399999999999994,-2.6553699999999996,9.77242
2026-08-24T05:28:43.221Z,3.1066200000000013,-10.881969999999999,-0.011999999999999997,-0.043399999999999994,-2.6553699999999996,9.77242
2026-08-24T05:28:48.223Z,3.1306200000000004,-10.79517,-0.011999999999999997,-0.043399999999999994,-2.6793699999999987,9.68562
2026-08-24T05:28:53.224Z,3.1306200000000004,-10.79517,-0.011999999999999997,-0.043399999999999994,-2.6793699999999987,9.68562
2026-08-24T05:28:58.225Z,3.0886200000000006,-10.94707,-0.011999999999999997,-0.043399999999999994,-2.637369999999999,9.837520000000001
2026-08-24T05:29:03.229Z,3.094619999999999,-10.925370000000001,-0.011999999999999997,-0.043399999999999994,-2.643370000000001,9.81582
2026-08-24T05:29:08.227Z,3.190620000000001,-10.57817,-0.011999999999999997,-0.043399999999999994,-2.739369999999999,9.468620000000001
2026-08-24T05:29:13.227Z,3.190620000000001,-10.57817,-0.011999999999999997,-0.043399999999999994,-2.739369999999999,9.468620000000001
2026-08-24T05:29:18.228Z,3.190620000000001,-10.57817,-0.011999999999999997,-0.043399999999999994,-2.739369999999999,9.468620000000001
2026-08-24T05:29:23.230Z,3.190620000000001,-10.57817,-0.011999999999999997,-0.043399999999999994,-2.739369999999999,9.468620000000001
2026-08-24T05:29:28.230Z,3.190620000000001,-10.57817,-0.011999999999999997,-0.043399999999999994,-2.739369999999999,9.468620000000001
2026-08-24T05:29:33.232Z,3.190620000000001,-10.57817,-0.011999999999999997,-0.043399999999999994,-2.739369999999999,9.468620000000001
2026-08-24T05:29:38.233Z,3.466619999999999,-9.579970000000001,-0.011999999999999997,-0.043399999999999994,-3.0153700000000008,8.47042
2026-08-24T05:29:43.233Z,3.5026200000000003,-9.449770000000001,-0.011999999999999997,-0.043399999999999994,-3.0513700000000004,8.340219999999999
2026-08-24T05:29:48.234Z,3.562619999999999,-9.23277,-0.011999999999999997,-0.043399999999999994,-3.111370000000001,8.12322
2026-08-24T05:29:53.235Z,3.562619999999999,-9.23277,-0.011999999999999997,-0.043399999999999994,-3.111370000000001,8.12322
2026-08-24T05:29:58.236Z,3.562619999999999,-9.23277,-0.011999999999999997,-0.043399999999999994,-3.111370000000001,8.12322
2026-08-24T05:30:03.242Z,3.940620000000001,-7.86567,-0.011999999999999997,-0.043399999999999994,-3.489369999999999,6.75612
2026-08-24T05:30:08.238Z,4.09062,-7.32317,-0.011999999999999997,-0.043399999999999994,-3.6393699999999995,6.213620000000001
2026-08-24T05:30:13.240Z,3.9946199999999994,-7.67037,-0.011999999999999997,-0.043399999999999994,-3.5433700000000012,6.56082
2026-08-24T05:30:18.240Z,4.10262,-7.27977,-0.011999999999999997,-0.043399999999999994,-3.65137,6.1702200000000005
2026-08-24T05:30:23.241Z,4.10262,-7.27977,-0.011999999999999997,-0.043399999999999994,-3.65137,6.1702200000000005
2026-08-24T05:30:28.241Z,4.03662,-7.51847,-0.011999999999999997,-0.043399999999999994,-3.585370000000001,6.408919999999999
2026-08-24T05:30:33.241Z,4.21062,-6.88917,-0.011999999999999997,-0.043399999999999994,-3.7593700000000005,5.77962
2026-08-24T05:30:38.242Z,4.29462,-6.58537,-0.011999999999999997,-0.043399999999999994,-3.8433699999999993,5.475820000000001
2026-08-24T05:30:43.243Z,4.4686200000000005,-5.9560699999999995,-0.011999999999999997,-0.043399999999999994,-4.01737,4.84652
2026-08-24T05:30:48.244Z,4.462620000000001,-5.97777,-0.011999999999999997,-0.043399999999999994,-4.01137,4.868219999999999
2026-08-24T05:30:53.245Z,4.462620000000001,-5.97777,-0.011999999999999997,-0.043399999999999994,-4.01137,4.868219999999999
2026-08-24T05:30:58.246Z,4.462620000000001,-5.97777,-0.011999999999999997,-0.043399999999999994,-4.01137,4.868219999999999
2026-08-24T05:31:03.252Z,4.462620000000001,-5.97777,-0.011999999999999997,-0.043399999999999994,-4.01137,4.868219999999999
2026-08-24T05:31:08.248Z,4.47462,-5.93437,-0.011999999999999997,-0.043399999999999994,-4.023370000000001,4.82482
2026-08-24T05:31:13.249Z,4.67862,-5.1965699999999995,-0.011999999999999997,-0.043399999999999994,-4.2273700000000005,4.08702
2026-08-24T05:31:18.249Z,5.206619999999999,-3.28697,-0.011999999999999997,-0.043399999999999994,-4.75537,2.17742
2026-08-24T05:31:23.250Z,5.31462,-2.8963699999999997,-0.011999999999999997,-0.043399999999999994,-4.86337,1.7868200000000005
2026-08-24T05:31:28.250Z,5.21862,-3.2435700000000005,-0.011999999999999997,-0.043399999999999994,-4.7673700000000006,2.1340200000000005
2026-08-24T05:31:33.252Z,5.14662,-3.50397,-0.011999999999999997,-0.043399999999999994,-4.69537,2.3944199999999998
2026-08-24T05:31:38.253Z,5.230620000000001,-3.20017,-0.011999999999999997,-0.043399999999999994,-4.77937,2.09062
2026-08-24T05:31:43.254Z,5.206619999999999,-3.28697,-0.011999999999999997,-0.043399999999999994,-4.75537,2.17742
2026-08-24T05:31:48.256Z,5.14662,-3.50397,-0.011999999999999997,-0.043399999999999994,-4.69537,2.3944199999999998
2026-08-24T05:31:53.258Z,5.06262,-3.8077700000000005,-0.011999999999999997,-0.043399999999999994,-4.611369999999999,2.69822
2026-08-24T05:31:58.260Z,5.06262,-3.8077700000000005,-0.011999999999999997,-0.043399999999999994,-4.611369999999999,2.69822
2026-08-24T05:32:03.266Z,5.06262,-3.8077700000000005,-0.011999999999999997,-0.043399999999999994,-4.611369999999999,2.69822
2026-08-24T05:32:08.264Z,4.90662,-4.37197,-0.011999999999999997,-0.043399999999999994,-4.455369999999999,3.26242
2026-08-24T05:32:13.266Z,4.834619999999999,-4.63237,-0.011999999999999997,-0.043399999999999994,-4.38337,3.52282
2026-08-24T05:32:18.268Z,4.87062,-4.50217,-0.011999999999999997,-0.043399999999999994,-4.419370000000001,3.39262
2026-08-24T05:32:23.270Z,4.84662,-4.58897,-0.011999999999999997,-0.043399999999999994,-4.395370000000001,3.47942
2026-08-24T05:32:28.272Z,4.84662,-4.58897,-0.011999999999999997,-0.043399999999999994,-4.395370000000001,3.47942
2026-08-24T05:32:33.274Z,4.84662,-4.58897,-0.011999999999999997,-0.043399999999999994,-4.395370000000001,3.47942
2026-08-24T05:32:38.276Z,4.84662,-4.58897,-0.011999999999999997,-0.043399999999999994,-4.395370000000001,3.47942
2026-08-24T05:32:43.278Z,4.858620000000001,-4.54557,-0.011999999999999997,-0.043399999999999994,-4.40737,3.4360199999999996
2026-08-24T05:32:48.280Z,4.858620000000001,-4.54557,-0.011999999999999997,-0.043399999999999994,-4.40737,3.4360199999999996
2026-08-24T05:32:53.282Z,4.82262,-4.67577,-0.011999999999999997,-0.043399999999999994,-4.371369999999999,3.5662200000000004
2026-08-24T05:32:58.284Z,4.88262,-4.45877,-0.011999999999999997,-0.043399999999999994,-4.431369999999999,3.3492200000000003
2026-08-24T05:33:03.289Z,5.13462,-3.54737,-0.011999999999999997,-0.043399999999999994,-4.683370000000001,2.4378199999999994
2026-08-24T05:33:08.286Z,4.966620000000001,-4.1549700000000005,-0.011999999999999997,-0.043399999999999994,-4.51537,3.04542
2026-08-24T05:33:13.288Z,4.876619999999999,-4.48047,-0.011999999999999997,-0.043399999999999994,-4.42537,3.37092
2026-08-24T05:33:18.290Z,4.876619999999999,-4.48047,-0.011999999999999997,-0.043399999999999994,-4.42537,3.37092
2026-08-24T05:33:23.291Z,4.88262,-4.45877,-0.011999999999999997,-0.043399999999999994,-4.431369999999999,3.3492200000000003
2026-08-24T05:33:28.294Z,4.88262,-4.45877,-0.011999999999999997,-0.043399999999999994,-4.431369999999999,3.3492200000000003
2026-08-24T05:33:33.296Z,4.88262,-4.45877,-0.011999999999999997,-0.043399999999999994,-4.431369999999999,3.3492200000000003
2026-08-24T05:33:38.297Z,5.08662,-3.7209700000000003,-0.011999999999999997,-0.043399999999999994,-4.635370000000001,2.61142
2026-08-24T05:33:43.299Z,5.08662,-3.7209700000000003,-0.011999999999999997,-0.043399999999999994,-4.635370000000001,2.61142
2026-08-24T05:33:48.300Z,5.08662,-3.7209700000000003,-0.011999999999999997,-0.043399999999999994,-4.635370000000001,2.61142
2026-08-24T05:33:53.303Z,4.95462,-4.19837,-0.011999999999999997,-0.043399999999999994,-4.503369999999999,3.0888199999999997
2026-08-24T05:33:58.302Z,4.66662,-5.2399700000000005,-0.011999999999999997,-0.043399999999999994,-4.215369999999999,4.130420000000001
2026-08-24T05:34:03.306Z,4.66662,-5.2399700000000005,-0.011999999999999997,-0.043399999999999994,-4.215369999999999,4.130420000000001
2026-08-24T05:34:08.304Z,4.55862,-5.63057,-0.011999999999999997,-0.043399999999999994,-4.1073699999999995,4.52102
2026-08-24T05:34:13.305Z,4.47462,-5.93437,-0.011999999999999997,-0.043399999999999994,-4.023370000000001,4.82482
2026-08-24T05:34:18.307Z,4.47462,-5.93437,-0.011999999999999997,-0.043399999999999994,-4.023370000000001,4.82482
2026-08-24T05:34:23.309Z,4.48662,-5.89097,-0.011999999999999997,-0.043399999999999994,-4.0353699999999995,4.781420000000001
2026-08-24T05:34:28.310Z,4.636619999999999,-5.348470000000001,-0.011999999999999997,-0.043399999999999994,-4.18537,4.23892
2026-08-24T05:34:33.311Z,4.76262,-4.89277,-0.011999999999999997,-0.043399999999999994,-4.31137,3.7832200000000005
2026-08-24T05:34:38.312Z,4.7266200000000005,-5.02297,-0.011999999999999997,-0.043399999999999994,-4.27537,3.9134200000000003
2026-08-24T05:34:43.313Z,4.48662,-5.89097,-0.011999999999999997,-0.043399999999999994,-4.0353699999999995,4.781420000000001
2026-08-24T05:34:48.314Z,4.48662,-5.89097,-0.011999999999999997,-0.043399999999999994,-4.0353699999999995,4.781420000000001
2026-08-24T05:34:53.315Z,4.48662,-5.89097,-0.011999999999999997,-0.043399999999999994,-4.0353699999999995,4.781420000000001
2026-08-24T05:34:58.316Z,4.58262,-5.543769999999999,-0.011999999999999997,-0.043399999999999994,-4.13137,4.43422
2026-08-24T05:35:03.321Z,4.71462,-5.06637,-0.011999999999999997,-0.043399999999999994,-4.263370000000001,3.95682
2026-08-24T05:35:08.320Z,4.786619999999999,-4.80597,-0.011999999999999997,-0.043399999999999994,-4.33537,3.6964200000000003
2026-08-24T05:35:13.320Z,5.026619999999999,-3.93797,-0.011999999999999997,-0.043399999999999994,-4.57537,2.82842
2026-08-24T05:35:18.323Z,5.0746199999999995,-3.7643699999999995,-0.011999999999999997,-0.043399999999999994,-4.62337,2.6548199999999995
2026-08-24T05:35:23.324Z,5.0746199999999995,-3.7643699999999995,-0.011999999999999997,-0.043399999999999994,-4.62337,2.6548199999999995
2026-08-24T05:35:28.326Z,5.26662,-3.06997,-0.011999999999999997,-0.043399999999999994,-4.815370000000001,1.96042
2026-08-24T05:35:33.328Z,5.602620000000001,-1.85477,-0.011999999999999997,-0.043399999999999994,-5.15137,0.7452199999999998
2026-08-24T05:35:38.328Z,5.4766200000000005,-2.31047,-0.011999999999999997,-0.043399999999999994,-5.02537,1.20092
2026-08-24T05:35:43.329Z,5.26662,-3.06997,-0.011999999999999997,-0.043399999999999994,-4.815370000000001,1.96042
2026-08-24T05:35:48.332Z,5.30262,-2.93977,-0.011999999999999997,-0.043399999999999994,-4.851369999999999,1.8302200000000002
2026-08-24T05:35:53.332Z,5.30262,-2.93977,-0.011999999999999997,-0.043399999999999994,-4.851369999999999,1.8302200000000002
2026-08-24T05:35:58.335Z,5.410620000000001,-2.5491699999999997,-0.011999999999999997,-0.043399999999999994,-4.95937,1.4396199999999997
2026-08-24T05:36:03.342Z,5.56062,-2.00667,-0.011999999999999997,-0.043399999999999994,-5.10937,0.8971199999999997
2026-08-24T05:36:08.338Z,5.5906199999999995,-1.8981700000000001,-0.011999999999999997,-0.043399999999999994,-5.1393699999999995,0.7886199999999994
2026-08-24T05:36:13.340Z,5.61462,-1.81137,-0.011999999999999997,-0.043399999999999994,-5.1633700000000005,0.7018200000000001
2026-08-24T05:36:18.342Z,5.56662,-1.98497,-0.011999999999999997,-0.043399999999999994,-5.1153699999999995,0.8754199999999996
2026-08-24T05:36:23.344Z,5.6386199999999995,-1.7245700000000002,-0.011999999999999997,-0.043399999999999994,-5.1873700000000005,0.6150199999999999
2026-08-24T05:36:28.344Z,5.818619999999999,-1.0735700000000001,-0.011999999999999997,-0.043399999999999994,-5.36737,-0.0359799999999999
2026-08-24T05:36:33.346Z,5.866620000000001,-0.8999700000000002,-0.011999999999999997,-0.043399999999999994,-5.415369999999999,-0.20957999999999988
2026-08-24T05:36:38.344Z,5.72262,-1.42077,-0.011999999999999997,-0.043399999999999994,-5.271370000000001,0.31122000000000005
2026-08-24T05:36:43.343Z,5.96262,-0.55277,-0.011999999999999997,-0.043399999999999994,-5.511369999999999,-0.5567799999999998
2026-08-24T05:36:48.345Z,6.046620000000001,-0.2489699999999999,-0.011999999999999997,-0.043399999999999994,-5.595369999999999,-0.8605800000000001
2026-08-24T05:36:53.348Z,6.100619999999999,-0.053669999999999884,-0.011999999999999997,-0.043399999999999994,-5.649370000000001,-1.0558800000000006
2026-08-24T05:36:58.348Z,5.55462,-2.02837,-0.011999999999999997,-0.043399999999999994,-5.10337,0.9188200000000002
2026-08-24T05:37:03.359Z,5.55462,-2.02837,-0.011999999999999997,-0.043399999999999994,-5.10337,0.9188200000000002
2026-08-24T05:37:08.350Z,5.7586200000000005,-1.2905700000000002,-0.011999999999999997,-0.043399999999999994,-5.30737,0.18102000000000018
2026-08-24T05:37:13.350Z,5.806620000000001,-1.1169700000000002,-0.011999999999999997,-0.043399999999999994,-5.355369999999999,0.007420000000000204
2026-08-24T05:37:18.352Z,5.398619999999999,-2.59257,-0.011999999999999997,-0.043399999999999994,-4.94737,1.4830200000000002
2026-08-24T05:37:23.352Z,5.1946200000000005,-3.3303699999999994,-0.011999999999999997,-0.043399999999999994,-4.74337,2.22082
2026-08-24T05:37:28.353Z,5.158619999999999,-3.4605700000000006,-0.011999999999999997,-0.043399999999999994,-4.70737,2.35102
2026-08-24T05:37:33.354Z,4.93062,-4.28517,-0.011999999999999997,-0.043399999999999994,-4.479369999999999,3.17562
2026-08-24T05:37:38.355Z,4.7986200000000006,-4.76257,-0.011999999999999997,-0.043399999999999994,-4.34737,3.6530199999999997
2026-08-24T05:37:43.357Z,4.53462,-5.71737,-0.011999999999999997,-0.043399999999999994,-4.0833699999999995,4.60782
2026-08-24T05:37:48.357Z,4.414619999999999,-6.15137,-0.011999999999999997,-0.043399999999999994,-3.9633700000000003,5.0418199999999995
2026-08-24T05:37:53.359Z,4.49862,-5.84757,-0.011999999999999997,-0.043399999999999994,-4.047370000000001,4.73802
2026-08-24T05:37:58.361Z,4.49862,-5.84757,-0.011999999999999997,-0.043399999999999994,-4.047370000000001,4.73802
2026-08-24T05:38:03.377Z,4.49862,-5.84757,-0.011999999999999997,-0.043399999999999994,-4.047370000000001,4.73802
2026-08-24T05:38:08.363Z,4.31862,-6.49857,-0.011999999999999997,-0.043399999999999994,-3.8673699999999993,5.38902
2026-08-24T05:38:13.365Z,4.222620000000001,-6.84577,-0.011999999999999997,-0.043399999999999994,-3.77137,5.736219999999999
2026-08-24T05:38:18.367Z,4.12662,-7.19297,-0.011999999999999997,-0.043399999999999994,-3.675370000000001,6.083419999999999
2026-08-24T05:38:23.371Z,3.7906200000000005,-8.40817,-0.011999999999999997,-0.043399999999999994,-3.339369999999999,7.2986200000000006
2026-08-24T05:38:28.371Z,3.53862,-9.319569999999999,-0.011999999999999997,-0.043399999999999994,-3.08737,8.21002
2026-08-24T05:38:33.373Z,3.40662,-9.79697,-0.011999999999999997,-0.043399999999999994,-2.9553700000000003,8.68742
2026-08-24T05:38:38.374Z,3.3706200000000006,-9.92717,-0.011999999999999997,-0.043399999999999994,-2.919369999999999,8.817620000000002
2026-08-24T05:38:43.376Z,3.3706200000000006,-9.92717,-0.011999999999999997,-0.043399999999999994,-2.919369999999999,8.817620000000002
2026-08-24T05:38:48.376Z,3.3706200000000006,-9.92717,-0.011999999999999997,-0.043399999999999994,-2.919369999999999,8.817620000000002
2026-08-24T05:38:53.378Z,3.44262,-9.66677,-0.011999999999999997,-0.043399999999999994,-2.9913700000000016,8.55722
2026-08-24T05:38:58.380Z,3.44262,-9.66677,-0.011999999999999997,-0.043399999999999994,-2.9913700000000016,8.55722
2026-08-24T05:39:03.391Z,3.3886200000000013,-9.86207,-0.011999999999999997,-0.043399999999999994,-2.9373699999999996,8.75252
2026-08-24T05:39:08.385Z,3.4306199999999993,-9.71017,-0.011999999999999997,-0.043399999999999994,-2.9793699999999994,8.600620000000001
2026-08-24T05:39:13.386Z,3.21462,-10.49137,-0.011999999999999997,-0.043399999999999994,-2.76337,9.38182
2026-08-24T05:39:18.388Z,3.21462,-10.49137,-0.011999999999999997,-0.043399999999999994,-2.76337,9.38182
2026-08-24T05:39:23.389Z,3.2746199999999988,-10.274370000000001,-0.011999999999999997,-0.043399999999999994,-2.8233700000000006,9.164819999999999
2026-08-24T05:39:28.390Z,3.238620000000001,-10.40457,-0.011999999999999997,-0.043399999999999994,-2.7873699999999992,9.295020000000001
2026-08-24T05:39:33.393Z,3.238620000000001,-10.40457,-0.011999999999999997,-0.043399999999999994,-2.7873699999999992,9.295020000000001
2026-08-24T05:39:38.394Z,3.238620000000001,-10.40457,-0.011999999999999997,-0.043399999999999994,-2.7873699999999992,9.295020000000001
2026-08-24T05:39:43.396Z,3.238620000000001,-10.40457,-0.011999999999999997,-0.043399999999999994,-2.7873699999999992,9.295020000000001
2026-08-24T05:39:48.397Z,3.2746199999999988,-10.274370000000001,-0.011999999999999997,-0.043399999999999994,-2.8233700000000006,9.164819999999999
2026-08-24T05:39:53.399Z,3.53862,-9.319569999999999,-0.011999999999999997,-0.043399999999999994,-3.08737,8.21002
2026-08-24T05:39:58.402Z,3.6946200000000005,-8.755370000000001,-0.011999999999999997,-0.043399999999999994,-3.2433700000000005,7.64582
2026-08-24T05:40:03.413Z,3.9466200000000002,-7.84397,-0.011999999999999997,-0.043399999999999994,-3.495370000000001,6.73442
2026-08-24T05:40:08.406Z,3.9826200000000007,-7.71377,-0.011999999999999997,-0.043399999999999994,-3.531369999999999,6.604220000000001
2026-08-24T05:40:13.408Z,3.77862,-8.451569999999998,-0.011999999999999997,-0.043399999999999994,-3.32737,7.34202
2026-08-24T05:40:18.410Z,3.658620000000001,-8.88557,-0.011999999999999997,-0.043399999999999994,-3.207369999999999,7.77602
2026-08-24T05:40:23.414Z,3.472619999999999,-9.55827,-0.011999999999999997,-0.043399999999999994,-3.021370000000001,8.44872
2026-08-24T05:40:28.413Z,3.26262,-10.31777,-0.011999999999999997,-0.043399999999999994,-2.81137,9.208219999999999
2026-08-24T05:40:33.415Z,3.26262,-10.31777,-0.011999999999999997,-0.043399999999999994,-2.81137,9.208219999999999
2026-08-24T05:40:38.417Z,3.26262,-10.31777,-0.011999999999999997,-0.043399999999999994,-2.81137,9.208219999999999
2026-08-24T05:40:43.419Z,3.148620000000001,-10.73007,-0.011999999999999997,-0.043399999999999994,-2.6973699999999994,9.62052
2026-08-24T05:40:48.420Z,3.1306200000000004,-10.79517,-0.011999999999999997,-0.043399999999999994,-2.6793699999999987,9.68562
2026-08-24T05:40:53.422Z,2.89062,-11.663170000000001,-0.011999999999999997,-0.043399999999999994,-2.4393699999999985,10.55362
2026-08-24T05:40:58.424Z,2.89062,-11.663170000000001,-0.011999999999999997,-0.043399999999999994,-2.4393699999999985,10.55362
2026-08-24T05:41:03.432Z,2.7826199999999996,-12.05377,-0.011999999999999997,-0.043399999999999994,-2.3313699999999997,10.94422
2026-08-24T05:41:08.428Z,2.7826199999999996,-12.05377,-0.011999999999999997,-0.043399999999999994,-2.3313699999999997,10.94422
2026-08-24T05:41:13.428Z,2.770619999999999,-12.09717,-0.011999999999999997,-0.043399999999999994,-2.319370000000001,10.98762
2026-08-24T05:41:18.431Z,2.7106200000000005,-12.31417,-0.011999999999999997,-0.043399999999999994,-2.2593700000000005,11.204619999999998
2026-08-24T05:41:23.433Z,2.7946199999999983,-12.010370000000002,-0.011999999999999997,-0.043399999999999994,-2.34337,10.90082
2026-08-24T05:41:28.434Z,2.74662,-12.183969999999999,-0.011999999999999997,-0.043399999999999994,-2.29537,11.07442
2026-08-24T05:41:33.436Z,2.572619999999999,-12.813270000000001,-0.011999999999999997,-0.043399999999999994,-2.1213700000000006,11.703719999999999
2026-08-24T05:41:38.437Z,2.3626199999999997,-13.57277,-0.011999999999999997,-0.043399999999999994,-1.9113699999999998,12.46322
2026-08-24T05:41:43.439Z,2.3986199999999993,-13.44257,-0.011999999999999997,-0.043399999999999994,-1.9473699999999994,12.333020000000001
2026-08-24T05:41:48.441Z,2.3986199999999993,-13.44257,-0.011999999999999997,-0.043399999999999994,-1.9473699999999994,12.333020000000001
2026-08-24T05:41:53.443Z,2.37462,-13.52937,-0.011999999999999997,-0.043399999999999994,-1.9233700000000002,12.41982
2026-08-24T05:41:58.445Z,2.2458799999999997,-13.94071,-0.0242,-0.0556,-1.7946299999999997,12.83116
2026-08-24T05:42:03.448Z,2.07648,-14.32991,-0.0242,-0.0556,-1.6252300000000002,13.22036
2026-08-24T05:42:08.447Z,2.0462299999999995,-14.44111,-0.0121,-0.0556,-1.5949799999999996,13.331560000000001
2026-08-24T05:42:13.448Z,2.312429999999999,-13.21791,-0.0121,-0.0556,-1.861180000000001,12.10836
2026-08-24T05:42:18.449Z,2.36083,-12.995510000000001,-0.0121,-0.0556,-1.90958,11.885959999999999
2026-08-24T05:42:23.452Z,2.36083,-12.995510000000001,-0.0121,-0.0556,-1.90958,11.885959999999999
2026-08-24T05:42:28.454Z,2.36083,-12.995510000000001,-0.0121,-0.0556,-1.90958,11.885959999999999
2026-08-24T05:42:33.455Z,2.3850300000000004,-12.88431,-0.0121,-0.0556,-1.9337800000000005,11.77476
2026-08-24T05:42:38.456Z,2.437809999999999,-12.44003,0.00010000000000000286,-0.043399999999999994,-1.9865600000000008,11.33048
2026-08-24T05:42:43.457Z,2.43656,-11.897530000000001,0.00010000000000000286,-0.043399999999999994,-1.9853100000000001,10.78798
2026-08-24T05:42:48.459Z,2.43651,-11.87583,0.00010000000000000286,-0.043399999999999994,-1.9852599999999985,10.76628
2026-08-24T05:42:53.462Z,2.43656,-11.897530000000001,0.00010000000000000286,-0.043399999999999994,-1.9853100000000001,10.78798
2026-08-24T05:42:58.462Z,2.43661,-11.919229999999999,0.00010000000000000286,-0.043399999999999994,-1.98536,10.80968
2026-08-24T05:43:03.475Z,2.4368099999999995,-12.00603,0.00010000000000000286,-0.043399999999999994,-1.9855599999999995,10.89648
2026-08-24T05:43:08.465Z,2.43651,-11.87583,0.00010000000000000286,-0.043399999999999994,-1.9852599999999985,10.76628
2026-08-24T05:43:13.465Z,2.4369099999999992,-12.049430000000001,0.00010000000000000286,-0.043399999999999994,-1.985660000000001,10.939879999999999
2026-08-24T05:43:18.467Z,2.4371100000000006,-12.13623,0.00010000000000000286,-0.043399999999999994,-1.9858599999999988,11.02668
2026-08-24T05:43:23.469Z,2.4379600000000003,-12.50513,0.00010000000000000286,-0.043399999999999994,-1.9867100000000004,11.39558
2026-08-24T05:43:28.472Z,2.4391099999999994,-13.00423,0.00010000000000000286,-0.043399999999999994,-1.9878599999999995,11.894680000000001
2026-08-24T05:43:33.473Z,2.4391099999999994,-13.00423,0.00010000000000000286,-0.043399999999999994,-1.9878599999999995,11.894680000000001
2026-08-24T05:43:38.474Z,2.43966,-13.242930000000001,0.00010000000000000286,-0.043399999999999994,-1.98841,12.133379999999999
2026-08-24T05:43:43.474Z,2.4410600000000002,-13.85053,0.00010000000000000286,-0.043399999999999994,-1.9898100000000003,12.74098
2026-08-24T05:43:48.476Z,2.441509999999999,-14.04583,0.00010000000000000286,-0.043399999999999994,-1.990260000000001,12.93628
2026-08-24T05:43:53.478Z,2.439210000000001,-13.04763,0.00010000000000000286,-0.043399999999999994,-1.9879599999999993,11.93808
2026-08-24T05:43:58.480Z,2.438509999999999,-12.74383,0.00010000000000000286,-0.043399999999999994,-1.987260000000001,11.634279999999999
2026-08-24T05:44:03.490Z,2.4384099999999993,-12.70043,0.00010000000000000286,-0.043399999999999994,-1.9871600000000011,11.59088
2026-08-24T05:44:08.481Z,2.4384099999999993,-12.70043,0.00010000000000000286,-0.043399999999999994,-1.9871600000000011,11.59088
2026-08-24T05:44:13.483Z,2.438509999999999,-12.74383,0.00010000000000000286,-0.043399999999999994,-1.987260000000001,11.634279999999999
2026-08-24T05:44:18.485Z,2.4376099999999994,-12.35323,0.00010000000000000286,-0.043399999999999994,-1.9863599999999995,11.243680000000001
2026-08-24T05:44:23.486Z,2.436210000000001,-11.745629999999998,0.00010000000000000286,-0.043399999999999994,-1.9849599999999992,10.63608
2026-08-24T05:44:28.488Z,2.4355100000000007,-11.44183,0.00010000000000000286,-0.043399999999999994,-1.984259999999999,10.33228
2026-08-24T05:44:33.490Z,2.4341100000000004,-10.83423,0.00010000000000000286,-0.043399999999999994,-1.9828600000000005,9.724680000000001
2026-08-24T05:44:38.492Z,2.4332100000000008,-10.443629999999999,0.00010000000000000286,-0.043399999999999994,-1.9819600000000008,9.33408
2026-08-24T05:44:43.494Z,2.4337100000000014,-10.66063,0.00010000000000000286,-0.043399999999999994,-1.9824599999999997,9.55108
2026-08-24T05:44:48.495Z,2.4338099999999994,-10.704030000000001,0.00010000000000000286,-0.043399999999999994,-1.9825600000000012,9.594479999999999
2026-08-24T05:44:53.496Z,2.4337100000000014,-10.66063,0.00010000000000000286,-0.043399999999999994,-1.9824599999999997,9.55108
2026-08-24T05:44:58.497Z,2.4330099999999995,-10.35683,0.00010000000000000286,-0.043399999999999994,-1.9817599999999995,9.24728
2026-08-24T05:45:03.508Z,2.4330099999999995,-10.35683,0.00010000000000000286,-0.043399999999999994,-1.9817599999999995,9.24728
2026-08-24T05:45:08.501Z,2.4330099999999995,-10.35683,0.00010000000000000286,-0.043399999999999994,-1.9817599999999995,9.24728
2026-08-24T05:45:13.503Z,2.4337100000000014,-10.66063,0.00010000000000000286,-0.043399999999999994,-1.9824599999999997,9.55108
2026-08-24T05:45:18.505Z,2.4345599999999994,-11.029530000000001,0.00010000000000000286,-0.043399999999999994,-1.9833100000000012,9.919979999999999
2026-08-24T05:45:23.507Z,2.435559999999999,-11.46353,0.00010000000000000286,-0.043399999999999994,-1.9843100000000007,10.35398
2026-08-24T05:45:28.509Z,2.435559999999999,-11.46353,0.00010000000000000286,-0.043399999999999994,-1.9843100000000007,10.35398
2026-08-24T05:45:33.511Z,2.436309999999999,-11.78903,0.00010000000000000286,-0.043399999999999994,-1.9850600000000007,10.67948
2026-08-24T05:45:38.512Z,2.4360099999999996,-11.65883,0.00010000000000000286,-0.043399999999999994,-1.9847599999999996,10.549280000000001
2026-08-24T05:45:43.514Z,2.434610000000001,-11.05123,0.00010000000000000286,-0.043399999999999994,-1.9833599999999993,9.94168
2026-08-24T05:45:48.516Z,2.43501,-11.22483,0.00010000000000000286,-0.043399999999999994,-1.9837599999999984,10.11528
2026-08-24T05:45:53.518Z,2.43501,-11.22483,0.00010000000000000286,-0.043399999999999994,-1.9837599999999984,10.11528
2026-08-24T05:45:58.520Z,2.4353099999999994,-11.355030000000001,0.00010000000000000286,-0.043399999999999994,-1.9840599999999995,10.24548
2026-08-24T05:46:03.524Z,2.434610000000001,-11.05123,0.00010000000000000286,-0.043399999999999994,-1.9833599999999993,9.94168
2026-08-24T05:46:08.523Z,2.4345099999999995,-11.00783,0.00010000000000000286,-0.043399999999999994,-1.9832599999999996,9.898280000000002
2026-08-24T05:46:13.523Z,2.4345099999999995,-11.00783,0.00010000000000000286,-0.043399999999999994,-1.9832599999999996,9.898280000000002
2026-08-24T05:46:18.525Z,2.434809999999999,-11.13803,0.00010000000000000286,-0.043399999999999994,-1.9835600000000007,10.02848
2026-08-24T05:46:23.527Z,2.434809999999999,-11.13803,0.00010000000000000286,-0.043399999999999994,-1.9835600000000007,10.02848
2026-08-24T05:46:28.528Z,2.4333099999999988,-10.48703,0.00010000000000000286,-0.043399999999999994,-1.9820600000000006,9.37748
2026-08-24T05:46:33.528Z,2.4330099999999995,-10.35683,0.00010000000000000286,-0.043399999999999994,-1.9817599999999995,9.24728
2026-08-24T05:46:38.530Z,2.4330099999999995,-10.35683,0.00010000000000000286,-0.043399999999999994,-1.9817599999999995,9.24728
2026-08-24T05:46:43.531Z,2.4330099999999995,-10.35683,0.00010000000000000286,-0.043399999999999994,-1.9817599999999995,9.24728
2026-08-24T05:46:48.531Z,2.4330099999999995,-10.35683,0.00010000000000000286,-0.043399999999999994,-1.9817599999999995,9.24728
2026-08-24T05:46:53.533Z,2.4330099999999995,-10.35683,0.00010000000000000286,-0.043399999999999994,-1.9817599999999995,9.24728
2026-08-24T05:46:58.534Z,2.4330099999999995,-10.35683,0.00010000000000000286,-0.043399999999999994,-1.9817599999999995,9.24728
2026-08-24T05:47:03.540Z,2.433110000000001,-10.400229999999999,0.00010000000000000286,-0.043399999999999994,-1.9818599999999993,9.29068
2026-08-24T05:47:08.538Z,2.43361,-10.61723,0.00010000000000000286,-0.043399999999999994,-1.98236,9.50768
2026-08-24T05:47:13.540Z,2.433960000000001,-10.769129999999999,0.00010000000000000286,-0.043399999999999994,-1.9827100000000009,9.65958
2026-08-24T05:47:18.542Z,2.43431,-10.92103,0.00010000000000000286,-0.043399999999999994,-1.98306,9.81148
2026-08-24T05:47:23.545Z,2.43431,-10.92103,0.00010000000000000286,-0.043399999999999994,-1.98306,9.81148
2026-08-24T05:47:28.545Z,2.43431,-10.92103,0.00010000000000000286,-0.043399999999999994,-1.98306,9.81148
2026-08-24T05:47:33.547Z,2.4330599999999993,-10.378530000000001,0.00010000000000000286,-0.043399999999999994,-1.9818100000000012,9.268979999999999
2026-08-24T05:47:38.547Z,2.43281,-10.27003,0.00010000000000000286,-0.043399999999999994,-1.98156,9.16048
2026-08-24T05:47:43.549Z,2.43271,-10.226629999999998,0.00010000000000000286,-0.043399999999999994,-1.9814600000000002,9.11708
2026-08-24T05:47:48.550Z,2.4332100000000008,-10.443629999999999,0.00010000000000000286,-0.043399999999999994,-1.9819600000000008,9.33408
2026-08-24T05:47:53.550Z,2.43351,-10.57383,0.00010000000000000286,-0.043399999999999994,-1.9822600000000001,9.46428
2026-08-24T05:47:58.552Z,2.433909999999999,-10.74743,0.00010000000000000286,-0.043399999999999994,-1.982660000000001,9.63788
2026-08-24T05:48:03.563Z,2.433960000000001,-10.769129999999999,0.00010000000000000286,-0.043399999999999994,-1.9827100000000009,9.65958
2026-08-24T05:48:08.554Z,2.433909999999999,-10.74743,0.00010000000000000286,-0.043399999999999994,-1.982660000000001,9.63788
2026-08-24T05:48:13.556Z,2.433909999999999,-10.74743,0.00010000000000000286,-0.043399999999999994,-1.982660000000001,9.63788
2026-08-24T05:48:18.558Z,2.4355100000000007,-11.44183,0.00010000000000000286,-0.043399999999999994,-1.984259999999999,10.33228
2026-08-24T05:48:23.560Z,2.4355100000000007,-11.44183,0.00010000000000000286,-0.043399999999999994,-1.984259999999999,10.33228
2026-08-24T05:48:28.562Z,2.4355100000000007,-11.44183,0.00010000000000000286,-0.043399999999999994,-1.984259999999999,10.33228
2026-08-24T05:48:33.564Z,2.4355100000000007,-11.44183,0.00010000000000000286,-0.043399999999999994,-1.984259999999999,10.33228
2026-08-24T05:48:38.565Z,2.43501,-11.22483,0.00010000000000000286,-0.043399999999999994,-1.9837599999999984,10.11528
2026-08-24T05:48:43.567Z,2.4353099999999994,-11.355030000000001,0.00010000000000000286,-0.043399999999999994,-1.9840599999999995,10.24548
2026-08-24T05:48:48.568Z,2.435360000000001,-11.37673,0.00010000000000000286,-0.043399999999999994,-1.9841099999999994,10.26718
2026-08-24T05:48:53.568Z,2.4353099999999994,-11.355030000000001,0.00010000000000000286,-0.043399999999999994,-1.9840599999999995,10.24548
2026-08-24T05:48:58.570Z,2.4344099999999997,-10.96443,0.00010000000000000286,-0.043399999999999994,-1.9831600000000016,9.85488
2026-08-24T05:49:03.582Z,2.4344099999999997,-10.96443,0.00010000000000000286,-0.043399999999999994,-1.9831600000000016,9.85488
2026-08-24T05:49:08.574Z,2.4340100000000007,-10.79083,0.00010000000000000286,-0.043399999999999994,-1.982759999999999,9.681280000000001
2026-08-24T05:49:13.574Z,2.433909999999999,-10.74743,0.00010000000000000286,-0.043399999999999994,-1.982660000000001,9.63788
2026-08-24T05:49:18.577Z,2.4332100000000008,-10.443629999999999,0.00010000000000000286,-0.043399999999999994,-1.9819600000000008,9.33408
2026-08-24T05:49:23.578Z,2.4315099999999994,-9.705829999999999,0.00010000000000000286,-0.043399999999999994,-1.9802599999999995,8.59628
2026-08-24T05:49:28.578Z,2.4315099999999994,-9.705829999999999,0.00010000000000000286,-0.043399999999999994,-1.9802599999999995,8.59628
2026-08-24T05:49:33.579Z,2.4315099999999994,-9.705829999999999,0.00010000000000000286,-0.043399999999999994,-1.9802599999999995,8.59628
2026-08-24T05:49:38.582Z,2.4315099999999994,-9.705829999999999,0.00010000000000000286,-0.043399999999999994,-1.9802599999999995,8.59628
2026-08-24T05:49:43.583Z,2.4315099999999994,-9.705829999999999,0.00010000000000000286,-0.043399999999999994,-1.9802599999999995,8.59628
2026-08-24T05:49:48.585Z,2.4315099999999994,-9.705829999999999,0.00010000000000000286,-0.043399999999999994,-1.9802599999999995,8.59628
2026-08-24T05:49:53.587Z,2.4303100000000004,-9.185030000000001,0.00010000000000000286,-0.043399999999999994,-1.9790600000000005,8.075479999999999
2026-08-24T05:49:58.590Z,2.4299099999999996,-9.01143,0.00010000000000000286,-0.043399999999999994,-1.9786599999999996,7.901880000000001
2026-08-24T05:50:03.597Z,2.4299099999999996,-9.01143,0.00010000000000000286,-0.043399999999999994,-1.9786599999999996,7.901880000000001
2026-08-24T05:50:08.594Z,2.4292099999999994,-8.70763,0.00010000000000000286,-0.043399999999999994,-1.9779599999999995,7.5980799999999995
2026-08-24T05:50:13.596Z,2.429309999999999,-8.75103,0.00010000000000000286,-0.043399999999999994,-1.978060000000001,7.64148
2026-08-24T05:50:18.598Z,2.4295100000000005,-8.83783,0.00010000000000000286,-0.043399999999999994,-1.9782599999999988,7.728280000000001
2026-08-24T05:50:23.599Z,2.4295100000000005,-8.83783,0.00010000000000000286,-0.043399999999999994,-1.9782599999999988,7.728280000000001
2026-08-24T05:50:28.601Z,2.4295100000000005,-8.83783,0.00010000000000000286,-0.043399999999999994,-1.9782599999999988,7.728280000000001
2026-08-24T05:50:33.604Z,2.4295100000000005,-8.83783,0.00010000000000000286,-0.043399999999999994,-1.9782599999999988,7.728280000000001
2026-08-24T05:50:38.605Z,2.4295100000000005,-8.83783,0.00010000000000000286,-0.043399999999999994,-1.9782599999999988,7.728280000000001
2026-08-24T05:50:43.608Z,2.4295100000000005,-8.83783,0.00010000000000000286,-0.043399999999999994,-1.9782599999999988,7.728280000000001
2026-08-24T05:50:48.609Z,2.42901,-8.62083,0.00010000000000000286,-0.043399999999999994,-1.97776,7.51128
2026-08-24T05:50:53.611Z,2.42901,-8.62083,0.00010000000000000286,-0.043399999999999994,-1.97776,7.51128
2026-08-24T05:50:58.613Z,2.428510000000001,-8.40383,0.00010000000000000286,-0.043399999999999994,-1.9772599999999994,7.2942800000000005
2026-08-24T05:51:03.629Z,2.4269099999999995,-7.70943,0.00010000000000000286,-0.043399999999999994,-1.9756599999999995,6.599880000000001
2026-08-24T05:51:08.617Z,2.4266099999999993,-7.57923,0.00010000000000000286,-0.043399999999999994,-1.9753600000000002,6.46968
2026-08-24T05:51:13.618Z,2.4266099999999993,-7.57923,0.00010000000000000286,-0.043399999999999994,-1.9753600000000002,6.46968
2026-08-24T05:51:18.618Z,2.4245100000000006,-6.66783,0.00010000000000000286,-0.043399999999999994,-1.9732599999999998,5.55828
2026-08-24T05:51:23.621Z,2.4238099999999996,-6.36403,0.00010000000000000286,-0.043399999999999994,-1.9725600000000005,5.25448
2026-08-24T05:51:28.622Z,2.42476,-6.776330000000001,0.00010000000000000286,-0.043399999999999994,-1.9735099999999992,5.66678
2026-08-24T05:51:33.624Z,2.424809999999999,-6.79803,0.00010000000000000286,-0.043399999999999994,-1.97356,5.68848
2026-08-24T05:51:38.626Z,2.4245100000000006,-6.66783,0.00010000000000000286,-0.043399999999999994,-1.9732599999999998,5.55828
2026-08-24T05:51:43.629Z,2.4247099999999993,-6.754630000000001,0.00010000000000000286,-0.043399999999999994,-1.9734600000000002,5.64508
2026-08-24T05:51:48.629Z,2.4247099999999993,-6.754630000000001,0.00010000000000000286,-0.043399999999999994,-1.9734600000000002,5.64508
2026-08-24T05:51:53.631Z,2.4247099999999993,-6.754630000000001,0.00010000000000000286,-0.043399999999999994,-1.9734600000000002,5.64508
2026-08-24T05:51:58.633Z,2.4247099999999993,-6.754630000000001,0.00010000000000000286,-0.043399999999999994,-1.9734600000000002,5.64508
2026-08-24T05:52:03.644Z,2.4241099999999998,-6.49423,0.00010000000000000286,-0.043399999999999994,-1.9728600000000007,5.3846799999999995
2026-08-24T05:52:08.636Z,2.4241099999999998,-6.49423,0.00010000000000000286,-0.043399999999999994,-1.9728600000000007,5.3846799999999995
2026-08-24T05:52:13.638Z,2.4249100000000006,-6.84143,0.00010000000000000286,-0.043399999999999994,-1.9736599999999997,5.731879999999999
2026-08-24T05:52:18.639Z,2.4249100000000006,-6.84143,0.00010000000000000286,-0.043399999999999994,-1.9736599999999997,5.731879999999999
2026-08-24T05:52:23.641Z,2.425109999999999,-6.92823,0.00010000000000000286,-0.043399999999999994,-1.9738600000000002,5.81868
2026-08-24T05:52:28.644Z,2.425109999999999,-6.92823,0.00010000000000000286,-0.043399999999999994,-1.9738600000000002,5.81868
2026-08-24T05:52:33.647Z,2.425109999999999,-6.92823,0.00010000000000000286,-0.043399999999999994,-1.9738600000000002,5.81868
2026-08-24T05:52:38.650Z,2.425109999999999,-6.92823,0.00010000000000000286,-0.043399999999999994,-1.9738600000000002,5.81868
2026-08-24T05:52:43.653Z,2.425109999999999,-6.92823,0.00010000000000000286,-0.043399999999999994,-1.9738600000000002,5.81868
2026-08-24T05:52:48.655Z,2.4276599999999995,-8.03493,0.00010000000000000286,-0.043399999999999994,-1.9764099999999996,6.9253800000000005
2026-08-24T05:52:53.657Z,2.4280100000000004,-8.186829999999999,0.00010000000000000286,-0.043399999999999994,-1.9767600000000005,7.07728
2026-08-24T05:52:58.658Z,2.4280100000000004,-8.186829999999999,0.00010000000000000286,-0.043399999999999994,-1.9767600000000005,7.07728
2026-08-24T05:53:03.673Z,2.4280100000000004,-8.186829999999999,0.00010000000000000286,-0.043399999999999994,-1.9767600000000005,7.07728
2026-08-24T05:53:08.661Z,2.4284099999999995,-8.36043,0.00010000000000000286,-0.043399999999999994,-1.9771599999999996,7.25088
2026-08-24T05:53:13.663Z,2.4284099999999995,-8.36043,0.00010000000000000286,-0.043399999999999994,-1.9771599999999996,7.25088
2026-08-24T05:53:18.666Z,2.4284099999999995,-8.36043,0.00010000000000000286,-0.043399999999999994,-1.9771599999999996,7.25088
2026-08-24T05:53:23.667Z,2.4284099999999995,-8.36043,0.00010000000000000286,-0.043399999999999994,-1.9771599999999996,7.25088
2026-08-24T05:53:28.669Z,2.4292099999999994,-8.70763,0.00010000000000000286,-0.043399999999999994,-1.9779599999999995,7.5980799999999995
2026-08-24T05:53:33.671Z,2.4292099999999994,-8.70763,0.00010000000000000286,-0.043399999999999994,-1.9779599999999995,7.5980799999999995
2026-08-24T05:53:38.673Z,2.4292099999999994,-8.70763,0.00010000000000000286,-0.043399999999999994,-1.9779599999999995,7.5980799999999995
2026-08-24T05:53:43.676Z,2.4288600000000002,-8.555729999999999,0.00010000000000000286,-0.043399999999999994,-1.9776100000000003,7.44618
2026-08-24T05:53:48.676Z,2.428610000000001,-8.44723,0.00010000000000000286,-0.043399999999999994,-1.9773599999999991,7.33768
2026-08-24T05:53:53.678Z,2.428610000000001,-8.44723,0.00010000000000000286,-0.043399999999999994,-1.9773599999999991,7.33768
2026-08-24T05:53:58.681Z,2.428610000000001,-8.44723,0.00010000000000000286,-0.043399999999999994,-1.9773599999999991,7.33768
2026-08-24T05:54:03.684Z,2.428610000000001,-8.44723,0.00010000000000000286,-0.043399999999999994,-1.9773599999999991,7.33768
2026-08-24T05:54:08.683Z,2.428610000000001,-8.44723,0.00010000000000000286,-0.043399999999999994,-1.9773599999999991,7.33768
2026-08-24T05:54:13.685Z,2.42981,-8.96803,0.00010000000000000286,-0.043399999999999994,-1.9785599999999999,7.858479999999999
2026-08-24T05:54:18.686Z,2.4308099999999992,-9.40203,0.00010000000000000286,-0.043399999999999994,-1.979560000000001,8.29248
2026-08-24T05:54:23.689Z,2.4349100000000004,-11.18143,0.00010000000000000286,-0.043399999999999994,-1.9836600000000004,10.07188
2026-08-24T05:54:28.690Z,2.4353099999999994,-11.355030000000001,0.00010000000000000286,-0.043399999999999994,-1.9840599999999995,10.24548
2026-08-24T05:54:33.692Z,2.437010000000001,-12.09283,0.00010000000000000286,-0.043399999999999994,-1.985759999999999,10.98328
2026-08-24T05:54:38.694Z,2.437010000000001,-12.09283,0.00010000000000000286,-0.043399999999999994,-1.985759999999999,10.98328
2026-08-24T05:54:43.695Z,2.43651,-11.87583,0.00010000000000000286,-0.043399999999999994,-1.9852599999999985,10.76628
2026-08-24T05:54:48.697Z,2.43651,-11.87583,0.00010000000000000286,-0.043399999999999994,-1.9852599999999985,10.76628
2026-08-24T05:54:53.697Z,2.43651,-11.87583,0.00010000000000000286,-0.043399999999999994,-1.9852599999999985,10.76628
2026-08-24T05:54:58.699Z,2.43651,-11.87583,0.00010000000000000286,-0.043399999999999994,-1.9852599999999985,10.76628
2026-08-24T05:55:03.711Z,2.43651,-11.87583,0.00010000000000000286,-0.043399999999999994,-1.9852599999999985,10.76628
2026-08-24T05:55:08.702Z,2.43581,-11.572030000000002,0.00010000000000000286,-0.043399999999999994,-1.98456,10.46248
2026-08-24T05:55:13.703Z,2.43581,-11.572030000000002,0.00010000000000000286,-0.043399999999999994,-1.98456,10.46248
2026-08-24T05:55:18.703Z,2.436860000000001,-12.02773,0.00010000000000000286,-0.043399999999999994,-1.9856099999999994,10.91818
2026-08-24T05:55:23.704Z,2.4368099999999995,-12.00603,0.00010000000000000286,-0.043399999999999994,-1.9855599999999995,10.89648
2026-08-24T05:55:28.705Z,2.4368099999999995,-12.00603,0.00010000000000000286,-0.043399999999999994,-1.9855599999999995,10.89648
2026-08-24T05:55:33.706Z,2.4368099999999995,-12.00603,0.00010000000000000286,-0.043399999999999994,-1.9855599999999995,10.89648
2026-08-24T05:55:38.708Z,2.4357100000000003,-11.52863,0.00010000000000000286,-0.043399999999999994,-1.9844600000000003,10.419080000000001
2026-08-24T05:55:43.708Z,2.4357100000000003,-11.52863,0.00010000000000000286,-0.043399999999999994,-1.9844600000000003,10.419080000000001
2026-08-24T05:55:48.710Z,2.4353099999999994,-11.355030000000001,0.00010000000000000286,-0.043399999999999994,-1.9840599999999995,10.24548
2026-08-24T05:55:53.711Z,2.433159999999999,-10.42193,0.00010000000000000286,-0.043399999999999994,-1.981910000000001,9.31238
2026-08-24T05:55:58.712Z,2.43281,-10.27003,0.00010000000000000286,-0.043399999999999994,-1.98156,9.16048
2026-08-24T05:56:03.716Z,2.43281,-10.27003,0.00010000000000000286,-0.043399999999999994,-1.98156,9.16048
2026-08-24T05:56:08.713Z,2.43281,-10.27003,0.00010000000000000286,-0.043399999999999994,-1.98156,9.16048
2026-08-24T05:56:13.714Z,2.433110000000001,-10.400229999999999,0.00010000000000000286,-0.043399999999999994,-1.9818599999999993,9.29068
2026-08-24T05:56:18.715Z,2.4338099999999994,-10.704030000000001,0.00010000000000000286,-0.043399999999999994,-1.9825600000000012,9.594479999999999
2026-08-24T05:56:23.716Z,2.43421,-10.87763,0.00010000000000000286,-0.043399999999999994,-1.9829600000000003,9.76808
2026-08-24T05:56:28.717Z,2.43421,-10.87763,0.00010000000000000286,-0.043399999999999994,-1.9829600000000003,9.76808
2026-08-24T05:56:33.717Z,2.43421,-10.87763,0.00010000000000000286,-0.043399999999999994,-1.9829600000000003,9.76808
2026-08-24T05:56:38.718Z,2.434610000000001,-11.05123,0.00010000000000000286,-0.043399999999999994,-1.9833599999999993,9.94168
2026-08-24T05:56:43.719Z,2.43421,-10.87763,0.00010000000000000286,-0.043399999999999994,-1.9829600000000003,9.76808
2026-08-24T05:56:48.720Z,2.43421,-10.87763,0.00010000000000000286,-0.043399999999999994,-1.9829600000000003,9.76808
2026-08-24T05:56:53.722Z,2.43421,-10.87763,0.00010000000000000286,-0.043399999999999994,-1.9829600000000003,9.76808
2026-08-24T05:56:58.723Z,2.4345099999999995,-11.00783,0.00010000000000000286,-0.043399999999999994,-1.9832599999999996,9.898280000000002
2026-08-24T05:57:03.731Z,2.434710000000001,-11.094629999999999,0.00010000000000000286,-0.043399999999999994,-1.9834599999999991,9.98508
2026-08-24T05:57:08.724Z,2.434809999999999,-11.13803,0.00010000000000000286,-0.043399999999999994,-1.9835600000000007,10.02848
2026-08-24T05:57:13.725Z,2.434809999999999,-11.13803,0.00010000000000000286,-0.043399999999999994,-1.9835600000000007,10.02848
2026-08-24T05:57:18.726Z,2.434809999999999,-11.13803,0.00010000000000000286,-0.043399999999999994,-1.9835600000000007,10.02848
2026-08-24T05:57:23.726Z,2.4353099999999994,-11.355030000000001,0.00010000000000000286,-0.043399999999999994,-1.9840599999999995,10.24548
2026-08-24T05:57:28.728Z,2.4356100000000005,-11.48523,0.00010000000000000286,-0.043399999999999994,-1.9843599999999988,10.375680000000001
2026-08-24T05:57:33.729Z,2.437710000000001,-12.39663,0.00010000000000000286,-0.043399999999999994,-1.9864599999999992,11.28708
2026-08-24T05:57:38.730Z,2.4379099999999987,-12.48343,0.00010000000000000286,-0.043399999999999994,-1.9866600000000005,11.37388
2026-08-24T05:57:43.731Z,2.4384099999999993,-12.70043,0.00010000000000000286,-0.043399999999999994,-1.9871600000000011,11.59088
2026-08-24T05:57:48.732Z,2.4384099999999993,-12.70043,0.00010000000000000286,-0.043399999999999994,-1.9871600000000011,11.59088
2026-08-24T05:57:53.732Z,2.438460000000001,-12.72213,0.00010000000000000286,-0.043399999999999994,-1.9872099999999993,11.61258
2026-08-24T05:57:58.733Z,2.4386100000000006,-12.78723,0.00010000000000000286,-0.043399999999999994,-1.987359999999999,11.67768
2026-08-24T05:58:03.738Z,2.4386100000000006,-12.78723,0.00010000000000000286,-0.043399999999999994,-1.987359999999999,11.67768
2026-08-24T05:58:08.735Z,2.4386100000000006,-12.78723,0.00010000000000000286,-0.043399999999999994,-1.987359999999999,11.67768
2026-08-24T05:58:13.736Z,2.4394099999999987,-13.13443,0.00010000000000000286,-0.043399999999999994,-1.9881600000000006,12.02488
2026-08-24T05:58:18.737Z,2.43961,-13.22123,0.00010000000000000286,-0.043399999999999994,-1.9883600000000001,12.11168
2026-08-24T05:58:23.738Z,2.43961,-13.22123,0.00010000000000000286,-0.043399999999999994,-1.9883600000000001,12.11168
2026-08-24T05:58:28.739Z,2.4405099999999997,-13.611830000000001,0.00010000000000000286,-0.043399999999999994,-1.9892600000000016,12.502279999999999
2026-08-24T05:58:33.740Z,2.4405099999999997,-13.611830000000001,0.00010000000000000286,-0.043399999999999994,-1.9892600000000016,12.502279999999999
2026-08-24T05:58:38.741Z,2.4405099999999997,-13.611830000000001,0.00010000000000000286,-0.043399999999999994,-1.9892600000000016,12.502279999999999
2026-08-24T05:58:43.742Z,2.4406099999999995,-13.65523,0.00010000000000000286,-0.043399999999999994,-1.9893599999999996,12.54568
2026-08-24T05:58:48.744Z,2.4406099999999995,-13.65523,0.00010000000000000286,-0.043399999999999994,-1.9893599999999996,12.54568
2026-08-24T05:58:53.744Z,2.4410100000000003,-13.82883,0.00010000000000000286,-0.043399999999999994,-1.9897600000000004,12.71928
2026-08-24T05:58:58.745Z,2.4410100000000003,-13.82883,0.00010000000000000286,-0.043399999999999994,-1.9897600000000004,12.71928
2026-08-24T05:59:03.753Z,2.4410100000000003,-13.82883,0.00010000000000000286,-0.043399999999999994,-1.9897600000000004,12.71928
2026-08-24T05:59:08.746Z,2.4410100000000003,-13.82883,0.00010000000000000286,-0.043399999999999994,-1.9897600000000004,12.71928
2026-08-24T05:59:13.747Z,2.4410100000000003,-13.82883,0.00010000000000000286,-0.043399999999999994,-1.9897600000000004,12.71928
2026-08-24T05:59:18.749Z,2.44121,-13.91563,0.00010000000000000286,-0.043399999999999994,-1.98996,12.80608
2026-08-24T05:59:23.749Z,2.44121,-13.91563,0.00010000000000000286,-0.043399999999999994,-1.98996,12.80608
2026-08-24T05:59:28.750Z,2.4390099999999997,-12.96083,0.00010000000000000286,-0.043399999999999994,-1.9877600000000015,11.85128
2026-08-24T05:59:33.752Z,2.4390099999999997,-12.96083,0.00010000000000000286,-0.043399999999999994,-1.9877600000000015,11.85128
2026-08-24T05:59:38.753Z,2.4393100000000008,-13.09103,0.00010000000000000286,-0.043399999999999994,-1.9880600000000008,11.98148
2026-08-24T05:59:43.754Z,2.4393100000000008,-13.09103,0.00010000000000000286,-0.043399999999999994,-1.9880600000000008,11.98148
2026-08-24T05:59:48.754Z,2.4393100000000008,-13.09103,0.00010000000000000286,-0.043399999999999994,-1.9880600000000008,11.98148
2026-08-24T05:59:53.754Z,2.4393100000000008,-13.09103,0.00010000000000000286,-0.043399999999999994,-1.9880600000000008,11.98148
2026-08-24T05:59:58.755Z,2.4393100000000008,-13.09103,0.00010000000000000286,-0.043399999999999994,-1.9880600000000008,11.98148
2026-08-24T06:00:03.763Z,2.438460000000001,-12.72213,0.00010000000000000286,-0.043399999999999994,-1.9872099999999993,11.61258
2026-08-24T06:00:08.757Z,2.43886,-12.89573,0.00010000000000000286,-0.043399999999999994,-1.98761,11.78618
2026-08-24T06:00:13.758Z,2.4399099999999994,-13.35143,0.00010000000000000286,-0.043399999999999994,-1.9886600000000012,12.24188
2026-08-24T06:00:18.759Z,2.438509999999999,-12.74383,0.00010000000000000286,-0.043399999999999994,-1.987260000000001,11.634279999999999
2026-08-24T06:00:23.760Z,2.4394099999999987,-13.13443,0.00010000000000000286,-0.043399999999999994,-1.9881600000000006,12.02488
2026-08-24T06:00:28.761Z,2.440909999999999,-13.785430000000002,0.00010000000000000286,-0.043399999999999994,-1.9896600000000007,12.67588
2026-08-24T06:00:33.762Z,2.440909999999999,-13.785430000000002,0.00010000000000000286,-0.043399999999999994,-1.9896600000000007,12.67588
2026-08-24T06:00:38.763Z,2.4413599999999995,-13.98073,0.00010000000000000286,-0.043399999999999994,-1.9901099999999996,12.87118
2026-08-24T06:00:43.764Z,2.441509999999999,-14.04583,0.00010000000000000286,-0.043399999999999994,-1.990260000000001,12.93628
2026-08-24T06:00:48.765Z,2.44201,-14.262830000000001,0.00010000000000000286,-0.043399999999999994,-1.9907599999999999,13.153279999999999
2026-08-24T06:00:53.766Z,2.44201,-14.262830000000001,0.00010000000000000286,-0.043399999999999994,-1.9907599999999999,13.153279999999999
2026-08-24T06:00:58.767Z,2.43961,-13.22123,0.00010000000000000286,-0.043399999999999994,-1.9883600000000001,12.11168
2026-08-24T06:01:03.777Z,2.4376099999999994,-12.35323,0.00010000000000000286,-0.043399999999999994,-1.9863599999999995,11.243680000000001
2026-08-24T06:01:08.770Z,2.43661,-11.919229999999999,0.00010000000000000286,-0.043399999999999994,-1.98536,10.80968
2026-08-24T06:01:13.770Z,2.4344099999999997,-10.96443,0.00010000000000000286,-0.043399999999999994,-1.9831600000000016,9.85488
2026-08-24T06:01:18.773Z,2.4344099999999997,-10.96443,0.00010000000000000286,-0.043399999999999994,-1.9831600000000016,9.85488
2026-08-24T06:01:23.772Z,2.4344099999999997,-10.96443,0.00010000000000000286,-0.043399999999999994,-1.9831600000000016,9.85488
2026-08-24T06:01:28.773Z,2.4344099999999997,-10.96443,0.00010000000000000286,-0.043399999999999994,-1.9831600000000016,9.85488
2026-08-24T06:01:33.773Z,2.4341100000000004,-10.83423,0.00010000000000000286,-0.043399999999999994,-1.9828600000000005,9.724680000000001
2026-08-24T06:01:38.775Z,2.435409999999999,-11.398430000000001,0.00010000000000000286,-0.043399999999999994,-1.984160000000001,10.288879999999999
2026-08-24T06:01:43.775Z,2.435409999999999,-11.398430000000001,0.00010000000000000286,-0.043399999999999994,-1.984160000000001,10.288879999999999
2026-08-24T06:01:48.777Z,2.4352100000000014,-11.31163,0.00010000000000000286,-0.043399999999999994,-1.9839599999999997,10.20208
2026-08-24T06:01:53.777Z,2.4344099999999997,-10.96443,0.00010000000000000286,-0.043399999999999994,-1.9831600000000016,9.85488
2026-08-24T06:01:58.779Z,2.43431,-10.92103,0.00010000000000000286,-0.043399999999999994,-1.98306,9.81148
2026-08-24T06:02:03.782Z,2.43436,-10.94273,0.00010000000000000286,-0.043399999999999994,-1.98311,9.83318
2026-08-24T06:02:08.779Z,2.43431,-10.92103,0.00010000000000000286,-0.043399999999999994,-1.98306,9.81148
2026-08-24T06:02:13.792Z,2.43431,-10.92103,0.00010000000000000286,-0.043399999999999994,-1.98306,9.81148
2026-08-24T06:02:18.792Z,2.4345599999999994,-11.029530000000001,0.00010000000000000286,-0.043399999999999994,-1.9833100000000012,9.919979999999999
2026-08-24T06:02:23.792Z,2.436210000000001,-11.745629999999998,0.00010000000000000286,-0.043399999999999994,-1.9849599999999992,10.63608
2026-08-24T06:02:28.794Z,2.436210000000001,-11.745629999999998,0.00010000000000000286,-0.043399999999999994,-1.9849599999999992,10.63608
2026-08-24T06:02:33.794Z,2.4362600000000008,-11.76733,0.00010000000000000286,-0.043399999999999994,-1.985009999999999,10.65778
2026-08-24T06:02:38.794Z,2.43661,-11.919229999999999,0.00010000000000000286,-0.043399999999999994,-1.98536,10.80968
2026-08-24T06:02:43.794Z,2.43501,-11.22483,0.00010000000000000286,-0.043399999999999994,-1.9837599999999984,10.11528
2026-08-24T06:02:48.795Z,2.4338099999999994,-10.704030000000001,0.00010000000000000286,-0.043399999999999994,-1.9825600000000012,9.594479999999999
2026-08-24T06:02:53.796Z,2.43426,-10.899329999999999,0.00010000000000000286,-0.043399999999999994,-1.9830100000000002,9.78978
2026-08-24T06:02:58.797Z,2.43421,-10.87763,0.00010000000000000286,-0.043399999999999994,-1.9829600000000003,9.76808
2026-08-24T06:03:03.805Z,2.43421,-10.87763,0.00010000000000000286,-0.043399999999999994,-1.9829600000000003,9.76808
2026-08-24T06:03:08.800Z,2.43421,-10.87763,0.00010000000000000286,-0.043399999999999994,-1.9829600000000003,9.76808
2026-08-24T06:03:13.801Z,2.43421,-10.87763,0.00010000000000000286,-0.043399999999999994,-1.9829600000000003,9.76808
2026-08-24T06:03:18.802Z,2.43421,-10.87763,0.00010000000000000286,-0.043399999999999994,-1.9829600000000003,9.76808
2026-08-24T06:03:23.803Z,2.4333099999999988,-10.48703,0.00010000000000000286,-0.043399999999999994,-1.9820600000000006,9.37748
2026-08-24T06:03:28.804Z,2.4330099999999995,-10.35683,0.00010000000000000286,-0.043399999999999994,-1.9817599999999995,9.24728
2026-08-24T06:03:33.805Z,2.4323099999999993,-10.05303,0.00010000000000000286,-0.043399999999999994,-1.9810600000000012,8.94348
2026-08-24T06:03:38.806Z,2.43361,-10.61723,0.00010000000000000286,-0.043399999999999994,-1.98236,9.50768
2026-08-24T06:03:43.808Z,2.43361,-10.61723,0.00010000000000000286,-0.043399999999999994,-1.98236,9.50768
2026-08-24T06:03:48.809Z,2.432409999999999,-10.09643,0.00010000000000000286,-0.043399999999999994,-1.981160000000001,8.98688
2026-08-24T06:03:53.808Z,2.432409999999999,-10.09643,0.00010000000000000286,-0.043399999999999994,-1.981160000000001,8.98688
2026-08-24T06:03:58.810Z,2.432409999999999,-10.09643,0.00010000000000000286,-0.043399999999999994,-1.981160000000001,8.98688
2026-08-24T06:04:03.814Z,2.4318099999999987,-9.836030000000001,0.00010000000000000286,-0.043399999999999994,-1.9805600000000005,8.726479999999999
2026-08-24T06:04:08.813Z,2.4310100000000006,-9.48883,0.00010000000000000286,-0.043399999999999994,-1.9797599999999989,8.379280000000001
2026-08-24T06:04:13.813Z,2.4308099999999992,-9.40203,0.00010000000000000286,-0.043399999999999994,-1.979560000000001,8.29248
2026-08-24T06:04:18.815Z,2.4333099999999988,-10.48703,0.00010000000000000286,-0.043399999999999994,-1.9820600000000006,9.37748
2026-08-24T06:04:23.816Z,2.4338099999999994,-10.704030000000001,0.00010000000000000286,-0.043399999999999994,-1.9825600000000012,9.594479999999999
2026-08-24T06:04:28.817Z,2.4338099999999994,-10.704030000000001,0.00010000000000000286,-0.043399999999999994,-1.9825600000000012,9.594479999999999
2026-08-24T06:04:33.817Z,2.4334100000000003,-10.53043,0.00010000000000000286,-0.043399999999999994,-1.9821600000000004,9.420879999999999
2026-08-24T06:04:38.819Z,2.4334100000000003,-10.53043,0.00010000000000000286,-0.043399999999999994,-1.9821600000000004,9.420879999999999
2026-08-24T06:04:43.819Z,2.4334100000000003,-10.53043,0.00010000000000000286,-0.043399999999999994,-1.9821600000000004,9.420879999999999
2026-08-24T06:04:48.820Z,2.4334100000000003,-10.53043,0.00010000000000000286,-0.043399999999999994,-1.9821600000000004,9.420879999999999
2026-08-24T06:04:53.821Z,2.4334100000000003,-10.53043,0.00010000000000000286,-0.043399999999999994,-1.9821600000000004,9.420879999999999
2026-08-24T06:04:58.823Z,2.4334100000000003,-10.53043,0.00010000000000000286,-0.043399999999999994,-1.9821600000000004,9.420879999999999
2026-08-24T06:05:03.826Z,2.4329099999999997,-10.31343,0.00010000000000000286,-0.043399999999999994,-1.9816600000000015,9.20388
2026-08-24T06:05:08.824Z,2.4329099999999997,-10.31343,0.00010000000000000286,-0.043399999999999994,-1.9816600000000015,9.20388
2026-08-24T06:05:13.824Z,2.4329099999999997,-10.31343,0.00010000000000000286,-0.043399999999999994,-1.9816600000000015,9.20388
2026-08-24T06:05:18.825Z,2.431709999999999,-9.79263,0.00010000000000000286,-0.043399999999999994,-1.9804600000000008,8.68308
2026-08-24T06:05:23.826Z,2.4314099999999996,-9.66243,0.00010000000000000286,-0.043399999999999994,-1.9801599999999997,8.552880000000002
2026-08-24T06:05:28.827Z,2.4314099999999996,-9.66243,0.00010000000000000286,-0.043399999999999994,-1.9801599999999997,8.552880000000002
2026-08-24T06:05:33.829Z,2.4319100000000002,-9.87943,0.00010000000000000286,-0.043399999999999994,-1.9806600000000003,8.769879999999999
2026-08-24T06:05:38.830Z,2.4319100000000002,-9.87943,0.00010000000000000286,-0.043399999999999994,-1.9806600000000003,8.769879999999999
2026-08-24T06:05:43.830Z,2.4319100000000002,-9.87943,0.00010000000000000286,-0.043399999999999994,-1.9806600000000003,8.769879999999999
2026-08-24T06:05:48.831Z,2.4341100000000004,-10.83423,0.00010000000000000286,-0.043399999999999994,-1.9828600000000005,9.724680000000001
2026-08-24T06:05:53.832Z,2.4344099999999997,-10.96443,0.00010000000000000286,-0.043399999999999994,-1.9831600000000016,9.85488
2026-08-24T06:05:58.834Z,2.43421,-10.87763,0.00010000000000000286,-0.043399999999999994,-1.9829600000000003,9.76808
2026-08-24T06:06:03.837Z,2.43351,-10.57383,0.00010000000000000286,-0.043399999999999994,-1.9822600000000001,9.46428
2026-08-24T06:06:08.836Z,2.4333099999999988,-10.48703,0.00010000000000000286,-0.043399999999999994,-1.9820600000000006,9.37748
2026-08-24T06:06:13.837Z,2.43281,-10.27003,0.00010000000000000286,-0.043399999999999994,-1.98156,9.16048
2026-08-24T06:06:18.839Z,2.43281,-10.27003,0.00010000000000000286,-0.043399999999999994,-1.98156,9.16048
2026-08-24T06:06:23.840Z,2.4322099999999995,-10.009630000000001,0.00010000000000000286,-0.043399999999999994,-1.9809599999999996,8.900079999999999
2026-08-24T06:06:28.844Z,2.4322099999999995,-10.009630000000001,0.00010000000000000286,-0.043399999999999994,-1.9809599999999996,8.900079999999999
2026-08-24T06:06:33.844Z,2.4312099999999983,-9.57563,0.00010000000000000286,-0.043399999999999994,-1.9799600000000002,8.46608
2026-08-24T06:06:38.844Z,2.4308099999999992,-9.40203,0.00010000000000000286,-0.043399999999999994,-1.979560000000001,8.29248
2026-08-24T06:06:43.845Z,2.4303100000000004,-9.185030000000001,0.00010000000000000286,-0.043399999999999994,-1.9790600000000005,8.075479999999999
2026-08-24T06:06:48.846Z,2.4303100000000004,-9.185030000000001,0.00010000000000000286,-0.043399999999999994,-1.9790600000000005,8.075479999999999
2026-08-24T06:06:53.848Z,2.4303100000000004,-9.185030000000001,0.00010000000000000286,-0.043399999999999994,-1.9790600000000005,8.075479999999999
2026-08-24T06:06:58.849Z,2.4303100000000004,-9.185030000000001,0.00010000000000000286,-0.043399999999999994,-1.9790600000000005,8.075479999999999
2026-08-24T06:07:03.860Z,2.4318099999999987,-9.836030000000001,0.00010000000000000286,-0.043399999999999994,-1.9805600000000005,8.726479999999999
2026-08-24T06:07:08.851Z,2.43271,-10.226629999999998,0.00010000000000000286,-0.043399999999999994,-1.9814600000000002,9.11708
2026-08-24T06:07:13.853Z,2.43271,-10.226629999999998,0.00010000000000000286,-0.043399999999999994,-1.9814600000000002,9.11708
2026-08-24T06:07:18.854Z,2.43271,-10.226629999999998,0.00010000000000000286,-0.043399999999999994,-1.9814600000000002,9.11708
2026-08-24T06:07:23.854Z,2.43271,-10.226629999999998,0.00010000000000000286,-0.043399999999999994,-1.9814600000000002,9.11708
2026-08-24T06:07:28.856Z,2.43271,-10.226629999999998,0.00010000000000000286,-0.043399999999999994,-1.9814600000000002,9.11708
2026-08-24T06:07:33.857Z,2.43271,-10.226629999999998,0.00010000000000000286,-0.043399999999999994,-1.9814600000000002,9.11708
2026-08-24T06:07:38.858Z,2.4344099999999997,-10.96443,0.00010000000000000286,-0.043399999999999994,-1.9831600000000016,9.85488
2026-08-24T06:07:43.858Z,2.4344099999999997,-10.96443,0.00010000000000000286,-0.043399999999999994,-1.9831600000000016,9.85488
2026-08-24T06:07:48.860Z,2.4344099999999997,-10.96443,0.00010000000000000286,-0.043399999999999994,-1.9831600000000016,9.85488
2026-08-24T06:07:53.860Z,2.4360099999999996,-11.65883,0.00010000000000000286,-0.043399999999999994,-1.9847599999999996,10.549280000000001
2026-08-24T06:07:58.862Z,2.4355100000000007,-11.44183,0.00010000000000000286,-0.043399999999999994,-1.984259999999999,10.33228
2026-08-24T06:08:03.865Z,2.4357100000000003,-11.52863,0.00010000000000000286,-0.043399999999999994,-1.9844600000000003,10.419080000000001
2026-08-24T06:08:08.864Z,2.4357100000000003,-11.52863,0.00010000000000000286,-0.043399999999999994,-1.9844600000000003,10.419080000000001
2026-08-24T06:08:13.865Z,2.436110000000001,-11.70223,0.00010000000000000286,-0.043399999999999994,-1.9848599999999994,10.59268
2026-08-24T06:08:18.866Z,2.436309999999999,-11.78903,0.00010000000000000286,-0.043399999999999994,-1.9850600000000007,10.67948
2026-08-24T06:08:23.866Z,2.436110000000001,-11.70223,0.00010000000000000286,-0.043399999999999994,-1.9848599999999994,10.59268
2026-08-24T06:08:28.865Z,2.4360099999999996,-11.65883,0.00010000000000000286,-0.043399999999999994,-1.9847599999999996,10.549280000000001
2026-08-24T06:08:33.865Z,2.43591,-11.61543,0.00010000000000000286,-0.043399999999999994,-1.9846599999999999,10.50588
2026-08-24T06:08:38.866Z,2.4360099999999996,-11.65883,0.00010000000000000286,-0.043399999999999994,-1.9847599999999996,10.549280000000001
2026-08-24T06:08:43.865Z,2.437759999999999,-12.418330000000001,0.00010000000000000286,-0.043399999999999994,-1.9865100000000009,11.308779999999999
2026-08-24T06:08:48.865Z,2.4382099999999998,-12.613629999999999,0.00010000000000000286,-0.043399999999999994,-1.9869599999999998,11.50408
2026-08-24T06:08:53.866Z,2.4387100000000004,-12.83063,0.00010000000000000286,-0.043399999999999994,-1.9874600000000004,11.72108
2026-08-24T06:08:58.867Z,2.43891,-12.917430000000001,0.00010000000000000286,-0.043399999999999994,-1.98766,11.807879999999999
2026-08-24T06:09:03.873Z,2.441560000000001,-14.06753,0.00010000000000000286,-0.043399999999999994,-1.9903099999999991,12.95798
2026-08-24T06:09:08.869Z,2.2691,-15.10999,-0.0121,-0.0556,-1.81785,13.84924
2026-08-24T06:09:13.870Z,2.2691,-15.10999,-0.0121,-0.0556,-1.81785,13.84924
2026-08-24T06:09:18.870Z,2.16625,-15.58259,-0.0121,-0.0556,-1.7149999999999999,14.21984
2026-08-24T06:09:23.871Z,2.16625,-15.58259,-0.0121,-0.0556,-1.7149999999999999,14.21984
2026-08-24T06:09:28.872Z,2.16625,-15.58259,-0.0121,-0.0556,-1.7149999999999999,14.21984
2026-08-24T06:09:33.872Z,2.1178500000000007,-15.80499,-0.0121,-0.0556,-1.666599999999999,14.39424
2026-08-24T06:09:38.874Z,2.1178500000000007,-15.80499,-0.0121,-0.0556,-1.666599999999999,14.39424
2026-08-24T06:09:43.874Z,2.4022000000000006,-14.49839,-0.0121,-0.0556,-1.9509499999999989,13.08764
2026-08-24T06:09:48.876Z,2.48085,-14.136989999999999,-0.0121,-0.0556,-2.0296000000000003,12.72624
2026-08-24T06:09:53.877Z,2.420350000000001,-14.41499,-0.0121,-0.0556,-1.9690999999999992,13.00424
2026-08-24T06:09:58.878Z,2.420350000000001,-14.41499,-0.0121,-0.0556,-1.9690999999999992,13.00424
2026-08-24T06:10:03.882Z,2.420350000000001,-14.41499,-0.0121,-0.0556,-1.9690999999999992,13.00424
2026-08-24T06:10:08.881Z,2.5534499999999998,-13.80339,-0.0121,-0.0556,-2.1022,12.39264
2026-08-24T06:10:13.881Z,2.5534499999999998,-13.80339,-0.0121,-0.0556,-2.1022,12.39264
2026-08-24T06:10:18.881Z,2.317499999999999,-14.887590000000001,-0.0121,-0.0556,-1.8662500000000009,13.47684
2026-08-24T06:10:23.881Z,2.3356499999999993,-14.80419,-0.0121,-0.0556,-1.8844000000000012,13.39344
2026-08-24T06:10:28.883Z,2.3840500000000002,-14.58179,-0.0121,-0.0556,-1.9327999999999985,13.171040000000001
2026-08-24T06:10:33.884Z,2.378,-14.60959,-0.0121,-0.0556,-1.9267500000000002,13.19884
2026-08-24T06:10:38.885Z,2.4384999999999994,-14.33159,-0.0121,-0.0556,-1.9872499999999995,12.92084
2026-08-24T06:10:43.885Z,2.4627,-14.22039,-0.0121,-0.0556,-2.01145,12.80964
2026-08-24T06:10:48.886Z,2.517149999999999,-13.97019,-0.0121,-0.0556,-2.065900000000001,12.559439999999999
2026-08-24T06:10:53.887Z,2.619999999999999,-13.49759,-0.0121,-0.0556,-2.168750000000001,12.08684
2026-08-24T06:10:58.888Z,2.85595,-12.41339,-0.0121,-0.0556,-2.4047,11.002640000000001
2026-08-24T06:11:03.900Z,2.7349499999999995,-12.96939,-0.0121,-0.0556,-2.2836999999999996,11.55864
2026-08-24T06:11:08.890Z,2.4445499999999996,-14.30379,-0.0121,-0.0556,-1.9932999999999996,12.893040000000001
2026-08-24T06:11:13.891Z,2.4445499999999996,-14.30379,-0.0121,-0.0556,-1.9932999999999996,12.893040000000001
2026-08-24T06:11:18.892Z,2.3840500000000002,-14.58179,-0.0121,-0.0556,-1.9327999999999985,13.171040000000001
2026-08-24T06:11:23.892Z,2.1723,-15.55479,-0.0121,-0.0556,-1.72105,14.14404
2026-08-24T06:11:28.894Z,2.0210500000000007,-16.24979,-0.0121,-0.0556,-1.5698000000000008,14.74304
2026-08-24T06:11:33.895Z,1.730649999999999,-17.36339,-0.0121,-0.0436,-1.2794000000000008,15.78944
2026-08-24T06:11:38.897Z,1.5733499999999996,-17.93019,-0.0121,-0.0436,-1.1220999999999997,16.35624
2026-08-24T06:11:43.897Z,1.5104299999999995,-19.231589999999997,0.0,-0.0316,-1.0591800000000013,17.65764
2026-08-24T06:11:48.898Z,1.5104299999999995,-19.64239,0.0,-0.0316,-1.0591799999999978,18.06844
2026-08-24T06:11:53.899Z,1.5104299999999995,-19.40539,0.0,-0.0316,-1.0591800000000013,17.831439999999997
2026-08-24T06:11:58.901Z,1.5104299999999995,-19.737190000000002,0.0,-0.0316,-1.0591799999999978,18.163240000000002
2026-08-24T06:12:03.905Z,1.5104299999999995,-20.242790000000003,0.0,-0.0316,-1.0591800000000013,18.66884
2026-08-24T06:12:08.902Z,1.5104299999999995,-22.122989999999998,0.0,-0.0316,-1.0591800000000013,20.549039999999998
2026-08-24T06:12:13.904Z,1.5104299999999995,-22.81819,0.0,-0.0316,-1.0591800000000013,21.244239999999998
2026-08-24T06:12:18.904Z,1.510430000000003,-21.75959,0.0,-0.0316,-1.0591800000000013,20.18564
2026-08-24T06:12:23.905Z,1.5104299999999995,-21.174989999999998,0.0,-0.0316,-1.0591800000000013,19.60104
2026-08-24T06:12:28.905Z,1.4346800000000002,-20.01154,0.010099999999999998,-0.0335,-0.9834299999999985,18.43759
2026-08-24T06:12:33.906Z,1.4346800000000002,-20.01154,0.010099999999999998,-0.0335,-0.9834299999999985,18.43759
2026-08-24T06:12:38.907Z,1.5861799999999988,-20.51404,0.010099999999999998,-0.0335,-1.134929999999997,18.94009
2026-08-24T06:12:43.917Z,1.5861799999999988,-20.51404,0.010099999999999998,-0.0335,-1.134929999999997,18.94009
2026-08-24T06:12:48.920Z,1.83868,-21.35154,0.010099999999999998,-0.0335,-1.3874299999999984,19.77759
2026-08-24T06:12:53.919Z,1.8487800000000014,-21.38504,0.010099999999999998,-0.0335,-1.3975299999999997,19.81109
2026-08-24T06:12:58.920Z,1.884129999999999,-21.502290000000002,0.010099999999999998,-0.0335,-1.4328800000000008,19.92834
2026-08-24T06:13:03.923Z,1.8790800000000019,-21.48554,0.010099999999999998,-0.0335,-1.4278300000000002,19.91159
2026-08-24T06:13:08.922Z,1.83868,-21.35154,0.010099999999999998,-0.0335,-1.3874299999999984,19.77759
2026-08-24T06:13:13.922Z,1.7831299999999999,-21.16729,0.010099999999999998,-0.0335,-1.3318799999999982,19.59334
2026-08-24T06:13:18.923Z,1.6972799999999992,-20.882540000000002,0.010099999999999998,-0.0335,-1.246030000000001,19.30859
2026-08-24T06:13:23.924Z,1.5255800000000015,-20.31304,0.010099999999999998,-0.0335,-1.0743299999999998,18.73909
2026-08-24T06:13:28.927Z,1.4629099999999995,2.2547699999999997,0.010099999999999998,-0.0335,0.0,0.0
2026-08-24T06:13:33.928Z,1.606379999999998,-20.58104,0.010099999999999998,-0.0335,-0.14347000000000065,22.83581
2026-08-24T06:13:38.929Z,1.7275799999999997,-20.983040000000003,0.010099999999999998,-0.0335,-0.26466999999999885,23.23781
2026-08-24T06:13:43.931Z,1.9699799999999996,-21.78704,0.010099999999999998,-0.0335,-0.5070699999999988,24.04181
2026-08-24T06:13:48.932Z,2.0962299999999985,-22.34919,0.0,-0.0316,-0.6333200000000012,24.60396
2026-08-24T06:13:53.932Z,2.0962299999999985,-22.665190000000003,0.0,-0.0316,-0.6333200000000012,24.91996
2026-08-24T06:13:58.932Z,2.0962299999999985,-22.50719,0.0,-0.0316,-0.6333200000000012,24.76196
2026-08-24T06:14:03.935Z,2.0962299999999985,-22.191190000000002,0.0,-0.0316,-0.6333200000000012,24.44596
2026-08-24T06:14:08.933Z,2.0962299999999985,-22.09639,0.0,-0.0316,-0.6333200000000012,24.35116
2026-08-24T06:14:13.934Z,2.096230000000002,-22.11219,0.0,-0.0316,-0.6333199999999977,24.366960000000002
2026-08-24T06:14:18.935Z,2.096230000000002,-22.333389999999998,0.0,-0.0316,-0.6333200000000012,24.58816
2026-08-24T06:14:23.936Z,2.0962299999999985,-22.396590000000003,0.0,-0.0316,-0.6333200000000012,24.65136
2026-08-24T06:14:28.937Z,2.096230000000002,-22.601989999999997,0.0,-0.0316,-0.6333200000000012,24.85676
2026-08-24T06:14:33.938Z,2.096230000000002,-23.01279,0.0,-0.0316,-0.6333200000000012,25.26756
2026-08-24T06:14:38.939Z,2.096230000000002,-23.28139,0.0,-0.0316,-0.6333200000000012,25.53616
2026-08-24T06:14:43.939Z,2.0962299999999985,-23.31299,0.0,-0.0316,-0.6333199999999977,25.56776
2026-08-24T06:14:48.940Z,2.096230000000002,-23.42359,0.0,-0.0316,-0.6333199999999977,25.67836
2026-08-24T06:14:53.941Z,2.096230000000002,-22.91799,0.0,-0.0316,-0.6333200000000012,25.17276
2026-08-24T06:14:58.942Z,2.0962299999999985,-22.57039,0.0,-0.0316,-0.6333200000000012,24.825159999999997
2026-08-24T06:15:03.953Z,2.096230000000002,-22.25939,0.0,-0.019399999999999997,-0.6333200000000012,24.51416
2026-08-24T06:15:08.944Z,2.096230000000002,-22.57949,0.0,-0.019399999999999997,-0.6333199999999977,24.83426
2026-08-24T06:15:13.946Z,2.0962299999999985,-23.29905,0.0,-0.0316,-0.6333200000000012,25.553819999999998
2026-08-24T06:15:18.947Z,2.0962299999999985,-23.36225,0.0,-0.0316,-0.6333200000000012,25.61702
2026-08-24T06:15:23.947Z,2.0962299999999985,-23.83625,0.0,-0.0316,-0.6333200000000012,26.09102
2026-08-24T06:15:28.948Z,2.096230000000002,-24.01005,0.0,-0.0316,-0.6333199999999977,26.26482
2026-08-24T06:15:33.949Z,2.0962299999999985,-23.42545,0.0,-0.0316,-0.6333199999999977,25.680220000000002
2026-08-24T06:15:38.951Z,2.0962299999999985,-23.74145,0.0,-0.0316,-0.6333199999999977,25.99622
2026-08-24T06:15:43.952Z,2.0962299999999985,-23.74145,0.0,-0.0316,-0.6333199999999977,25.99622
2026-08-24T06:15:48.953Z,2.0962299999999985,-22.35567,0.0,-0.019399999999999997,-0.6333200000000012,24.610439999999997
2026-08-24T06:15:53.953Z,2.096230000000002,-22.56907,0.0,-0.019399999999999997,-0.6333200000000012,24.82384
2026-08-24T06:15:58.955Z,2.0962299999999985,-22.51087,0.0,-0.019399999999999997,-0.6333200000000012,24.765639999999998
2026-08-24T06:16:03.966Z,2.096230000000002,-22.210169999999998,0.0,-0.019399999999999997,-0.6333200000000012,24.46494
2026-08-24T06:16:08.956Z,2.096230000000002,-22.06127,0.0,-0.0314,-0.6333200000000012,24.31604
2026-08-24T06:16:13.958Z,2.0962299999999985,-21.51177,0.0,-0.0314,-0.6333199999999977,23.766540000000003
2026-08-24T06:16:18.958Z,2.096230000000002,-21.52747,0.0,-0.0314,-0.6333200000000012,23.78224
2026-08-24T06:16:23.959Z,2.096230000000002,-21.52747,0.0,-0.0314,-0.6333200000000012,23.78224
2026-08-24T06:16:28.961Z,2.0962299999999985,-21.62167,0.0,-0.0314,-0.6333199999999977,23.876440000000002
2026-08-24T06:16:33.962Z,2.096230000000002,-21.904269999999997,0.0,-0.0314,-0.6333200000000012,24.15904
2026-08-24T06:16:38.963Z,2.096230000000002,-21.26057,0.0,-0.0314,-0.6333199999999977,23.515340000000002
2026-08-24T06:16:43.964Z,2.096230000000002,-21.21347,0.0,-0.0314,-0.6333200000000012,23.46824
2026-08-24T06:16:48.964Z,2.096230000000002,-21.21347,0.0,-0.0314,-0.6333200000000012,23.46824
2026-08-24T06:16:53.965Z,2.096230000000002,-21.21347,0.0,-0.0314,-0.6333200000000012,23.46824
2026-08-24T06:16:58.967Z,2.096230000000002,-21.21347,0.0,-0.0314,-0.6333200000000012,23.46824
2026-08-24T06:17:03.971Z,2.0962299999999985,-21.778669999999998,0.0,-0.0314,-0.6333199999999977,24.033440000000002
2026-08-24T06:17:08.969Z,2.096230000000002,-21.84147,0.0,-0.0314,-0.6333200000000012,24.09624
2026-08-24T06:17:13.970Z,2.096230000000002,-21.84147,0.0,-0.0314,-0.6333200000000012,24.09624
2026-08-24T06:17:18.971Z,2.096230000000002,-21.43327,0.0,-0.0314,-0.6333200000000012,23.68804
2026-08-24T06:17:23.972Z,2.0962299999999985,-21.182070000000003,0.0,-0.0314,-0.6333200000000012,23.43684
2026-08-24T06:17:28.974Z,2.0962299999999985,-21.543170000000003,0.0,-0.0314,-0.6333200000000012,23.79794
2026-08-24T06:17:33.973Z,2.0962299999999985,-21.543170000000003,0.0,-0.0314,-0.6333200000000012,23.79794
2026-08-24T06:17:38.974Z,2.0962299999999985,-21.543170000000003,0.0,-0.0314,-0.6333200000000012,23.79794
2026-08-24T06:17:43.975Z,2.096230000000002,-21.52747,0.0,-0.0314,-0.6333200000000012,23.78224
2026-08-24T06:17:48.976Z,2.0962299999999985,-21.543170000000003,0.0,-0.0314,-0.6333200000000012,23.79794
2026-08-24T06:17:53.977Z,2.0962299999999985,-21.543170000000003,0.0,-0.0314,-0.6333200000000012,23.79794
2026-08-24T06:17:58.980Z,2.0962299999999985,-21.543170000000003,0.0,-0.0314,-0.6333200000000012,23.79794
2026-08-24T06:18:03.990Z,2.096230000000002,-21.590269999999997,0.0,-0.0314,-0.6333200000000012,23.84504
2026-08-24T06:18:08.980Z,2.096230000000002,-21.48037,0.0,-0.0314,-0.6333200000000012,23.73514
2026-08-24T06:18:13.984Z,2.096230000000002,-21.79437,0.0,-0.0314,-0.6333200000000012,24.04914
2026-08-24T06:18:18.982Z,2.096230000000002,-21.88857,0.0,-0.0314,-0.6333199999999977,24.143340000000002
2026-08-24T06:18:23.982Z,2.0962299999999985,-21.935670000000002,0.0,-0.0314,-0.6333199999999977,24.190440000000002
2026-08-24T06:18:28.983Z,2.0962299999999985,-21.935670000000002,0.0,-0.0314,-0.6333199999999977,24.190440000000002
2026-08-24T06:18:33.983Z,2.0962299999999985,-21.401870000000002,0.0,-0.0314,-0.6333200000000012,23.65664
2026-08-24T06:18:38.984Z,2.096230000000002,-21.276269999999997,0.0,-0.0314,-0.6333200000000012,23.53104
2026-08-24T06:18:43.985Z,2.096230000000002,-20.962269999999997,0.0,-0.0314,-0.6333200000000012,23.21704
2026-08-24T06:18:48.986Z,2.096230000000002,-20.85237,0.0,-0.0314,-0.6333200000000012,23.10714
2026-08-24T06:18:53.987Z,2.096230000000002,-20.836669999999998,0.0,-0.0314,-0.6333199999999977,23.091440000000002
2026-08-24T06:18:58.988Z,2.096230000000002,-20.836669999999998,0.0,-0.0314,-0.6333199999999977,23.091440000000002
2026-08-24T06:19:03.989Z,2.0962299999999985,-21.38617,0.0,-0.0314,-0.6333200000000012,23.64094
2026-08-24T06:19:08.990Z,2.0962299999999985,-21.33907,0.0,-0.0314,-0.6333200000000012,23.59384
2026-08-24T06:19:13.991Z,2.0962299999999985,-21.33907,0.0,-0.0314,-0.6333200000000012,23.59384
2026-08-24T06:19:18.992Z,2.0962299999999985,-21.33907,0.0,-0.0314,-0.6333200000000012,23.59384
2026-08-24T06:19:23.993Z,2.096230000000002,-21.43327,0.0,-0.0314,-0.6333200000000012,23.68804
2026-08-24T06:19:28.994Z,2.096230000000002,-21.43327,0.0,-0.0314,-0.6333200000000012,23.68804
2026-08-24T06:19:33.994Z,2.096230000000002,-21.43327,0.0,-0.0314,-0.6333200000000012,23.68804
2026-08-24T06:19:38.995Z,2.096230000000002,-21.43327,0.0,-0.0314,-0.6333200000000012,23.68804
2026-08-24T06:19:43.995Z,2.096230000000002,-21.43327,0.0,-0.0314,-0.6333200000000012,23.68804
2026-08-24T06:19:48.996Z,2.096230000000002,-21.74727,0.0,-0.0314,-0.6333200000000012,24.00204
2026-08-24T06:19:53.998Z,2.096230000000002,-21.684469999999997,0.0,-0.0314,-0.6333200000000012,23.93924
2026-08-24T06:19:58.999Z,2.096230000000002,-21.684469999999997,0.0,-0.0314,-0.6333200000000012,23.93924
2026-08-24T06:20:04.000Z,2.0962299999999985,-21.24487,0.0,-0.0314,-0.6333200000000012,23.49964
2026-08-24T06:20:09.004Z,2.0962299999999985,-21.24487,0.0,-0.0314,-0.6333200000000012,23.49964
2026-08-24T06:20:14.003Z,2.0962299999999985,-21.24487,0.0,-0.0314,-0.6333200000000012,23.49964
2026-08-24T06:20:19.004Z,2.096230000000002,-20.89947,0.0,-0.0314,-0.6333200000000012,23.15424
2026-08-24T06:20:24.005Z,2.096230000000002,-20.89947,0.0,-0.0314,-0.6333200000000012,23.15424
2026-08-24T06:20:29.006Z,2.096230000000002,-20.89947,0.0,-0.0314,-0.6333200000000012,23.15424
2026-08-24T06:20:34.008Z,2.096230000000002,-20.89947,0.0,-0.0314,-0.6333200000000012,23.15424
2026-08-24T06:20:39.008Z,2.096230000000002,-20.89947,0.0,-0.0314,-0.6333200000000012,23.15424
2026-08-24T06:20:44.009Z,2.096230000000002,-20.89947,0.0,-0.0314,-0.6333200000000012,23.15424
2026-08-24T06:20:49.010Z,2.096230000000002,-20.89947,0.0,-0.0314,-0.6333200000000012,23.15424
2026-08-24T06:20:54.011Z,2.096230000000002,-20.89947,0.0,-0.0314,-0.6333200000000012,23.15424
2026-08-24T06:20:59.012Z,2.096230000000002,-20.89947,0.0,-0.0314,-0.6333200000000012,23.15424
2026-08-24T06:21:04.013Z,2.0962299999999985,-20.868070000000003,0.0,-0.0314,-0.6333200000000012,23.12284
2026-08-24T06:21:09.013Z,2.096230000000002,-20.67967,0.0,-0.0314,-0.6333199999999977,22.934440000000002
2026-08-24T06:21:14.015Z,2.0962299999999985,-20.554070000000003,0.0,-0.0314,-0.6333200000000012,22.80884
2026-08-24T06:21:19.017Z,2.096230000000002,-20.161569999999998,0.0,-0.0314,-0.6333199999999977,22.41634
2026-08-24T06:21:24.016Z,2.096230000000002,-20.208669999999998,0.0,-0.0314,-0.6333199999999977,22.463440000000002
2026-08-24T06:21:29.019Z,2.096230000000002,-20.114469999999997,0.0,-0.0314,-0.6333200000000012,22.36924
2026-08-24T06:21:34.019Z,2.0962299999999985,-20.020270000000004,0.0,-0.0314,-0.6333200000000012,22.27504
2026-08-24T06:21:39.020Z,2.0962299999999985,-20.020270000000004,0.0,-0.0314,-0.6333200000000012,22.27504
2026-08-24T06:21:44.021Z,2.0962299999999985,-19.67487,0.0,-0.0314,-0.6333199999999977,21.929640000000003
2026-08-24T06:21:49.022Z,2.0962299999999985,-19.67487,0.0,-0.0314,-0.6333199999999977,21.929640000000003
2026-08-24T06:21:54.023Z,2.0962299999999985,-19.67487,0.0,-0.0314,-0.6333199999999977,21.929640000000003
2026-08-24T06:21:59.025Z,2.0962299999999985,-20.020270000000004,0.0,-0.0314,-0.6333200000000012,22.27504
2026-08-24T06:22:04.026Z,2.0962299999999985,-19.98887,0.0,-0.0314,-0.6333199999999977,22.243640000000003
2026-08-24T06:22:09.027Z,2.0962299999999985,-19.98887,0.0,-0.0314,-0.6333199999999977,22.243640000000003
2026-08-24T06:22:14.028Z,2.0962299999999985,-19.98887,0.0,-0.0314,-0.6333199999999977,22.243640000000003
2026-08-24T06:22:19.029Z,2.0962299999999985,-19.98887,0.0,-0.0314,-0.6333199999999977,22.243640000000003
2026-08-24T06:22:24.030Z,2.0962299999999985,-19.98887,0.0,-0.0314,-0.6333199999999977,22.243640000000003
2026-08-24T06:22:29.032Z,2.0962299999999985,-19.98887,0.0,-0.0314,-0.6333199999999977,22.243640000000003
2026-08-24T06:22:34.032Z,2.0962299999999985,-19.612070000000003,0.0,-0.0314,-0.6333200000000012,21.86684
2026-08-24T06:22:39.035Z,2.0962299999999985,-19.36087,0.0,-0.0314,-0.6333199999999977,21.615640000000003
2026-08-24T06:22:44.037Z,2.0962299999999985,-19.36087,0.0,-0.0314,-0.6333199999999977,21.615640000000003
2026-08-24T06:22:49.037Z,2.0962299999999985,-19.98887,0.0,-0.0314,-0.6333199999999977,22.243640000000003
2026-08-24T06:22:54.037Z,2.0962299999999985,-19.98887,0.0,-0.0314,-0.6333199999999977,22.243640000000003
2026-08-24T06:22:59.039Z,2.0962299999999985,-19.98887,0.0,-0.0314,-0.6333199999999977,22.243640000000003
2026-08-24T06:23:04.040Z,2.0962299999999985,-19.98887,0.0,-0.0314,-0.6333199999999977,22.243640000000003
2026-08-24T06:23:09.041Z,2.096230000000002,-19.800469999999997,0.0,-0.0314,-0.6333200000000012,22.05524
2026-08-24T06:23:14.042Z,2.0962299999999985,-19.706270000000004,0.0,-0.0314,-0.6333200000000012,21.96104
2026-08-24T06:23:19.044Z,2.0962299999999985,-19.706270000000004,0.0,-0.0314,-0.6333200000000012,21.96104
2026-08-24T06:23:24.045Z,2.096230000000002,-19.59637,0.0,-0.0314,-0.6333200000000012,21.85114
2026-08-24T06:23:29.046Z,2.0962299999999985,-20.459870000000002,0.0,-0.0314,-0.6333199999999977,22.714640000000003
2026-08-24T06:23:34.047Z,2.0962299999999985,-21.182070000000003,0.0,-0.0314,-0.6333200000000012,23.43684
2026-08-24T06:23:39.048Z,2.096230000000002,-20.80527,0.0,-0.0314,-0.6333200000000012,23.06004
2026-08-24T06:23:44.049Z,2.0962299999999985,-20.66397,0.0,-0.0314,-0.6333200000000012,22.91874
2026-08-24T06:23:49.050Z,2.0962299999999985,-20.66397,0.0,-0.0314,-0.6333200000000012,22.91874
2026-08-24T06:23:54.051Z,2.0962299999999985,-21.087870000000002,0.0,-0.0314,-0.6333200000000012,23.34264
2026-08-24T06:23:59.052Z,2.0962299999999985,-21.087870000000002,0.0,-0.0314,-0.6333200000000012,23.34264
2026-08-24T06:24:04.054Z,2.096230000000002,-20.836669999999998,0.0,-0.0314,-0.6333199999999977,23.091440000000002
2026-08-24T06:24:09.071Z,2.0962299999999985,-20.868070000000003,0.0,-0.0314,-0.6333200000000012,23.12284
2026-08-24T06:24:14.057Z,2.0962299999999985,-21.02507,0.0,-0.0314,-0.6333200000000012,23.27984
2026-08-24T06:24:19.058Z,2.096230000000002,-21.88857,0.0,-0.0314,-0.6333199999999977,24.143340000000002
2026-08-24T06:24:24.060Z,2.0962299999999985,-22.18687,0.0,-0.0314,-0.6333200000000012,24.44164
2026-08-24T06:24:29.061Z,2.0962299999999985,-22.029870000000003,0.0,-0.0314,-0.6333200000000012,24.28464
2026-08-24T06:24:34.063Z,2.0962299999999985,-21.91997,0.0,-0.0314,-0.6333200000000012,24.17474
2026-08-24T06:24:39.066Z,2.0962299999999985,-21.91997,0.0,-0.0314,-0.6333200000000012,24.17474
2026-08-24T06:24:44.067Z,2.0962299999999985,-22.09267,0.0,-0.0314,-0.6333199999999977,24.347440000000002
2026-08-24T06:24:49.067Z,2.0962299999999985,-22.09267,0.0,-0.0314,-0.6333199999999977,24.347440000000002
2026-08-24T06:24:54.069Z,2.0962299999999985,-22.09267,0.0,-0.0314,-0.6333199999999977,24.347440000000002
2026-08-24T06:24:59.070Z,2.096230000000002,-22.265369999999997,0.0,-0.0314,-0.6333200000000012,24.52014
2026-08-24T06:25:04.070Z,2.096230000000002,-22.265369999999997,0.0,-0.0314,-0.6333200000000012,24.52014
2026-08-24T06:25:09.098Z,2.0962299999999985,-22.28107,0.0,-0.0314,-0.6333200000000012,24.53584
2026-08-24T06:25:14.074Z,2.0962299999999985,-22.249670000000002,0.0,-0.0314,-0.6333199999999977,24.504440000000002
2026-08-24T06:25:19.075Z,2.0962299999999985,-22.249670000000002,0.0,-0.0314,-0.6333199999999977,24.504440000000002
2026-08-24T06:25:24.077Z,2.0962299999999985,-22.249670000000002,0.0,-0.0314,-0.6333199999999977,24.504440000000002
2026-08-24T06:25:29.079Z,2.096230000000002,-22.265369999999997,0.0,-0.0314,-0.6333200000000012,24.52014
2026-08-24T06:25:34.080Z,2.096230000000002,-22.37527,0.0,-0.0314,-0.6333200000000012,24.63004
2026-08-24T06:25:39.081Z,2.096230000000002,-22.359569999999998,0.0,-0.0314,-0.6333199999999977,24.614340000000002
2026-08-24T06:25:44.082Z,2.096230000000002,-22.218269999999997,0.0,-0.0314,-0.6333200000000012,24.47304
2026-08-24T06:25:49.084Z,2.0962299999999985,-21.762970000000003,0.0,-0.0314,-0.6333200000000012,24.01774
2026-08-24T06:25:54.085Z,2.096230000000002,-21.74727,0.0,-0.0314,-0.6333200000000012,24.00204
2026-08-24T06:25:59.086Z,2.096230000000002,-21.74727,0.0,-0.0314,-0.6333200000000012,24.00204
2026-08-24T06:26:04.088Z,2.0962299999999985,-21.65307,0.0,-0.0314,-0.6333200000000012,23.90784
2026-08-24T06:26:09.089Z,2.096230000000002,-21.74727,0.0,-0.0314,-0.6333200000000012,24.00204
2026-08-24T06:26:14.093Z,2.096230000000002,-21.74727,0.0,-0.0314,-0.6333200000000012,24.00204
2026-08-24T06:26:19.092Z,2.096230000000002,-21.84147,0.0,-0.0314,-0.6333200000000012,24.09624
2026-08-24T06:26:24.092Z,2.096230000000002,-21.84147,0.0,-0.0314,-0.6333200000000012,24.09624
2026-08-24T06:26:29.094Z,2.096230000000002,-21.84147,0.0,-0.0314,-0.6333200000000012,24.09624
2026-08-24T06:26:34.096Z,2.096230000000002,-21.84147,0.0,-0.0314,-0.6333200000000012,24.09624
2026-08-24T06:26:39.097Z,2.096230000000002,-22.15547,0.0,-0.0314,-0.6333199999999977,24.41024
2026-08-24T06:26:44.100Z,2.096230000000002,-22.15547,0.0,-0.0314,-0.6333199999999977,24.41024
2026-08-24T06:26:49.102Z,2.096230000000002,-22.15547,0.0,-0.0314,-0.6333199999999977,24.41024
2026-08-24T06:26:54.104Z,2.096230000000002,-22.15547,0.0,-0.0314,-0.6333199999999977,24.41024
2026-08-24T06:26:59.106Z,2.096230000000002,-22.15547,0.0,-0.0314,-0.6333199999999977,24.41024
2026-08-24T06:27:04.108Z,2.0962299999999985,-22.28107,0.0,-0.0314,-0.6333200000000012,24.53584
2026-08-24T06:27:09.109Z,2.096230000000002,-22.532269999999997,0.0,-0.0314,-0.6333200000000012,24.78704
2026-08-24T06:27:14.111Z,2.096230000000002,-22.532269999999997,0.0,-0.0314,-0.6333200000000012,24.78704
2026-08-24T06:27:19.111Z,2.096230000000002,-22.532269999999997,0.0,-0.0314,-0.6333200000000012,24.78704
2026-08-24T06:27:24.113Z,2.096230000000002,-22.37527,0.0,-0.0314,-0.6333200000000012,24.63004
2026-08-24T06:27:29.115Z,2.0962299999999985,-22.28107,0.0,-0.0314,-0.6333200000000012,24.53584
2026-08-24T06:27:34.117Z,2.0962299999999985,-21.762970000000003,0.0,-0.0314,-0.6333200000000012,24.01774
2026-08-24T06:27:39.118Z,2.0962299999999985,-21.30767,0.0,-0.0314,-0.6333199999999977,23.562440000000002
2026-08-24T06:27:44.119Z,2.0962299999999985,-21.30767,0.0,-0.0314,-0.6333199999999977,23.562440000000002
2026-08-24T06:27:49.121Z,2.0962299999999985,-21.30767,0.0,-0.0314,-0.6333199999999977,23.562440000000002
2026-08-24T06:27:54.122Z,2.0962299999999985,-21.30767,0.0,-0.0314,-0.6333199999999977,23.562440000000002
2026-08-24T06:27:59.125Z,2.0962299999999985,-21.30767,0.0,-0.0314,-0.6333199999999977,23.562440000000002
2026-08-24T06:28:04.126Z,2.0962299999999985,-21.30767,0.0,-0.0314,-0.6333199999999977,23.562440000000002
2026-08-24T06:28:09.127Z,2.0962299999999985,-21.496070000000003,0.0,-0.0314,-0.6333200000000012,23.75084
2026-08-24T06:28:14.129Z,2.0962299999999985,-21.496070000000003,0.0,-0.0314,-0.6333200000000012,23.75084
2026-08-24T06:28:19.131Z,2.0962299999999985,-21.496070000000003,0.0,-0.0314,-0.6333200000000012,23.75084
2026-08-24T06:28:24.132Z,2.0962299999999985,-21.496070000000003,0.0,-0.0314,-0.6333200000000012,23.75084
2026-08-24T06:28:29.136Z,2.0962299999999985,-21.24487,0.0,-0.0314,-0.6333200000000012,23.49964
2026-08-24T06:28:34.137Z,2.0962299999999985,-21.24487,0.0,-0.0314,-0.6333200000000012,23.49964
2026-08-24T06:28:39.138Z,2.0962299999999985,-21.24487,0.0,-0.0314,-0.6333200000000012,23.49964
2026-08-24T06:28:44.139Z,2.0962299999999985,-21.24487,0.0,-0.0314,-0.6333200000000012,23.49964
2026-08-24T06:28:49.141Z,2.0962299999999985,-21.24487,0.0,-0.0314,-0.6333200000000012,23.49964
2026-08-24T06:28:54.142Z,2.0962299999999985,-21.24487,0.0,-0.0314,-0.6333200000000012,23.49964
2026-08-24T06:28:59.143Z,2.0962299999999985,-21.24487,0.0,-0.0314,-0.6333200000000012,23.49964
2026-08-24T06:29:04.145Z,2.0962299999999985,-21.24487,0.0,-0.0314,-0.6333200000000012,23.49964
2026-08-24T06:29:09.145Z,2.0962299999999985,-21.24487,0.0,-0.0314,-0.6333200000000012,23.49964
2026-08-24T06:29:14.150Z,2.0962299999999985,-21.401870000000002,0.0,-0.0314,-0.6333200000000012,23.65664
2026-08-24T06:29:19.151Z,2.096230000000002,-21.684469999999997,0.0,-0.0314,-0.6333200000000012,23.93924
2026-08-24T06:29:24.151Z,2.096230000000002,-21.684469999999997,0.0,-0.0314,-0.6333200000000012,23.93924
2026-08-24T06:29:29.152Z,2.096230000000002,-21.637369999999997,0.0,-0.0314,-0.6333200000000012,23.89214
2026-08-24T06:29:34.152Z,2.096230000000002,-21.370469999999997,0.0,-0.0314,-0.6333200000000012,23.62524
2026-08-24T06:29:39.154Z,2.096230000000002,-21.370469999999997,0.0,-0.0314,-0.6333200000000012,23.62524
2026-08-24T06:29:44.156Z,2.096230000000002,-21.52747,0.0,-0.0314,-0.6333200000000012,23.78224
2026-08-24T06:29:49.158Z,2.096230000000002,-21.43327,0.0,-0.0314,-0.6333200000000012,23.68804
2026-08-24T06:29:54.160Z,2.0962299999999985,-21.33907,0.0,-0.0314,-0.6333200000000012,23.59384
2026-08-24T06:29:59.162Z,2.096230000000002,-21.370469999999997,0.0,-0.0314,-0.6333200000000012,23.62524
2026-08-24T06:30:04.163Z,2.096230000000002,-20.648269999999997,0.0,-0.0314,-0.6333200000000012,22.90304
2026-08-24T06:30:09.164Z,2.096230000000002,-20.99367,0.0,-0.0314,-0.6333199999999977,23.248440000000002
2026-08-24T06:30:14.165Z,2.0962299999999985,-21.33907,0.0,-0.0314,-0.6333200000000012,23.59384
2026-08-24T06:30:19.167Z,2.0962299999999985,-21.464669999999998,0.0,-0.0314,-0.6333199999999977,23.719440000000002
2026-08-24T06:30:24.168Z,2.096230000000002,-21.74727,0.0,-0.0314,-0.6333200000000012,24.00204
2026-08-24T06:30:29.172Z,2.096230000000002,-21.74727,0.0,-0.0314,-0.6333200000000012,24.00204
2026-08-24T06:30:34.172Z,2.0962299999999985,-21.087870000000002,0.0,-0.0314,-0.6333200000000012,23.34264
2026-08-24T06:30:39.174Z,2.0962299999999985,-21.087870000000002,0.0,-0.0314,-0.6333200000000012,23.34264
2026-08-24T06:30:44.177Z,2.096230000000002,-21.11927,0.0,-0.0314,-0.6333200000000012,23.37404
2026-08-24T06:30:49.178Z,2.096230000000002,-21.11927,0.0,-0.0314,-0.6333200000000012,23.37404
2026-08-24T06:30:54.178Z,2.096230000000002,-21.11927,0.0,-0.0314,-0.6333200000000012,23.37404
2026-08-24T06:30:59.182Z,2.096230000000002,-21.056469999999997,0.0,-0.0314,-0.6333200000000012,23.31124
2026-08-24T06:31:04.183Z,2.096230000000002,-21.056469999999997,0.0,-0.0314,-0.6333200000000012,23.31124
2026-08-24T06:31:09.185Z,2.096230000000002,-21.370469999999997,0.0,-0.0314,-0.6333200000000012,23.62524
2026-08-24T06:31:14.220Z,2.096230000000002,-20.428469999999997,0.0,-0.0314,-0.6333200000000012,22.68324
2026-08-24T06:31:19.188Z,2.0962299999999985,-20.240070000000003,0.0,-0.0314,-0.6333200000000012,22.49484
2026-08-24T06:31:24.190Z,2.0962299999999985,-20.145870000000002,0.0,-0.0314,-0.6333199999999977,22.400640000000003
2026-08-24T06:31:29.194Z,2.096230000000002,-20.114469999999997,0.0,-0.0314,-0.6333200000000012,22.36924
2026-08-24T06:31:34.192Z,2.096230000000002,-20.114469999999997,0.0,-0.0314,-0.6333200000000012,22.36924
2026-08-24T06:31:39.194Z,2.0962299999999985,-19.926070000000003,0.0,-0.0314,-0.6333200000000012,22.18084
2026-08-24T06:31:44.196Z,2.096230000000002,-19.73767,0.0,-0.0314,-0.6333199999999977,21.992440000000002
2026-08-24T06:31:49.198Z,2.096230000000002,-19.533569999999997,0.0,-0.0314,-0.6333200000000012,21.78834
2026-08-24T06:31:54.200Z,2.0962299999999985,-19.54927,0.0,-0.0314,-0.6333200000000012,21.80404
2026-08-24T06:31:59.204Z,2.0962299999999985,-19.54927,0.0,-0.0314,-0.6333200000000012,21.80404
2026-08-24T06:32:04.204Z,2.096230000000002,-19.10967,0.0,-0.0314,-0.6333199999999977,21.364440000000002
2026-08-24T06:32:09.208Z,2.096230000000002,-19.01547,0.0,-0.0314,-0.6333200000000012,21.27024
2026-08-24T06:32:14.217Z,2.0962299999999985,-18.889870000000002,0.0,-0.0314,-0.6333199999999977,21.144640000000003
2026-08-24T06:32:19.216Z,2.0962299999999985,-18.889870000000002,0.0,-0.0314,-0.6333199999999977,21.144640000000003
2026-08-24T06:32:24.216Z,2.0962299999999985,-18.889870000000002,0.0,-0.0314,-0.6333199999999977,21.144640000000003
2026-08-24T06:32:29.220Z,2.096230000000002,-18.79567,0.0,-0.0314,-0.6333199999999977,21.050440000000002
2026-08-24T06:32:34.219Z,2.0962299999999985,-18.92127,0.0,-0.0314,-0.6333200000000012,21.17604
2026-08-24T06:32:39.220Z,2.0962299999999985,-18.87417,0.0,-0.0314,-0.6333200000000012,21.12894
2026-08-24T06:32:44.222Z,2.096230000000002,-18.544469999999997,0.0,-0.0314,-0.6333200000000012,20.79924
2026-08-24T06:32:49.223Z,2.096230000000002,-18.52877,0.0,-0.0314,-0.6333199999999977,20.783540000000002
2026-08-24T06:32:54.225Z,2.0962299999999985,-18.51307,0.0,-0.0314,-0.6333200000000012,20.76784
2026-08-24T06:32:59.228Z,2.096230000000002,-18.38747,0.0,-0.0314,-0.6333200000000012,20.64224
2026-08-24T06:33:04.227Z,2.096230000000002,-18.38747,0.0,-0.0314,-0.6333200000000012,20.64224
2026-08-24T06:33:09.228Z,2.096230000000002,-18.38747,0.0,-0.0314,-0.6333200000000012,20.64224
2026-08-24T06:33:14.231Z,2.0962299999999985,-18.24617,0.0,-0.0314,-0.6333200000000012,20.50094
2026-08-24T06:33:19.231Z,2.096230000000002,-18.230469999999997,0.0,-0.0314,-0.6333200000000012,20.48524
2026-08-24T06:33:24.232Z,2.096230000000002,-18.230469999999997,0.0,-0.0314,-0.6333200000000012,20.48524
2026-08-24T06:33:29.235Z,2.096230000000002,-18.230469999999997,0.0,-0.0314,-0.6333200000000012,20.48524
2026-08-24T06:33:34.235Z,2.096230000000002,-18.230469999999997,0.0,-0.0314,-0.6333200000000012,20.48524
2026-08-24T06:33:39.238Z,2.096230000000002,-18.230469999999997,0.0,-0.0314,-0.6333200000000012,20.48524
2026-08-24T06:33:44.242Z,2.096230000000002,-18.230469999999997,0.0,-0.0314,-0.6333200000000012,20.48524
2026-08-24T06:33:49.244Z,2.0962299999999985,-18.19907,0.0,-0.0314,-0.6333200000000012,20.45384
2026-08-24T06:33:54.243Z,2.0962299999999985,-18.19907,0.0,-0.0314,-0.6333200000000012,20.45384
2026-08-24T06:33:59.243Z,2.096230000000002,-18.230469999999997,0.0,-0.0314,-0.6333200000000012,20.48524
2026-08-24T06:34:04.243Z,2.0962299999999985,-18.497370000000004,0.0,-0.0314,-0.6333200000000012,20.75214
2026-08-24T06:34:09.246Z,2.0962299999999985,-18.575870000000002,0.0,-0.0314,-0.6333199999999977,20.830640000000002
2026-08-24T06:34:14.247Z,2.0962299999999985,-18.82707,0.0,-0.0314,-0.6333200000000012,21.08184
2026-08-24T06:34:19.250Z,2.0962299999999985,-18.82707,0.0,-0.0314,-0.6333200000000012,21.08184
2026-08-24T06:34:24.252Z,2.0962299999999985,-18.82707,0.0,-0.0314,-0.6333200000000012,21.08184
2026-08-24T06:34:29.256Z,2.0962299999999985,-18.82707,0.0,-0.0314,-0.6333200000000012,21.08184
2026-08-24T06:34:34.256Z,2.0962299999999985,-18.82707,0.0,-0.0314,-0.6333200000000012,21.08184
2026-08-24T06:34:39.258Z,2.0962299999999985,-18.82707,0.0,-0.0314,-0.6333200000000012,21.08184
2026-08-24T06:34:44.261Z,2.0962299999999985,-18.82707,0.0,-0.0314,-0.6333200000000012,21.08184
2026-08-24T06:34:49.261Z,2.096230000000002,-18.48167,0.0,-0.0314,-0.6333199999999977,20.73644
2026-08-24T06:34:54.263Z,2.0962299999999985,-18.41887,0.0,-0.0314,-0.6333199999999977,20.673640000000002
2026-08-24T06:34:59.265Z,2.0962299999999985,-18.41887,0.0,-0.0314,-0.6333199999999977,20.673640000000002
2026-08-24T06:35:04.268Z,2.096230000000002,-18.324669999999998,0.0,-0.0314,-0.6333199999999977,20.57944
2026-08-24T06:35:09.269Z,2.096230000000002,-18.324669999999998,0.0,-0.0314,-0.6333199999999977,20.57944
2026-08-24T06:35:14.270Z,2.096230000000002,-18.324669999999998,0.0,-0.0314,-0.6333199999999977,20.57944
2026-08-24T06:35:19.272Z,2.096230000000002,-18.324669999999998,0.0,-0.0314,-0.6333199999999977,20.57944
2026-08-24T06:35:24.273Z,2.096230000000002,-18.16767,0.0,-0.0314,-0.6333199999999977,20.42244
2026-08-24T06:35:29.276Z,2.096230000000002,-18.16767,0.0,-0.0314,-0.6333199999999977,20.42244
2026-08-24T06:35:34.276Z,2.0962299999999985,-18.575870000000002,0.0,-0.0314,-0.6333199999999977,20.830640000000002
2026-08-24T06:35:39.278Z,2.0962299999999985,-18.60727,0.0,-0.0314,-0.6333200000000012,20.86204
2026-08-24T06:35:44.279Z,2.0962299999999985,-19.36087,0.0,-0.0314,-0.6333199999999977,21.615640000000003
2026-08-24T06:35:49.281Z,2.0962299999999985,-19.36087,0.0,-0.0314,-0.6333199999999977,21.615640000000003
2026-08-24T06:35:54.281Z,2.096230000000002,-18.70147,0.0,-0.0314,-0.6333200000000012,20.95624
2026-08-24T06:35:59.283Z,2.096230000000002,-18.38747,0.0,-0.0314,-0.6333200000000012,20.64224
2026-08-24T06:36:04.285Z,2.096230000000002,-18.21477,0.0,-0.0314,-0.6333199999999977,20.469540000000002
2026-08-24T06:36:09.287Z,2.096230000000002,-18.21477,0.0,-0.0314,-0.6333199999999977,20.469540000000002
2026-08-24T06:36:14.288Z,2.0962299999999985,-18.403170000000003,0.0,-0.0314,-0.6333200000000012,20.65794
2026-08-24T06:36:19.289Z,2.096230000000002,-18.38747,0.0,-0.0314,-0.6333200000000012,20.64224
2026-08-24T06:36:24.292Z,2.0962299999999985,-18.403170000000003,0.0,-0.0314,-0.6333200000000012,20.65794
2026-08-24T06:36:29.293Z,2.096230000000002,-18.591569999999997,0.0,-0.0314,-0.6333200000000012,20.84634
2026-08-24T06:36:34.293Z,2.096230000000002,-18.591569999999997,0.0,-0.0314,-0.6333200000000012,20.84634
2026-08-24T06:36:39.296Z,2.0962299999999985,-18.575870000000002,0.0,-0.0314,-0.6333199999999977,20.830640000000002
2026-08-24T06:36:44.299Z,2.096230000000002,-18.38747,0.0,-0.0314,-0.6333200000000012,20.64224
2026-08-24T06:36:49.301Z,2.096230000000002,-18.38747,0.0,-0.0314,-0.6333200000000012,20.64224
2026-08-24T06:36:54.302Z,2.096230000000002,-18.38747,0.0,-0.0314,-0.6333200000000012,20.64224
2026-08-24T06:36:59.303Z,2.096230000000002,-18.38747,0.0,-0.0314,-0.6333200000000012,20.64224
2026-08-24T06:37:04.305Z,2.096230000000002,-18.38747,0.0,-0.0314,-0.6333200000000012,20.64224
2026-08-24T06:37:09.305Z,2.096230000000002,-18.48167,0.0,-0.0314,-0.6333199999999977,20.73644
2026-08-24T06:37:14.306Z,2.096230000000002,-18.638669999999998,0.0,-0.0314,-0.6333199999999977,20.893440000000002
2026-08-24T06:37:19.306Z,2.096230000000002,-18.638669999999998,0.0,-0.0314,-0.6333199999999977,20.893440000000002
2026-08-24T06:37:24.307Z,2.096230000000002,-18.638669999999998,0.0,-0.0314,-0.6333199999999977,20.893440000000002
2026-08-24T06:37:29.313Z,2.096230000000002,-18.638669999999998,0.0,-0.0314,-0.6333199999999977,20.893440000000002
2026-08-24T06:37:34.313Z,2.096230000000002,-18.638669999999998,0.0,-0.0314,-0.6333199999999977,20.893440000000002
2026-08-24T06:37:39.315Z,2.096230000000002,-18.638669999999998,0.0,-0.0314,-0.6333199999999977,20.893440000000002
2026-08-24T06:37:44.322Z,2.0962299999999985,-18.670070000000003,0.0,-0.0314,-0.6333200000000012,20.92484
2026-08-24T06:37:49.319Z,2.0962299999999985,-18.670070000000003,0.0,-0.0314,-0.6333200000000012,20.92484
2026-08-24T06:37:54.322Z,2.0962299999999985,-18.670070000000003,0.0,-0.0314,-0.6333200000000012,20.92484
2026-08-24T06:37:59.323Z,2.0962299999999985,-18.670070000000003,0.0,-0.0314,-0.6333200000000012,20.92484
2026-08-24T06:38:04.325Z,2.0962299999999985,-18.670070000000003,0.0,-0.0314,-0.6333200000000012,20.92484
2026-08-24T06:38:09.327Z,2.0962299999999985,-18.356070000000003,0.0,-0.0314,-0.6333200000000012,20.61084
2026-08-24T06:38:14.329Z,2.0962299999999985,-18.183370000000004,0.0,-0.0314,-0.6333200000000012,20.43814
2026-08-24T06:38:19.337Z,2.096230000000002,-18.07347,0.0,-0.0314,-0.6333200000000012,20.32824
2026-08-24T06:38:24.332Z,2.096230000000002,-17.90077,0.0,-0.0314,-0.6333199999999977,20.155540000000002
2026-08-24T06:38:29.334Z,2.096230000000002,-17.90077,0.0,-0.0314,-0.6333199999999977,20.155540000000002
2026-08-24T06:38:34.335Z,2.096230000000002,-17.90077,0.0,-0.0314,-0.6333199999999977,20.155540000000002
2026-08-24T06:38:39.336Z,2.096230000000002,-17.90077,0.0,-0.0314,-0.6333199999999977,20.155540000000002
2026-08-24T06:38:44.337Z,2.096230000000002,-17.90077,0.0,-0.0314,-0.6333199999999977,20.155540000000002
2026-08-24T06:38:49.339Z,2.096230000000002,-17.90077,0.0,-0.0314,-0.6333199999999977,20.155540000000002
2026-08-24T06:38:54.339Z,2.096230000000002,-17.916469999999997,0.0,-0.0314,-0.6333200000000012,20.17124
2026-08-24T06:38:59.341Z,2.096230000000002,-18.010669999999998,0.0,-0.0314,-0.6333200000000012,20.26544
2026-08-24T06:39:04.342Z,2.0962299999999985,-18.261870000000002,0.0,-0.0314,-0.6333199999999977,20.516640000000002
2026-08-24T06:39:09.344Z,2.0962299999999985,-18.261870000000002,0.0,-0.0314,-0.6333199999999977,20.516640000000002
2026-08-24T06:39:14.345Z,2.0962299999999985,-18.261870000000002,0.0,-0.0314,-0.6333199999999977,20.516640000000002
2026-08-24T06:39:19.352Z,2.0962299999999985,-18.261870000000002,0.0,-0.0314,-0.6333199999999977,20.516640000000002
2026-08-24T06:39:24.347Z,2.096230000000002,-18.16767,0.0,-0.0314,-0.6333199999999977,20.42244
2026-08-24T06:39:29.348Z,2.096230000000002,-17.80657,0.0,-0.0314,-0.6333200000000012,20.06134
2026-08-24T06:39:34.350Z,2.096230000000002,-17.80657,0.0,-0.0314,-0.6333200000000012,20.06134
2026-08-24T06:39:39.350Z,2.0962300000000003,-17.60257,0.0,-0.043399999999999994,-0.6333200000000012,19.857339999999997
2026-08-24T06:39:44.351Z,2.0962300000000003,-17.60257,0.0,-0.043399999999999994,-0.6333200000000012,19.857339999999997
2026-08-24T06:39:49.363Z,2.0962300000000003,-17.60257,0.0,-0.043399999999999994,-0.6333200000000012,19.857339999999997
2026-08-24T06:39:54.356Z,2.0962300000000003,-17.60257,0.0,-0.043399999999999994,-0.6333200000000012,19.857339999999997
2026-08-24T06:39:59.357Z,2.0962300000000003,-17.60257,0.0,-0.043399999999999994,-0.6333200000000012,19.857339999999997
2026-08-24T06:40:04.357Z,2.0962300000000003,-17.58087,0.0,-0.043399999999999994,-0.6333200000000012,19.835639999999998
2026-08-24T06:40:09.359Z,2.0962300000000003,-16.49587,0.0,-0.043399999999999994,-0.6333200000000012,18.75064
2026-08-24T06:40:14.362Z,2.0962300000000003,-16.49587,0.0,-0.043399999999999994,-0.6333200000000012,18.75064
2026-08-24T06:40:19.365Z,2.096230000000002,-16.53927,0.0,-0.043399999999999994,-0.6333199999999977,18.794040000000003
2026-08-24T06:40:24.362Z,2.096230000000002,-16.53927,0.0,-0.043399999999999994,-0.6333199999999977,18.794040000000003
2026-08-24T06:40:29.364Z,2.0962300000000003,-17.14687,0.0,-0.043399999999999994,-0.6333200000000012,19.40164
2026-08-24T06:40:34.364Z,2.0962300000000003,-17.14687,0.0,-0.043399999999999994,-0.6333200000000012,19.40164
2026-08-24T06:40:39.365Z,2.0962300000000003,-17.14687,0.0,-0.043399999999999994,-0.6333200000000012,19.40164
2026-08-24T06:40:44.366Z,2.0962300000000003,-16.86477,0.0,-0.043399999999999994,-0.6333200000000012,19.11954
2026-08-24T06:40:49.366Z,2.0962299999999985,-16.66947,0.0,-0.043399999999999994,-0.6333199999999977,18.92424
2026-08-24T06:40:54.366Z,2.0962299999999985,-16.66947,0.0,-0.043399999999999994,-0.6333199999999977,18.92424
2026-08-24T06:40:59.364Z,2.0962299999999985,-16.66947,0.0,-0.043399999999999994,-0.6333199999999977,18.92424
2026-08-24T06:41:04.363Z,2.0962299999999985,-16.66947,0.0,-0.043399999999999994,-0.6333199999999977,18.92424
2026-08-24T06:41:09.362Z,2.0962299999999985,-16.66947,0.0,-0.043399999999999994,-0.6333199999999977,18.92424
2026-08-24T06:41:14.368Z,2.0962299999999985,-16.66947,0.0,-0.043399999999999994,-0.6333199999999977,18.92424
2026-08-24T06:41:19.363Z,2.0962299999999985,-16.66947,0.0,-0.043399999999999994,-0.6333199999999977,18.92424
2026-08-24T06:41:24.365Z,2.0962299999999985,-16.66947,0.0,-0.043399999999999994,-0.6333199999999977,18.92424
2026-08-24T06:41:29.365Z,2.0962299999999985,-16.66947,0.0,-0.043399999999999994,-0.6333199999999977,18.92424
2026-08-24T06:41:34.365Z,2.0962299999999985,-16.66947,0.0,-0.043399999999999994,-0.6333199999999977,18.92424
2026-08-24T06:41:39.367Z,2.096230000000002,-20.618869999999998,0.0,-0.043399999999999994,-0.6333200000000012,22.83164
2026-08-24T06:41:44.367Z,2.096230000000002,-20.618869999999998,0.0,-0.043399999999999994,-0.6333200000000012,22.83164
2026-08-24T06:41:49.367Z,2.096230000000002,-20.09807,0.0,-0.043399999999999994,-0.6333199999999977,22.310840000000002
2026-08-24T06:41:54.368Z,2.096230000000002,-19.53387,0.0,-0.043399999999999994,-0.6333200000000012,21.74664
2026-08-24T06:41:59.370Z,2.0962299999999985,-18.27527,0.0,-0.043399999999999994,-0.6333199999999977,20.48804
2026-08-24T06:42:04.381Z,2.0962299999999985,-18.188470000000002,0.0,-0.043399999999999994,-0.6333200000000012,20.401239999999998
2026-08-24T06:42:09.371Z,2.0962299999999985,-19.186670000000003,0.0,-0.043399999999999994,-0.6333200000000012,21.39944
2026-08-24T06:42:14.371Z,2.096230000000002,-18.947969999999998,0.0,-0.043399999999999994,-0.6333200000000012,21.16074
2026-08-24T06:42:19.373Z,2.0962299999999985,-18.05827,0.0,-0.043399999999999994,-0.6333199999999977,20.271040000000003
2026-08-24T06:42:24.374Z,2.0962299999999985,-18.31867,0.0,-0.043399999999999994,-0.6333200000000012,20.53144
2026-08-24T06:42:29.377Z,2.0962299999999985,-19.14327,0.0,-0.043399999999999994,-0.6333199999999977,21.35604
2026-08-24T06:42:34.378Z,2.0962299999999985,-19.14327,0.0,-0.043399999999999994,-0.6333199999999977,21.35604
2026-08-24T06:42:39.379Z,2.0962299999999985,-18.839470000000002,0.0,-0.043399999999999994,-0.6333200000000012,21.052239999999998
2026-08-24T06:42:44.379Z,2.0962299999999985,-18.40547,0.0,-0.043399999999999994,-0.6333200000000012,20.61824
2026-08-24T06:42:49.381Z,2.096230000000002,-18.01487,0.0,-0.043399999999999994,-0.6333200000000012,20.22764
2026-08-24T06:42:54.381Z,2.096230000000002,-18.01487,0.0,-0.043399999999999994,-0.6333200000000012,20.22764
2026-08-24T06:42:59.382Z,2.0962299999999985,-18.101670000000002,0.0,-0.043399999999999994,-0.6333200000000012,20.314439999999998
2026-08-24T06:43:04.383Z,2.0962299999999985,-18.101670000000002,0.0,-0.043399999999999994,-0.6333200000000012,20.314439999999998
2026-08-24T06:43:09.384Z,2.0962299999999985,-18.101670000000002,0.0,-0.043399999999999994,-0.6333200000000012,20.314439999999998
2026-08-24T06:43:14.385Z,2.096230000000002,-18.296969999999998,0.0,-0.043399999999999994,-0.6333200000000012,20.50974
2026-08-24T06:43:19.386Z,2.096230000000002,-19.66407,0.0,-0.043399999999999994,-0.6333199999999977,21.87684
2026-08-24T06:43:24.387Z,2.0962299999999985,-19.837670000000003,0.0,-0.043399999999999994,-0.6333200000000012,22.05044
2026-08-24T06:43:29.389Z,2.0962299999999985,-19.14327,0.0,-0.043399999999999994,-0.6333199999999977,21.35604
2026-08-24T06:43:34.389Z,2.0962299999999985,-19.27347,0.0,-0.043399999999999994,-0.6333200000000012,21.48624
2026-08-24T06:43:39.390Z,2.0962299999999985,-19.555570000000003,0.0,-0.043399999999999994,-0.6333200000000012,21.76834
2026-08-24T06:43:44.392Z,2.096230000000002,-19.53387,0.0,-0.043399999999999994,-0.6333200000000012,21.74664
2026-08-24T06:43:49.392Z,2.096230000000002,-19.902769999999997,0.0,-0.043399999999999994,-0.6333200000000012,22.11554
2026-08-24T06:43:54.394Z,2.096230000000002,-19.75087,0.0,-0.043399999999999994,-0.6333200000000012,21.96364
2026-08-24T06:43:59.394Z,2.096230000000002,-19.53387,0.0,-0.043399999999999994,-0.6333200000000012,21.74664
2026-08-24T06:44:04.395Z,2.0962299999999985,-19.40367,0.0,-0.043399999999999994,-0.6333200000000012,21.61644
2026-08-24T06:44:09.396Z,2.0962299999999985,-20.16317,0.0,-0.043399999999999994,-0.6333199999999977,22.37594
2026-08-24T06:44:14.395Z,2.096230000000002,-20.618869999999998,0.0,-0.043399999999999994,-0.6333200000000012,22.83164
2026-08-24T06:44:19.397Z,2.096230000000002,-21.05287,0.0,-0.043399999999999994,-0.6333200000000012,23.14564
2026-08-24T06:44:24.398Z,2.096230000000002,-21.05287,0.0,-0.043399999999999994,-0.6333200000000012,23.14564
2026-08-24T06:44:29.399Z,2.096230000000002,-21.05287,0.0,-0.043399999999999994,-0.6333200000000012,23.14564
2026-08-24T06:44:34.401Z,2.096230000000002,-21.05287,0.0,-0.043399999999999994,-0.6333200000000012,23.14564
2026-08-24T06:44:39.401Z,2.096230000000002,-21.20477,0.0,-0.043399999999999994,-0.6333200000000012,23.25554
2026-08-24T06:44:44.402Z,2.0962299999999985,-21.35667,0.0,-0.043399999999999994,-0.6333200000000012,23.36544
2026-08-24T06:44:49.404Z,2.0962299999999985,-21.35667,0.0,-0.043399999999999994,-0.6333200000000012,23.36544
2026-08-24T06:44:54.405Z,2.0962299999999985,-21.35667,0.0,-0.043399999999999994,-0.6333200000000012,23.36544
2026-08-24T06:44:59.406Z,2.0962299999999985,-21.35667,0.0,-0.043399999999999994,-0.6333200000000012,23.36544
2026-08-24T06:45:04.406Z,2.0962299999999985,-21.53027,0.0,-0.043399999999999994,-0.6333199999999977,23.49104
2026-08-24T06:45:09.407Z,2.096230000000002,-21.40007,0.0,-0.043399999999999994,-0.6333199999999977,23.36084
2026-08-24T06:45:14.408Z,2.096230000000002,-21.40007,0.0,-0.043399999999999994,-0.6333199999999977,23.36084
2026-08-24T06:45:19.408Z,2.096230000000002,-21.18307,0.0,-0.043399999999999994,-0.6333199999999977,23.14384
2026-08-24T06:45:24.416Z,2.096230000000002,-22.41997,0.0,-0.043399999999999994,-0.6333199999999977,24.13474
2026-08-24T06:45:29.411Z,2.0962299999999985,-22.528470000000002,0.0,-0.043399999999999994,-0.6333200000000012,24.21324
2026-08-24T06:45:34.412Z,2.0962299999999985,-22.528470000000002,0.0,-0.043399999999999994,-0.6333200000000012,24.21324
2026-08-24T06:45:39.413Z,2.0962299999999985,-22.96247,0.0,-0.043399999999999994,-0.6333200000000012,24.52724
2026-08-24T06:45:44.413Z,2.0962299999999985,-22.96247,0.0,-0.043399999999999994,-0.6333200000000012,24.52724
2026-08-24T06:45:49.414Z,2.0962299999999985,-22.83227,0.0,-0.043399999999999994,-0.6333200000000012,24.397039999999997
2026-08-24T06:45:54.414Z,2.0962299999999985,-22.83227,0.0,-0.043399999999999994,-0.6333200000000012,24.397039999999997
2026-08-24T06:45:59.416Z,2.0962299999999985,-22.83227,0.0,-0.043399999999999994,-0.6333200000000012,24.397039999999997
2026-08-24T06:46:04.417Z,2.0962299999999985,-22.33317,0.0,-0.043399999999999994,-0.6333199999999977,23.897940000000002
2026-08-24T06:46:09.418Z,2.096230000000002,-22.289769999999997,0.0,-0.043399999999999994,-0.6333200000000012,23.85454
2026-08-24T06:46:14.420Z,2.096230000000002,-22.13787,0.0,-0.043399999999999994,-0.6333200000000012,23.70264
2026-08-24T06:46:19.422Z,2.096230000000002,-21.98597,0.0,-0.043399999999999994,-0.6333199999999977,23.55074
2026-08-24T06:46:24.426Z,2.096230000000002,-22.007669999999997,0.0,-0.043399999999999994,-0.6333200000000012,23.57244
2026-08-24T06:46:29.423Z,2.096230000000002,-22.007669999999997,0.0,-0.043399999999999994,-0.6333200000000012,23.57244
2026-08-24T06:46:34.424Z,2.096230000000002,-21.70387,0.0,-0.043399999999999994,-0.6333200000000012,23.26864
2026-08-24T06:46:39.425Z,2.0962299999999985,-23.04927,0.0,-0.043399999999999994,-0.6333200000000012,24.59004
2026-08-24T06:46:44.426Z,2.0962299999999985,-23.04927,0.0,-0.043399999999999994,-0.6333200000000012,24.59004
2026-08-24T06:46:49.427Z,2.0962299999999985,-23.04927,0.0,-0.043399999999999994,-0.6333200000000012,24.59004
2026-08-24T06:46:54.429Z,2.0962299999999985,-23.04927,0.0,-0.043399999999999994,-0.6333200000000012,24.59004
2026-08-24T06:46:59.430Z,2.0962299999999985,-23.04927,0.0,-0.043399999999999994,-0.6333200000000012,24.59004
2026-08-24T06:47:04.432Z,2.096230000000002,-23.09267,0.0,-0.043399999999999994,-0.6333200000000012,24.62144
2026-08-24T06:47:09.431Z,2.096230000000002,-23.22287,0.0,-0.043399999999999994,-0.6333200000000012,24.71564
2026-08-24T06:47:14.432Z,2.0962299999999985,-23.76537,0.0,-0.043399999999999994,-0.6333200000000012,25.10814
2026-08-24T06:47:19.433Z,2.0962299999999985,-23.76537,0.0,-0.043399999999999994,-0.6333200000000012,25.10814
2026-08-24T06:47:24.485Z,2.0962299999999985,-23.917270000000002,0.0,-0.043399999999999994,-0.6333200000000012,25.21804
2026-08-24T06:47:29.437Z,2.096230000000002,-25.58107,0.0,-0.0314,-0.6333199999999977,26.44264
2026-08-24T06:47:34.439Z,2.0962299999999985,-25.926470000000002,0.0,-0.0314,-0.6333200000000012,26.78804
2026-08-24T06:47:39.441Z,2.0962299999999985,-26.554470000000002,0.0,-0.0314,-0.6333200000000012,27.41604
2026-08-24T06:47:44.441Z,2.0962299999999985,-26.86089,0.0,-0.0436,-0.6333199999999977,27.72246
2026-08-24T06:47:49.442Z,2.096230000000002,-26.51209,0.0,-0.0436,-0.6333199999999977,27.37366
2026-08-24T06:47:54.445Z,2.0962299999999985,-26.64289,0.0,-0.0436,-0.6333199999999977,27.50446
2026-08-24T06:47:59.445Z,2.096230000000002,-26.66469,0.0,-0.0436,-0.6333199999999977,27.52626
2026-08-24T06:48:04.447Z,2.096230000000002,-26.16329,0.0,-0.0436,-0.6333200000000012,27.02486
2026-08-24T06:48:09.448Z,2.0962299999999985,-26.119690000000002,0.0,-0.0436,-0.6333200000000012,26.98126
2026-08-24T06:48:14.452Z,2.0962299999999985,-26.337690000000002,0.0,-0.0436,-0.6333200000000012,27.19926
2026-08-24T06:48:19.454Z,2.0962299999999985,-26.119690000000002,0.0,-0.0436,-0.6333200000000012,26.98126
2026-08-24T06:48:24.452Z,2.0962299999999985,-27.493090000000002,0.0,-0.0436,-0.6333200000000012,28.35466
2026-08-24T06:48:29.453Z,2.0962299999999985,-27.558490000000003,0.0,-0.0436,-0.6333200000000012,28.42006
2026-08-24T06:48:34.452Z,2.096230000000002,-27.53669,0.0,-0.0436,-0.6333200000000012,28.39826
2026-08-24T06:48:39.455Z,2.0962299999999985,-27.558490000000003,0.0,-0.0436,-0.6333200000000012,28.42006
2026-08-24T06:48:44.455Z,2.096230000000002,-27.38409,0.0,-0.0436,-0.6333199999999977,28.24566
2026-08-24T06:48:49.456Z,2.096230000000002,-27.38409,0.0,-0.0436,-0.6333199999999977,28.24566
2026-08-24T06:48:54.457Z,2.0962299999999985,-27.51489,0.0,-0.0436,-0.6333199999999977,28.37646
2026-08-24T06:48:59.459Z,2.0962299999999985,-27.558490000000003,0.0,-0.0436,-0.6333200000000012,28.42006
2026-08-24T06:49:04.459Z,2.0962299999999985,-27.51489,0.0,-0.0436,-0.6333199999999977,28.37646
2026-08-24T06:49:09.460Z,2.0962299999999985,-27.73289,0.0,-0.0436,-0.6333199999999977,28.59446
2026-08-24T06:49:14.460Z,2.0962299999999985,-27.73289,0.0,-0.0436,-0.6333199999999977,28.59446
2026-08-24T06:49:19.461Z,2.0962299999999985,-27.88549,0.0,-0.0436,-0.6333199999999977,28.74706
2026-08-24T06:49:24.462Z,2.096230000000002,-28.53949,0.0,-0.0436,-0.6333199999999977,29.40106
2026-08-24T06:49:29.468Z,2.0962299999999985,-28.82289,0.0,-0.0436,-0.6333199999999977,29.68446
2026-08-24T06:49:34.469Z,2.0962299999999985,-28.95369,0.0,-0.0436,-0.6333200000000012,29.81526
2026-08-24T06:49:39.466Z,2.0962299999999985,-28.299690000000002,0.0,-0.0436,-0.6333200000000012,29.16126
2026-08-24T06:49:44.468Z,2.0962299999999985,-28.365090000000002,0.0,-0.0436,-0.6333200000000012,29.22666
2026-08-24T06:49:49.470Z,2.0962299999999985,-28.365090000000002,0.0,-0.0436,-0.6333200000000012,29.22666
2026-08-24T06:49:54.469Z,2.0962299999999985,-28.16889,0.0,-0.0436,-0.6333199999999977,29.03046
2026-08-24T06:49:59.470Z,2.0962299999999985,-28.16889,0.0,-0.0436,-0.6333199999999977,29.03046
2026-08-24T06:50:04.471Z,2.0962299999999985,-28.01629,0.0,-0.0436,-0.6333200000000012,28.87786
2026-08-24T06:50:09.472Z,2.096230000000002,-28.19069,0.0,-0.0436,-0.6333200000000012,29.05226
2026-08-24T06:50:14.473Z,2.096230000000002,-28.19069,0.0,-0.0436,-0.6333200000000012,29.05226
2026-08-24T06:50:19.475Z,2.096230000000002,-26.96989,0.0,-0.0436,-0.6333200000000012,27.83146
2026-08-24T06:50:24.476Z,2.0962299999999985,-26.92629,0.0,-0.0436,-0.6333200000000012,27.78786
2026-08-24T06:50:29.477Z,2.096230000000002,-26.94809,0.0,-0.0436,-0.6333199999999977,27.80966
2026-08-24T06:50:34.478Z,2.096230000000002,-26.94809,0.0,-0.0436,-0.6333199999999977,27.80966
2026-08-24T06:50:39.481Z,2.096230000000002,-26.94809,0.0,-0.0436,-0.6333199999999977,27.80966
2026-08-24T06:50:44.481Z,2.096230000000002,-27.47129,0.0,-0.0436,-0.6333200000000012,28.33286
2026-08-24T06:50:49.481Z,2.0962299999999985,-27.558490000000003,0.0,-0.0436,-0.6333200000000012,28.42006
2026-08-24T06:50:54.482Z,2.0962299999999985,-27.558490000000003,0.0,-0.0436,-0.6333200000000012,28.42006
2026-08-24T06:50:59.484Z,2.096230000000002,-27.31869,0.0,-0.0436,-0.6333200000000012,28.18026
2026-08-24T06:51:04.485Z,2.096230000000002,-26.44669,0.0,-0.0436,-0.6333199999999977,27.30826
2026-08-24T06:51:09.486Z,2.0962299999999985,-26.403090000000002,0.0,-0.0436,-0.6333200000000012,27.26466
2026-08-24T06:51:14.487Z,2.096230000000002,-27.38409,0.0,-0.0436,-0.6333199999999977,28.24566
2026-08-24T06:51:19.489Z,2.096230000000002,-27.38409,0.0,-0.0436,-0.6333199999999977,28.24566
2026-08-24T06:51:24.489Z,2.096230000000002,-27.38409,0.0,-0.0436,-0.6333199999999977,28.24566
2026-08-24T06:51:29.490Z,2.0962299999999985,-27.427690000000002,0.0,-0.0436,-0.6333200000000012,28.28926
2026-08-24T06:51:34.492Z,2.096230000000002,-26.96989,0.0,-0.0436,-0.6333200000000012,27.83146
2026-08-24T06:51:39.492Z,2.096230000000002,-25.40061,0.0,-0.043399999999999994,-0.6333199999999977,26.26218
2026-08-24T06:51:44.493Z,2.096230000000002,-25.33551,0.0,-0.043399999999999994,-0.6333200000000012,26.19708
2026-08-24T06:51:49.494Z,2.096230000000002,-25.33551,0.0,-0.043399999999999994,-0.6333200000000012,26.19708
2026-08-24T06:51:54.495Z,2.0962299999999985,-25.20531,0.0,-0.043399999999999994,-0.6333200000000012,26.06688
2026-08-24T06:51:59.496Z,2.096230000000002,-24.467509999999997,0.0,-0.043399999999999994,-0.6333200000000012,25.32908
2026-08-24T06:52:04.496Z,2.0962299999999985,-24.44581,0.0,-0.043399999999999994,-0.6333199999999977,25.307380000000002
2026-08-24T06:52:09.498Z,2.096230000000002,-24.467509999999997,0.0,-0.043399999999999994,-0.6333200000000012,25.32908
2026-08-24T06:52:14.499Z,2.096230000000002,-24.467509999999997,0.0,-0.043399999999999994,-0.6333200000000012,25.32908
2026-08-24T06:52:19.503Z,2.096230000000002,-24.467509999999997,0.0,-0.043399999999999994,-0.6333200000000012,25.32908
2026-08-24T06:52:24.501Z,2.096230000000002,-24.467509999999997,0.0,-0.043399999999999994,-0.6333200000000012,25.32908
2026-08-24T06:52:29.508Z,2.096230000000002,-24.467509999999997,0.0,-0.043399999999999994,-0.6333200000000012,25.32908
2026-08-24T06:52:34.502Z,2.0962299999999985,-25.37891,0.0,-0.043399999999999994,-0.6333199999999977,26.24048
2026-08-24T06:52:39.502Z,2.096230000000002,-25.552509999999998,0.0,-0.043399999999999994,-0.6333200000000012,26.414080000000002
2026-08-24T06:52:44.502Z,2.096230000000002,-25.921409999999998,0.0,-0.043399999999999994,-0.6333200000000012,26.78298
2026-08-24T06:52:49.505Z,2.0962299999999985,-25.94311,0.0,-0.043399999999999994,-0.6333200000000012,26.80108
2026-08-24T06:52:54.505Z,2.096230000000002,-25.76951,0.0,-0.043399999999999994,-0.6333200000000012,26.627480000000002
2026-08-24T06:52:59.508Z,2.0962299999999985,-25.726110000000002,0.0,-0.043399999999999994,-0.6333200000000012,26.58408
2026-08-24T06:53:04.507Z,2.096230000000002,-25.76951,0.0,-0.043399999999999994,-0.6333200000000012,26.627480000000002
2026-08-24T06:53:09.509Z,2.096230000000002,-25.76951,0.0,-0.043399999999999994,-0.6333200000000012,26.627480000000002
2026-08-24T06:53:14.509Z,2.096230000000002,-25.76951,0.0,-0.043399999999999994,-0.6333200000000012,26.627480000000002
2026-08-24T06:53:19.510Z,2.0962299999999985,-26.52901,0.0,-0.043399999999999994,-0.6333200000000012,27.22498
2026-08-24T06:53:24.510Z,2.0962299999999985,-26.55071,0.0,-0.043399999999999994,-0.6333199999999977,27.24068
2026-08-24T06:53:29.538Z,2.0962299999999985,-26.39881,0.0,-0.043399999999999994,-0.6333199999999977,27.08878
2026-08-24T06:53:34.512Z,2.096230000000002,-26.35541,0.0,-0.043399999999999994,-0.6333200000000012,27.04538
2026-08-24T06:53:39.514Z,2.096230000000002,-25.856309999999997,0.0,-0.043399999999999994,-0.6333200000000012,26.54628
2026-08-24T06:53:44.515Z,2.096230000000002,-25.856309999999997,0.0,-0.043399999999999994,-0.6333200000000012,26.54628
2026-08-24T06:53:49.516Z,2.096230000000002,-25.856309999999997,0.0,-0.043399999999999994,-0.6333200000000012,26.54628
2026-08-24T06:53:54.518Z,2.096230000000002,-25.856309999999997,0.0,-0.043399999999999994,-0.6333200000000012,26.54628
2026-08-24T06:53:59.519Z,2.096230000000002,-25.834609999999998,0.0,-0.043399999999999994,-0.6333199999999977,26.52458
2026-08-24T06:54:04.520Z,2.0962299999999985,-25.422310000000003,0.0,-0.043399999999999994,-0.6333200000000012,26.11228
2026-08-24T06:54:09.521Z,2.0962299999999985,-25.422310000000003,0.0,-0.043399999999999994,-0.6333200000000012,26.11228
2026-08-24T06:54:14.525Z,2.0962299999999985,-25.422310000000003,0.0,-0.043399999999999994,-0.6333200000000012,26.11228
2026-08-24T06:54:19.523Z,2.0962299999999985,-25.422310000000003,0.0,-0.043399999999999994,-0.6333200000000012,26.11228
2026-08-24T06:54:24.525Z,2.096230000000002,-25.24871,0.0,-0.043399999999999994,-0.6333199999999977,25.93868
2026-08-24T06:54:29.526Z,2.096230000000002,-25.24871,0.0,-0.043399999999999994,-0.6333199999999977,25.93868
2026-08-24T06:54:34.527Z,2.0962299999999985,-25.94311,0.0,-0.043399999999999994,-0.6333200000000012,26.63308
2026-08-24T06:54:39.528Z,2.0962299999999985,-25.94311,0.0,-0.043399999999999994,-0.6333200000000012,26.63308
2026-08-24T06:54:44.529Z,2.0962299999999985,-25.94311,0.0,-0.043399999999999994,-0.6333200000000012,26.63308
2026-08-24T06:54:49.530Z,2.0962299999999985,-25.94311,0.0,-0.043399999999999994,-0.6333200000000012,26.63308
2026-08-24T06:54:54.530Z,2.0962299999999985,-25.94311,0.0,-0.043399999999999994,-0.6333200000000012,26.63308
2026-08-24T06:54:59.535Z,2.0962299999999985,-25.94311,0.0,-0.043399999999999994,-0.6333200000000012,26.63308
2026-08-24T06:55:04.532Z,2.0962299999999985,-25.94311,0.0,-0.043399999999999994,-0.6333200000000012,26.63308
2026-08-24T06:55:09.533Z,2.0962299999999985,-25.94311,0.0,-0.043399999999999994,-0.6333200000000012,26.63308
2026-08-24T06:55:14.535Z,2.0962299999999985,-25.94311,0.0,-0.043399999999999994,-0.6333200000000012,26.63308
2026-08-24T06:55:19.536Z,2.0962299999999985,-25.94311,0.0,-0.043399999999999994,-0.6333200000000012,26.63308
2026-08-24T06:55:24.538Z,2.0962299999999985,-25.94311,0.0,-0.043399999999999994,-0.6333200000000012,26.63308
2026-08-24T06:55:29.538Z,2.0962299999999985,-25.94311,0.0,-0.043399999999999994,-0.6333200000000012,26.63308
2026-08-24T06:55:34.539Z,2.096230000000002,-26.05161,0.0,-0.043399999999999994,-0.6333199999999977,26.74158
2026-08-24T06:55:39.540Z,2.0962299999999985,-26.02991,0.0,-0.043399999999999994,-0.6333199999999977,26.719880000000003
2026-08-24T06:55:44.541Z,2.096230000000002,-26.11671,0.0,-0.043399999999999994,-0.6333199999999977,26.80668
2026-08-24T06:55:49.542Z,2.0962299999999985,-25.57421,0.0,-0.043399999999999994,-0.6333200000000012,26.26418
2026-08-24T06:55:54.543Z,2.0962299999999985,-25.50911,0.0,-0.043399999999999994,-0.6333200000000012,26.19908
2026-08-24T06:55:59.544Z,2.0962299999999985,-25.57421,0.0,-0.043399999999999994,-0.6333200000000012,26.26418
2026-08-24T06:56:04.545Z,2.0962299999999985,-26.160110000000003,0.0,-0.043399999999999994,-0.6333200000000012,26.85008
2026-08-24T06:56:09.545Z,2.0962299999999985,-26.160110000000003,0.0,-0.043399999999999994,-0.6333200000000012,26.85008
2026-08-24T06:56:14.546Z,2.096230000000002,-26.290309999999998,0.0,-0.043399999999999994,-0.6333200000000012,26.98028
2026-08-24T06:56:19.547Z,2.0962299999999985,-26.33371,0.0,-0.043399999999999994,-0.6333199999999977,27.023680000000002
2026-08-24T06:56:24.547Z,2.0962299999999985,-26.33371,0.0,-0.043399999999999994,-0.6333199999999977,27.023680000000002
2026-08-24T06:56:29.548Z,2.0962299999999985,-26.442210000000003,0.0,-0.043399999999999994,-0.6333200000000012,27.132179999999998
2026-08-24T06:56:34.549Z,2.0962299999999985,-26.98471,0.0,-0.043399999999999994,-0.6333199999999977,27.55468
2026-08-24T06:56:39.551Z,2.0962299999999985,-26.98471,0.0,-0.043399999999999994,-0.6333199999999977,27.55468
2026-08-24T06:56:44.551Z,2.0962299999999985,-26.98471,0.0,-0.043399999999999994,-0.6333199999999977,27.55468
2026-08-24T06:56:49.552Z,2.0962299999999985,-26.98471,0.0,-0.043399999999999994,-0.6333199999999977,27.55468
2026-08-24T06:56:54.552Z,2.0962299999999985,-26.81111,0.0,-0.043399999999999994,-0.6333200000000012,27.38108
2026-08-24T06:56:59.548Z,2.0962299999999985,-26.96301,0.0,-0.043399999999999994,-0.6333200000000012,27.53298
2026-08-24T06:57:04.543Z,2.0962299999999985,-27.33191,0.0,-0.043399999999999994,-0.6333200000000012,27.80588
2026-08-24T06:57:09.542Z,2.096230000000002,-27.07151,0.0,-0.043399999999999994,-0.6333200000000012,27.54548
2026-08-24T06:57:14.541Z,2.096230000000002,-27.07151,0.0,-0.043399999999999994,-0.6333200000000012,27.54548
2026-08-24T06:57:19.542Z,2.096230000000002,-27.07151,0.0,-0.043399999999999994,-0.6333200000000012,27.54548
2026-08-24T06:57:24.540Z,2.096230000000002,-27.07151,0.0,-0.043399999999999994,-0.6333200000000012,27.54548
2026-08-24T06:57:29.541Z,2.096230000000002,-27.07151,0.0,-0.043399999999999994,-0.6333200000000012,27.54548
2026-08-24T06:57:34.543Z,2.0962299999999985,-27.093210000000003,0.0,-0.043399999999999994,-0.6333200000000012,27.56718
2026-08-24T06:57:39.542Z,2.0962299999999985,-27.093210000000003,0.0,-0.043399999999999994,-0.6333200000000012,27.56718
2026-08-24T06:57:44.543Z,2.0962299999999985,-27.093210000000003,0.0,-0.043399999999999994,-0.6333200000000012,27.56718
2026-08-24T06:57:49.543Z,2.096230000000002,-27.07151,0.0,-0.043399999999999994,-0.6333200000000012,27.54548
2026-08-24T06:57:54.544Z,2.096230000000002,-26.854509999999998,0.0,-0.043399999999999994,-0.6333200000000012,27.32848
2026-08-24T06:57:59.546Z,2.096230000000002,-26.854509999999998,0.0,-0.043399999999999994,-0.6333200000000012,27.32848
2026-08-24T06:58:04.548Z,2.096230000000002,-26.854509999999998,0.0,-0.043399999999999994,-0.6333200000000012,27.32848
2026-08-24T06:58:09.548Z,2.096230000000002,-26.854509999999998,0.0,-0.043399999999999994,-0.6333200000000012,27.32848
2026-08-24T06:58:14.549Z,2.096230000000002,-26.854509999999998,0.0,-0.043399999999999994,-0.6333200000000012,27.32848
2026-08-24T06:58:19.550Z,2.096230000000002,-26.854509999999998,0.0,-0.043399999999999994,-0.6333200000000012,27.32848
2026-08-24T06:58:24.552Z,2.096230000000002,-26.854509999999998,0.0,-0.043399999999999994,-0.6333200000000012,27.32848
2026-08-24T06:58:29.552Z,2.096230000000002,-26.854509999999998,0.0,-0.043399999999999994,-0.6333200000000012,27.32848
2026-08-24T06:58:34.553Z,2.096230000000002,-26.854509999999998,0.0,-0.043399999999999994,-0.6333200000000012,27.32848
2026-08-24T06:58:39.555Z,2.096230000000002,-26.854509999999998,0.0,-0.043399999999999994,-0.6333200000000012,27.32848
2026-08-24T06:58:44.556Z,2.096230000000002,-26.854509999999998,0.0,-0.043399999999999994,-0.6333200000000012,27.32848
2026-08-24T06:58:49.557Z,2.096230000000002,-26.854509999999998,0.0,-0.043399999999999994,-0.6333200000000012,27.32848
2026-08-24T06:58:54.558Z,2.096230000000002,-26.854509999999998,0.0,-0.043399999999999994,-0.6333200000000012,27.32848
2026-08-24T06:58:59.563Z,2.096230000000002,-27.07151,0.0,-0.043399999999999994,-0.6333200000000012,27.54548
2026-08-24T06:59:04.560Z,2.096230000000002,-27.07151,0.0,-0.043399999999999994,-0.6333200000000012,27.54548
2026-08-24T06:59:09.561Z,2.096230000000002,-26.854509999999998,0.0,-0.043399999999999994,-0.6333200000000012,27.32848
2026-08-24T06:59:14.562Z,2.0962299999999985,-26.61581,0.0,-0.043399999999999994,-0.6333199999999977,27.08978
2026-08-24T06:59:19.564Z,2.0962299999999985,-26.33371,0.0,-0.043399999999999994,-0.6333199999999977,26.80768
2026-08-24T06:59:24.565Z,2.0962299999999985,-26.33371,0.0,-0.043399999999999994,-0.6333199999999977,26.80768
2026-08-24T06:59:29.566Z,2.0962299999999985,-26.33371,0.0,-0.043399999999999994,-0.6333199999999977,26.80768
2026-08-24T06:59:34.568Z,2.0962299999999985,-26.33371,0.0,-0.043399999999999994,-0.6333199999999977,26.80768
2026-08-24T06:59:39.567Z,2.0962299999999985,-26.33371,0.0,-0.043399999999999994,-0.6333199999999977,26.80768
2026-08-24T06:59:44.568Z,2.0962299999999985,-26.33371,0.0,-0.043399999999999994,-0.6333199999999977,26.80768
2026-08-24T06:59:49.568Z,2.0962299999999985,-26.33371,0.0,-0.043399999999999994,-0.6333199999999977,26.80768
2026-08-24T06:59:54.569Z,2.0962299999999985,-26.33371,0.0,-0.043399999999999994,-0.6333199999999977,26.80768
2026-08-24T06:59:59.569Z,2.096230000000002,-26.35541,0.0,-0.043399999999999994,-0.6333200000000012,26.82938
2026-08-24T07:00:04.570Z,2.096230000000002,-26.35541,0.0,-0.043399999999999994,-0.6333200000000012,26.82938
2026-08-24T07:00:09.572Z,2.096230000000002,-26.290309999999998,0.0,-0.043399999999999994,-0.6333200000000012,26.76428
2026-08-24T07:00:14.575Z,2.096230000000002,-26.290309999999998,0.0,-0.043399999999999994,-0.6333200000000012,26.76428
2026-08-24T07:00:19.575Z,2.096230000000002,-27.37531,0.0,-0.043399999999999994,-0.6333200000000012,27.83728
2026-08-24T07:00:24.575Z,2.0962299999999985,-27.81113,0.0,-0.0436,-0.6333199999999977,28.2083
2026-08-24T07:00:29.578Z,2.0962299999999985,-27.854730000000004,0.0,-0.0436,-0.6333200000000012,28.2519
2026-08-24T07:00:34.577Z,2.096230000000002,-27.985529999999997,0.0,-0.0436,-0.6333200000000012,28.3827
2026-08-24T07:00:39.579Z,2.0962299999999985,-27.702130000000004,0.0,-0.0436,-0.6333200000000012,28.0993
2026-08-24T07:00:44.580Z,2.0962299999999985,-27.702130000000004,0.0,-0.0436,-0.6333200000000012,28.0993
2026-08-24T07:00:49.581Z,2.096230000000002,-27.985529999999997,0.0,-0.0436,-0.6333200000000012,28.3827
2026-08-24T07:00:54.583Z,2.0962299999999985,-28.50873,0.0,-0.0436,-0.6333200000000012,28.9059
2026-08-24T07:00:59.584Z,2.0962299999999985,-28.50873,0.0,-0.0436,-0.6333200000000012,28.9059
2026-08-24T07:01:04.585Z,2.096230000000002,-28.268929999999997,0.0,-0.0436,-0.6333200000000012,28.6661
2026-08-24T07:01:09.586Z,2.096230000000002,-27.76753,0.0,-0.0436,-0.6333200000000012,28.1647
2026-08-24T07:01:14.588Z,2.0962299999999985,-27.65853,0.0,-0.0436,-0.6333199999999977,28.0557
2026-08-24T07:01:19.589Z,2.096230000000002,-27.745730000000002,0.0,-0.0436,-0.6333199999999977,28.1429
2026-08-24T07:01:24.593Z,2.096230000000002,-27.745730000000002,0.0,-0.0436,-0.6333199999999977,28.1429
2026-08-24T07:01:29.594Z,2.0962299999999985,-27.723930000000003,0.0,-0.0436,-0.6333200000000012,28.1211
2026-08-24T07:01:34.596Z,2.0962299999999985,-27.723930000000003,0.0,-0.0436,-0.6333200000000012,28.1211
2026-08-24T07:01:39.596Z,2.096230000000002,-27.745730000000002,0.0,-0.0436,-0.6333199999999977,28.1429
2026-08-24T07:01:44.599Z,2.096230000000002,-27.745730000000002,0.0,-0.0436,-0.6333199999999977,28.1429
2026-08-24T07:01:49.600Z,2.096230000000002,-27.244329999999998,0.0,-0.0436,-0.6333199999999977,27.6415
2026-08-24T07:01:54.602Z,2.0962299999999985,-27.63673,0.0,-0.0436,-0.6333200000000012,28.0339
2026-08-24T07:01:59.602Z,2.0962299999999985,-27.63673,0.0,-0.0436,-0.6333200000000012,28.0339
2026-08-24T07:02:04.605Z,2.0962299999999985,-27.571330000000003,0.0,-0.0436,-0.6333200000000012,27.9685
2026-08-24T07:02:09.605Z,2.096230000000002,-27.113529999999997,0.0,-0.0436,-0.6333200000000012,27.5107
2026-08-24T07:02:14.606Z,2.096230000000002,-27.04813,0.0,-0.0436,-0.6333200000000012,27.4453
2026-08-24T07:02:19.608Z,2.096230000000002,-26.808329999999998,0.0,-0.0436,-0.6333199999999977,27.2055
2026-08-24T07:02:24.610Z,2.096230000000002,-26.808329999999998,0.0,-0.0436,-0.6333199999999977,27.2055
2026-08-24T07:02:29.613Z,2.096230000000002,-26.808329999999998,0.0,-0.0436,-0.6333199999999977,27.2055
2026-08-24T07:02:34.632Z,2.096230000000002,-26.808329999999998,0.0,-0.0436,-0.6333199999999977,27.2055
2026-08-24T07:02:39.613Z,2.096230000000002,-26.808329999999998,0.0,-0.0436,-0.6333199999999977,27.2055
2026-08-24T07:02:44.615Z,2.096230000000002,-26.808329999999998,0.0,-0.0436,-0.6333199999999977,27.2055
2026-08-24T07:02:49.618Z,2.096230000000002,-26.808329999999998,0.0,-0.0436,-0.6333199999999977,27.2055
2026-08-24T07:02:54.620Z,2.096230000000002,-26.808329999999998,0.0,-0.0436,-0.6333199999999977,27.2055
2026-08-24T07:02:59.621Z,2.096230000000002,-26.808329999999998,0.0,-0.0436,-0.6333199999999977,27.2055
2026-08-24T07:03:04.622Z,2.0962299999999985,-26.342150000000004,0.0,-0.0314,-0.6333200000000012,26.73932
2026-08-24T07:03:09.622Z,2.0962299999999985,-26.342150000000004,0.0,-0.0314,-0.6333200000000012,26.73932
2026-08-24T07:03:14.626Z,2.096230000000002,-26.37355,0.0,-0.0314,-0.6333199999999977,26.77072
2026-08-24T07:03:19.624Z,2.096230000000002,-26.37355,0.0,-0.0314,-0.6333199999999977,26.77072
2026-08-24T07:03:24.625Z,2.096230000000002,-26.37355,0.0,-0.0314,-0.6333199999999977,26.77072
2026-08-24T07:03:29.627Z,2.096230000000002,-26.530549999999998,0.0,-0.0314,-0.6333199999999977,26.92772
2026-08-24T07:03:34.628Z,2.0962299999999985,-26.656150000000004,0.0,-0.0314,-0.6333200000000012,27.05332
2026-08-24T07:03:39.630Z,2.0962299999999985,-26.656150000000004,0.0,-0.0314,-0.6333200000000012,27.05332
2026-08-24T07:03:44.632Z,2.0962299999999985,-26.656150000000004,0.0,-0.0314,-0.6333200000000012,27.05332
2026-08-24T07:03:49.636Z,2.0962299999999985,-26.656150000000004,0.0,-0.0314,-0.6333200000000012,27.05332
2026-08-24T07:03:54.636Z,2.0962299999999985,-26.656150000000004,0.0,-0.0314,-0.6333200000000012,27.05332
2026-08-24T07:03:59.637Z,2.0962299999999985,-26.656150000000004,0.0,-0.0314,-0.6333200000000012,27.05332
2026-08-24T07:04:04.640Z,2.0962299999999985,-26.656150000000004,0.0,-0.0314,-0.6333200000000012,27.05332
2026-08-24T07:04:09.640Z,2.0962299999999985,-27.095750000000002,0.0,-0.0314,-0.6333199999999977,27.49292
2026-08-24T07:04:14.640Z,2.096230000000002,-27.17425,0.0,-0.0314,-0.6333200000000012,27.57142
2026-08-24T07:04:19.642Z,2.096230000000002,-27.53535,0.0,-0.0314,-0.6333200000000012,27.93252
2026-08-24T07:04:24.644Z,2.0962299999999985,-27.551050000000004,0.0,-0.0314,-0.6333200000000012,27.94822
2026-08-24T07:04:29.645Z,2.0962299999999985,-28.144370000000002,0.0,-0.0436,-0.6333199999999977,28.54154
2026-08-24T07:04:34.646Z,2.0962299999999985,-28.122570000000003,0.0,-0.0436,-0.6333200000000012,28.51974
2026-08-24T07:04:39.648Z,2.0962299999999985,-28.122570000000003,0.0,-0.0436,-0.6333200000000012,28.51974
2026-08-24T07:04:44.650Z,2.0962299999999985,-27.817370000000004,0.0,-0.0436,-0.6333200000000012,28.21454
2026-08-24T07:04:49.653Z,2.0962299999999985,-27.62117,0.0,-0.0436,-0.6333200000000012,28.01834
2026-08-24T07:04:54.654Z,2.0962299999999985,-27.59937,0.0,-0.0436,-0.6333200000000012,27.99654
2026-08-24T07:04:59.656Z,2.0962299999999985,-27.62117,0.0,-0.0436,-0.6333200000000012,28.01834
2026-08-24T07:05:04.660Z,2.0962299999999985,-27.46857,0.0,-0.0436,-0.6333200000000012,27.86574
2026-08-24T07:05:09.660Z,2.0962299999999985,-28.122570000000003,0.0,-0.0436,-0.6333200000000012,28.51974
2026-08-24T07:05:14.662Z,2.0962299999999985,-28.122570000000003,0.0,-0.0436,-0.6333200000000012,28.51974
2026-08-24T07:05:19.667Z,2.0962299999999985,-28.122570000000003,0.0,-0.0436,-0.6333200000000012,28.51974
2026-08-24T07:05:24.665Z,2.0962299999999985,-28.122570000000003,0.0,-0.0436,-0.6333200000000012,28.51974
2026-08-24T07:05:29.666Z,2.0962299999999985,-28.122570000000003,0.0,-0.0436,-0.6333200000000012,28.51974
2026-08-24T07:05:34.668Z,2.0962299999999985,-28.122570000000003,0.0,-0.0436,-0.6333200000000012,28.51974
2026-08-24T07:05:39.670Z,2.0962299999999985,-28.122570000000003,0.0,-0.0436,-0.6333200000000012,28.51974
2026-08-24T07:05:44.672Z,2.0962299999999985,-27.77377,0.0,-0.0436,-0.6333199999999977,28.17094
2026-08-24T07:05:49.674Z,2.0962299999999985,-27.77377,0.0,-0.0436,-0.6333199999999977,28.17094
2026-08-24T07:05:54.676Z,2.0962299999999985,-27.75197,0.0,-0.0436,-0.6333200000000012,28.14914
2026-08-24T07:05:59.678Z,2.0962299999999985,-27.75197,0.0,-0.0436,-0.6333200000000012,28.14914
2026-08-24T07:06:04.680Z,2.0962299999999985,-27.75197,0.0,-0.0436,-0.6333200000000012,28.14914
2026-08-24T07:06:09.683Z,2.096230000000002,-28.078969999999998,0.0,-0.0436,-0.6333199999999977,28.47614
2026-08-24T07:06:14.685Z,2.096230000000002,-28.078969999999998,0.0,-0.0436,-0.6333199999999977,28.47614
2026-08-24T07:06:19.687Z,2.096230000000002,-28.078969999999998,0.0,-0.0436,-0.6333199999999977,28.47614
2026-08-24T07:06:24.687Z,2.096230000000002,-28.078969999999998,0.0,-0.0436,-0.6333199999999977,28.47614
2026-08-24T07:06:29.689Z,2.0962299999999985,-27.839170000000003,0.0,-0.0436,-0.6333200000000012,28.23634
2026-08-24T07:06:34.691Z,2.0962299999999985,-27.686570000000003,0.0,-0.0436,-0.6333200000000012,28.08374
2026-08-24T07:06:39.691Z,2.0962299999999985,-27.555770000000003,0.0,-0.0436,-0.6333199999999977,27.95294
2026-08-24T07:06:44.693Z,2.0962299999999985,-27.555770000000003,0.0,-0.0436,-0.6333199999999977,27.95294
2026-08-24T07:06:49.695Z,2.0962299999999985,-27.555770000000003,0.0,-0.0436,-0.6333199999999977,27.95294
2026-08-24T07:06:54.697Z,2.0962299999999985,-27.555770000000003,0.0,-0.0436,-0.6333199999999977,27.95294
2026-08-24T07:06:59.699Z,2.0962299999999985,-27.555770000000003,0.0,-0.0436,-0.6333199999999977,27.95294
2026-08-24T07:07:04.701Z,2.0962299999999985,-27.555770000000003,0.0,-0.0436,-0.6333199999999977,27.95294
2026-08-24T07:07:09.703Z,2.0962299999999985,-27.708370000000002,0.0,-0.0436,-0.6333199999999977,28.10554
2026-08-24T07:07:14.705Z,2.0962299999999985,-27.817370000000004,0.0,-0.0436,-0.6333200000000012,28.21454
2026-08-24T07:07:19.707Z,2.0962299999999985,-27.817370000000004,0.0,-0.0436,-0.6333200000000012,28.21454
2026-08-24T07:07:24.710Z,2.0962299999999985,-27.817370000000004,0.0,-0.0436,-0.6333200000000012,28.21454
2026-08-24T07:07:29.717Z,2.0962299999999985,-27.817370000000004,0.0,-0.0436,-0.6333200000000012,28.21454
2026-08-24T07:07:34.713Z,2.0962299999999985,-28.122570000000003,0.0,-0.0436,-0.6333200000000012,28.51974
2026-08-24T07:07:39.716Z,2.0962299999999985,-28.122570000000003,0.0,-0.0436,-0.6333200000000012,28.51974
2026-08-24T07:07:44.718Z,2.0962299999999985,-28.122570000000003,0.0,-0.0436,-0.6333200000000012,28.51974
2026-08-24T07:07:49.721Z,2.0962299999999985,-28.122570000000003,0.0,-0.0436,-0.6333200000000012,28.51974
2026-08-24T07:07:54.722Z,2.0962299999999985,-28.122570000000003,0.0,-0.0436,-0.6333200000000012,28.51974
2026-08-24T07:07:59.727Z,2.0962299999999985,-28.122570000000003,0.0,-0.0436,-0.6333200000000012,28.51974
2026-08-24T07:08:04.728Z,2.0962299999999985,-28.122570000000003,0.0,-0.0436,-0.6333200000000012,28.51974
2026-08-24T07:08:09.729Z,2.0962299999999985,-28.427770000000002,0.0,-0.0436,-0.6333199999999977,28.82494
2026-08-24T07:08:14.729Z,2.0962299999999985,-28.427770000000002,0.0,-0.0436,-0.6333199999999977,28.82494
2026-08-24T07:08:19.731Z,2.0962299999999985,-28.427770000000002,0.0,-0.0436,-0.6333199999999977,28.82494
2026-08-24T07:08:24.732Z,2.0962299999999985,-28.47137,0.0,-0.0436,-0.6333200000000012,28.86854
2026-08-24T07:08:29.734Z,2.0962299999999985,-28.49317,0.0,-0.0436,-0.6333200000000012,28.89034
2026-08-24T07:08:34.735Z,2.096230000000002,-28.078969999999998,0.0,-0.0436,-0.6333199999999977,28.47614
2026-08-24T07:08:39.736Z,2.096230000000002,-28.078969999999998,0.0,-0.0436,-0.6333199999999977,28.47614
2026-08-24T07:08:44.738Z,2.096230000000002,-28.078969999999998,0.0,-0.0436,-0.6333199999999977,28.47614
2026-08-24T07:08:49.740Z,2.0962299999999985,-28.34057,0.0,-0.0436,-0.6333200000000012,28.73774
2026-08-24T07:08:54.739Z,2.0962299999999985,-28.122570000000003,0.0,-0.0436,-0.6333200000000012,28.51974
2026-08-24T07:08:59.739Z,2.0962299999999985,-27.90457,0.0,-0.0436,-0.6333200000000012,28.30174
2026-08-24T07:09:04.741Z,2.0962299999999985,-27.90457,0.0,-0.0436,-0.6333200000000012,28.30174
2026-08-24T07:09:09.742Z,2.0962299999999985,-27.90457,0.0,-0.0436,-0.6333200000000012,28.30174
2026-08-24T07:09:14.746Z,2.0962299999999985,-27.90457,0.0,-0.0436,-0.6333200000000012,28.30174
2026-08-24T07:09:19.747Z,2.0962299999999985,-27.90457,0.0,-0.0436,-0.6333200000000012,28.30174
2026-08-24T07:09:24.749Z,2.096230000000002,-28.60217,0.0,-0.0436,-0.6333200000000012,28.99934
2026-08-24T07:09:29.754Z,2.0962299999999985,-28.558570000000003,0.0,-0.0436,-0.6333200000000012,28.95574
2026-08-24T07:09:34.753Z,2.096230000000002,-28.820169999999997,0.0,-0.0436,-0.6333200000000012,29.21734
2026-08-24T07:09:39.753Z,2.096230000000002,-28.820169999999997,0.0,-0.0436,-0.6333200000000012,29.21734
2026-08-24T07:09:44.755Z,2.0962299999999985,-29.38925,0.0,-0.0317,-0.6333199999999977,29.78642
2026-08-24T07:09:49.756Z,2.096230000000002,-29.83305,0.0,-0.0317,-0.6333200000000012,30.23022
2026-08-24T07:09:54.760Z,2.096230000000002,-29.92815,0.0,-0.0317,-0.6333199999999977,30.32532
2026-08-24T07:09:59.759Z,2.096230000000002,-29.76965,0.0,-0.0317,-0.6333199999999977,30.16682
2026-08-24T07:10:04.761Z,2.096230000000002,-30.308549999999997,0.0,-0.0317,-0.6333200000000012,30.70572
2026-08-24T07:10:09.762Z,2.096230000000002,-30.46705,0.0,-0.0317,-0.6333199999999977,30.86422
2026-08-24T07:10:14.763Z,2.096230000000002,-30.46705,0.0,-0.0317,-0.6333199999999977,30.86422
2026-08-24T07:10:19.765Z,2.096230000000002,-30.46705,0.0,-0.0317,-0.6333199999999977,30.86422
2026-08-24T07:10:24.766Z,2.0962299999999985,-30.49875,0.0,-0.0317,-0.6333200000000012,30.89592
2026-08-24T07:10:29.767Z,2.0962299999999985,-31.06935,0.0,-0.0317,-0.6333199999999977,31.466520000000003
2026-08-24T07:10:34.770Z,2.0962299999999985,-31.06935,0.0,-0.0317,-0.6333199999999977,31.466520000000003
2026-08-24T07:10:39.778Z,2.0962299999999985,-31.06935,0.0,-0.0317,-0.6333199999999977,31.466520000000003
2026-08-24T07:10:44.770Z,2.096230000000002,-31.418049999999997,0.0,-0.0317,-0.6333199999999977,31.81522
2026-08-24T07:10:49.774Z,2.0962299999999985,-31.38635,0.0,-0.0317,-0.6333199999999977,31.783520000000003
2026-08-24T07:10:54.774Z,2.096230000000002,-31.291249999999998,0.0,-0.0317,-0.6333199999999977,31.68842
2026-08-24T07:10:59.775Z,2.096230000000002,-31.291249999999998,0.0,-0.0317,-0.6333199999999977,31.68842
2026-08-24T07:11:04.775Z,2.096230000000002,-32.416599999999995,0.0,-0.0317,-0.6333199999999977,32.813770000000005
2026-08-24T07:11:09.776Z,2.0962299999999985,-32.27395,0.0,-0.0317,-0.6333200000000048,32.67112
2026-08-24T07:11:14.778Z,2.0962299999999985,-32.6385,0.0,-0.0317,-0.6333199999999977,33.03567
2026-08-24T07:11:19.782Z,2.096230000000002,-32.78115,0.0,-0.0317,-0.6333199999999977,33.17832
2026-08-24T07:11:24.783Z,2.0962299999999985,-32.3849,0.0,-0.0317,-0.6333200000000048,32.78207
2026-08-24T07:11:29.784Z,2.096230000000002,-31.418049999999997,0.0,-0.0317,-0.6333199999999977,31.81522
2026-08-24T07:11:34.786Z,2.0962299999999985,-31.13275,0.0,-0.0317,-0.6333200000000048,31.529919999999997
2026-08-24T07:11:39.796Z,2.0962299999999985,-31.13275,0.0,-0.0317,-0.6333200000000048,31.529919999999997
2026-08-24T07:11:44.788Z,2.096230000000002,-32.5117,0.0,-0.0317,-0.6333200000000048,32.90887
2026-08-24T07:11:49.792Z,2.096230000000002,-32.765299999999996,0.0,-0.0317,-0.6333199999999977,33.16247
2026-08-24T07:11:54.793Z,2.0962299999999985,-32.59095,0.0,-0.0317,-0.6333200000000048,32.98812
2026-08-24T07:11:59.795Z,2.0962299999999985,-32.59095,0.0,-0.0317,-0.6333200000000048,32.98812
2026-08-24T07:12:04.797Z,2.0962299999999985,-32.6385,0.0,-0.0317,-0.6333199999999977,33.03567
2026-08-24T07:12:09.801Z,2.0962299999999985,-36.83875,0.0,-0.0317,-0.6333200000000048,37.23591999999999
2026-08-24T07:12:14.800Z,2.0962299999999985,-36.45835,0.0,-0.0317,-0.6333199999999977,36.85552
2026-08-24T07:12:19.802Z,2.0962299999999985,-36.36325,0.0,-0.0317,-0.6333199999999977,36.76042
2026-08-24T07:12:24.802Z,2.0962300000000056,-36.23645,0.0,-0.0317,-0.6333199999999977,36.63362
2026-08-24T07:12:29.803Z,2.0962299999999985,-36.07795,0.0,-0.0317,-0.6333200000000048,36.47512
2026-08-24T07:12:34.805Z,2.0962299999999985,-36.07795,0.0,-0.0317,-0.6333200000000048,36.47512
2026-08-24T07:12:39.812Z,2.0962299999999985,-36.20475,0.0,-0.0317,-0.6333200000000048,36.60192
2026-08-24T07:12:44.806Z,2.0962300000000056,-37.28255,0.0,-0.0317,-0.6333199999999977,37.67972
2026-08-24T07:12:49.808Z,2.0962299999999985,-36.99725,0.0,-0.0317,-0.6333199999999977,37.39442
2026-08-24T07:12:54.810Z,2.0962299999999985,-36.99725,0.0,-0.0317,-0.6333199999999977,37.39442
2026-08-24T07:12:59.813Z,2.0962299999999985,-36.99725,0.0,-0.0317,-0.6333199999999977,37.39442
2026-08-24T07:13:04.812Z,2.0962299999999985,-36.83875,0.0,-0.0317,-0.6333200000000048,37.23591999999999
2026-08-24T07:13:09.813Z,2.0962299999999985,-36.83875,0.0,-0.0317,-0.6333200000000048,37.23591999999999
2026-08-24T07:13:14.813Z,2.0962299999999985,-36.490050000000004,0.0,-0.0317,-0.6333200000000048,36.88722
2026-08-24T07:13:19.815Z,2.0962299999999985,-36.490050000000004,0.0,-0.0317,-0.6333200000000048,36.88722
2026-08-24T07:13:24.817Z,2.0962299999999985,-36.490050000000004,0.0,-0.0317,-0.6333200000000048,36.88722
2026-08-24T07:13:29.821Z,2.0962299999999985,-36.490050000000004,0.0,-0.0317,-0.6333200000000048,36.88722
2026-08-24T07:13:34.823Z,2.0962300000000056,-36.33155,0.0,-0.0317,-0.6333199999999977,36.72872
2026-08-24T07:13:39.829Z,2.0962300000000056,-36.33155,0.0,-0.0317,-0.6333199999999977,36.72872
2026-08-24T07:13:44.822Z,2.0962299999999985,-36.284,0.0,-0.0317,-0.6333200000000048,36.68117
2026-08-24T07:13:49.823Z,2.0962299999999985,-36.45835,0.0,-0.0317,-0.6333199999999977,36.85552
2026-08-24T07:13:54.825Z,2.0962299999999985,-36.14135,0.0,-0.0317,-0.6333199999999977,36.53852
2026-08-24T07:13:59.827Z,2.0962299999999985,-36.14135,0.0,-0.0317,-0.6333199999999977,36.53852
2026-08-24T07:14:04.829Z,2.0962299999999985,-36.14135,0.0,-0.0317,-0.6333199999999977,36.53852
2026-08-24T07:14:09.832Z,2.0962299999999985,-35.95115,0.0,-0.0317,-0.6333199999999977,36.34832
2026-08-24T07:14:14.832Z,2.0962299999999985,-35.792649999999995,0.0,-0.0317,-0.6333199999999977,36.189820000000005
2026-08-24T07:14:19.834Z,2.0962300000000056,-35.69755,0.0,-0.0317,-0.6333199999999977,36.09472
2026-08-24T07:14:24.837Z,2.0962299999999985,-35.72925,0.0,-0.0317,-0.6333199999999977,36.12642
2026-08-24T07:14:29.837Z,2.0962299999999985,-35.72925,0.0,-0.0317,-0.6333199999999977,36.12642
2026-08-24T07:14:34.839Z,2.0962299999999985,-35.792649999999995,0.0,-0.0317,-0.6333199999999977,36.189820000000005
2026-08-24T07:14:39.845Z,2.0962299999999985,-36.0621,0.0,-0.0317,-0.6333199999999977,36.45927
2026-08-24T07:14:44.843Z,2.0962299999999985,-36.04625,0.0,-0.0317,-0.6333199999999977,36.44342
2026-08-24T07:14:49.844Z,2.0962299999999985,-36.04625,0.0,-0.0317,-0.6333199999999977,36.44342
2026-08-24T07:14:54.846Z,2.0962299999999985,-36.04625,0.0,-0.0317,-0.6333199999999977,36.44342
2026-08-24T07:14:59.848Z,2.0962299999999985,-36.04625,0.0,-0.0317,-0.6333199999999977,36.44342
2026-08-24T07:15:04.848Z,2.0962299999999985,-35.95115,0.0,-0.0317,-0.6333199999999977,36.34832
2026-08-24T07:15:09.850Z,2.0962299999999985,-35.95115,0.0,-0.0317,-0.6333199999999977,36.34832
2026-08-24T07:15:14.852Z,2.0962299999999985,-35.35055,0.0,-0.0196,-0.6333200000000048,35.74772
2026-08-24T07:15:19.854Z,2.0962299999999985,-35.204950000000004,0.0,-0.0315,-0.6333199999999977,35.60212
2026-08-24T07:15:24.854Z,2.0962299999999985,-35.11045,0.0,-0.0315,-0.6333199999999977,35.50762
2026-08-24T07:15:29.856Z,2.0962300000000056,-35.07895,0.0,-0.0315,-0.6333199999999977,35.47612
2026-08-24T07:15:34.857Z,2.0962299999999985,-35.047450000000005,0.0,-0.0315,-0.6333199999999977,35.44462
2026-08-24T07:15:39.860Z,2.0962299999999985,-34.858450000000005,0.0,-0.0315,-0.6333199999999977,35.25562
2026-08-24T07:15:44.858Z,2.0962299999999985,-34.60645,0.0,-0.0315,-0.6333200000000048,35.00362
2026-08-24T07:15:49.862Z,2.0962299999999985,-34.44895,0.0,-0.0315,-0.6333199999999977,34.84612
2026-08-24T07:15:54.862Z,2.0962299999999985,-34.35445,0.0,-0.0315,-0.6333199999999977,34.75162
2026-08-24T07:15:59.864Z,2.0962299999999985,-34.22845,0.0,-0.0315,-0.6333200000000048,34.62562
2026-08-24T07:16:04.865Z,2.0962299999999985,-33.97645,0.0,-0.0315,-0.6333199999999977,34.37362
2026-08-24T07:16:09.866Z,2.096230000000002,-33.78745,0.0,-0.0315,-0.6333199999999977,34.18462
2026-08-24T07:16:14.868Z,2.0962299999999985,-33.66145,0.0,-0.0315,-0.6333200000000048,34.05862
2026-08-24T07:16:19.870Z,2.0962299999999985,-33.66145,0.0,-0.0315,-0.6333200000000048,34.05862
2026-08-24T07:16:24.871Z,2.0962299999999985,-33.50395,0.0,-0.0315,-0.6333199999999977,33.90112
2026-08-24T07:16:29.874Z,2.0962299999999985,-33.50395,0.0,-0.0315,-0.6333199999999977,33.90112
2026-08-24T07:16:34.876Z,2.0962299999999985,-33.69295,0.0,-0.0315,-0.6333199999999977,34.09012
2026-08-24T07:16:39.884Z,2.0962299999999985,-33.69295,0.0,-0.0315,-0.6333199999999977,34.09012
2026-08-24T07:16:44.878Z,2.096230000000002,-33.40945,0.0,-0.0315,-0.6333199999999977,33.80662
2026-08-24T07:16:49.879Z,2.096230000000002,-33.40945,0.0,-0.0315,-0.6333199999999977,33.80662
2026-08-24T07:16:54.881Z,2.096230000000002,-33.40945,0.0,-0.0315,-0.6333199999999977,33.80662
2026-08-24T07:16:59.888Z,2.096230000000002,-33.40945,0.0,-0.0315,-0.6333199999999977,33.80662
2026-08-24T07:17:04.889Z,2.0962299999999985,-32.71645,0.0,-0.0315,-0.6333200000000048,33.11362
2026-08-24T07:17:09.889Z,2.096230000000002,-33.40945,0.0,-0.0315,-0.6333199999999977,33.80662
2026-08-24T07:17:14.888Z,2.096230000000002,-33.40945,0.0,-0.0315,-0.6333199999999977,33.80662
2026-08-24T07:17:19.891Z,2.096230000000002,-33.40945,0.0,-0.0315,-0.6333199999999977,33.80662
2026-08-24T07:17:24.893Z,2.096230000000002,-33.40945,0.0,-0.0315,-0.6333199999999977,33.80662
2026-08-24T07:17:29.894Z,2.096230000000002,-33.40945,0.0,-0.0315,-0.6333199999999977,33.80662
2026-08-24T07:17:34.898Z,2.096230000000002,-33.40945,0.0,-0.0315,-0.6333199999999977,33.80662
2026-08-24T07:17:39.937Z,2.096230000000002,-32.84245,0.0,-0.0315,-0.6333199999999977,33.23962
2026-08-24T07:17:44.898Z,2.0962299999999985,-32.71645,0.0,-0.0315,-0.6333200000000048,33.11362
2026-08-24T07:17:49.901Z,2.096230000000002,-32.27545,0.0,-0.0315,-0.6333199999999977,32.67262
2026-08-24T07:17:54.903Z,2.096230000000002,-32.21245,0.0,-0.0315,-0.6333199999999977,32.60962
2026-08-24T07:17:59.904Z,2.096230000000002,-32.21245,0.0,-0.0315,-0.6333199999999977,32.60962
2026-08-24T07:18:04.905Z,2.096230000000002,-32.21245,0.0,-0.0315,-0.6333199999999977,32.60962
2026-08-24T07:18:09.907Z,2.0962299999999985,-32.30695,0.0,-0.0315,-0.6333200000000048,32.704119999999996
2026-08-24T07:18:14.910Z,2.0962299999999985,-32.11795,0.0,-0.0315,-0.6333199999999977,32.51512
2026-08-24T07:18:19.912Z,2.096230000000002,-32.08645,0.0,-0.0315,-0.6333199999999977,32.48362
2026-08-24T07:18:24.914Z,2.096230000000002,-32.02345,0.0,-0.0315,-0.6333199999999977,32.42062
2026-08-24T07:18:29.916Z,2.0962299999999985,-31.92895,0.0,-0.0315,-0.6333199999999977,32.32612
2026-08-24T07:18:34.916Z,2.0962299999999985,-31.14145,0.0,-0.0315,-0.6333199999999977,31.53862
2026-08-24T07:18:39.918Z,2.0962299999999985,-31.33045,0.0,-0.0315,-0.6333199999999977,31.72762
2026-08-24T07:18:44.921Z,2.0962299999999985,-31.33045,0.0,-0.0315,-0.6333199999999977,31.72762
2026-08-24T07:18:49.923Z,2.0962299999999985,-31.33045,0.0,-0.0315,-0.6333199999999977,31.72762
2026-08-24T07:18:54.924Z,2.0962299999999985,-31.33045,0.0,-0.0315,-0.6333199999999977,31.72762
2026-08-24T07:18:59.925Z,2.0962299999999985,-31.33045,0.0,-0.0315,-0.6333199999999977,31.72762
2026-08-24T07:19:04.926Z,2.096230000000002,-32.08645,0.0,-0.0315,-0.6333199999999977,32.48362
2026-08-24T07:19:09.927Z,2.0962299999999985,-32.30695,0.0,-0.0315,-0.6333200000000048,32.704119999999996
2026-08-24T07:19:14.932Z,2.0962299999999985,-32.9842,0.0,-0.0315,-0.6333200000000048,33.38137
2026-08-24T07:19:19.936Z,2.096230000000002,-32.99995,0.0,-0.0315,-0.6333199999999977,33.39712
2026-08-24T07:19:24.934Z,2.0962299999999985,-33.06295,0.0,-0.0315,-0.6333200000000048,33.460119999999996
2026-08-24T07:19:29.939Z,2.0962299999999985,-33.06295,0.0,-0.0315,-0.6333200000000048,33.460119999999996
2026-08-24T07:19:34.937Z,2.0962299999999985,-33.06295,0.0,-0.0315,-0.6333200000000048,33.460119999999996
2026-08-24T07:19:39.943Z,2.096230000000002,-32.96845,0.0,-0.0315,-0.6333199999999977,33.36562
2026-08-24T07:19:44.941Z,2.096230000000002,-32.99995,0.0,-0.0315,-0.6333199999999977,33.39712
2026-08-24T07:19:49.944Z,2.0962299999999985,-33.06295,0.0,-0.0315,-0.6333200000000048,33.460119999999996
2026-08-24T07:19:54.943Z,2.0962299999999985,-33.06295,0.0,-0.0315,-0.6333200000000048,33.460119999999996
2026-08-24T07:19:59.947Z,2.0962299999999985,-33.06295,0.0,-0.0315,-0.6333200000000048,33.460119999999996
2026-08-24T07:20:04.947Z,2.096230000000002,-32.96845,0.0,-0.0315,-0.6333199999999977,33.36562
2026-08-24T07:20:09.950Z,2.0962299999999985,-32.49595,0.0,-0.0315,-0.6333200000000048,32.893119999999996
2026-08-24T07:20:14.952Z,2.096230000000002,-31.77145,0.0,-0.0315,-0.6333200000000048,32.16862
2026-08-24T07:20:19.954Z,2.096230000000002,-31.77145,0.0,-0.0315,-0.6333200000000048,32.16862
2026-08-24T07:20:24.955Z,2.096230000000002,-31.73995,0.0,-0.0315,-0.6333199999999977,32.13712
2026-08-24T07:20:29.957Z,2.096230000000002,-31.39345,0.0,-0.0315,-0.6333200000000048,31.790619999999997
2026-08-24T07:20:34.959Z,2.096230000000002,-31.298949999999998,0.0,-0.0315,-0.6333199999999977,31.69612
2026-08-24T07:20:39.960Z,2.096230000000002,-31.298949999999998,0.0,-0.0315,-0.6333199999999977,31.69612
2026-08-24T07:20:44.963Z,2.0962299999999985,-31.2202,0.0,-0.0315,-0.6333199999999977,31.61737
2026-08-24T07:20:49.963Z,2.096230000000002,-31.39345,0.0,-0.0315,-0.6333200000000048,31.790619999999997
2026-08-24T07:20:54.965Z,2.096230000000002,-31.39345,0.0,-0.0315,-0.6333200000000048,31.790619999999997
2026-08-24T07:20:59.967Z,2.096230000000002,-31.39345,0.0,-0.0315,-0.6333200000000048,31.790619999999997
2026-08-24T07:21:04.969Z,2.096230000000002,-30.79495,0.0,-0.0315,-0.6333199999999977,31.192120000000003
2026-08-24T07:21:09.971Z,2.096230000000002,-30.79495,0.0,-0.0315,-0.6333199999999977,31.192120000000003
2026-08-24T07:21:14.973Z,2.096230000000002,-30.79495,0.0,-0.0315,-0.6333199999999977,31.192120000000003
2026-08-24T07:21:19.976Z,2.096230000000002,-30.79495,0.0,-0.0315,-0.6333199999999977,31.192120000000003
2026-08-24T07:21:24.976Z,2.096230000000002,-30.79495,0.0,-0.0315,-0.6333199999999977,31.192120000000003
2026-08-24T07:21:29.980Z,2.096230000000002,-30.79495,0.0,-0.0315,-0.6333199999999977,31.192120000000003
2026-08-24T07:21:34.981Z,2.096230000000002,-30.79495,0.0,-0.0315,-0.6333199999999977,31.192120000000003
2026-08-24T07:21:39.983Z,2.096230000000002,-30.889449999999997,0.0,-0.0315,-0.6333199999999977,31.28662
2026-08-24T07:21:44.984Z,2.0962299999999985,-31.33045,0.0,-0.0315,-0.6333199999999977,31.72762
2026-08-24T07:21:49.987Z,2.0962299999999985,-31.424950000000003,0.0,-0.0315,-0.6333200000000048,31.822119999999998
2026-08-24T07:21:54.989Z,2.0962299999999985,-31.424950000000003,0.0,-0.0315,-0.6333200000000048,31.822119999999998
2026-08-24T07:21:59.991Z,2.096230000000002,-31.267449999999997,0.0,-0.0315,-0.6333199999999977,31.66462
2026-08-24T07:22:04.991Z,2.0962299999999985,-30.857950000000002,0.0,-0.0315,-0.6333200000000048,31.255119999999998
2026-08-24T07:22:09.993Z,2.096230000000002,-30.999699999999997,0.0,-0.0315,-0.6333199999999977,31.39687
2026-08-24T07:22:14.995Z,2.096230000000002,-31.17295,0.0,-0.0315,-0.6333199999999977,31.570120000000003
2026-08-24T07:22:19.997Z,2.096230000000002,-31.17295,0.0,-0.0315,-0.6333199999999977,31.570120000000003
2026-08-24T07:22:24.998Z,2.096230000000002,-31.01545,0.0,-0.0315,-0.6333200000000048,31.412619999999997
2026-08-24T07:22:30.003Z,2.096230000000002,-31.01545,0.0,-0.0315,-0.6333200000000048,31.412619999999997
2026-08-24T07:22:35.004Z,2.096230000000002,-31.01545,0.0,-0.0315,-0.6333200000000048,31.412619999999997
2026-08-24T07:22:40.006Z,2.096230000000002,-31.01545,0.0,-0.0315,-0.6333200000000048,31.412619999999997
2026-08-24T07:22:45.007Z,2.096230000000002,-31.01545,0.0,-0.0315,-0.6333200000000048,31.412619999999997
2026-08-24T07:22:50.008Z,2.096230000000002,-30.731949999999998,0.0,-0.0315,-0.6333199999999977,31.12912
2026-08-24T07:22:55.010Z,2.096230000000002,-30.731949999999998,0.0,-0.0315,-0.6333199999999977,31.12912
2026-08-24T07:23:00.013Z,2.096230000000002,-30.79495,0.0,-0.0315,-0.6333199999999977,31.192120000000003
2026-08-24T07:23:05.015Z,2.096230000000002,-30.79495,0.0,-0.0315,-0.6333199999999977,31.192120000000003
2026-08-24T07:23:10.014Z,2.096230000000002,-30.79495,0.0,-0.0315,-0.6333199999999977,31.192120000000003
2026-08-24T07:23:15.016Z,2.096230000000002,-30.889449999999997,0.0,-0.0315,-0.6333199999999977,31.28662
2026-08-24T07:23:20.019Z,2.096230000000002,-30.889449999999997,0.0,-0.0315,-0.6333199999999977,31.28662
2026-08-24T07:23:25.019Z,2.096230000000002,-30.889449999999997,0.0,-0.0315,-0.6333199999999977,31.28662
2026-08-24T07:23:30.020Z,2.0962299999999985,-31.2517,0.0,-0.0315,-0.6333199999999977,31.648870000000002
2026-08-24T07:23:35.023Z,2.0962299999999985,-31.235950000000003,0.0,-0.0315,-0.6333200000000048,31.633119999999998
2026-08-24T07:23:40.024Z,2.096230000000002,-31.298949999999998,0.0,-0.0315,-0.6333199999999977,31.69612
2026-08-24T07:23:45.038Z,2.096230000000002,-31.298949999999998,0.0,-0.0315,-0.6333199999999977,31.69612
2026-08-24T07:23:50.027Z,2.0962299999999985,-32.11795,0.0,-0.0315,-0.6333199999999977,32.51512
2026-08-24T07:23:55.028Z,2.0962299999999985,-33.06295,0.0,-0.0315,-0.6333200000000048,33.460119999999996
2026-08-24T07:24:00.031Z,2.0962299999999985,-33.06295,0.0,-0.0315,-0.6333200000000048,33.460119999999996
2026-08-24T07:24:05.031Z,2.0962299999999985,-33.06295,0.0,-0.0315,-0.6333200000000048,33.460119999999996
2026-08-24T07:24:10.033Z,2.0962299999999985,-33.06295,0.0,-0.0315,-0.6333200000000048,33.460119999999996
2026-08-24T07:24:15.035Z,2.0962299999999985,-32.7637,0.0,-0.0315,-0.6333199999999977,33.16087
2026-08-24T07:24:20.041Z,2.0962299999999985,-32.71645,0.0,-0.0315,-0.6333200000000048,33.11362
2026-08-24T07:24:25.039Z,2.0962299999999985,-32.71645,0.0,-0.0315,-0.6333200000000048,33.11362
2026-08-24T07:24:30.042Z,2.0962299999999985,-33.1417,0.0,-0.0315,-0.6333199999999977,33.53887
2026-08-24T07:24:35.042Z,2.0962299999999985,-33.12595,0.0,-0.0315,-0.6333199999999977,33.52312
2026-08-24T07:24:40.043Z,2.0962299999999985,-33.12595,0.0,-0.0315,-0.6333199999999977,33.52312
2026-08-24T07:24:45.057Z,2.0962299999999985,-33.12595,0.0,-0.0315,-0.6333199999999977,33.52312
2026-08-24T07:24:50.047Z,2.0962299999999985,-33.09445,0.0,-0.0315,-0.6333200000000048,33.49162
2026-08-24T07:24:55.049Z,2.096230000000002,-32.77945,0.0,-0.0315,-0.6333199999999977,33.17662
2026-08-24T07:25:00.051Z,2.096230000000002,-32.77945,0.0,-0.0315,-0.6333199999999977,33.17662
2026-08-24T07:25:05.052Z,2.096230000000002,-32.77945,0.0,-0.0315,-0.6333199999999977,33.17662
2026-08-24T07:25:10.055Z,2.0962299999999985,-33.1417,0.0,-0.0315,-0.6333199999999977,33.53887
2026-08-24T07:25:15.056Z,2.0962299999999985,-33.28345,0.0,-0.0315,-0.6333200000000048,33.68062
2026-08-24T07:25:20.058Z,2.0962299999999985,-33.44095,0.0,-0.0315,-0.6333200000000048,33.838119999999996
2026-08-24T07:25:25.064Z,2.096230000000002,-33.59845,0.0,-0.0315,-0.6333199999999977,33.99562
2026-08-24T07:25:30.061Z,2.0962299999999985,-33.7087,0.0,-0.0315,-0.6333199999999977,34.10587
2026-08-24T07:25:35.062Z,2.096230000000002,-33.75595,0.0,-0.0315,-0.6333199999999977,34.15312
2026-08-24T07:25:40.064Z,2.096230000000002,-33.75595,0.0,-0.0315,-0.6333199999999977,34.15312
2026-08-24T07:25:45.073Z,2.0962299999999985,-33.44095,0.0,-0.0315,-0.6333200000000048,33.838119999999996
2026-08-24T07:25:50.064Z,2.0962299999999985,-33.31495,0.0,-0.0315,-0.6333199999999977,33.71212
2026-08-24T07:25:55.065Z,2.0962299999999985,-32.93695,0.0,-0.0315,-0.6333199999999977,33.33412
2026-08-24T07:26:00.071Z,2.0962299999999985,-32.93695,0.0,-0.0315,-0.6333199999999977,33.33412
2026-08-24T07:26:05.069Z,2.0962299999999985,-32.93695,0.0,-0.0315,-0.6333199999999977,33.33412
2026-08-24T07:26:10.071Z,2.0962299999999985,-32.93695,0.0,-0.0315,-0.6333199999999977,33.33412
2026-08-24T07:26:15.071Z,2.0962299999999985,-32.93695,0.0,-0.0315,-0.6333199999999977,33.33412
2026-08-24T07:26:20.074Z,2.096230000000002,-32.81095,0.0,-0.0315,-0.6333199999999977,33.20812
2026-08-24T07:26:25.075Z,2.096230000000002,-32.65345,0.0,-0.0315,-0.6333199999999977,33.05062
2026-08-24T07:26:30.074Z,2.096230000000002,-32.7007,0.0,-0.0315,-0.6333199999999977,33.09787
2026-08-24T07:26:35.075Z,2.0962299999999985,-32.68495,0.0,-0.0315,-0.6333200000000048,33.082119999999996
2026-08-24T07:26:40.075Z,2.0962299999999985,-32.68495,0.0,-0.0315,-0.6333200000000048,33.082119999999996
2026-08-24T07:26:45.083Z,2.096230000000002,-32.59045,0.0,-0.0315,-0.6333199999999977,32.98762
2026-08-24T07:26:50.082Z,2.096230000000002,-32.02345,0.0,-0.0315,-0.6333199999999977,32.42062
2026-08-24T07:26:55.080Z,2.0962299999999985,-31.991950000000003,0.0,-0.0315,-0.6333200000000048,32.38912
2026-08-24T07:27:00.081Z,2.0962299999999985,-31.96045,0.0,-0.0315,-0.6333200000000048,32.35762
2026-08-24T07:27:05.082Z,2.096230000000002,-31.645449999999997,0.0,-0.0315,-0.6333199999999977,32.04262
2026-08-24T07:27:10.083Z,2.096230000000002,-31.645449999999997,0.0,-0.0315,-0.6333199999999977,32.04262
2026-08-24T07:27:15.084Z,2.096230000000002,-31.487949999999998,0.0,-0.0315,-0.6333199999999977,31.88512
2026-08-24T07:27:20.087Z,2.096230000000002,-31.109949999999998,0.0,-0.0315,-0.6333199999999977,31.50712
2026-08-24T07:27:25.087Z,2.096230000000002,-31.109949999999998,0.0,-0.0315,-0.6333199999999977,31.50712
2026-08-24T07:27:30.089Z,2.0962299999999985,-31.424950000000003,0.0,-0.0315,-0.6333200000000048,31.822119999999998
2026-08-24T07:27:35.089Z,2.0962299999999985,-31.14145,0.0,-0.0315,-0.6333199999999977,31.53862
2026-08-24T07:27:40.090Z,2.0962299999999985,-31.14145,0.0,-0.0315,-0.6333199999999977,31.53862
2026-08-24T07:27:45.099Z,2.096230000000002,-30.98395,0.0,-0.0315,-0.6333199999999977,31.381120000000003
2026-08-24T07:27:50.092Z,2.0962299999999985,-30.76345,0.0,-0.0315,-0.6333199999999977,31.16062
2026-08-24T07:27:55.094Z,2.096230000000002,-30.7162,0.0,-0.0315,-0.6333200000000048,31.113369999999996
2026-08-24T07:28:00.093Z,2.096230000000002,-30.63745,0.0,-0.0315,-0.6333200000000048,31.034619999999997
2026-08-24T07:28:05.094Z,2.0962299999999985,-30.60595,0.0,-0.0315,-0.6333199999999977,31.003120000000003
2026-08-24T07:28:10.096Z,2.096230000000002,-30.25945,0.0,-0.0315,-0.6333200000000048,30.656619999999997
2026-08-24T07:28:15.096Z,2.096230000000002,-30.25945,0.0,-0.0315,-0.6333200000000048,30.656619999999997
2026-08-24T07:28:20.097Z,2.096230000000002,-30.164949999999997,0.0,-0.0315,-0.6333199999999977,30.56212
2026-08-24T07:28:25.098Z,2.0962299999999985,-29.897199999999998,0.0,-0.0315,-0.6333199999999977,30.29437
2026-08-24T07:28:30.099Z,2.096230000000002,-29.5822,0.0,-0.0315,-0.6333199999999977,29.979370000000003
2026-08-24T07:28:35.107Z,2.0962299999999985,-29.66095,0.0,-0.0315,-0.6333199999999977,30.058120000000002
2026-08-24T07:28:40.103Z,2.0962299999999985,-29.81845,0.0,-0.0315,-0.6333199999999977,30.21562
2026-08-24T07:28:45.112Z,2.096230000000002,-29.786949999999997,0.0,-0.0315,-0.6333199999999977,30.18412
2026-08-24T07:28:50.104Z,2.0962299999999985,-29.66095,0.0,-0.0315,-0.6333199999999977,30.058120000000002
2026-08-24T07:28:55.105Z,2.0962299999999985,-29.66095,0.0,-0.0315,-0.6333199999999977,30.058120000000002
2026-08-24T07:29:00.107Z,2.0962299999999985,-29.66095,0.0,-0.0315,-0.6333199999999977,30.058120000000002
2026-08-24T07:29:05.109Z,2.0962299999999985,-29.66095,0.0,-0.0315,-0.6333199999999977,30.058120000000002
2026-08-24T07:29:10.107Z,2.0962299999999985,-30.22795,0.0,-0.0315,-0.6333199999999977,30.625120000000003
2026-08-24T07:29:15.109Z,2.096230000000002,-30.07045,0.0,-0.0315,-0.6333200000000048,30.467619999999997
2026-08-24T07:29:20.109Z,2.0962299999999985,-30.57445,0.0,-0.0315,-0.6333199999999977,30.97162
2026-08-24T07:29:25.110Z,2.0962299999999985,-30.857950000000002,0.0,-0.0315,-0.6333200000000048,31.255119999999998
2026-08-24T07:29:30.110Z,2.0962299999999985,-30.857950000000002,0.0,-0.0315,-0.6333200000000048,31.255119999999998
2026-08-24T07:29:35.112Z,2.0962299999999985,-30.857950000000002,0.0,-0.0315,-0.6333200000000048,31.255119999999998
2026-08-24T07:29:40.113Z,2.096230000000002,-30.920949999999998,0.0,-0.0315,-0.6333199999999977,31.31812
2026-08-24T07:29:45.118Z,2.0962299999999985,-30.95245,0.0,-0.0315,-0.6333199999999977,31.34962
2026-08-24T07:29:50.116Z,2.0962299999999985,-30.95245,0.0,-0.0315,-0.6333199999999977,31.34962
2026-08-24T07:29:55.116Z,2.0962299999999985,-30.95245,0.0,-0.0315,-0.6333199999999977,31.34962
2026-08-24T07:30:00.117Z,2.0962299999999985,-30.95245,0.0,-0.0315,-0.6333199999999977,31.34962
2026-08-24T07:30:05.117Z,2.0962299999999985,-30.95245,0.0,-0.0315,-0.6333199999999977,31.34962
2026-08-24T07:30:10.122Z,2.0962299999999985,-30.95245,0.0,-0.0315,-0.6333199999999977,31.34962
2026-08-24T07:30:15.119Z,2.0962299999999985,-30.700450000000004,0.0,-0.0315,-0.6333199999999977,31.09762
2026-08-24T07:30:20.123Z,2.0962299999999985,-29.84995,0.0,-0.0315,-0.6333199999999977,30.247120000000002
2026-08-24T07:30:25.121Z,2.0962299999999985,-29.267200000000003,0.0,-0.0315,-0.6333200000000048,29.664369999999998
2026-08-24T07:30:30.122Z,2.0962299999999985,-28.90495,0.0,-0.0315,-0.6333200000000012,29.30212
2026-08-24T07:30:35.123Z,2.0962299999999985,-28.90495,0.0,-0.0315,-0.6333200000000012,29.30212
2026-08-24T07:30:40.124Z,2.096230000000002,-28.74745,0.0,-0.0315,-0.6333200000000012,29.14462
2026-08-24T07:30:45.134Z,2.096230000000002,-28.74745,0.0,-0.0315,-0.6333200000000012,29.14462
2026-08-24T07:30:50.126Z,2.096230000000002,-28.74745,0.0,-0.0315,-0.6333200000000012,29.14462
2026-08-24T07:30:55.128Z,2.096230000000002,-29.50345,0.0,-0.0315,-0.6333200000000048,29.900619999999996
2026-08-24T07:31:00.129Z,2.096230000000002,-29.31445,0.0,-0.0315,-0.6333200000000048,29.711619999999996
2026-08-24T07:31:05.129Z,2.096230000000002,-28.74745,0.0,-0.0315,-0.6333200000000012,29.14462
2026-08-24T07:31:10.131Z,2.0962299999999985,-28.71595,0.0,-0.0315,-0.6333200000000012,29.11312
2026-08-24T07:31:15.131Z,2.0962299999999985,-28.306449999999998,0.0,-0.0315,-0.6333199999999977,28.70362
2026-08-24T07:31:20.134Z,2.0962299999999985,-28.21195,0.0,-0.0315,-0.6333199999999977,28.60912
2026-08-24T07:31:25.132Z,2.096230000000002,-27.737,0.0,-0.0434,-0.6333200000000012,28.13417
2026-08-24T07:31:30.134Z,2.096230000000002,-28.778599999999997,0.0,-0.0434,-0.6333200000000012,29.17577
2026-08-24T07:31:35.133Z,2.0962299999999985,-29.1258,0.0,-0.0434,-0.6333199999999977,29.52297
2026-08-24T07:31:40.134Z,2.0962299999999985,-28.9522,0.0,-0.0434,-0.6333199999999977,29.34937
2026-08-24T07:31:45.143Z,2.0962299999999985,-29.104100000000003,0.0,-0.0434,-0.6333200000000012,29.501269999999998
2026-08-24T07:31:50.137Z,2.0962299999999985,-29.0824,0.0,-0.0434,-0.6333200000000012,29.479570000000002
2026-08-24T07:31:55.138Z,2.0962299999999985,-29.0824,0.0,-0.0434,-0.6333200000000012,29.479570000000002
2026-08-24T07:32:00.140Z,2.0962299999999985,-29.104100000000003,0.0,-0.0434,-0.6333200000000012,29.501269999999998
2026-08-24T07:32:05.141Z,2.0962299999999985,-28.9522,0.0,-0.0434,-0.6333199999999977,29.34937
2026-08-24T07:32:10.142Z,2.0962299999999985,-27.954,0.0,-0.0434,-0.6333200000000012,28.35117
2026-08-24T07:32:15.142Z,2.096230000000002,-27.737,0.0,-0.0434,-0.6333200000000012,28.13417
2026-08-24T07:32:20.143Z,2.096230000000002,-27.737,0.0,-0.0434,-0.6333200000000012,28.13417
2026-08-24T07:32:25.145Z,2.096230000000002,-27.476599999999998,0.0,-0.0434,-0.6333200000000012,27.87377
2026-08-24T07:32:30.146Z,2.096230000000002,-27.476599999999998,0.0,-0.0434,-0.6333200000000012,27.87377
2026-08-24T07:32:35.147Z,2.096230000000002,-27.476599999999998,0.0,-0.0434,-0.6333200000000012,27.87377
2026-08-24T07:32:40.148Z,2.096230000000002,-27.476599999999998,0.0,-0.0434,-0.6333200000000012,27.87377
2026-08-24T07:32:45.155Z,2.0962299999999985,-28.0408,0.0,-0.0434,-0.6333199999999977,28.43797
2026-08-24T07:32:50.149Z,2.0962299999999985,-28.171,0.0,-0.0434,-0.6333199999999977,28.568170000000002
2026-08-24T07:32:55.151Z,2.0962299999999985,-28.171,0.0,-0.0434,-0.6333199999999977,28.568170000000002
2026-08-24T07:33:00.152Z,2.096230000000002,-27.867199999999997,0.0,-0.0434,-0.6333200000000012,28.26437
2026-08-24T07:33:05.152Z,2.0962299999999985,-27.823800000000002,0.0,-0.0434,-0.6333200000000012,28.220969999999998
2026-08-24T07:33:10.153Z,2.0962299999999985,-27.823800000000002,0.0,-0.0434,-0.6333200000000012,28.220969999999998
2026-08-24T07:33:15.153Z,2.0962299999999985,-27.823800000000002,0.0,-0.0434,-0.6333200000000012,28.220969999999998
2026-08-24T07:33:20.155Z,2.096230000000002,-27.8889,0.0,-0.0434,-0.6333200000000012,28.286070000000002
2026-08-24T07:33:25.156Z,2.0962299999999985,-27.9106,0.0,-0.0434,-0.6333199999999977,28.30777
2026-08-24T07:33:30.156Z,2.0962299999999985,-27.9106,0.0,-0.0434,-0.6333199999999977,28.30777
2026-08-24T07:33:35.159Z,2.0962299999999985,-27.9106,0.0,-0.0434,-0.6333199999999977,28.30777
2026-08-24T07:33:40.158Z,2.0962299999999985,-27.9106,0.0,-0.0434,-0.6333199999999977,28.30777
2026-08-24T07:33:45.164Z,2.0962299999999985,-27.9106,0.0,-0.0434,-0.6333199999999977,28.30777
2026-08-24T07:33:50.161Z,2.0962299999999985,-27.9106,0.0,-0.0434,-0.6333199999999977,28.30777
2026-08-24T07:33:55.162Z,2.0962299999999985,-27.9106,0.0,-0.0434,-0.6333199999999977,28.30777
2026-08-24T07:34:00.163Z,2.0962299999999985,-27.9106,0.0,-0.0434,-0.6333199999999977,28.30777
2026-08-24T07:34:05.164Z,2.096230000000002,-27.867199999999997,0.0,-0.0434,-0.6333200000000012,28.26437
2026-08-24T07:34:10.165Z,2.096230000000002,-27.867199999999997,0.0,-0.0434,-0.6333200000000012,28.26437
2026-08-24T07:34:15.170Z,2.096230000000002,-27.867199999999997,0.0,-0.0434,-0.6333200000000012,28.26437
2026-08-24T07:34:20.168Z,2.096230000000002,-27.867199999999997,0.0,-0.0434,-0.6333200000000012,28.26437
2026-08-24T07:34:25.168Z,2.096230000000002,-27.3898,0.0,-0.0434,-0.6333199999999977,27.78697
2026-08-24T07:34:30.169Z,2.096230000000002,-27.2596,0.0,-0.0434,-0.6333199999999977,27.65677
2026-08-24T07:34:35.196Z,2.0962299999999985,-27.172800000000002,0.0,-0.0434,-0.6333200000000012,27.569969999999998
2026-08-24T07:34:40.198Z,2.096230000000002,-27.107699999999998,0.0,-0.0434,-0.6333200000000012,27.50487
2026-08-24T07:34:45.205Z,2.096230000000002,-27.086,0.0,-0.0434,-0.6333200000000012,27.48317
2026-08-24T07:34:50.200Z,2.096230000000002,-27.086,0.0,-0.0434,-0.6333200000000012,27.48317
2026-08-24T07:34:55.201Z,2.096230000000002,-27.3898,0.0,-0.0434,-0.6333199999999977,27.78697
2026-08-24T07:35:00.204Z,2.096230000000002,-27.3898,0.0,-0.0434,-0.6333199999999977,27.78697
2026-08-24T07:35:05.205Z,2.096230000000002,-27.3898,0.0,-0.0434,-0.6333199999999977,27.78697
2026-08-24T07:35:10.205Z,2.096230000000002,-27.3898,0.0,-0.0434,-0.6333199999999977,27.78697
2026-08-24T07:35:15.206Z,2.096230000000002,-27.3898,0.0,-0.0434,-0.6333199999999977,27.78697
2026-08-24T07:35:20.208Z,2.096230000000002,-27.3898,0.0,-0.0434,-0.6333199999999977,27.78697
2026-08-24T07:35:25.209Z,2.096230000000002,-27.3898,0.0,-0.0434,-0.6333199999999977,27.78697
2026-08-24T07:35:30.210Z,2.096230000000002,-27.3898,0.0,-0.0434,-0.6333199999999977,27.78697
2026-08-24T07:35:35.211Z,2.096230000000002,-27.3898,0.0,-0.0434,-0.6333199999999977,27.78697
2026-08-24T07:35:40.213Z,2.096230000000002,-27.3898,0.0,-0.0434,-0.6333199999999977,27.78697
2026-08-24T07:35:45.216Z,2.096230000000002,-27.3898,0.0,-0.0434,-0.6333199999999977,27.78697
2026-08-24T07:35:50.213Z,2.096230000000002,-27.3898,0.0,-0.0434,-0.6333199999999977,27.78697
2026-08-24T07:35:55.215Z,2.096230000000002,-27.3898,0.0,-0.0434,-0.6333199999999977,27.78697
2026-08-24T07:36:00.216Z,2.096230000000002,-27.3898,0.0,-0.0434,-0.6333199999999977,27.78697
2026-08-24T07:36:05.216Z,2.096230000000002,-27.3898,0.0,-0.0434,-0.6333199999999977,27.78697
2026-08-24T07:36:10.216Z,2.0962299999999985,-28.0408,0.0,-0.0434,-0.6333199999999977,28.43797
2026-08-24T07:36:15.216Z,2.0962299999999985,-28.171,0.0,-0.0434,-0.6333199999999977,28.568170000000002
2026-08-24T07:36:20.218Z,2.0962299999999985,-28.171,0.0,-0.0434,-0.6333199999999977,28.568170000000002
2026-08-24T07:36:25.220Z,2.0962299999999985,-28.171,0.0,-0.0434,-0.6333199999999977,28.568170000000002
2026-08-24T07:36:30.219Z,2.0962299999999985,-28.084200000000003,0.0,-0.0434,-0.6333200000000012,28.48137
2026-08-24T07:36:35.230Z,2.096230000000002,-27.867199999999997,0.0,-0.0434,-0.6333200000000012,28.26437
2026-08-24T07:36:40.223Z,2.096230000000002,-27.867199999999997,0.0,-0.0434,-0.6333200000000012,28.26437
2026-08-24T07:36:45.246Z,2.096230000000002,-27.867199999999997,0.0,-0.0434,-0.6333200000000012,28.26437
2026-08-24T07:36:50.236Z,2.096230000000002,-27.867199999999997,0.0,-0.0434,-0.6333200000000012,28.26437
2026-08-24T07:36:55.229Z,2.096230000000002,-27.867199999999997,0.0,-0.0434,-0.6333200000000012,28.26437
2026-08-24T07:37:00.246Z,2.096230000000002,-27.867199999999997,0.0,-0.0434,-0.6333200000000012,28.26437
2026-08-24T07:37:05.252Z,2.096230000000002,-27.867199999999997,0.0,-0.0434,-0.6333200000000012,28.26437
2026-08-24T07:37:10.251Z,2.096230000000002,-27.867199999999997,0.0,-0.0434,-0.6333200000000012,28.26437
2026-08-24T07:37:15.252Z,2.096230000000002,-27.867199999999997,0.0,-0.0434,-0.6333200000000012,28.26437
2026-08-24T07:37:20.255Z,2.096230000000002,-27.867199999999997,0.0,-0.0434,-0.6333200000000012,28.26437
2026-08-24T07:37:25.256Z,2.096230000000002,-27.867199999999997,0.0,-0.0434,-0.6333200000000012,28.26437
2026-08-24T07:37:30.259Z,2.096230000000002,-27.867199999999997,0.0,-0.0434,-0.6333200000000012,28.26437
2026-08-24T07:37:35.257Z,2.096230000000002,-27.867199999999997,0.0,-0.0434,-0.6333200000000012,28.26437
2026-08-24T07:37:40.258Z,2.096230000000002,-27.867199999999997,0.0,-0.0434,-0.6333200000000012,28.26437
2026-08-24T07:37:45.269Z,2.0962299999999985,-27.4332,0.0,-0.0434,-0.6333200000000012,27.83037
2026-08-24T07:37:50.266Z,2.0962299999999985,-27.303,0.0,-0.0434,-0.6333200000000012,27.70017
2026-08-24T07:37:55.265Z,2.0962299999999985,-26.9124,0.0,-0.0434,-0.6333200000000012,27.309569999999997
2026-08-24T07:38:00.269Z,2.0962299999999985,-26.9124,0.0,-0.0434,-0.6333200000000012,27.309569999999997
2026-08-24T07:38:05.270Z,2.0962299999999985,-26.9124,0.0,-0.0434,-0.6333200000000012,27.309569999999997
2026-08-24T07:38:10.271Z,2.0962299999999985,-26.9124,0.0,-0.0434,-0.6333200000000012,27.309569999999997
2026-08-24T07:38:15.273Z,2.096230000000002,-27.1294,0.0,-0.0434,-0.6333199999999977,27.52657
2026-08-24T07:38:20.275Z,2.096230000000002,-27.476599999999998,0.0,-0.0434,-0.6333200000000012,27.87377
2026-08-24T07:38:25.277Z,2.096230000000002,-27.476599999999998,0.0,-0.0434,-0.6333200000000012,27.87377
2026-08-24T07:38:30.279Z,2.096230000000002,-27.476599999999998,0.0,-0.0434,-0.6333200000000012,27.87377
2026-08-24T07:38:35.280Z,2.096230000000002,-27.476599999999998,0.0,-0.0434,-0.6333200000000012,27.87377
2026-08-24T07:38:40.281Z,2.0962299999999985,-27.0426,0.0,-0.0434,-0.6333200000000012,27.43977
2026-08-24T07:38:45.288Z,2.0962299999999985,-27.0426,0.0,-0.0434,-0.6333200000000012,27.43977
2026-08-24T07:38:50.287Z,2.0962299999999985,-26.9124,0.0,-0.0434,-0.6333200000000012,27.309569999999997
2026-08-24T07:38:55.286Z,2.0962299999999985,-26.9124,0.0,-0.0434,-0.6333200000000012,27.309569999999997
2026-08-24T07:39:00.287Z,2.0962299999999985,-26.9124,0.0,-0.0434,-0.6333200000000012,27.309569999999997
2026-08-24T07:39:05.290Z,2.0962299999999985,-26.3916,0.0,-0.0434,-0.6333200000000012,26.78877
2026-08-24T07:39:10.292Z,2.096230000000002,-26.3482,0.0,-0.0434,-0.6333199999999977,26.74537
2026-08-24T07:39:15.293Z,2.096230000000002,-26.3482,0.0,-0.0434,-0.6333199999999977,26.74537
2026-08-24T07:39:20.295Z,2.096230000000002,-26.4784,0.0,-0.0434,-0.6333199999999977,26.87557
2026-08-24T07:39:25.295Z,2.096230000000002,-26.4784,0.0,-0.0434,-0.6333199999999977,26.87557
2026-08-24T07:39:30.299Z,2.096230000000002,-26.4784,0.0,-0.0434,-0.6333199999999977,26.87557
2026-08-24T07:39:35.298Z,2.096230000000002,-26.4784,0.0,-0.0434,-0.6333199999999977,26.87557
2026-08-24T07:39:40.301Z,2.0962299999999985,-26.5435,0.0,-0.0434,-0.6333200000000012,26.940669999999997
2026-08-24T07:39:45.304Z,2.096230000000002,-26.825599999999998,0.0,-0.0434,-0.6333200000000012,27.22277
2026-08-24T07:39:50.304Z,2.096230000000002,-26.825599999999998,0.0,-0.0434,-0.6333200000000012,27.22277
2026-08-24T07:39:55.304Z,2.096230000000002,-26.825599999999998,0.0,-0.0434,-0.6333200000000012,27.22277
2026-08-24T07:40:00.306Z,2.096230000000002,-26.825599999999998,0.0,-0.0434,-0.6333200000000012,27.22277
2026-08-24T07:40:05.309Z,2.096230000000002,-26.847299999999997,0.0,-0.0434,-0.6333200000000012,27.24447
2026-08-24T07:40:10.309Z,2.096230000000002,-26.847299999999997,0.0,-0.0434,-0.6333200000000012,27.24447
2026-08-24T07:40:15.309Z,2.096230000000002,-26.847299999999997,0.0,-0.0434,-0.6333200000000012,27.24447
2026-08-24T07:40:20.312Z,2.0962299999999985,-27.0426,0.0,-0.0434,-0.6333200000000012,27.43977
2026-08-24T07:40:25.312Z,2.0962299999999985,-26.7605,0.0,-0.0434,-0.6333199999999977,27.157670000000003
2026-08-24T07:40:30.315Z,2.0962299999999985,-26.7605,0.0,-0.0434,-0.6333199999999977,27.157670000000003
2026-08-24T07:40:35.317Z,2.0962299999999985,-26.7605,0.0,-0.0434,-0.6333199999999977,27.157670000000003
2026-08-24T07:40:40.316Z,2.096230000000002,-26.738799999999998,0.0,-0.0434,-0.6333199999999977,27.13597
2026-08-24T07:40:45.351Z,2.096230000000002,-26.738799999999998,0.0,-0.0434,-0.6333199999999977,27.13597
2026-08-24T07:40:50.320Z,2.096230000000002,-26.738799999999998,0.0,-0.0434,-0.6333199999999977,27.13597
2026-08-24T07:40:55.322Z,2.096230000000002,-26.738799999999998,0.0,-0.0434,-0.6333199999999977,27.13597
2026-08-24T07:41:00.325Z,2.0962299999999985,-26.3916,0.0,-0.0434,-0.6333200000000012,26.78877
2026-08-24T07:41:05.326Z,2.0962299999999985,-25.5019,0.0,-0.0434,-0.6333200000000012,25.89907
2026-08-24T07:41:10.328Z,2.0962299999999985,-25.4802,0.0,-0.0434,-0.6333199999999977,25.877370000000003
2026-08-24T07:41:15.328Z,2.0962299999999985,-25.2632,0.0,-0.0434,-0.6333200000000012,25.66037
2026-08-24T07:41:20.331Z,2.096230000000002,-25.1764,0.0,-0.0434,-0.6333200000000012,25.57357
2026-08-24T07:41:25.333Z,2.096230000000002,-25.1764,0.0,-0.0434,-0.6333200000000012,25.57357
2026-08-24T07:41:30.338Z,2.096230000000002,-25.1764,0.0,-0.0434,-0.6333200000000012,25.57357
2026-08-24T07:41:35.338Z,2.096230000000002,-25.1764,0.0,-0.0434,-0.6333200000000012,25.57357
2026-08-24T07:41:40.339Z,2.0962299999999985,-24.8292,0.0,-0.0434,-0.6333199999999977,25.226370000000003
2026-08-24T07:41:45.341Z,2.0962299999999985,-24.8292,0.0,-0.0434,-0.6333199999999977,25.226370000000003
2026-08-24T07:41:50.343Z,2.0962299999999985,-24.8292,0.0,-0.0434,-0.6333199999999977,25.226370000000003
2026-08-24T07:41:55.344Z,2.0962299999999985,-24.8292,0.0,-0.0434,-0.6333199999999977,25.226370000000003
2026-08-24T07:42:00.345Z,2.096230000000002,-25.3066,0.0,-0.0434,-0.6333200000000012,25.70377
2026-08-24T07:42:05.346Z,2.0962299999999985,-24.8292,0.0,-0.0434,-0.6333199999999977,25.226370000000003
2026-08-24T07:42:10.351Z,2.096230000000002,-24.7858,0.0,-0.0434,-0.6333200000000012,25.18297
2026-08-24T07:42:15.349Z,2.096230000000002,-24.7858,0.0,-0.0434,-0.6333200000000012,25.18297
2026-08-24T07:42:20.349Z,2.096230000000002,-24.7858,0.0,-0.0434,-0.6333200000000012,25.18297
2026-08-24T07:42:25.351Z,2.096230000000002,-24.7858,0.0,-0.0434,-0.6333200000000012,25.18297
2026-08-24T07:42:30.353Z,2.096230000000002,-24.7858,0.0,-0.0434,-0.6333200000000012,25.18297
2026-08-24T07:42:35.355Z,2.096230000000002,-24.7858,0.0,-0.0434,-0.6333200000000012,25.18297
2026-08-24T07:42:40.356Z,2.0962299999999985,-23.7876,0.0,-0.0434,-0.6333199999999977,24.18477
2026-08-24T07:42:45.356Z,2.0962299999999985,-23.7876,0.0,-0.0434,-0.6333199999999977,24.18477
2026-08-24T07:42:50.359Z,2.0962299999999985,-23.7876,0.0,-0.0434,-0.6333199999999977,24.18477
2026-08-24T07:42:55.361Z,2.0962299999999985,-23.7876,0.0,-0.0434,-0.6333199999999977,24.18477
2026-08-24T07:43:00.361Z,2.0962299999999985,-23.7876,0.0,-0.0434,-0.6333199999999977,24.18477
2026-08-24T07:43:05.364Z,2.096230000000002,-24.2867,0.0,-0.0434,-0.6333199999999977,24.683870000000002
2026-08-24T07:43:10.366Z,2.096230000000002,-24.4169,0.0,-0.0434,-0.6333199999999977,24.81407
2026-08-24T07:43:15.367Z,2.096230000000002,-24.3952,0.0,-0.0434,-0.6333200000000012,24.792370000000002
2026-08-24T07:43:20.369Z,2.0962299999999985,-24.4386,0.0,-0.0434,-0.6333199999999977,24.83577
2026-08-24T07:43:25.370Z,2.096230000000002,-24.265,0.0,-0.0434,-0.6333200000000012,24.66217
2026-08-24T07:43:30.371Z,2.0962299999999985,-24.3518,0.0,-0.0434,-0.6333200000000012,24.74897
2026-08-24T07:43:35.373Z,2.0962299999999985,-24.3518,0.0,-0.0434,-0.6333200000000012,24.74897
2026-08-24T07:43:40.374Z,2.0962299999999985,-24.3518,0.0,-0.0434,-0.6333200000000012,24.74897
2026-08-24T07:43:45.376Z,2.0962299999999985,-23.9612,0.0,-0.0434,-0.6333200000000012,24.35837
2026-08-24T07:43:50.377Z,2.096230000000002,-22.962999999999997,0.0,-0.0434,-0.6333200000000012,23.36017
2026-08-24T07:43:55.376Z,2.0962299999999985,-22.7894,0.0,-0.0434,-0.6333200000000012,23.18657
2026-08-24T07:44:00.378Z,2.096230000000002,-22.8328,0.0,-0.0434,-0.6333200000000012,23.22997
2026-08-24T07:44:05.378Z,2.0962299999999985,-22.941300000000002,0.0,-0.0434,-0.6333200000000012,23.33847
2026-08-24T07:44:10.382Z,2.0962299999999985,-22.529,0.0,-0.0434,-0.6333200000000012,22.92617
2026-08-24T07:44:15.383Z,2.0962299999999985,-22.529,0.0,-0.0434,-0.6333200000000012,22.92617
2026-08-24T07:44:20.384Z,2.0962299999999985,-22.529,0.0,-0.0434,-0.6333200000000012,22.92617
2026-08-24T07:44:25.386Z,2.0962299999999985,-22.746,0.0,-0.0434,-0.6333199999999977,23.14317
2026-08-24T07:44:30.390Z,2.0962299999999985,-23.0498,0.0,-0.0434,-0.6333200000000012,23.44697
2026-08-24T07:44:35.391Z,2.096230000000002,-23.223399999999998,0.0,-0.0434,-0.6333200000000012,23.62057
2026-08-24T07:44:40.393Z,2.096230000000002,-23.223399999999998,0.0,-0.0434,-0.6333200000000012,23.62057
2026-08-24T07:44:45.401Z,2.096230000000002,-23.223399999999998,0.0,-0.0434,-0.6333200000000012,23.62057
2026-08-24T07:44:50.397Z,2.096230000000002,-23.223399999999998,0.0,-0.0434,-0.6333200000000012,23.62057
2026-08-24T07:44:55.401Z,2.0962299999999985,-22.659200000000002,0.0,-0.0434,-0.6333200000000012,23.056369999999998
2026-08-24T07:45:00.405Z,2.096230000000002,-22.4422,0.0,-0.0434,-0.6333200000000012,22.83937
2026-08-24T07:45:05.411Z,2.096230000000002,-22.3554,0.0,-0.0434,-0.6333199999999977,22.752570000000002
2026-08-24T07:45:10.412Z,2.096230000000002,-22.3554,0.0,-0.0434,-0.6333199999999977,22.752570000000002
2026-08-24T07:45:15.414Z,2.096230000000002,-22.3554,0.0,-0.0434,-0.6333199999999977,22.752570000000002
2026-08-24T07:45:20.417Z,2.096230000000002,-22.3554,0.0,-0.0434,-0.6333199999999977,22.752570000000002
2026-08-24T07:45:25.421Z,2.0962299999999985,-22.919600000000003,0.0,-0.0434,-0.6333200000000012,23.316769999999998
2026-08-24T07:45:30.421Z,2.0962299999999985,-23.1366,0.0,-0.0434,-0.6333199999999977,23.53377
2026-08-24T07:45:35.423Z,2.0962299999999985,-23.5272,0.0,-0.0434,-0.6333199999999977,23.924370000000003
2026-08-24T07:45:40.426Z,2.096230000000002,-23.7442,0.0,-0.0434,-0.6333200000000012,24.141370000000002
2026-08-24T07:45:45.426Z,2.0962299999999985,-23.7876,0.0,-0.0434,-0.6333199999999977,24.18477
2026-08-24T07:45:50.429Z,2.0962299999999985,-23.7876,0.0,-0.0434,-0.6333199999999977,24.18477
2026-08-24T07:45:55.431Z,2.0962299999999985,-23.9612,0.0,-0.0434,-0.6333200000000012,24.35837
2026-08-24T07:46:00.432Z,2.0962299999999985,-23.9612,0.0,-0.0434,-0.6333200000000012,24.35837
2026-08-24T07:46:05.434Z,2.0962299999999985,-23.9612,0.0,-0.0434,-0.6333200000000012,24.35837
2026-08-24T07:46:10.433Z,2.096230000000002,-23.982899999999997,0.0,-0.0434,-0.6333200000000012,24.38007
2026-08-24T07:46:15.435Z,2.0962299999999985,-24.3518,0.0,-0.0434,-0.6333200000000012,24.74897
2026-08-24T07:46:20.437Z,2.0962299999999985,-25.0028,0.0,-0.0434,-0.6333200000000012,25.39997
2026-08-24T07:46:25.439Z,2.0962299999999985,-24.872600000000002,0.0,-0.0434,-0.6333200000000012,25.26977
2026-08-24T07:46:30.442Z,2.0962299999999985,-24.9594,0.0,-0.0434,-0.6333199999999977,25.35657
2026-08-24T07:46:35.444Z,2.096230000000002,-24.916,0.0,-0.0434,-0.6333200000000012,25.31317
2026-08-24T07:46:40.445Z,2.096230000000002,-24.525399999999998,0.0,-0.0434,-0.6333200000000012,24.92257
2026-08-24T07:46:45.447Z,2.096230000000002,-24.525399999999998,0.0,-0.0434,-0.6333200000000012,24.92257
2026-08-24T07:46:50.448Z,2.096230000000002,-24.525399999999998,0.0,-0.0434,-0.6333200000000012,24.92257
2026-08-24T07:46:55.449Z,2.096230000000002,-24.525399999999998,0.0,-0.0434,-0.6333200000000012,24.92257
2026-08-24T07:47:00.453Z,2.096230000000002,-24.525399999999998,0.0,-0.0434,-0.6333200000000012,24.92257
2026-08-24T07:47:05.452Z,2.0962299999999985,-25.0896,0.0,-0.0434,-0.6333199999999977,25.48677
2026-08-24T07:47:10.453Z,2.0962299999999985,-25.0896,0.0,-0.0434,-0.6333199999999977,25.48677
2026-08-24T07:47:15.456Z,2.0962299999999985,-25.0896,0.0,-0.0434,-0.6333199999999977,25.48677
2026-08-24T07:47:20.457Z,2.096230000000002,-25.1764,0.0,-0.0434,-0.6333200000000012,25.57357
2026-08-24T07:47:25.461Z,2.096230000000002,-25.1764,0.0,-0.0434,-0.6333200000000012,25.57357
2026-08-24T07:47:30.461Z,2.0962299999999985,-25.8491,0.0,-0.0434,-0.6333199999999977,26.246270000000003
2026-08-24T07:47:35.461Z,2.0962299999999985,-26.2831,0.0,-0.0434,-0.6333200000000012,26.68027
2026-08-24T07:47:40.462Z,2.096230000000002,-26.087799999999998,0.0,-0.0434,-0.6333199999999977,26.48497
2026-08-24T07:47:45.463Z,2.096230000000002,-26.087799999999998,0.0,-0.0434,-0.6333199999999977,26.48497
2026-08-24T07:47:50.468Z,2.0962299999999985,-25.8708,0.0,-0.0434,-0.6333200000000012,26.26797
2026-08-24T07:47:55.467Z,2.0962299999999985,-25.7406,0.0,-0.0434,-0.6333200000000012,26.13777
2026-08-24T07:48:00.468Z,2.0962299999999985,-25.7406,0.0,-0.0434,-0.6333200000000012,26.13777
2026-08-24T07:48:05.469Z,2.0962299999999985,-25.7406,0.0,-0.0434,-0.6333200000000012,26.13777
2026-08-24T07:48:10.470Z,2.0962299999999985,-25.7406,0.0,-0.0434,-0.6333200000000012,26.13777
2026-08-24T07:48:15.472Z,2.096230000000002,-25.9576,0.0,-0.0434,-0.6333199999999977,26.354770000000002
2026-08-24T07:48:20.473Z,2.096230000000002,-25.9576,0.0,-0.0434,-0.6333199999999977,26.354770000000002
2026-08-24T07:48:25.476Z,2.096230000000002,-25.9576,0.0,-0.0434,-0.6333199999999977,26.354770000000002
2026-08-24T07:48:30.477Z,2.096230000000002,-25.9576,0.0,-0.0434,-0.6333199999999977,26.354770000000002
2026-08-24T07:48:35.478Z,2.0962299999999985,-25.610400000000002,0.0,-0.0434,-0.6333199999999977,26.00757
2026-08-24T07:48:40.479Z,2.0962299999999985,-25.610400000000002,0.0,-0.0434,-0.6333199999999977,26.00757
2026-08-24T07:48:45.483Z,2.0962299999999985,-25.9142,0.0,-0.0434,-0.6333200000000012,26.31137
2026-08-24T07:48:50.489Z,2.0962299999999985,-25.9142,0.0,-0.0434,-0.6333200000000012,26.31137
2026-08-24T07:48:55.484Z,2.0962299999999985,-26.044400000000003,0.0,-0.0434,-0.6333200000000012,26.44157
2026-08-24T07:49:00.486Z,2.0962299999999985,-26.044400000000003,0.0,-0.0434,-0.6333200000000012,26.44157
2026-08-24T07:49:05.488Z,2.0962299999999985,-26.044400000000003,0.0,-0.0434,-0.6333200000000012,26.44157
2026-08-24T07:49:10.487Z,2.096230000000002,-25.6972,0.0,-0.0434,-0.6333199999999977,26.09437
2026-08-24T07:49:15.490Z,2.0962299999999985,-25.35,0.0,-0.0434,-0.6333199999999977,25.74717
2026-08-24T07:49:20.490Z,2.0962299999999985,-25.35,0.0,-0.0434,-0.6333199999999977,25.74717
2026-08-24T07:49:25.491Z,2.0962299999999985,-25.4802,0.0,-0.0434,-0.6333199999999977,25.877370000000003
2026-08-24T07:49:30.495Z,2.0962299999999985,-25.4802,0.0,-0.0434,-0.6333199999999977,25.877370000000003
2026-08-24T07:49:35.494Z,2.0962299999999985,-25.4802,0.0,-0.0434,-0.6333199999999977,25.877370000000003
2026-08-24T07:49:40.496Z,2.096230000000002,-25.0462,0.0,-0.0434,-0.6333200000000012,25.44337
2026-08-24T07:49:45.498Z,2.0962299999999985,-24.9594,0.0,-0.0434,-0.6333199999999977,25.35657
2026-08-24T07:49:50.532Z,2.096230000000002,-24.525399999999998,0.0,-0.0434,-0.6333200000000012,24.92257
2026-08-24T07:49:55.501Z,2.096230000000002,-24.525399999999998,0.0,-0.0434,-0.6333200000000012,24.92257
2026-08-24T07:50:00.501Z,2.0962299999999985,-24.6122,0.0,-0.0434,-0.6333200000000012,25.00937
2026-08-24T07:50:05.502Z,2.0962299999999985,-24.6122,0.0,-0.0434,-0.6333200000000012,25.00937
2026-08-24T07:50:10.507Z,2.0962299999999985,-24.6122,0.0,-0.0434,-0.6333200000000012,25.00937
2026-08-24T07:50:15.504Z,2.096230000000002,-25.3066,0.0,-0.0434,-0.6333200000000012,25.70377
2026-08-24T07:50:20.505Z,2.096230000000002,-25.3066,0.0,-0.0434,-0.6333200000000012,25.70377
2026-08-24T07:50:25.506Z,2.096230000000002,-24.8075,0.0,-0.0434,-0.6333199999999977,25.20467
2026-08-24T07:50:30.508Z,2.0962299999999985,-24.6122,0.0,-0.0434,-0.6333200000000012,25.00937
2026-08-24T07:50:35.511Z,2.0962299999999985,-24.6122,0.0,-0.0434,-0.6333200000000012,25.00937
2026-08-24T07:50:40.510Z,2.0962299999999985,-24.6122,0.0,-0.0434,-0.6333200000000012,25.00937
2026-08-24T07:50:45.511Z,2.0962299999999985,-24.6122,0.0,-0.0434,-0.6333200000000012,25.00937
2026-08-24T07:50:50.512Z,2.0962299999999985,-24.6122,0.0,-0.0434,-0.6333200000000012,25.00937
2026-08-24T07:50:55.513Z,2.0962299999999985,-24.6122,0.0,-0.0434,-0.6333200000000012,25.00937
2026-08-24T07:51:00.516Z,2.096230000000002,-24.3952,0.0,-0.0434,-0.6333200000000012,24.792370000000002
2026-08-24T07:51:05.516Z,2.0962299999999985,-24.221600000000002,0.0,-0.0434,-0.6333200000000012,24.618769999999998
2026-08-24T07:51:10.518Z,2.0962299999999985,-24.221600000000002,0.0,-0.0434,-0.6333200000000012,24.618769999999998
2026-08-24T07:51:15.521Z,2.0962299999999985,-24.221600000000002,0.0,-0.0434,-0.6333200000000012,24.618769999999998
2026-08-24T07:51:20.520Z,2.0962299999999985,-24.221600000000002,0.0,-0.0434,-0.6333200000000012,24.618769999999998
2026-08-24T07:51:25.523Z,2.0962299999999985,-24.221600000000002,0.0,-0.0434,-0.6333200000000012,24.618769999999998
2026-08-24T07:51:30.521Z,2.0962299999999985,-22.659200000000002,0.0,-0.0434,-0.6333200000000012,23.056369999999998
2026-08-24T07:51:35.522Z,2.0962299999999985,-23.0498,0.0,-0.0434,-0.6333200000000012,23.44697
2026-08-24T07:51:40.523Z,2.0962299999999985,-23.0498,0.0,-0.0434,-0.6333200000000012,23.44697
2026-08-24T07:51:45.525Z,2.0962299999999985,-23.0498,0.0,-0.0434,-0.6333200000000012,23.44697
2026-08-24T07:51:50.526Z,2.096230000000002,-23.4838,0.0,-0.0434,-0.6333200000000012,23.88097
2026-08-24T07:51:55.527Z,2.096230000000002,-23.4838,0.0,-0.0434,-0.6333200000000012,23.88097
2026-08-24T07:52:00.529Z,2.096230000000002,-23.4838,0.0,-0.0434,-0.6333200000000012,23.88097
2026-08-24T07:52:05.528Z,2.0962299999999985,-22.8762,0.0,-0.0434,-0.6333199999999977,23.27337
2026-08-24T07:52:10.529Z,2.0962299999999985,-22.8762,0.0,-0.0434,-0.6333199999999977,23.27337
2026-08-24T07:52:15.530Z,2.0962299999999985,-22.8762,0.0,-0.0434,-0.6333199999999977,23.27337
2026-08-24T07:52:20.534Z,2.0962299999999985,-22.8762,0.0,-0.0434,-0.6333199999999977,23.27337
2026-08-24T07:52:25.536Z,2.0962299999999985,-22.8762,0.0,-0.0434,-0.6333199999999977,23.27337
2026-08-24T07:52:30.534Z,2.0962299999999985,-22.8762,0.0,-0.0434,-0.6333199999999977,23.27337
2026-08-24T07:52:35.534Z,2.0962299999999985,-22.8762,0.0,-0.0434,-0.6333199999999977,23.27337
2026-08-24T07:52:40.535Z,2.096230000000002,-21.7044,0.0,-0.0434,-0.6333199999999977,22.101570000000002
2026-08-24T07:52:45.536Z,2.096230000000002,-21.2704,0.0,-0.0434,-0.6333200000000012,21.667569999999998
2026-08-24T07:52:50.537Z,2.096230000000002,-21.2704,0.0,-0.0434,-0.6333200000000012,21.667569999999998
2026-08-24T07:52:55.538Z,2.0962299999999985,-21.4874,0.0,-0.0434,-0.6333200000000012,21.884569999999997
2026-08-24T07:53:00.540Z,2.0962299999999985,-21.4874,0.0,-0.0434,-0.6333200000000012,21.884569999999997
2026-08-24T07:53:05.541Z,2.096230000000002,-21.5742,0.0,-0.0434,-0.6333199999999977,21.97137
2026-08-24T07:53:10.542Z,2.096230000000002,-21.5742,0.0,-0.0434,-0.6333199999999977,21.97137
2026-08-24T07:53:15.542Z,2.0962299999999985,-21.0968,0.0,-0.0434,-0.6333200000000012,21.493969999999997
2026-08-24T07:53:20.543Z,2.0962299999999985,-20.3156,0.0,-0.0434,-0.6333200000000012,20.71277
2026-08-24T07:53:25.546Z,2.096230000000002,-20.5326,0.0,-0.0434,-0.6333199999999977,20.92977
2026-08-24T07:53:30.545Z,2.096230000000002,-20.5326,0.0,-0.0434,-0.6333199999999977,20.92977
2026-08-24T07:53:35.547Z,2.096230000000002,-20.5326,0.0,-0.0434,-0.6333199999999977,20.92977
2026-08-24T07:53:40.549Z,2.096230000000002,-20.5326,0.0,-0.0434,-0.6333199999999977,20.92977
2026-08-24T07:53:45.548Z,2.0962299999999985,-21.7261,0.0,-0.0434,-0.6333199999999977,22.12327
2026-08-24T07:53:50.549Z,2.0962299999999985,-21.7261,0.0,-0.0434,-0.6333199999999977,22.12327
2026-08-24T07:53:55.551Z,2.0962299999999985,-21.7478,0.0,-0.0434,-0.6333200000000012,22.14497
2026-08-24T07:54:00.553Z,2.0962299999999985,-22.008200000000002,0.0,-0.0434,-0.6333200000000012,22.405369999999998
2026-08-24T07:54:05.556Z,2.096230000000002,-21.660999999999998,0.0,-0.0434,-0.6333200000000012,22.05817
2026-08-24T07:54:10.554Z,2.096230000000002,-21.660999999999998,0.0,-0.0434,-0.6333200000000012,22.05817
2026-08-24T07:54:15.555Z,2.0962299999999985,-22.3988,0.0,-0.0434,-0.6333200000000012,22.795969999999997
2026-08-24T07:54:20.556Z,2.0962299999999985,-23.4404,0.0,-0.0434,-0.6333200000000012,23.83757
2026-08-24T07:54:25.556Z,2.0962299999999985,-23.4404,0.0,-0.0434,-0.6333200000000012,23.83757
2026-08-24T07:54:30.557Z,2.0962299999999985,-23.4404,0.0,-0.0434,-0.6333200000000012,23.83757
2026-08-24T07:54:35.558Z,2.0962299999999985,-23.6574,0.0,-0.0434,-0.6333199999999977,24.054570000000002
2026-08-24T07:54:40.567Z,2.0962299999999985,-23.570600000000002,0.0,-0.0434,-0.6333200000000012,23.967769999999998
2026-08-24T07:54:45.562Z,2.096230000000002,-23.4838,0.0,-0.0434,-0.6333200000000012,23.88097
2026-08-24T07:54:50.563Z,2.096230000000002,-23.4838,0.0,-0.0434,-0.6333200000000012,23.88097
2026-08-24T07:54:55.564Z,2.096230000000002,-23.4838,0.0,-0.0434,-0.6333200000000012,23.88097
2026-08-24T07:55:00.565Z,2.0962299999999985,-23.5272,0.0,-0.0434,-0.6333199999999977,23.924370000000003
2026-08-24T07:55:05.566Z,2.0962299999999985,-23.570600000000002,0.0,-0.0434,-0.6333200000000012,23.967769999999998
2026-08-24T07:55:10.566Z,2.0962299999999985,-22.8762,0.0,-0.0434,-0.6333199999999977,23.27337
2026-08-24T07:55:15.567Z,2.096230000000002,-22.1818,0.0,-0.0434,-0.6333200000000012,22.578969999999998
2026-08-24T07:55:20.569Z,2.096230000000002,-22.1818,0.0,-0.0434,-0.6333200000000012,22.578969999999998
2026-08-24T07:55:25.568Z,2.096230000000002,-22.1818,0.0,-0.0434,-0.6333200000000012,22.578969999999998
2026-08-24T07:55:30.570Z,2.096230000000002,-22.1818,0.0,-0.0434,-0.6333200000000012,22.578969999999998
2026-08-24T07:55:35.571Z,2.096230000000002,-22.5724,0.0,-0.0434,-0.6333200000000012,22.96957
2026-08-24T07:55:40.573Z,2.096230000000002,-22.5724,0.0,-0.0434,-0.6333200000000012,22.96957
2026-08-24T07:55:45.572Z,2.096230000000002,-22.5724,0.0,-0.0434,-0.6333200000000012,22.96957
2026-08-24T07:55:50.573Z,2.096230000000002,-22.5724,0.0,-0.0434,-0.6333200000000012,22.96957
2026-08-24T07:55:55.574Z,2.0962299999999985,-22.008200000000002,0.0,-0.0434,-0.6333200000000012,22.405369999999998
2026-08-24T07:56:00.575Z,2.0962299999999985,-22.008200000000002,0.0,-0.0434,-0.6333200000000012,22.405369999999998
2026-08-24T07:56:05.576Z,2.0962299999999985,-22.008200000000002,0.0,-0.0434,-0.6333200000000012,22.405369999999998
2026-08-24T07:56:10.577Z,2.0962299999999985,-22.008200000000002,0.0,-0.0434,-0.6333200000000012,22.405369999999998
2026-08-24T07:56:15.577Z,2.0962299999999985,-22.008200000000002,0.0,-0.0434,-0.6333200000000012,22.405369999999998
2026-08-24T07:56:20.580Z,2.096230000000002,-21.660999999999998,0.0,-0.0434,-0.6333200000000012,22.05817
2026-08-24T07:56:25.579Z,2.0962299999999985,-21.0968,0.0,-0.0434,-0.6333200000000012,21.493969999999997
2026-08-24T07:56:30.581Z,2.0962299999999985,-21.0968,0.0,-0.0434,-0.6333200000000012,21.493969999999997
2026-08-24T07:56:35.581Z,2.0962299999999985,-21.0968,0.0,-0.0434,-0.6333200000000012,21.493969999999997
2026-08-24T07:56:40.582Z,2.0962299999999985,-21.0968,0.0,-0.0434,-0.6333200000000012,21.493969999999997
2026-08-24T07:56:45.584Z,2.0962299999999985,-21.0968,0.0,-0.0434,-0.6333200000000012,21.493969999999997
2026-08-24T07:56:50.584Z,2.0962299999999985,-21.4874,0.0,-0.0434,-0.6333200000000012,21.884569999999997
2026-08-24T07:56:55.590Z,2.0962299999999985,-21.6176,0.0,-0.0434,-0.6333200000000012,22.01477
2026-08-24T07:57:00.587Z,2.0962299999999985,-21.6176,0.0,-0.0434,-0.6333200000000012,22.01477
2026-08-24T07:57:05.587Z,2.0962299999999985,-21.878,0.0,-0.0434,-0.6333200000000012,22.27517
2026-08-24T07:57:10.590Z,2.0962299999999985,-21.878,0.0,-0.0434,-0.6333200000000012,22.27517
2026-08-24T07:57:15.589Z,2.0962299999999985,-21.878,0.0,-0.0434,-0.6333200000000012,22.27517
2026-08-24T07:57:20.590Z,2.096230000000002,-21.5525,0.0,-0.0434,-0.6333200000000012,21.94967
2026-08-24T07:57:25.590Z,2.0962299999999985,-21.0968,0.0,-0.0434,-0.6333200000000012,21.493969999999997
2026-08-24T07:57:30.591Z,2.0962299999999985,-21.0968,0.0,-0.0434,-0.6333200000000012,21.493969999999997
2026-08-24T07:57:35.592Z,2.0962299999999985,-21.0968,0.0,-0.0434,-0.6333200000000012,21.493969999999997
2026-08-24T07:57:40.594Z,2.0962299999999985,-21.0968,0.0,-0.0434,-0.6333200000000012,21.493969999999997
2026-08-24T07:57:45.594Z,2.0962299999999985,-21.0968,0.0,-0.0434,-0.6333200000000012,21.493969999999997
2026-08-24T07:57:50.595Z,2.096230000000002,-21.5308,0.0,-0.0434,-0.6333200000000012,21.92797
2026-08-24T07:57:55.615Z,2.096230000000002,-21.5308,0.0,-0.0434,-0.6333200000000012,21.92797
2026-08-24T07:58:00.596Z,2.096230000000002,-21.5308,0.0,-0.0434,-0.6333200000000012,21.92797
2026-08-24T07:58:05.597Z,2.096230000000002,-22.051599999999997,0.0,-0.0434,-0.6333200000000012,22.44877
2026-08-24T07:58:10.600Z,2.0962299999999985,-22.485599999999998,0.0,-0.0434,-0.6333199999999977,22.88277
2026-08-24T07:58:15.600Z,2.0962299999999985,-22.485599999999998,0.0,-0.0434,-0.6333199999999977,22.88277
2026-08-24T07:58:20.601Z,2.0962299999999985,-22.485599999999998,0.0,-0.0434,-0.6333199999999977,22.88277
2026-08-24T07:58:25.603Z,2.0962299999999985,-22.485599999999998,0.0,-0.0434,-0.6333199999999977,22.88277
2026-08-24T07:58:30.611Z,2.096230000000002,-21.1836,0.0,-0.0434,-0.6333199999999977,21.58077
2026-08-24T07:58:35.608Z,2.096230000000002,-21.3138,0.0,-0.0434,-0.6333199999999977,21.71097
2026-08-24T07:58:40.608Z,2.096230000000002,-21.3138,0.0,-0.0434,-0.6333199999999977,21.71097
2026-08-24T07:58:45.615Z,2.0962299999999985,-21.4874,0.0,-0.0434,-0.6333200000000012,21.884569999999997
2026-08-24T07:58:50.610Z,2.0962299999999985,-21.4874,0.0,-0.0434,-0.6333200000000012,21.884569999999997
2026-08-24T07:58:55.611Z,2.096230000000002,-21.2704,0.0,-0.0434,-0.6333200000000012,21.667569999999998
2026-08-24T07:59:00.613Z,2.096230000000002,-21.2704,0.0,-0.0434,-0.6333200000000012,21.667569999999998
2026-08-24T07:59:05.614Z,2.096230000000002,-21.2704,0.0,-0.0434,-0.6333200000000012,21.667569999999998
2026-08-24T07:59:10.617Z,2.096230000000002,-21.2704,0.0,-0.0434,-0.6333200000000012,21.667569999999998
2026-08-24T07:59:15.620Z,2.096230000000002,-21.2704,0.0,-0.0434,-0.6333200000000012,21.667569999999998
2026-08-24T07:59:20.619Z,2.096230000000002,-21.2704,0.0,-0.0434,-0.6333200000000012,21.667569999999998
2026-08-24T07:59:25.620Z,2.096230000000002,-21.2704,0.0,-0.0434,-0.6333200000000012,21.667569999999998
2026-08-24T07:59:30.621Z,2.096230000000002,-21.2704,0.0,-0.0434,-0.6333200000000012,21.667569999999998
2026-08-24T07:59:35.621Z,2.096230000000002,-21.2704,0.0,-0.0434,-0.6333200000000012,21.667569999999998
2026-08-24T07:59:40.623Z,2.096230000000002,-21.2704,0.0,-0.0434,-0.6333200000000012,21.667569999999998
2026-08-24T07:59:45.623Z,2.096230000000002,-21.2704,0.0,-0.0434,-0.6333200000000012,21.667569999999998
2026-08-24T07:59:50.625Z,2.096230000000002,-21.2704,0.0,-0.0434,-0.6333200000000012,21.667569999999998
2026-08-24T07:59:55.625Z,2.096230000000002,-21.2704,0.0,-0.0434,-0.6333200000000012,21.667569999999998
2026-08-24T08:00:00.628Z,2.0962299999999985,-22.5073,0.0,-0.0434,-0.6333199999999977,22.904470000000003
2026-08-24T08:00:05.628Z,2.096230000000002,-22.5724,0.0,-0.0434,-0.6333200000000012,22.96957
2026-08-24T08:00:10.629Z,2.096230000000002,-21.9214,0.0,-0.0434,-0.6333200000000012,22.31857
2026-08-24T08:00:15.631Z,2.096230000000002,-21.8346,0.0,-0.0434,-0.6333199999999977,22.23177
2026-08-24T08:00:20.632Z,2.096230000000002,-22.5724,0.0,-0.0434,-0.6333200000000012,22.96957
2026-08-24T08:00:25.633Z,2.0962299999999985,-22.2686,0.0,-0.0434,-0.6333200000000012,22.66577
2026-08-24T08:00:30.635Z,2.096230000000002,-22.311999999999998,0.0,-0.0434,-0.6333200000000012,22.70917
2026-08-24T08:00:35.635Z,2.096230000000002,-23.0932,0.0,-0.0434,-0.6333200000000012,23.49037
2026-08-24T08:00:40.641Z,2.0962299999999985,-22.659200000000002,0.0,-0.0434,-0.6333200000000012,23.056369999999998
2026-08-24T08:00:45.639Z,2.0962299999999985,-23.0498,0.0,-0.0434,-0.6333200000000012,23.44697
2026-08-24T08:00:50.646Z,2.0962299999999985,-23.0498,0.0,-0.0434,-0.6333200000000012,23.44697
2026-08-24T08:00:55.645Z,2.0962299999999985,-22.746,0.0,-0.0434,-0.6333199999999977,23.14317
2026-08-24T08:01:00.645Z,2.0962299999999985,-22.659200000000002,0.0,-0.0434,-0.6333200000000012,23.056369999999998
2026-08-24T08:01:05.646Z,2.0962299999999985,-22.659200000000002,0.0,-0.0434,-0.6333200000000012,23.056369999999998
2026-08-24T08:01:10.651Z,2.096230000000002,-22.2252,0.0,-0.0434,-0.6333199999999977,22.62237
2026-08-24T08:01:15.651Z,2.096230000000002,-22.2252,0.0,-0.0434,-0.6333199999999977,22.62237
2026-08-24T08:01:20.652Z,2.096230000000002,-21.8346,0.0,-0.0434,-0.6333199999999977,22.23177
2026-08-24T08:01:25.654Z,2.096230000000002,-21.8346,0.0,-0.0434,-0.6333199999999977,22.23177
2026-08-24T08:01:30.655Z,2.096230000000002,-21.8346,0.0,-0.0434,-0.6333199999999977,22.23177
2026-08-24T08:01:35.657Z,2.0962299999999985,-21.357200000000002,0.0,-0.0434,-0.6333200000000012,21.754369999999998
2026-08-24T08:01:40.658Z,2.0962299999999985,-21.357200000000002,0.0,-0.0434,-0.6333200000000012,21.754369999999998
2026-08-24T08:01:45.660Z,2.0962299999999985,-21.357200000000002,0.0,-0.0434,-0.6333200000000012,21.754369999999998
2026-08-24T08:01:50.660Z,2.0962299999999985,-20.4892,0.0,-0.0434,-0.6333200000000012,20.88637
2026-08-24T08:01:55.662Z,2.0962299999999985,-20.0986,0.0,-0.0434,-0.6333200000000012,20.49577
2026-08-24T08:02:00.663Z,2.0962299999999985,-19.5561,0.0,-0.0434,-0.6333200000000012,19.95327
2026-08-24T08:02:05.665Z,2.0962299999999985,-18.3626,0.0,-0.0434,-0.6333199999999977,18.759770000000003
2026-08-24T08:02:10.668Z,2.0962299999999985,-18.3626,0.0,-0.0434,-0.6333199999999977,18.759770000000003
2026-08-24T08:02:15.670Z,2.096230000000002,-18.3192,0.0,-0.0434,-0.6333200000000012,18.71637
2026-08-24T08:02:20.672Z,2.0962299999999985,-18.2324,0.0,-0.0434,-0.6333199999999977,18.62957
2026-08-24T08:02:25.673Z,2.0962299999999985,-17.4512,0.0,-0.0434,-0.6333199999999977,17.848370000000003
2026-08-24T08:02:30.674Z,2.0962299999999985,-19.1872,0.0,-0.0434,-0.6333200000000012,19.58437
2026-08-24T08:02:35.677Z,2.0962299999999985,-19.5778,0.0,-0.0434,-0.6333200000000012,19.97497
2026-08-24T08:02:40.680Z,2.0962299999999985,-19.5778,0.0,-0.0434,-0.6333200000000012,19.97497
2026-08-24T08:02:45.681Z,2.0962299999999985,-19.5778,0.0,-0.0434,-0.6333200000000012,19.97497
2026-08-24T08:02:50.683Z,2.096230000000002,-19.360799999999998,0.0,-0.0434,-0.6333200000000012,19.75797
2026-08-24T08:02:55.684Z,2.0962299999999985,-19.5344,0.0,-0.0434,-0.6333199999999977,19.93157
2026-08-24T08:03:00.689Z,2.096230000000002,-19.990099999999998,0.0,-0.0434,-0.6333200000000012,20.38727
2026-08-24T08:03:05.687Z,2.0962299999999985,-20.0552,0.0,-0.0434,-0.6333199999999977,20.452370000000002
2026-08-24T08:03:10.689Z,2.0962299999999985,-20.0552,0.0,-0.0434,-0.6333199999999977,20.452370000000002
2026-08-24T08:03:15.690Z,2.0962299999999985,-19.968400000000003,0.0,-0.0434,-0.6333200000000012,20.365569999999998
2026-08-24T08:03:20.691Z,2.0962299999999985,-20.445800000000002,0.0,-0.0434,-0.6333200000000012,20.842969999999998
2026-08-24T08:03:25.696Z,2.0962299999999985,-21.465700000000002,0.0,-0.0434,-0.6333199999999977,21.86287
2026-08-24T08:03:30.697Z,2.096230000000002,-21.5742,0.0,-0.0434,-0.6333199999999977,21.97137
2026-08-24T08:03:35.698Z,2.0962299999999985,-21.4874,0.0,-0.0434,-0.6333200000000012,21.884569999999997
2026-08-24T08:03:40.705Z,2.096230000000002,-21.6827,0.0,-0.0434,-0.6333200000000012,22.07987
2026-08-24T08:03:45.703Z,2.096230000000002,-21.7044,0.0,-0.0434,-0.6333199999999977,22.101570000000002
2026-08-24T08:03:50.705Z,2.096230000000002,-21.9648,0.0,-0.0434,-0.6333199999999977,22.36197
2026-08-24T08:03:55.705Z,2.096230000000002,-21.660999999999998,0.0,-0.0434,-0.6333200000000012,22.05817
2026-08-24T08:04:00.710Z,2.0962299999999985,-20.7279,0.0,-0.0434,-0.6333200000000012,21.12507
2026-08-24T08:04:05.714Z,2.1083299999999987,-19.312720000000002,0.0,-0.0313,-0.6454200000000014,19.70989
2026-08-24T08:04:10.710Z,2.1083299999999987,-19.03102,0.0,-0.0313,-0.6454199999999979,19.42819
2026-08-24T08:04:15.711Z,2.1083299999999987,-19.07797,0.0,-0.0313,-0.6454199999999979,19.475140000000003
2026-08-24T08:04:20.713Z,2.1083299999999987,-19.06232,0.0,-0.0313,-0.6454200000000014,19.45949
2026-08-24T08:04:25.719Z,2.1083299999999987,-19.15622,0.0,-0.0313,-0.6454199999999979,19.55339
2026-08-24T08:04:30.716Z,2.1083299999999987,-19.50052,0.0,-0.0313,-0.6454199999999979,19.89769
2026-08-24T08:04:35.717Z,2.1083299999999987,-19.50052,0.0,-0.0313,-0.6454199999999979,19.89769
2026-08-24T08:04:40.723Z,2.1083299999999987,-19.50052,0.0,-0.0313,-0.6454199999999979,19.89769
2026-08-24T08:04:45.722Z,2.1083299999999987,-19.50052,0.0,-0.0313,-0.6454199999999979,19.89769
2026-08-24T08:04:50.727Z,2.1083300000000023,-19.12492,0.0,-0.0313,-0.6454199999999979,19.52209
2026-08-24T08:04:55.727Z,2.1083299999999987,-19.187520000000003,0.0,-0.0313,-0.6454200000000014,19.58469
2026-08-24T08:05:00.728Z,2.1083299999999987,-19.187520000000003,0.0,-0.0313,-0.6454200000000014,19.58469
2026-08-24T08:05:05.727Z,2.1083299999999987,-20.22042,0.0,-0.0313,-0.6454200000000014,20.61759
2026-08-24T08:05:10.730Z,2.1083299999999987,-19.87612,0.0,-0.0313,-0.6454200000000014,20.27329
2026-08-24T08:05:15.731Z,2.1083299999999987,-19.87612,0.0,-0.0313,-0.6454200000000014,20.27329
2026-08-24T08:05:20.731Z,2.1083299999999987,-19.87612,0.0,-0.0313,-0.6454200000000014,20.27329
2026-08-24T08:05:25.733Z,2.1083299999999987,-19.87612,0.0,-0.0313,-0.6454200000000014,20.27329
2026-08-24T08:05:30.734Z,2.1083299999999987,-19.97002,0.0,-0.0313,-0.6454200000000014,20.367189999999997
2026-08-24T08:05:35.735Z,2.1083299999999987,-20.63869,0.0,-0.0434,-0.6454200000000014,21.03586
2026-08-24T08:05:40.736Z,2.1083299999999987,-20.63869,0.0,-0.0434,-0.6454200000000014,21.03586
2026-08-24T08:05:45.736Z,2.1083299999999987,-20.63869,0.0,-0.0434,-0.6454200000000014,21.03586
2026-08-24T08:05:50.737Z,2.1083299999999987,-20.63869,0.0,-0.0434,-0.6454200000000014,21.03586
2026-08-24T08:05:55.739Z,2.1083299999999987,-20.63869,0.0,-0.0434,-0.6454200000000014,21.03586
2026-08-24T08:06:00.765Z,2.1083299999999987,-20.63869,0.0,-0.0434,-0.6454200000000014,21.03586
2026-08-24T08:06:05.743Z,2.1083299999999987,-20.63869,0.0,-0.0434,-0.6454200000000014,21.03586
2026-08-24T08:06:10.746Z,2.1083299999999987,-21.63689,0.0,-0.0434,-0.6454199999999979,22.03406
2026-08-24T08:06:15.748Z,2.1083299999999987,-21.63689,0.0,-0.0434,-0.6454199999999979,22.03406
2026-08-24T08:06:20.750Z,2.1083299999999987,-21.28969,0.0,-0.0434,-0.6454200000000014,21.68686
2026-08-24T08:06:25.750Z,2.1083299999999987,-21.37649,0.0,-0.0434,-0.6454199999999979,21.77366
2026-08-24T08:06:30.754Z,2.1083299999999987,-22.070890000000002,0.0,-0.0434,-0.6454200000000014,22.46806
2026-08-24T08:06:35.756Z,2.1083299999999987,-22.39639,0.0,-0.0434,-0.6454199999999979,22.79356
2026-08-24T08:06:40.758Z,2.1083299999999987,-22.46149,0.0,-0.0434,-0.6454200000000014,22.85866
2026-08-24T08:06:45.763Z,2.1083300000000023,-22.72189,0.0,-0.0434,-0.6454200000000014,23.11906
2026-08-24T08:06:50.762Z,2.1083299999999987,-23.32949,0.0,-0.0434,-0.6454200000000014,23.72666
2026-08-24T08:06:55.763Z,2.1083300000000023,-23.63329,0.0,-0.0434,-0.6454200000000014,24.030459999999998
2026-08-24T08:07:00.799Z,2.1083300000000023,-23.63329,0.0,-0.0434,-0.6454200000000014,24.030459999999998
2026-08-24T08:07:05.767Z,2.1083299999999987,-23.459690000000002,0.0,-0.0434,-0.6454200000000014,23.856859999999998
2026-08-24T08:07:10.769Z,2.1083299999999987,-23.459690000000002,0.0,-0.0434,-0.6454200000000014,23.856859999999998
2026-08-24T08:07:15.768Z,2.1083299999999987,-23.459690000000002,0.0,-0.0434,-0.6454200000000014,23.856859999999998
2026-08-24T08:07:20.770Z,2.1083300000000023,-24.69659,0.0,-0.0434,-0.6454199999999979,25.09376
2026-08-24T08:07:25.770Z,2.1083299999999987,-24.06729,0.0,-0.0434,-0.6454199999999979,24.464460000000003
2026-08-24T08:07:30.771Z,2.1083299999999987,-24.11069,0.0,-0.0434,-0.6454200000000014,24.507859999999997
2026-08-24T08:07:35.773Z,2.1083299999999987,-24.11069,0.0,-0.0434,-0.6454200000000014,24.507859999999997
2026-08-24T08:07:40.774Z,2.1083299999999987,-23.15589,0.0,-0.0434,-0.6454199999999979,23.553060000000002
2026-08-24T08:07:45.775Z,2.1083299999999987,-23.15589,0.0,-0.0434,-0.6454199999999979,23.553060000000002
2026-08-24T08:07:50.778Z,2.1083299999999987,-23.15589,0.0,-0.0434,-0.6454199999999979,23.553060000000002
2026-08-24T08:07:55.779Z,2.1083299999999987,-22.52659,0.0,-0.0434,-0.6454199999999979,22.92376
2026-08-24T08:08:00.780Z,2.1083300000000023,-22.24449,0.0,-0.0434,-0.6454199999999979,22.64166
2026-08-24T08:08:05.781Z,2.1083300000000023,-22.24449,0.0,-0.0434,-0.6454199999999979,22.64166
2026-08-24T08:08:10.783Z,2.1083299999999987,-22.331290000000003,0.0,-0.0434,-0.6454200000000014,22.72846
2026-08-24T08:08:15.784Z,2.1083299999999987,-22.331290000000003,0.0,-0.0434,-0.6454200000000014,22.72846
2026-08-24T08:08:20.786Z,2.1083299999999987,-22.331290000000003,0.0,-0.0434,-0.6454200000000014,22.72846
2026-08-24T08:08:25.788Z,2.1083299999999987,-22.331290000000003,0.0,-0.0434,-0.6454200000000014,22.72846
2026-08-24T08:08:30.792Z,2.1083300000000023,-22.24449,0.0,-0.0434,-0.6454199999999979,22.64166
2026-08-24T08:08:35.793Z,2.1083299999999987,-23.30779,0.0,-0.0434,-0.6454199999999979,23.70496
2026-08-24T08:08:40.794Z,2.1083299999999987,-22.93889,0.0,-0.0434,-0.6454200000000014,23.33606
2026-08-24T08:08:45.795Z,2.1083300000000023,-22.743589999999998,0.0,-0.0434,-0.6454200000000014,23.14076
2026-08-24T08:08:50.796Z,2.1083299999999987,-22.808690000000002,0.0,-0.0434,-0.6454200000000014,23.205859999999998
2026-08-24T08:08:55.800Z,2.1083299999999987,-22.808690000000002,0.0,-0.0434,-0.6454200000000014,23.205859999999998
2026-08-24T08:09:00.802Z,2.1083299999999987,-22.78699,0.0,-0.0434,-0.6454199999999979,23.184160000000002
2026-08-24T08:09:05.804Z,2.1083299999999987,-22.28789,0.0,-0.0434,-0.6454200000000014,22.68506
2026-08-24T08:09:10.804Z,2.1083299999999987,-22.28789,0.0,-0.0434,-0.6454200000000014,22.68506
2026-08-24T08:09:15.808Z,2.1083299999999987,-22.28789,0.0,-0.0434,-0.6454200000000014,22.68506
2026-08-24T08:09:20.807Z,2.1083300000000023,-22.24449,0.0,-0.0434,-0.6454199999999979,22.64166
2026-08-24T08:09:25.810Z,2.1083300000000023,-22.24449,0.0,-0.0434,-0.6454199999999979,22.64166
2026-08-24T08:09:30.810Z,2.1083300000000023,-22.24449,0.0,-0.0434,-0.6454199999999979,22.64166
2026-08-24T08:09:35.813Z,2.1083300000000023,-23.24269,0.0,-0.0434,-0.6454200000000014,23.63986
2026-08-24T08:09:40.815Z,2.1083300000000023,-22.98229,0.0,-0.0434,-0.6454200000000014,23.379459999999998
2026-08-24T08:09:45.817Z,2.1083299999999987,-22.700190000000003,0.0,-0.0434,-0.6454200000000014,23.09736
2026-08-24T08:09:50.817Z,2.1083299999999987,-22.331290000000003,0.0,-0.0434,-0.6454200000000014,22.72846
2026-08-24T08:09:55.818Z,2.1083299999999987,-22.331290000000003,0.0,-0.0434,-0.6454200000000014,22.72846
2026-08-24T08:10:00.820Z,2.1083299999999987,-22.331290000000003,0.0,-0.0434,-0.6454200000000014,22.72846
2026-08-24T08:10:05.821Z,2.1083299999999987,-22.331290000000003,0.0,-0.0434,-0.6454200000000014,22.72846
2026-08-24T08:10:10.821Z,2.1083299999999987,-22.331290000000003,0.0,-0.0434,-0.6454200000000014,22.72846
2026-08-24T08:10:15.826Z,2.1083300000000023,-22.24449,0.0,-0.0434,-0.6454199999999979,22.64166
2026-08-24T08:10:20.827Z,2.1083300000000023,-22.24449,0.0,-0.0434,-0.6454199999999979,22.64166
2026-08-24T08:10:25.829Z,2.1083300000000023,-22.24449,0.0,-0.0434,-0.6454199999999979,22.64166
2026-08-24T08:10:30.831Z,2.1083300000000023,-22.24449,0.0,-0.0434,-0.6454199999999979,22.64166
2026-08-24T08:10:35.836Z,2.1083300000000023,-22.24449,0.0,-0.0434,-0.6454199999999979,22.64166
2026-08-24T08:10:40.836Z,2.1083300000000023,-22.24449,0.0,-0.0434,-0.6454199999999979,22.64166
2026-08-24T08:10:45.836Z,2.1083300000000023,-22.24449,0.0,-0.0434,-0.6454199999999979,22.64166
2026-08-24T08:10:50.837Z,2.1083300000000023,-22.24449,0.0,-0.0434,-0.6454199999999979,22.64166
2026-08-24T08:10:55.838Z,2.1083300000000023,-21.85389,0.0,-0.0434,-0.6454199999999979,22.251060000000003
2026-08-24T08:11:00.839Z,2.1083299999999987,-21.28969,0.0,-0.0434,-0.6454200000000014,21.68686
2026-08-24T08:11:05.840Z,2.1083299999999987,-21.15949,0.0,-0.0434,-0.6454200000000014,21.55666
2026-08-24T08:11:10.840Z,2.1083299999999987,-21.15949,0.0,-0.0434,-0.6454200000000014,21.55666
2026-08-24T08:11:15.842Z,2.1083299999999987,-21.15949,0.0,-0.0434,-0.6454200000000014,21.55666
2026-08-24T08:11:20.842Z,2.1083299999999987,-21.15949,0.0,-0.0434,-0.6454200000000014,21.55666
2026-08-24T08:11:25.842Z,2.1083299999999987,-21.15949,0.0,-0.0434,-0.6454200000000014,21.55666
2026-08-24T08:11:30.844Z,2.1083299999999987,-21.15949,0.0,-0.0434,-0.6454200000000014,21.55666
2026-08-24T08:11:35.844Z,2.1083299999999987,-21.15949,0.0,-0.0434,-0.6454200000000014,21.55666
2026-08-24T08:11:40.846Z,2.1083299999999987,-21.15949,0.0,-0.0434,-0.6454200000000014,21.55666
2026-08-24T08:11:45.847Z,2.1083299999999987,-21.15949,0.0,-0.0434,-0.6454200000000014,21.55666
2026-08-24T08:11:50.848Z,2.1083299999999987,-20.46509,0.0,-0.0434,-0.6454199999999979,20.862260000000003
2026-08-24T08:11:55.849Z,2.1083299999999987,-20.37829,0.0,-0.0434,-0.6454200000000014,20.77546
2026-08-24T08:12:00.849Z,2.1083299999999987,-20.37829,0.0,-0.0434,-0.6454200000000014,20.77546
2026-08-24T08:12:05.862Z,2.1083299999999987,-20.37829,0.0,-0.0434,-0.6454200000000014,20.77546
2026-08-24T08:12:10.851Z,2.1083299999999987,-20.37829,0.0,-0.0434,-0.6454200000000014,20.77546
2026-08-24T08:12:15.852Z,2.1083299999999987,-20.37829,0.0,-0.0434,-0.6454200000000014,20.77546
2026-08-24T08:12:20.853Z,2.1022800000000004,-18.61816,0.0,-0.0313,-0.6393699999999995,19.01533
2026-08-24T08:12:25.853Z,2.1022800000000004,-18.33646,0.0,-0.0313,-0.6393700000000031,18.733629999999998
2026-08-24T08:12:30.853Z,2.1022800000000004,-18.446009999999998,0.0,-0.0313,-0.6393699999999995,18.84318
2026-08-24T08:12:35.854Z,2.1022800000000004,-18.58686,0.0,-0.0313,-0.6393699999999995,18.984029999999997
2026-08-24T08:12:40.856Z,2.1022800000000004,-18.58686,0.0,-0.0313,-0.6393699999999995,18.984029999999997
2026-08-24T08:12:45.857Z,2.1022800000000004,-18.58686,0.0,-0.0313,-0.6393699999999995,18.984029999999997
2026-08-24T08:12:50.858Z,2.1022800000000004,-18.58686,0.0,-0.0313,-0.6393699999999995,18.984029999999997
2026-08-24T08:12:55.858Z,2.1022800000000004,-18.58686,0.0,-0.0313,-0.6393699999999995,18.984029999999997
2026-08-24T08:13:00.860Z,2.1022800000000004,-18.68076,0.0,-0.0313,-0.6393700000000031,19.07793
2026-08-24T08:13:05.861Z,2.1022800000000004,-18.68076,0.0,-0.0313,-0.6393700000000031,19.07793
2026-08-24T08:13:10.861Z,2.1022800000000004,-19.619760000000003,0.0,-0.0313,-0.6393699999999995,20.01693
2026-08-24T08:13:15.863Z,2.1022800000000004,-18.33646,0.0,-0.0313,-0.6393700000000031,18.733629999999998
2026-08-24T08:13:20.863Z,2.1022800000000004,-18.55556,0.0,-0.0313,-0.6393699999999995,18.952730000000003
2026-08-24T08:13:25.864Z,2.1022800000000004,-18.524259999999998,0.0,-0.0313,-0.6393699999999995,18.92143
2026-08-24T08:13:30.866Z,2.1022800000000004,-18.39906,0.0,-0.0313,-0.6393699999999995,18.79623
2026-08-24T08:13:35.867Z,2.1022800000000004,-18.58686,0.0,-0.0313,-0.6393699999999995,18.984029999999997
2026-08-24T08:13:40.867Z,2.1022800000000004,-19.33806,0.0,-0.0313,-0.6393699999999995,19.73523
2026-08-24T08:13:45.869Z,2.1022800000000004,-19.181559999999998,0.0,-0.0313,-0.6393699999999995,19.57873
2026-08-24T08:13:50.871Z,2.1022800000000004,-19.181559999999998,0.0,-0.0313,-0.6393699999999995,19.57873
2026-08-24T08:13:55.873Z,2.1022800000000004,-19.181559999999998,0.0,-0.0313,-0.6393699999999995,19.57873
2026-08-24T08:14:00.874Z,2.1022800000000004,-19.08766,0.0,-0.0313,-0.6393699999999995,19.484830000000002
2026-08-24T08:14:05.875Z,2.1022800000000004,-19.15026,0.0,-0.0313,-0.6393699999999995,19.54743
2026-08-24T08:14:10.875Z,2.1022800000000004,-18.96246,0.0,-0.0313,-0.6393699999999995,19.35963
2026-08-24T08:14:15.877Z,2.1022800000000004,-18.96246,0.0,-0.0313,-0.6393699999999995,19.35963
2026-08-24T08:14:20.880Z,2.1022800000000004,-18.96246,0.0,-0.0313,-0.6393699999999995,19.35963
2026-08-24T08:14:25.878Z,2.1022800000000004,-18.96246,0.0,-0.0313,-0.6393699999999995,19.35963
2026-08-24T08:14:30.883Z,2.1022800000000004,-18.931160000000002,0.0,-0.0313,-0.6393699999999995,19.32833
2026-08-24T08:14:35.881Z,2.1022800000000004,-18.96246,0.0,-0.0313,-0.6393699999999995,19.35963
2026-08-24T08:14:40.882Z,2.1022800000000004,-18.96246,0.0,-0.0313,-0.6393699999999995,19.35963
2026-08-24T08:14:45.890Z,2.1022800000000004,-18.931160000000002,0.0,-0.0313,-0.6393699999999995,19.32833
2026-08-24T08:14:50.887Z,2.1022800000000004,-18.74336,0.0,-0.0313,-0.6393699999999995,19.14053
2026-08-24T08:14:55.888Z,2.1022800000000004,-18.77466,0.0,-0.0313,-0.6393699999999995,19.17183
2026-08-24T08:15:00.889Z,2.1022800000000004,-18.77466,0.0,-0.0313,-0.6393699999999995,19.17183
2026-08-24T08:15:05.892Z,2.1022800000000004,-18.30516,0.0,-0.0313,-0.6393699999999995,18.70233
2026-08-24T08:15:10.892Z,2.1022800000000004,-17.92956,0.0,-0.0313,-0.6393699999999995,18.326729999999998
2026-08-24T08:15:15.895Z,2.1022800000000004,-17.92956,0.0,-0.0313,-0.6393699999999995,18.326729999999998
2026-08-24T08:15:20.893Z,2.1022800000000004,-17.92956,0.0,-0.0313,-0.6393699999999995,18.326729999999998
2026-08-24T08:15:25.893Z,2.1022800000000004,-17.92956,0.0,-0.0313,-0.6393699999999995,18.326729999999998
2026-08-24T08:15:30.895Z,2.1022800000000004,-17.92956,0.0,-0.0313,-0.6393699999999995,18.326729999999998
2026-08-24T08:15:35.897Z,2.1022800000000004,-17.66351,0.0,-0.0313,-0.6393699999999995,18.06068
2026-08-24T08:15:40.898Z,2.1022800000000004,-17.56961,0.0,-0.0313,-0.6393699999999995,17.96678
2026-08-24T08:15:45.899Z,2.1022800000000004,-17.56961,0.0,-0.0313,-0.6393699999999995,17.96678
2026-08-24T08:15:50.901Z,2.1022800000000004,-17.366159999999997,0.0,-0.0313,-0.6393699999999995,17.76333
2026-08-24T08:15:55.902Z,2.1022800000000004,-17.20966,0.0,-0.0313,-0.6393699999999995,17.60683
2026-08-24T08:16:00.906Z,2.102279999999997,-17.11576,0.0,-0.0313,-0.6393699999999995,17.51293
2026-08-24T08:16:05.904Z,2.1022800000000004,-16.521060000000002,0.0,-0.0313,-0.6393699999999995,16.918229999999998
2026-08-24T08:16:10.906Z,2.1022800000000004,-15.86376,0.0,-0.0313,-0.6393699999999995,16.26093
2026-08-24T08:16:15.907Z,2.1022800000000004,-15.456859999999999,0.0,-0.0313,-0.6393699999999995,15.854030000000002
2026-08-24T08:16:20.908Z,2.1022800000000004,-14.627410000000001,0.0,-0.0313,-0.6393700000000031,15.024579999999998
2026-08-24T08:16:25.909Z,2.102279999999997,-14.48656,0.0,-0.0313,-0.6393699999999995,14.88373
2026-08-24T08:16:30.909Z,2.1022800000000004,-14.03271,0.0,-0.0313,-0.6393699999999995,14.42988
2026-08-24T08:16:35.913Z,2.1022800000000004,-14.54916,0.0,-0.0313,-0.6393699999999995,14.946330000000001
2026-08-24T08:16:40.914Z,2.102279999999997,-14.658710000000003,0.0,-0.0313,-0.6393699999999995,15.055879999999998
2026-08-24T08:16:45.915Z,2.102279999999997,-14.314410000000002,0.0,-0.0313,-0.6393699999999995,14.71158
2026-08-24T08:16:50.917Z,2.1022800000000004,-13.751009999999999,0.0,-0.0313,-0.6393699999999995,14.14818
2026-08-24T08:16:55.927Z,2.1022800000000004,-13.46931,0.0,-0.0313,-0.6393699999999995,13.866480000000003
2026-08-24T08:17:00.926Z,2.1022800000000004,-13.86056,0.0,-0.0313,-0.6393699999999995,14.257730000000002
2026-08-24T08:17:05.930Z,2.1022800000000004,-14.07966,0.0,-0.0313,-0.6393699999999995,14.476830000000001
2026-08-24T08:17:10.929Z,2.1022800000000004,-13.844910000000002,0.0,-0.0313,-0.6393699999999995,14.242079999999998
2026-08-24T08:17:15.933Z,2.1022800000000004,-13.86056,0.0,-0.0313,-0.6393699999999995,14.257730000000002
2026-08-24T08:17:20.932Z,2.1022800000000004,-13.86056,0.0,-0.0313,-0.6393699999999995,14.257730000000002
2026-08-24T08:17:25.933Z,2.1022800000000004,-13.688410000000001,0.0,-0.0313,-0.6393699999999995,14.08558
2026-08-24T08:17:30.935Z,2.1022800000000004,-13.704059999999998,0.0,-0.0313,-0.6393699999999995,14.101230000000001
2026-08-24T08:17:35.939Z,2.1022800000000004,-13.578859999999999,0.0,-0.0313,-0.6393699999999995,13.97603
2026-08-24T08:17:40.940Z,2.1022800000000004,-13.422360000000001,0.0,-0.0313,-0.6393700000000031,13.819529999999999
2026-08-24T08:17:45.942Z,2.1022800000000004,-13.39106,0.0,-0.0313,-0.6393699999999995,13.788230000000002
2026-08-24T08:17:50.944Z,2.1022799999999986,-13.109359999999999,0.0,-0.0313,-0.6393699999999995,13.50653
2026-08-24T08:17:55.945Z,2.1022800000000004,-13.48496,0.0,-0.0313,-0.6393699999999995,13.88213
2026-08-24T08:18:00.951Z,2.1022800000000004,-13.21891,0.0,-0.0313,-0.6393699999999995,13.61608
2026-08-24T08:18:05.949Z,2.1022800000000004,-13.844910000000002,0.0,-0.0313,-0.6393699999999995,14.242079999999998
2026-08-24T08:18:10.951Z,2.1022800000000004,-13.891860000000001,0.0,-0.0313,-0.6393699999999995,14.289029999999999
2026-08-24T08:18:15.952Z,2.1022800000000004,-14.42396,0.0,-0.0313,-0.6393699999999995,14.82113
2026-08-24T08:18:20.954Z,2.1022800000000004,-14.45526,0.0,-0.0313,-0.6393700000000031,14.852429999999998
2026-08-24T08:18:25.956Z,2.1022800000000004,-14.45526,0.0,-0.0313,-0.6393700000000031,14.852429999999998
2026-08-24T08:18:30.958Z,2.102279999999997,-14.48656,0.0,-0.0313,-0.6393699999999995,14.88373
2026-08-24T08:18:35.960Z,2.1022800000000004,-15.269060000000001,0.0,-0.0313,-0.6393699999999995,15.666229999999999
2026-08-24T08:18:40.962Z,2.1022800000000004,-15.269060000000001,0.0,-0.0313,-0.6393699999999995,15.666229999999999
2026-08-24T08:18:45.962Z,2.1022800000000004,-15.269060000000001,0.0,-0.0313,-0.6393699999999995,15.666229999999999
2026-08-24T08:18:50.966Z,2.1022800000000004,-15.362960000000001,0.0,-0.0313,-0.6393700000000031,15.760129999999998
2026-08-24T08:18:55.966Z,2.1022800000000004,-15.519459999999999,0.0,-0.0313,-0.6393699999999995,15.91663
2026-08-24T08:19:00.969Z,2.1022800000000004,-15.76986,0.0,-0.0313,-0.6393699999999995,16.16703
2026-08-24T08:19:05.968Z,2.1022800000000004,-16.67756,0.0,-0.0313,-0.6393699999999995,17.07473
2026-08-24T08:19:10.971Z,2.1022800000000004,-16.849709999999998,0.0,-0.0313,-0.6393699999999995,17.24688
2026-08-24T08:19:15.973Z,2.1022800000000004,-16.75581,0.0,-0.0313,-0.6393699999999995,17.15298
2026-08-24T08:19:20.975Z,2.1022800000000004,-16.630609999999997,0.0,-0.0313,-0.6393699999999995,17.02778
2026-08-24T08:19:25.976Z,2.102279999999997,-16.42716,0.0,-0.0313,-0.6393699999999995,16.82433
2026-08-24T08:19:30.979Z,2.1022800000000004,-15.785510000000002,0.0,-0.0313,-0.6393699999999995,16.182679999999998
2026-08-24T08:19:35.982Z,2.1022800000000004,-15.362960000000001,0.0,-0.0313,-0.6393700000000031,15.760129999999998
2026-08-24T08:19:40.982Z,2.1022800000000004,-15.23776,0.0,-0.0313,-0.6393699999999995,15.63493
2026-08-24T08:19:45.986Z,2.1022800000000004,-15.722909999999999,0.0,-0.0313,-0.6393699999999995,16.12008
2026-08-24T08:19:50.985Z,2.1022800000000004,-15.644659999999998,0.0,-0.0313,-0.6393699999999995,16.04183
2026-08-24T08:19:55.989Z,2.1022800000000004,-15.20646,0.0,-0.0313,-0.6393699999999995,15.60363
2026-08-24T08:20:00.989Z,2.1022800000000004,-14.956059999999999,0.0,-0.0313,-0.6393699999999995,15.35323
2026-08-24T08:20:05.990Z,2.102279999999997,-14.877810000000002,0.0,-0.0313,-0.6393699999999995,15.27498
2026-08-24T08:20:10.991Z,2.1022800000000004,-14.893460000000001,0.0,-0.0313,-0.6393699999999995,15.29063
2026-08-24T08:20:15.992Z,2.1022800000000004,-14.86216,0.0,-0.0313,-0.6393699999999995,15.25933
2026-08-24T08:20:20.993Z,2.1022800000000004,-14.86216,0.0,-0.0313,-0.6393699999999995,15.25933
2026-08-24T08:20:25.995Z,2.1022800000000004,-14.86216,0.0,-0.0313,-0.6393699999999995,15.25933
2026-08-24T08:20:30.996Z,2.1022800000000004,-14.86216,0.0,-0.0313,-0.6393699999999995,15.25933
2026-08-24T08:20:35.999Z,2.1022800000000004,-14.84651,0.0,-0.0313,-0.6393700000000031,15.243679999999998
2026-08-24T08:20:41.000Z,2.1022800000000004,-14.84651,0.0,-0.0313,-0.6393700000000031,15.243679999999998
2026-08-24T08:20:46.002Z,2.1022800000000004,-14.86216,0.0,-0.0313,-0.6393699999999995,15.25933
2026-08-24T08:20:51.004Z,2.1022800000000004,-14.86216,0.0,-0.0313,-0.6393699999999995,15.25933
2026-08-24T08:20:56.005Z,2.1022800000000004,-14.86216,0.0,-0.0313,-0.6393699999999995,15.25933
2026-08-24T08:21:01.007Z,2.1022800000000004,-14.86216,0.0,-0.0313,-0.6393699999999995,15.25933
2026-08-24T08:21:06.008Z,2.1022800000000004,-14.86216,0.0,-0.0313,-0.6393699999999995,15.25933
2026-08-24T08:21:11.015Z,2.1022800000000004,-14.86216,0.0,-0.0313,-0.6393699999999995,15.25933
2026-08-24T08:21:16.010Z,2.1022800000000004,-15.269060000000001,0.0,-0.0313,-0.6393699999999995,15.666229999999999
2026-08-24T08:21:21.011Z,2.1022800000000004,-15.269060000000001,0.0,-0.0313,-0.6393699999999995,15.666229999999999
2026-08-24T08:21:26.012Z,2.1022800000000004,-15.425559999999999,0.0,-0.0313,-0.6393699999999995,15.82273
2026-08-24T08:21:31.016Z,2.1022800000000004,-15.425559999999999,0.0,-0.0313,-0.6393699999999995,15.82273
2026-08-24T08:21:36.018Z,2.1022800000000004,-15.425559999999999,0.0,-0.0313,-0.6393699999999995,15.82273
2026-08-24T08:21:41.017Z,2.1022800000000004,-15.14386,0.0,-0.0313,-0.6393700000000031,15.54103
2026-08-24T08:21:46.018Z,2.1022800000000004,-15.12821,0.0,-0.0313,-0.6393699999999995,15.52538
2026-08-24T08:21:51.020Z,2.1022800000000004,-13.90751,0.0,-0.0313,-0.6393699999999995,14.304680000000001
2026-08-24T08:21:56.022Z,2.1022800000000004,-13.95446,0.0,-0.0313,-0.6393699999999995,14.35163
2026-08-24T08:22:01.024Z,2.1022800000000004,-13.95446,0.0,-0.0313,-0.6393699999999995,14.35163
2026-08-24T08:22:06.026Z,2.1022800000000004,-14.69001,0.0,-0.0313,-0.6393699999999995,15.08718
2026-08-24T08:22:11.034Z,2.1022800000000004,-14.39266,0.0,-0.0313,-0.6393699999999995,14.78983
2026-08-24T08:22:16.029Z,2.1022800000000004,-14.39266,0.0,-0.0313,-0.6393699999999995,14.78983
2026-08-24T08:22:21.031Z,2.1022800000000004,-14.39266,0.0,-0.0313,-0.6393699999999995,14.78983
2026-08-24T08:22:26.033Z,2.1022800000000004,-14.267459999999998,0.0,-0.0313,-0.6393699999999995,14.664629999999999
2026-08-24T08:22:31.034Z,2.1022800000000004,-14.189210000000001,0.0,-0.0313,-0.6393699999999995,14.586379999999998
2026-08-24T08:22:36.036Z,2.1022800000000004,-13.406709999999999,0.0,-0.0313,-0.6393699999999995,13.80388
2026-08-24T08:22:41.038Z,2.1022799999999986,-13.015460000000001,0.0,-0.0313,-0.6393699999999995,13.41263
2026-08-24T08:22:46.040Z,2.1022799999999986,-12.545960000000001,0.0,-0.0313,-0.6393699999999995,12.94313
2026-08-24T08:22:51.040Z,2.1022800000000004,-12.17036,0.0,-0.0313,-0.6393700000000031,12.567529999999998
2026-08-24T08:22:56.042Z,2.1022800000000004,-12.17036,0.0,-0.0313,-0.6393700000000031,12.567529999999998
2026-08-24T08:23:01.043Z,2.1022800000000004,-11.45046,0.0,-0.0313,-0.6393699999999995,11.847630000000002
2026-08-24T08:23:06.044Z,2.102280000000002,-10.91836,0.0,-0.0313,-0.6393699999999995,11.315529999999999
2026-08-24T08:23:11.054Z,2.102280000000002,-10.39871,0.0,-0.043300000000000005,-0.6393699999999995,10.795879999999999
2026-08-24T08:23:16.046Z,2.102280000000002,-10.22551,0.0,-0.043300000000000005,-0.6393699999999995,10.622679999999999
2026-08-24T08:23:21.048Z,2.1022799999999986,-9.900760000000002,0.0,-0.043300000000000005,-0.6393699999999995,10.297930000000001
2026-08-24T08:23:26.050Z,2.1022799999999986,-9.900760000000002,0.0,-0.043300000000000005,-0.6393699999999995,10.297930000000001
2026-08-24T08:23:31.052Z,2.1022800000000004,-9.164660000000001,0.0,-0.043300000000000005,-0.6393699999999995,9.561830000000002
2026-08-24T08:23:36.053Z,2.1022800000000004,-9.38116,0.0,-0.043300000000000005,-0.6393699999999995,9.778329999999999
2026-08-24T08:23:41.054Z,2.1022800000000004,-11.97916,0.0,-0.043300000000000005,-0.6393699999999995,12.376330000000001
2026-08-24T08:23:46.057Z,2.1022800000000004,-11.19976,0.0,-0.043300000000000005,-0.6393699999999995,11.59693
2026-08-24T08:23:51.058Z,2.1022799999999986,-10.50696,0.0,-0.043300000000000005,-0.6393699999999995,10.90413
2026-08-24T08:23:56.059Z,2.102280000000002,-10.636859999999999,0.0,-0.043300000000000005,-0.6393699999999995,11.03403
2026-08-24T08:24:01.061Z,2.102280000000002,-10.636859999999999,0.0,-0.043300000000000005,-0.6393699999999995,11.03403
2026-08-24T08:24:06.063Z,2.1022800000000004,-11.784310000000001,0.0,-0.043300000000000005,-0.6393700000000031,12.181479999999997
2026-08-24T08:24:11.070Z,2.1022800000000004,-11.54616,0.0,-0.043300000000000005,-0.6393700000000031,11.94333
2026-08-24T08:24:16.067Z,2.1022799999999986,-11.156460000000001,0.0,-0.043300000000000005,-0.6393699999999995,11.55363
2026-08-24T08:24:21.066Z,2.1022800000000004,-10.89666,0.0,-0.043300000000000005,-0.6393699999999995,11.293830000000002
2026-08-24T08:24:26.070Z,2.102280000000002,-10.93996,0.0,-0.043300000000000005,-0.6393699999999995,11.337129999999998
2026-08-24T08:24:31.069Z,2.1022799999999986,-10.91831,0.0,-0.043300000000000005,-0.6393699999999995,11.31548
2026-08-24T08:24:36.070Z,2.1022799999999986,-10.85336,0.0,-0.043300000000000005,-0.6393699999999995,11.250530000000001
2026-08-24T08:24:41.071Z,2.1022800000000004,-9.87911,0.0,-0.043300000000000005,-0.6393699999999995,10.276280000000002
2026-08-24T08:24:46.073Z,2.1022800000000004,-9.20796,0.0,-0.043300000000000005,-0.6393699999999995,9.605129999999999
2026-08-24T08:24:51.075Z,2.1022800000000004,-9.29456,0.0,-0.043300000000000005,-0.6393699999999995,9.691730000000002
2026-08-24T08:24:56.077Z,2.1022800000000004,-8.883209999999998,0.0,-0.043300000000000005,-0.6393699999999995,9.280380000000001
2026-08-24T08:25:01.079Z,2.1022800000000004,-7.97391,0.0,-0.043300000000000005,-0.6393699999999995,8.371080000000001
2026-08-24T08:25:06.078Z,2.1022800000000004,-8.03886,0.0,-0.043300000000000005,-0.6393699999999995,8.43603
2026-08-24T08:25:11.092Z,2.1022800000000004,-8.017209999999999,0.0,-0.043300000000000005,-0.6393699999999995,8.41438
2026-08-24T08:25:16.081Z,2.1022800000000004,-8.017209999999999,0.0,-0.043300000000000005,-0.6393699999999995,8.41438
2026-08-24T08:25:21.082Z,2.1022800000000004,-7.17286,0.0,-0.043300000000000005,-0.6393699999999995,7.570029999999999
2026-08-24T08:25:26.083Z,2.1022799999999986,-7.129560000000001,0.0,-0.043300000000000005,-0.6393700000000031,7.526729999999999
2026-08-24T08:25:31.088Z,2.1022800000000004,-6.9996599999999995,0.0,-0.043300000000000005,-0.6393699999999995,7.39683
2026-08-24T08:25:36.088Z,2.1022800000000004,-6.978009999999999,0.0,-0.043300000000000005,-0.6393699999999995,7.37518
2026-08-24T08:25:41.090Z,2.1022799999999986,-7.757410000000001,0.0,-0.043300000000000005,-0.6393699999999995,8.154580000000001
2026-08-24T08:25:46.091Z,2.1022800000000004,-7.80071,0.0,-0.043300000000000005,-0.6393699999999995,8.197880000000001
2026-08-24T08:25:51.093Z,2.1022800000000004,-7.80071,0.0,-0.043300000000000005,-0.6393699999999995,8.197880000000001
2026-08-24T08:25:56.094Z,2.1022800000000004,-8.73166,0.0,-0.043300000000000005,-0.6393699999999995,9.128829999999999
2026-08-24T08:26:01.098Z,2.1022800000000004,-7.47596,0.0,-0.043300000000000005,-0.6393699999999995,7.87313
2026-08-24T08:26:06.101Z,2.1022800000000004,-6.71821,0.0,-0.043300000000000005,-0.6393699999999995,7.115380000000002
2026-08-24T08:26:11.102Z,2.1022799999999986,-5.224360000000001,0.0,-0.043300000000000005,-0.6393700000000031,5.621529999999998
2026-08-24T08:26:16.103Z,2.1022800000000004,-4.81301,0.0,-0.043300000000000005,-0.6393699999999995,5.210180000000001
2026-08-24T08:26:21.103Z,2.1022800000000004,-5.89551,0.0,-0.043300000000000005,-0.6393699999999995,6.292680000000001
2026-08-24T08:26:26.103Z,2.1022799999999986,-7.605860000000001,0.0,-0.043300000000000005,-0.6393700000000031,8.003029999999999
2026-08-24T08:26:31.107Z,2.1022800000000004,-7.5625599999999995,0.0,-0.043300000000000005,-0.6393699999999995,7.95973
2026-08-24T08:26:36.108Z,2.1022799999999986,-7.519260000000001,0.0,-0.043300000000000005,-0.6393699999999995,7.91643
2026-08-24T08:26:41.110Z,2.1022800000000004,-7.540909999999999,0.0,-0.043300000000000005,-0.6393699999999995,7.938079999999999
2026-08-24T08:26:46.111Z,2.1022800000000004,-6.86976,0.0,-0.043300000000000005,-0.6393699999999995,7.26693
2026-08-24T08:26:51.112Z,2.1022800000000004,-6.13366,0.0,-0.043300000000000005,-0.6393699999999995,6.530830000000002
2026-08-24T08:26:56.114Z,2.1022800000000004,-6.13366,0.0,-0.043300000000000005,-0.6393699999999995,6.530830000000002
2026-08-24T08:27:01.123Z,2.1022800000000004,-6.39346,0.0,-0.043300000000000005,-0.6393699999999995,6.79063
2026-08-24T08:27:06.117Z,2.1022800000000004,-6.69656,0.0,-0.043300000000000005,-0.6393699999999995,7.093729999999999
2026-08-24T08:27:11.127Z,2.1022800000000004,-6.69656,0.0,-0.043300000000000005,-0.6393699999999995,7.093729999999999
2026-08-24T08:27:16.128Z,2.1022800000000004,-7.064609999999999,0.0,-0.043300000000000005,-0.6393699999999995,7.461779999999999
2026-08-24T08:27:21.125Z,2.1022800000000004,-7.64916,0.0,-0.043300000000000005,-0.6393699999999995,8.04633
2026-08-24T08:27:26.126Z,2.1022800000000004,-8.03886,0.0,-0.043300000000000005,-0.6393699999999995,8.43603
2026-08-24T08:27:31.133Z,2.1022800000000004,-8.34196,0.0,-0.043300000000000005,-0.6393699999999995,8.739130000000001
2026-08-24T08:27:36.130Z,2.1022800000000004,-9.20796,0.0,-0.043300000000000005,-0.6393699999999995,9.605129999999999
2026-08-24T08:27:41.132Z,2.1022800000000004,-9.20796,0.0,-0.043300000000000005,-0.6393699999999995,9.605129999999999
2026-08-24T08:27:46.133Z,2.1022800000000004,-8.49351,0.0,-0.043300000000000005,-0.6393699999999995,8.89068
2026-08-24T08:27:51.134Z,2.1022799999999986,-8.55846,0.0,-0.043300000000000005,-0.6393700000000031,8.95563
2026-08-24T08:27:56.134Z,2.1022799999999986,-8.55846,0.0,-0.043300000000000005,-0.6393700000000031,8.95563
2026-08-24T08:28:01.147Z,2.1022799999999986,-8.55846,0.0,-0.043300000000000005,-0.6393700000000031,8.95563
2026-08-24T08:28:06.140Z,2.1022799999999986,-8.082160000000002,0.0,-0.043300000000000005,-0.6393700000000031,8.47933
2026-08-24T08:28:11.154Z,2.1022800000000004,-6.95636,0.0,-0.043300000000000005,-0.6393700000000031,7.3535299999999975
2026-08-24T08:28:16.149Z,2.1022800000000004,-6.95636,0.0,-0.043300000000000005,-0.6393700000000031,7.3535299999999975
2026-08-24T08:28:21.144Z,2.1022800000000004,-4.31506,0.0,-0.043300000000000005,-0.6393699999999995,4.71223
2026-08-24T08:28:26.144Z,2.1022800000000004,-4.31506,0.0,-0.043300000000000005,-0.6393699999999995,4.71223
2026-08-24T08:28:31.151Z,2.1022800000000004,-3.6872100000000003,0.0,-0.043300000000000005,-0.6393700000000013,4.0843799999999995
2026-08-24T08:28:36.151Z,2.1022800000000004,-3.7088600000000005,0.0,-0.043300000000000005,-0.6393699999999995,4.1060300000000005
2026-08-24T08:28:41.152Z,2.1022800000000004,-3.2758599999999998,0.0,-0.043300000000000005,-0.6393699999999995,3.6730300000000007
2026-08-24T08:28:46.152Z,2.1022800000000004,-3.53566,0.0,-0.043300000000000005,-0.6393699999999995,3.932829999999999
2026-08-24T08:28:51.153Z,2.1022799999999986,-4.2717600000000004,0.0,-0.043300000000000005,-0.6393700000000031,4.668929999999998
2026-08-24T08:28:56.155Z,2.1022800000000004,-4.661460000000001,0.0,-0.043300000000000005,-0.6393699999999995,5.058630000000001
2026-08-24T08:29:01.157Z,2.1022800000000004,-4.661460000000001,0.0,-0.043300000000000005,-0.6393699999999995,5.058630000000001
2026-08-24T08:29:06.157Z,2.1022800000000004,-5.05116,0.0,-0.043300000000000005,-0.6393699999999995,5.448330000000002
2026-08-24T08:29:11.162Z,2.1022800000000004,-5.89551,0.0,-0.043300000000000005,-0.6393699999999995,6.292680000000001
2026-08-24T08:29:16.161Z,2.1022800000000004,-6.350159999999999,0.0,-0.043300000000000005,-0.6393699999999995,6.747329999999998
2026-08-24T08:29:21.163Z,2.1022800000000004,-7.3460600000000005,0.0,-0.043300000000000005,-0.6393699999999995,7.7432300000000005
2026-08-24T08:29:26.162Z,2.1022800000000004,-7.3460600000000005,0.0,-0.043300000000000005,-0.6393699999999995,7.7432300000000005
2026-08-24T08:29:31.163Z,2.1022800000000004,-7.3460600000000005,0.0,-0.043300000000000005,-0.6393699999999995,7.7432300000000005
2026-08-24T08:29:36.166Z,2.1022800000000004,-7.302759999999999,0.0,-0.043300000000000005,-0.6393699999999995,7.699929999999998
2026-08-24T08:29:41.168Z,2.1022800000000004,-6.43676,0.0,-0.043300000000000005,-0.6393699999999995,6.8339300000000005
2026-08-24T08:29:46.168Z,2.1022800000000004,-6.350159999999999,0.0,-0.043300000000000005,-0.6393699999999995,6.747329999999998
2026-08-24T08:29:51.170Z,2.1022799999999986,-6.566660000000001,0.0,-0.043300000000000005,-0.6393699999999995,6.96383
2026-08-24T08:29:56.172Z,2.1022800000000004,-6.7831600000000005,0.0,-0.043300000000000005,-0.6393699999999995,7.180330000000001
2026-08-24T08:30:01.173Z,2.1022800000000004,-6.39346,0.0,-0.043300000000000005,-0.6393699999999995,6.79063
2026-08-24T08:30:06.175Z,2.1022800000000004,-6.39346,0.0,-0.043300000000000005,-0.6393699999999995,6.79063
2026-08-24T08:30:11.180Z,2.1022799999999986,-6.41511,0.0,-0.043300000000000005,-0.6393700000000031,6.812279999999998
2026-08-24T08:30:16.178Z,2.1022799999999986,-7.042960000000001,0.0,-0.043300000000000005,-0.6393699999999995,7.44013
2026-08-24T08:30:21.178Z,2.1022800000000004,-7.25946,0.0,-0.043300000000000005,-0.6393699999999995,7.656630000000002
2026-08-24T08:30:26.179Z,2.1022800000000004,-7.25946,0.0,-0.043300000000000005,-0.6393699999999995,7.656630000000002
2026-08-24T08:30:31.180Z,2.1022800000000004,-7.25946,0.0,-0.043300000000000005,-0.6393699999999995,7.656630000000002
2026-08-24T08:30:36.182Z,2.1022800000000004,-7.25946,0.0,-0.043300000000000005,-0.6393699999999995,7.656630000000002
2026-08-24T08:30:41.182Z,2.1022800000000004,-7.47596,0.0,-0.043300000000000005,-0.6393699999999995,7.87313
2026-08-24T08:30:46.184Z,2.1022800000000004,-7.47596,0.0,-0.043300000000000005,-0.6393699999999995,7.87313
2026-08-24T08:30:51.184Z,2.1022800000000004,-7.69246,0.0,-0.043300000000000005,-0.6393699999999995,8.08963
2026-08-24T08:30:56.185Z,2.1022800000000004,-7.90896,0.0,-0.043300000000000005,-0.6393700000000031,8.306129999999998
2026-08-24T08:31:01.186Z,2.1022800000000004,-8.10381,0.0,-0.043300000000000005,-0.6393699999999995,8.50098
2026-08-24T08:31:06.186Z,2.1022800000000004,-7.5625599999999995,0.0,-0.043300000000000005,-0.6393699999999995,7.95973
2026-08-24T08:31:11.207Z,2.1022799999999986,-7.519260000000001,0.0,-0.043300000000000005,-0.6393699999999995,7.91643
2026-08-24T08:31:16.189Z,2.1022800000000004,-7.67081,0.0,-0.043300000000000005,-0.6393700000000031,8.067979999999999
2026-08-24T08:31:21.190Z,2.1022800000000004,-7.64916,0.0,-0.043300000000000005,-0.6393699999999995,8.04633
2026-08-24T08:31:26.190Z,2.1022800000000004,-7.49761,0.0,-0.043300000000000005,-0.6393699999999995,7.894780000000001
2026-08-24T08:31:31.191Z,2.1022800000000004,-7.43266,0.0,-0.043300000000000005,-0.6393700000000031,7.829829999999998
2026-08-24T08:31:36.193Z,2.1022800000000004,-7.064609999999999,0.0,-0.043300000000000005,-0.6393699999999995,7.461779999999999
2026-08-24T08:31:41.193Z,2.1022800000000004,-7.779059999999999,0.0,-0.043300000000000005,-0.6393699999999995,8.176229999999999
2026-08-24T08:31:46.194Z,2.1022799999999986,-8.47186,0.0,-0.043300000000000005,-0.6393699999999995,8.86903
2026-08-24T08:31:51.195Z,2.1022800000000004,-8.99146,0.0,-0.043300000000000005,-0.6393699999999995,9.388630000000001
2026-08-24T08:31:56.196Z,2.1022800000000004,-8.99146,0.0,-0.043300000000000005,-0.6393699999999995,9.388630000000001
2026-08-24T08:32:01.198Z,2.1022800000000004,-8.99146,0.0,-0.043300000000000005,-0.6393699999999995,9.388630000000001
2026-08-24T08:32:06.198Z,2.1022800000000004,-8.99146,0.0,-0.043300000000000005,-0.6393699999999995,9.388630000000001
2026-08-24T08:32:11.199Z,2.1022800000000004,-9.20796,0.0,-0.043300000000000005,-0.6393699999999995,9.605129999999999
2026-08-24T08:32:16.200Z,2.1022800000000004,-9.770859999999999,0.0,-0.043300000000000005,-0.6393699999999995,10.168030000000002
2026-08-24T08:32:21.207Z,2.1022800000000004,-10.00901,0.0,-0.043300000000000005,-0.6393699999999995,10.40618
2026-08-24T08:32:26.203Z,2.1022800000000004,-10.00901,0.0,-0.043300000000000005,-0.6393699999999995,10.40618
2026-08-24T08:32:31.205Z,2.1022800000000004,-10.00901,0.0,-0.043300000000000005,-0.6393699999999995,10.40618
2026-08-24T08:32:36.207Z,2.1022799999999986,-10.85336,0.0,-0.043300000000000005,-0.6393699999999995,11.250530000000001
2026-08-24T08:32:41.207Z,2.1022799999999986,-11.28636,0.0,-0.043300000000000005,-0.6393699999999995,11.68353
2026-08-24T08:32:46.210Z,2.1022799999999986,-11.28636,0.0,-0.043300000000000005,-0.6393699999999995,11.68353
2026-08-24T08:32:51.210Z,2.1022799999999986,-11.28636,0.0,-0.043300000000000005,-0.6393699999999995,11.68353
2026-08-24T08:32:56.211Z,2.1022800000000004,-12.04411,0.0,-0.043300000000000005,-0.6393699999999995,12.44128
2026-08-24T08:33:01.212Z,2.1022799999999986,-11.82761,0.0,-0.043300000000000005,-0.6393699999999995,12.224779999999999
2026-08-24T08:33:06.213Z,2.1022800000000004,-11.50286,0.0,-0.043300000000000005,-0.6393699999999995,11.900030000000001
2026-08-24T08:33:11.214Z,2.1022800000000004,-11.50286,0.0,-0.043300000000000005,-0.6393699999999995,11.900030000000001
2026-08-24T08:33:16.215Z,2.1022800000000004,-11.719360000000002,0.0,-0.043300000000000005,-0.6393700000000031,12.116529999999997
2026-08-24T08:33:21.216Z,2.1022800000000004,-11.329659999999999,0.0,-0.043300000000000005,-0.6393699999999995,11.72683
2026-08-24T08:33:26.217Z,2.1022800000000004,-11.329659999999999,0.0,-0.043300000000000005,-0.6393699999999995,11.72683
2026-08-24T08:33:31.219Z,2.1022800000000004,-11.329659999999999,0.0,-0.043300000000000005,-0.6393699999999995,11.72683
2026-08-24T08:33:36.220Z,2.1022800000000004,-11.329659999999999,0.0,-0.043300000000000005,-0.6393699999999995,11.72683
2026-08-24T08:33:41.220Z,2.1022800000000004,-11.54616,0.0,-0.043300000000000005,-0.6393700000000031,11.94333
2026-08-24T08:33:46.222Z,2.1022799999999986,-12.00081,0.0,-0.043300000000000005,-0.6393699999999995,12.39798
2026-08-24T08:33:51.222Z,2.1022799999999986,-12.43646,0.0,-0.0313,-0.6393699999999995,12.83363
2026-08-24T08:33:56.223Z,2.1022800000000004,-12.87466,0.0,-0.0313,-0.6393700000000031,13.271829999999998
2026-08-24T08:34:01.226Z,2.1022799999999986,-12.95291,0.0,-0.0313,-0.6393699999999995,13.350079999999998
2026-08-24T08:34:06.225Z,2.1022800000000004,-12.96856,0.0,-0.0313,-0.6393699999999995,13.365730000000003
2026-08-24T08:34:11.226Z,2.1022799999999986,-12.17041,0.0,-0.0313,-0.6393699999999995,12.56758
2026-08-24T08:34:16.229Z,2.1022799999999986,-11.74786,0.0,-0.0313,-0.6393699999999995,12.145029999999998
2026-08-24T08:34:21.231Z,2.1022799999999986,-11.74786,0.0,-0.0313,-0.6393699999999995,12.145029999999998
2026-08-24T08:34:26.231Z,2.1022800000000004,-11.93566,0.0,-0.0313,-0.6393699999999995,12.332830000000001
2026-08-24T08:34:31.232Z,2.1022800000000004,-11.93566,0.0,-0.0313,-0.6393699999999995,12.332830000000001
2026-08-24T08:34:36.233Z,2.1022800000000004,-11.93566,0.0,-0.0313,-0.6393699999999995,12.332830000000001
2026-08-24T08:34:41.234Z,2.1022800000000004,-11.93566,0.0,-0.0313,-0.6393699999999995,12.332830000000001
2026-08-24T08:34:46.241Z,2.1022799999999986,-11.74786,0.0,-0.0313,-0.6393699999999995,12.145029999999998
2026-08-24T08:34:51.240Z,2.1022799999999986,-11.779160000000001,0.0,-0.0313,-0.6393699999999995,12.17633
2026-08-24T08:34:56.239Z,2.1022800000000004,-11.732209999999998,0.0,-0.0313,-0.6393699999999995,12.129380000000001
2026-08-24T08:35:01.240Z,2.1022800000000004,-11.76351,0.0,-0.0313,-0.6393699999999995,12.160680000000001
2026-08-24T08:35:06.239Z,2.1022799999999986,-11.779160000000001,0.0,-0.0313,-0.6393699999999995,12.17633
2026-08-24T08:35:11.240Z,2.1022799999999986,-11.779160000000001,0.0,-0.0313,-0.6393699999999995,12.17633
2026-08-24T08:35:16.241Z,2.1022799999999986,-11.779160000000001,0.0,-0.0313,-0.6393699999999995,12.17633
2026-08-24T08:35:21.241Z,2.1022799999999986,-11.779160000000001,0.0,-0.0313,-0.6393699999999995,12.17633
2026-08-24T08:35:26.242Z,2.1022799999999986,-11.779160000000001,0.0,-0.0313,-0.6393699999999995,12.17633
2026-08-24T08:35:31.242Z,2.1022799999999986,-11.779160000000001,0.0,-0.0313,-0.6393699999999995,12.17633
2026-08-24T08:35:36.243Z,2.1022799999999986,-11.779160000000001,0.0,-0.0313,-0.6393699999999995,12.17633
2026-08-24T08:35:41.244Z,2.1022799999999986,-11.779160000000001,0.0,-0.0313,-0.6393699999999995,12.17633
2026-08-24T08:35:46.257Z,2.1022799999999986,-11.779160000000001,0.0,-0.0313,-0.6393699999999995,12.17633
2026-08-24T08:35:51.256Z,2.1022799999999986,-11.779160000000001,0.0,-0.0313,-0.6393699999999995,12.17633
2026-08-24T08:35:56.256Z,2.1022799999999986,-11.779160000000001,0.0,-0.0313,-0.6393699999999995,12.17633
2026-08-24T08:36:01.260Z,2.1022799999999986,-11.779160000000001,0.0,-0.0313,-0.6393699999999995,12.17633
2026-08-24T08:36:06.257Z,2.1022799999999986,-11.779160000000001,0.0,-0.0313,-0.6393699999999995,12.17633
2026-08-24T08:36:11.258Z,2.1022799999999986,-11.779160000000001,0.0,-0.0313,-0.6393699999999995,12.17633
2026-08-24T08:36:16.259Z,2.1022800000000004,-11.93566,0.0,-0.0313,-0.6393699999999995,12.332830000000001
2026-08-24T08:36:21.261Z,2.1022800000000004,-11.93566,0.0,-0.0313,-0.6393699999999995,12.332830000000001
2026-08-24T08:36:26.262Z,2.1022800000000004,-11.93566,0.0,-0.0313,-0.6393699999999995,12.332830000000001
2026-08-24T08:36:31.263Z,2.1022800000000004,-11.93566,0.0,-0.0313,-0.6393699999999995,12.332830000000001
2026-08-24T08:36:36.268Z,2.1022800000000004,-12.67121,0.0,-0.0313,-0.6393699999999995,13.068380000000001
2026-08-24T08:36:41.266Z,2.1022799999999986,-12.63991,0.0,-0.0313,-0.6393699999999995,13.03708
2026-08-24T08:36:46.271Z,2.1022800000000004,-12.67121,0.0,-0.0313,-0.6393699999999995,13.068380000000001
2026-08-24T08:36:51.269Z,2.1022800000000004,-12.67121,0.0,-0.0313,-0.6393699999999995,13.068380000000001
2026-08-24T08:36:56.270Z,2.1022800000000004,-12.67121,0.0,-0.0313,-0.6393699999999995,13.068380000000001
2026-08-24T08:37:01.271Z,2.1022800000000004,-12.076509999999999,0.0,-0.0313,-0.6393699999999995,12.473680000000002
2026-08-24T08:37:06.272Z,2.1022800000000004,-12.06086,0.0,-0.0313,-0.6393700000000031,12.458029999999997
2026-08-24T08:37:11.273Z,2.1022800000000004,-12.06086,0.0,-0.0313,-0.6393700000000031,12.458029999999997
2026-08-24T08:37:16.274Z,2.1022800000000004,-12.06086,0.0,-0.0313,-0.6393700000000031,12.458029999999997
2026-08-24T08:37:21.276Z,2.1022800000000004,-12.06086,0.0,-0.0313,-0.6393700000000031,12.458029999999997
2026-08-24T08:37:26.276Z,2.1022800000000004,-12.06086,0.0,-0.0313,-0.6393700000000031,12.458029999999997
2026-08-24T08:37:31.279Z,2.1022799999999986,-11.951310000000001,0.0,-0.0313,-0.6393699999999995,12.34848
2026-08-24T08:37:36.279Z,2.1022800000000004,-11.68526,0.0,-0.0313,-0.6393699999999995,12.08243
2026-08-24T08:37:41.279Z,2.1022800000000004,-11.68526,0.0,-0.0313,-0.6393699999999995,12.08243
2026-08-24T08:37:46.286Z,2.1022800000000004,-11.716560000000001,0.0,-0.0313,-0.6393700000000031,12.113729999999999
2026-08-24T08:37:51.285Z,2.1022800000000004,-11.84176,0.0,-0.0313,-0.6393700000000031,12.23893
2026-08-24T08:37:56.286Z,2.1022800000000004,-11.84176,0.0,-0.0313,-0.6393700000000031,12.23893
2026-08-24T08:38:01.286Z,2.1022800000000004,-11.84176,0.0,-0.0313,-0.6393700000000031,12.23893
2026-08-24T08:38:06.287Z,2.1022800000000004,-11.732209999999998,0.0,-0.0313,-0.6393699999999995,12.129380000000001
2026-08-24T08:38:11.288Z,2.1022800000000004,-11.46616,0.0,-0.0313,-0.6393699999999995,11.863330000000001
2026-08-24T08:38:16.304Z,2.1022800000000004,-11.49746,0.0,-0.0313,-0.6393700000000031,11.89463
2026-08-24T08:38:21.291Z,2.1022800000000004,-11.49746,0.0,-0.0313,-0.6393700000000031,11.89463
2026-08-24T08:38:26.292Z,2.1022800000000004,-11.56006,0.0,-0.0313,-0.6393699999999995,11.957230000000001
2026-08-24T08:38:31.293Z,2.1022800000000004,-11.59136,0.0,-0.0313,-0.6393699999999995,11.98853
2026-08-24T08:38:36.294Z,2.1022800000000004,-11.59136,0.0,-0.0313,-0.6393699999999995,11.98853
2026-08-24T08:38:41.295Z,2.1022800000000004,-11.59136,0.0,-0.0313,-0.6393699999999995,11.98853
2026-08-24T08:38:46.296Z,2.1022800000000004,-11.68526,0.0,-0.0313,-0.6393699999999995,12.08243
2026-08-24T08:38:51.297Z,2.1022800000000004,-11.810459999999999,0.0,-0.0313,-0.6393699999999995,12.207630000000002
2026-08-24T08:38:56.298Z,2.1022800000000004,-11.810459999999999,0.0,-0.0313,-0.6393699999999995,12.207630000000002
2026-08-24T08:39:01.299Z,2.1022799999999986,-12.43646,0.0,-0.0313,-0.6393699999999995,12.83363
2026-08-24T08:39:06.300Z,2.1022799999999986,-12.46776,0.0,-0.0313,-0.6393699999999995,12.864930000000001
2026-08-24T08:39:11.302Z,2.1022799999999986,-12.56166,0.0,-0.0313,-0.6393699999999995,12.958829999999999
2026-08-24T08:39:16.303Z,2.1022800000000004,-12.67121,0.0,-0.0313,-0.6393699999999995,13.068380000000001
2026-08-24T08:39:21.302Z,2.1022799999999986,-13.50066,0.0,-0.0313,-0.6393699999999995,13.897829999999999
2026-08-24T08:39:26.303Z,2.1022800000000004,-13.81156,0.0,-0.0193,-0.6393699999999995,14.20873
2026-08-24T08:39:31.304Z,2.1022800000000004,-13.81156,0.0,-0.0193,-0.6393699999999995,14.20873
2026-08-24T08:39:36.304Z,2.1022800000000004,-13.81156,0.0,-0.0193,-0.6393699999999995,14.20873
2026-08-24T08:39:41.305Z,2.102279999999997,-13.965960000000003,0.0,-0.0193,-0.6393699999999995,14.363129999999998
2026-08-24T08:39:46.308Z,2.1022800000000004,-14.120359999999998,0.0,-0.0193,-0.6393699999999995,14.51753
2026-08-24T08:39:51.308Z,2.1022800000000004,-14.120359999999998,0.0,-0.0193,-0.6393699999999995,14.51753
2026-08-24T08:39:56.308Z,2.1022800000000004,-14.043159999999999,0.0,-0.0193,-0.6393699999999995,14.44033
2026-08-24T08:40:01.309Z,2.1022800000000004,-14.043159999999999,0.0,-0.0193,-0.6393699999999995,14.44033
2026-08-24T08:40:06.310Z,2.1022800000000004,-13.985259999999998,0.0,-0.0193,-0.6393699999999995,14.38243
2026-08-24T08:40:11.311Z,2.1022799999999986,-13.666810000000002,0.0,-0.0193,-0.6393699999999995,14.06398
2026-08-24T08:40:16.313Z,2.1022800000000004,-13.63786,0.0,-0.0193,-0.6393699999999995,14.03503
2026-08-24T08:40:21.313Z,2.1022800000000004,-13.63786,0.0,-0.0193,-0.6393699999999995,14.03503
2026-08-24T08:40:26.318Z,2.1022800000000004,-13.63786,0.0,-0.0193,-0.6393699999999995,14.03503
2026-08-24T08:40:31.315Z,2.1022800000000004,-13.63786,0.0,-0.0193,-0.6393699999999995,14.03503
2026-08-24T08:40:36.317Z,2.1022800000000004,-13.63786,0.0,-0.0193,-0.6393699999999995,14.03503
2026-08-24T08:40:41.317Z,2.1022800000000004,-13.63786,0.0,-0.0193,-0.6393699999999995,14.03503
2026-08-24T08:40:46.323Z,2.1022800000000004,-13.63786,0.0,-0.0193,-0.6393699999999995,14.03503
2026-08-24T08:40:51.321Z,2.1022799999999986,-13.32906,0.0,-0.0193,-0.6393699999999995,13.72623
2026-08-24T08:40:56.323Z,2.1022800000000004,-13.31941,0.0,-0.0193,-0.6393699999999995,13.71658
2026-08-24T08:41:01.324Z,2.1022799999999986,-13.32906,0.0,-0.0193,-0.6393699999999995,13.72623
2026-08-24T08:41:06.325Z,2.1022800000000004,-13.33871,0.0,-0.0193,-0.6393699999999995,13.735880000000002
2026-08-24T08:41:11.326Z,2.102280000000002,-13.251859999999999,0.0,-0.0193,-0.6393699999999995,13.64903
2026-08-24T08:41:16.327Z,2.102280000000002,-13.251859999999999,0.0,-0.0193,-0.6393699999999995,13.64903
2026-08-24T08:41:21.329Z,2.102280000000002,-13.251859999999999,0.0,-0.0193,-0.6393699999999995,13.64903
2026-08-24T08:41:26.330Z,2.102280000000002,-13.251859999999999,0.0,-0.0193,-0.6393699999999995,13.64903
2026-08-24T08:41:31.331Z,2.102280000000002,-13.251859999999999,0.0,-0.0193,-0.6393699999999995,13.64903
2026-08-24T08:41:36.332Z,2.102280000000002,-13.251859999999999,0.0,-0.0193,-0.6393699999999995,13.64903
2026-08-24T08:41:41.334Z,2.102280000000002,-13.251859999999999,0.0,-0.0193,-0.6393699999999995,13.64903
2026-08-24T08:41:46.336Z,2.1022799999999986,-13.32906,0.0,-0.0193,-0.6393699999999995,13.72623
2026-08-24T08:41:51.338Z,2.1022799999999986,-13.32906,0.0,-0.0193,-0.6393699999999995,13.72623
2026-08-24T08:41:56.339Z,2.1022799999999986,-13.32906,0.0,-0.0193,-0.6393699999999995,13.72623
2026-08-24T08:42:01.340Z,2.1022799999999986,-13.32906,0.0,-0.0193,-0.6393699999999995,13.72623
2026-08-24T08:42:06.342Z,2.1022799999999986,-13.11676,0.0,-0.0193,-0.6393699999999995,13.513929999999998
2026-08-24T08:42:11.344Z,2.1022800000000004,-13.02026,0.0,-0.0193,-0.6393699999999995,13.417430000000001
2026-08-24T08:42:16.351Z,2.1022799999999986,-13.029910000000001,0.0,-0.0193,-0.6393699999999995,13.42708
2026-08-24T08:42:21.353Z,2.102280000000002,-13.03956,0.0,-0.0193,-0.6393699999999995,13.436729999999999
2026-08-24T08:42:26.355Z,2.102280000000002,-13.03956,0.0,-0.0193,-0.6393699999999995,13.436729999999999
2026-08-24T08:42:31.356Z,2.102280000000002,-13.03956,0.0,-0.0193,-0.6393699999999995,13.436729999999999
2026-08-24T08:42:36.363Z,2.102280000000002,-13.03956,0.0,-0.0193,-0.6393699999999995,13.436729999999999
2026-08-24T08:42:41.361Z,2.1022800000000004,-13.213259999999998,0.0,-0.0193,-0.6393699999999995,13.610430000000001
2026-08-24T08:42:46.367Z,2.1022800000000004,-13.203610000000001,0.0,-0.0193,-0.6393700000000031,13.600779999999999
2026-08-24T08:42:51.368Z,2.1022800000000004,-13.12641,0.0,-0.0193,-0.6393699999999995,13.523580000000003
2026-08-24T08:42:56.368Z,2.1022800000000004,-13.12641,0.0,-0.0193,-0.6393699999999995,13.523580000000003
2026-08-24T08:43:01.370Z,2.1022800000000004,-13.12641,0.0,-0.0193,-0.6393699999999995,13.523580000000003
2026-08-24T08:43:06.373Z,2.1022799999999986,-13.13606,0.0,-0.0193,-0.6393699999999995,13.53323
2026-08-24T08:43:11.375Z,2.1022799999999986,-13.13606,0.0,-0.0193,-0.6393699999999995,13.53323
2026-08-24T08:43:16.377Z,2.1022799999999986,-13.24221,0.0,-0.0193,-0.6393699999999995,13.63938
2026-08-24T08:43:21.377Z,2.102280000000002,-13.280809999999999,0.0,-0.0193,-0.6393699999999995,13.677979999999998
2026-08-24T08:43:26.378Z,2.1022800000000004,-13.44486,0.0,-0.0193,-0.6393699999999995,13.842030000000001
2026-08-24T08:43:31.379Z,2.1022800000000004,-13.44486,0.0,-0.0193,-0.6393699999999995,13.842030000000001
2026-08-24T08:43:36.382Z,2.1022800000000004,-13.44486,0.0,-0.0193,-0.6393699999999995,13.842030000000001
2026-08-24T08:43:41.384Z,2.1022799999999986,-13.43521,0.0,-0.0193,-0.6393699999999995,13.83238
2026-08-24T08:43:46.386Z,2.1022799999999986,-13.32906,0.0,-0.0193,-0.6393699999999995,13.72623
2026-08-24T08:43:51.387Z,2.102280000000002,-13.46416,0.0,-0.0193,-0.6393699999999995,13.861329999999999
2026-08-24T08:43:56.390Z,2.102280000000002,-13.46416,0.0,-0.0193,-0.6393699999999995,13.861329999999999
2026-08-24T08:44:01.391Z,2.102280000000002,-13.46416,0.0,-0.0193,-0.6393699999999995,13.861329999999999
2026-08-24T08:44:06.393Z,2.102280000000002,-13.46416,0.0,-0.0193,-0.6393699999999995,13.861329999999999
2026-08-24T08:44:11.394Z,2.1022799999999986,-13.56066,0.0,-0.0193,-0.6393699999999995,13.957830000000001
2026-08-24T08:44:16.394Z,2.1022799999999986,-13.56066,0.0,-0.0193,-0.6393699999999995,13.957830000000001
2026-08-24T08:44:21.395Z,2.1022799999999986,-13.56066,0.0,-0.0193,-0.6393699999999995,13.957830000000001
2026-08-24T08:44:26.398Z,2.1022799999999986,-13.56066,0.0,-0.0193,-0.6393699999999995,13.957830000000001
2026-08-24T08:44:31.399Z,2.1022799999999986,-13.56066,0.0,-0.0193,-0.6393699999999995,13.957830000000001
2026-08-24T08:44:36.401Z,2.1022799999999986,-13.56066,0.0,-0.0193,-0.6393699999999995,13.957830000000001
2026-08-24T08:44:41.401Z,2.102279999999997,-13.753660000000002,0.0,-0.0193,-0.6393699999999995,14.15083
2026-08-24T08:44:46.403Z,2.102279999999997,-13.753660000000002,0.0,-0.0193,-0.6393699999999995,14.15083
2026-08-24T08:44:51.404Z,2.1022800000000004,-13.830859999999998,0.0,-0.0193,-0.6393699999999995,14.22803
2026-08-24T08:44:56.406Z,2.1022800000000004,-14.13001,0.0,-0.0193,-0.6393699999999995,14.527179999999998
2026-08-24T08:45:01.409Z,2.1022800000000004,-14.236160000000002,0.0,-0.0193,-0.6393699999999995,14.633329999999999
2026-08-24T08:45:06.409Z,2.1022800000000004,-14.332659999999999,0.0,-0.0193,-0.6393699999999995,14.72983
2026-08-24T08:45:11.409Z,2.1022800000000004,-14.332659999999999,0.0,-0.0193,-0.6393699999999995,14.72983
2026-08-24T08:45:16.409Z,2.1022800000000004,-14.332659999999999,0.0,-0.0193,-0.6393699999999995,14.72983
2026-08-24T08:45:21.411Z,2.1022800000000004,-14.236160000000002,0.0,-0.0193,-0.6393699999999995,14.633329999999999
2026-08-24T08:45:26.413Z,2.1022800000000004,-14.236160000000002,0.0,-0.0193,-0.6393699999999995,14.633329999999999
2026-08-24T08:45:31.414Z,2.1022800000000004,-13.917710000000001,0.0,-0.0193,-0.6393699999999995,14.314879999999999
2026-08-24T08:45:36.415Z,2.1022800000000004,-13.80191,0.0,-0.0193,-0.6393699999999995,14.19908
2026-08-24T08:45:41.419Z,2.1022800000000004,-13.830859999999998,0.0,-0.0193,-0.6393699999999995,14.22803
2026-08-24T08:45:46.420Z,2.1022800000000004,-13.946660000000001,0.0,-0.0193,-0.6393700000000031,14.343829999999999
2026-08-24T08:45:51.421Z,2.1022800000000004,-13.946660000000001,0.0,-0.0193,-0.6393700000000031,14.343829999999999
2026-08-24T08:45:56.422Z,2.1022800000000004,-13.946660000000001,0.0,-0.0193,-0.6393700000000031,14.343829999999999
2026-08-24T08:46:01.423Z,2.1022800000000004,-13.946660000000001,0.0,-0.0193,-0.6393700000000031,14.343829999999999
2026-08-24T08:46:06.425Z,2.1022800000000004,-13.946660000000001,0.0,-0.0193,-0.6393700000000031,14.343829999999999
2026-08-24T08:46:11.425Z,2.1022800000000004,-13.946660000000001,0.0,-0.0193,-0.6393700000000031,14.343829999999999
2026-08-24T08:46:16.426Z,2.1022800000000004,-13.946660000000001,0.0,-0.0193,-0.6393700000000031,14.343829999999999
2026-08-24T08:46:21.435Z,2.1022800000000004,-13.946660000000001,0.0,-0.0193,-0.6393700000000031,14.343829999999999
2026-08-24T08:46:26.434Z,2.1022800000000004,-13.946660000000001,0.0,-0.0193,-0.6393700000000031,14.343829999999999
2026-08-24T08:46:31.435Z,2.1022800000000004,-13.77296,0.0,-0.0193,-0.6393699999999995,14.17013
2026-08-24T08:46:36.435Z,2.1022800000000004,-13.77296,0.0,-0.0193,-0.6393699999999995,14.17013
2026-08-24T08:46:41.438Z,2.1022800000000004,-13.77296,0.0,-0.0193,-0.6393699999999995,14.17013
2026-08-24T08:46:46.439Z,2.1022800000000004,-13.77296,0.0,-0.0193,-0.6393699999999995,14.17013
2026-08-24T08:46:51.440Z,2.1022800000000004,-13.77296,0.0,-0.0193,-0.6393699999999995,14.17013
2026-08-24T08:46:56.441Z,2.1022800000000004,-13.77296,0.0,-0.0193,-0.6393699999999995,14.17013
2026-08-24T08:47:01.449Z,2.1022800000000004,-13.77296,0.0,-0.0193,-0.6393699999999995,14.17013
2026-08-24T08:47:06.446Z,2.1022800000000004,-13.77296,0.0,-0.0193,-0.6393699999999995,14.17013
2026-08-24T08:47:11.449Z,2.102280000000002,-13.705409999999999,0.0,-0.0193,-0.6393699999999995,14.10258
2026-08-24T08:47:16.451Z,2.102280000000002,-13.49311,0.0,-0.0193,-0.6393699999999995,13.890279999999999
2026-08-24T08:47:21.459Z,2.1022800000000004,-13.52206,0.0,-0.0193,-0.6393700000000031,13.919229999999999
2026-08-24T08:47:26.453Z,2.102280000000002,-13.49311,0.0,-0.0193,-0.6393699999999995,13.890279999999999
2026-08-24T08:47:31.459Z,2.1022800000000004,-13.502759999999999,0.0,-0.0193,-0.6393699999999995,13.899930000000001
2026-08-24T08:47:36.456Z,2.1022799999999986,-13.27116,0.0,-0.0193,-0.6393699999999995,13.668330000000001
2026-08-24T08:47:41.457Z,2.1022800000000004,-13.09746,0.0,-0.0193,-0.6393700000000031,13.494629999999997
2026-08-24T08:47:46.461Z,2.1022799999999986,-13.11676,0.0,-0.0193,-0.6393699999999995,13.513929999999998
2026-08-24T08:47:51.459Z,2.1022799999999986,-13.11676,0.0,-0.0193,-0.6393699999999995,13.513929999999998
2026-08-24T08:47:56.461Z,2.1022799999999986,-13.11676,0.0,-0.0193,-0.6393699999999995,13.513929999999998
2026-08-24T08:48:01.462Z,2.1022799999999986,-13.11676,0.0,-0.0193,-0.6393699999999995,13.513929999999998
2026-08-24T08:48:06.463Z,2.1022800000000004,-13.425559999999999,0.0,-0.0193,-0.6393699999999995,13.82273
2026-08-24T08:48:11.465Z,2.1022800000000004,-13.425559999999999,0.0,-0.0193,-0.6393699999999995,13.82273
2026-08-24T08:48:16.466Z,2.1022800000000004,-13.425559999999999,0.0,-0.0193,-0.6393699999999995,13.82273
2026-08-24T08:48:21.478Z,2.1022800000000004,-13.77296,0.0,-0.0193,-0.6393699999999995,14.17013
2026-08-24T08:48:26.469Z,2.1022800000000004,-13.71506,0.0,-0.0193,-0.6393699999999995,14.11223
2026-08-24T08:48:31.470Z,2.1022799999999986,-13.666810000000002,0.0,-0.0193,-0.6393699999999995,14.06398
2026-08-24T08:48:36.471Z,2.1022800000000004,-13.79226,0.0,-0.0193,-0.6393699999999995,14.189430000000002
2026-08-24T08:48:41.473Z,2.1022800000000004,-13.888760000000001,0.0,-0.0193,-0.6393699999999995,14.285929999999999
2026-08-24T08:48:46.475Z,2.1022800000000004,-13.888760000000001,0.0,-0.0193,-0.6393699999999995,14.285929999999999
2026-08-24T08:48:51.476Z,2.1022800000000004,-13.888760000000001,0.0,-0.0193,-0.6393699999999995,14.285929999999999
2026-08-24T08:48:56.477Z,2.1022800000000004,-13.888760000000001,0.0,-0.0193,-0.6393699999999995,14.285929999999999
2026-08-24T08:49:01.481Z,2.1022800000000004,-13.888760000000001,0.0,-0.0193,-0.6393699999999995,14.285929999999999
2026-08-24T08:49:06.481Z,2.1022800000000004,-13.86946,0.0,-0.0193,-0.6393699999999995,14.266630000000003
2026-08-24T08:49:11.482Z,2.102279999999997,-13.859810000000001,0.0,-0.0193,-0.6393699999999995,14.256979999999999
2026-08-24T08:49:16.485Z,2.1022800000000004,-13.86946,0.0,-0.0193,-0.6393699999999995,14.266630000000003
2026-08-24T08:49:21.493Z,2.1022800000000004,-13.850159999999999,0.0,-0.0193,-0.6393699999999995,14.247330000000002
2026-08-24T08:49:26.488Z,2.1022800000000004,-13.888760000000001,0.0,-0.0193,-0.6393699999999995,14.285929999999999
2026-08-24T08:49:31.489Z,2.1022800000000004,-13.92736,0.0,-0.0193,-0.6393699999999995,14.324530000000001
2026-08-24T08:49:36.491Z,2.1022800000000004,-14.13966,0.0,-0.0193,-0.6393699999999995,14.536830000000002
2026-08-24T08:49:41.493Z,2.1022800000000004,-14.13966,0.0,-0.0193,-0.6393699999999995,14.536830000000002
2026-08-24T08:49:46.494Z,2.1022800000000004,-14.29406,0.0,-0.0193,-0.6393699999999995,14.691230000000001
2026-08-24T08:49:51.493Z,2.102279999999997,-14.39056,0.0,-0.0193,-0.6393699999999995,14.78773
2026-08-24T08:49:56.496Z,2.1022800000000004,-14.48706,0.0,-0.0193,-0.6393699999999995,14.88423
2026-08-24T08:50:01.504Z,2.102279999999997,-14.284410000000001,0.0,-0.0193,-0.6393699999999995,14.68158
2026-08-24T08:50:06.501Z,2.1022800000000004,-14.303709999999999,0.0,-0.0193,-0.6393699999999995,14.700880000000002
2026-08-24T08:50:11.501Z,2.102279999999997,-14.178260000000002,0.0,-0.0193,-0.6393699999999995,14.57543
2026-08-24T08:50:16.503Z,2.1022800000000004,-13.985259999999998,0.0,-0.0193,-0.6393699999999995,14.38243
2026-08-24T08:50:21.512Z,2.1022800000000004,-13.946660000000001,0.0,-0.0193,-0.6393700000000031,14.343829999999999
2026-08-24T08:50:26.506Z,2.102279999999997,-13.753660000000002,0.0,-0.0193,-0.6393699999999995,14.15083
2026-08-24T08:50:31.509Z,2.1022800000000004,-13.850159999999999,0.0,-0.0193,-0.6393699999999995,14.247330000000002
2026-08-24T08:50:36.511Z,2.1022800000000004,-13.850159999999999,0.0,-0.0193,-0.6393699999999995,14.247330000000002
2026-08-24T08:50:41.512Z,2.1022800000000004,-13.850159999999999,0.0,-0.0193,-0.6393699999999995,14.247330000000002
2026-08-24T08:50:46.514Z,2.1022800000000004,-13.850159999999999,0.0,-0.0193,-0.6393699999999995,14.247330000000002
2026-08-24T08:50:51.513Z,2.1022800000000004,-13.80191,0.0,-0.0193,-0.6393699999999995,14.19908
2026-08-24T08:50:56.513Z,2.102279999999997,-13.753660000000002,0.0,-0.0193,-0.6393699999999995,14.15083
2026-08-24T08:51:01.515Z,2.1022800000000004,-13.724709999999998,0.0,-0.0193,-0.6393699999999995,14.12188
2026-08-24T08:51:06.515Z,2.102279999999997,-13.753660000000002,0.0,-0.0193,-0.6393699999999995,14.15083
2026-08-24T08:51:11.515Z,2.102279999999997,-13.753660000000002,0.0,-0.0193,-0.6393699999999995,14.15083
2026-08-24T08:51:16.516Z,2.1022800000000004,-13.63786,0.0,-0.0193,-0.6393699999999995,14.03503
2026-08-24T08:51:21.522Z,2.102280000000002,-13.676459999999999,0.0,-0.0193,-0.6393699999999995,14.073629999999998
2026-08-24T08:51:26.519Z,2.102280000000002,-13.676459999999999,0.0,-0.0193,-0.6393699999999995,14.073629999999998
2026-08-24T08:51:31.520Z,2.102280000000002,-13.676459999999999,0.0,-0.0193,-0.6393699999999995,14.073629999999998
2026-08-24T08:51:36.523Z,2.102280000000002,-13.676459999999999,0.0,-0.0193,-0.6393699999999995,14.073629999999998
2026-08-24T08:51:41.525Z,2.1022799999999986,-13.61856,0.0,-0.0193,-0.6393699999999995,14.01573
2026-08-24T08:51:46.527Z,2.1022799999999986,-13.666810000000002,0.0,-0.0193,-0.6393699999999995,14.06398
2026-08-24T08:51:51.527Z,2.1022799999999986,-13.666810000000002,0.0,-0.0193,-0.6393699999999995,14.06398
2026-08-24T08:51:56.532Z,2.1022800000000004,-13.657160000000001,0.0,-0.0193,-0.6393699999999995,14.054330000000002
2026-08-24T08:52:01.533Z,2.102280000000002,-13.676459999999999,0.0,-0.0193,-0.6393699999999995,14.073629999999998
2026-08-24T08:52:06.534Z,2.102280000000002,-13.676459999999999,0.0,-0.0193,-0.6393699999999995,14.073629999999998
2026-08-24T08:52:11.535Z,2.1022800000000004,-14.03351,0.0,-0.0193,-0.6393699999999995,14.430680000000002
2026-08-24T08:52:16.538Z,2.1022800000000004,-13.888760000000001,0.0,-0.0193,-0.6393699999999995,14.285929999999999
2026-08-24T08:52:21.551Z,2.1022800000000004,-13.888760000000001,0.0,-0.0193,-0.6393699999999995,14.285929999999999
2026-08-24T08:52:26.539Z,2.1022800000000004,-13.888760000000001,0.0,-0.0193,-0.6393699999999995,14.285929999999999
2026-08-24T08:52:31.541Z,2.1022800000000004,-14.043159999999999,0.0,-0.0193,-0.6393699999999995,14.44033
2026-08-24T08:52:36.545Z,2.1022800000000004,-14.043159999999999,0.0,-0.0193,-0.6393699999999995,14.44033
2026-08-24T08:52:41.544Z,2.1022800000000004,-14.043159999999999,0.0,-0.0193,-0.6393699999999995,14.44033
2026-08-24T08:52:46.545Z,2.1022800000000004,-14.043159999999999,0.0,-0.0193,-0.6393699999999995,14.44033
2026-08-24T08:52:51.546Z,2.1022800000000004,-14.043159999999999,0.0,-0.0193,-0.6393699999999995,14.44033
2026-08-24T08:52:56.547Z,2.1022800000000004,-13.908059999999999,0.0,-0.0193,-0.6393699999999995,14.30523
2026-08-24T08:53:01.549Z,2.1022800000000004,-13.917710000000001,0.0,-0.0193,-0.6393699999999995,14.314879999999999
2026-08-24T08:53:06.551Z,2.1022800000000004,-13.71506,0.0,-0.0193,-0.6393699999999995,14.11223
2026-08-24T08:53:11.553Z,2.1022800000000004,-13.33871,0.0,-0.0193,-0.6393699999999995,13.735880000000002
2026-08-24T08:53:16.554Z,2.1022800000000004,-13.23256,0.0,-0.0193,-0.6393699999999995,13.629730000000002
2026-08-24T08:53:21.569Z,2.1022800000000004,-13.23256,0.0,-0.0193,-0.6393699999999995,13.629730000000002
2026-08-24T08:53:26.556Z,2.1022800000000004,-13.23256,0.0,-0.0193,-0.6393699999999995,13.629730000000002
2026-08-24T08:53:31.559Z,2.1022800000000004,-13.23256,0.0,-0.0193,-0.6393699999999995,13.629730000000002
2026-08-24T08:53:36.562Z,2.1022800000000004,-13.00096,0.0,-0.0193,-0.6393699999999995,13.398130000000002
2026-08-24T08:53:41.562Z,2.1022800000000004,-12.99131,0.0,-0.0193,-0.6393700000000031,13.388479999999998
2026-08-24T08:53:46.564Z,2.1022800000000004,-12.88516,0.0,-0.0193,-0.6393700000000031,13.282329999999998
2026-08-24T08:53:51.564Z,2.1022800000000004,-12.88516,0.0,-0.0193,-0.6393700000000031,13.282329999999998
2026-08-24T08:53:56.564Z,2.1022800000000004,-13.00096,0.0,-0.0193,-0.6393699999999995,13.398130000000002
2026-08-24T08:54:01.566Z,2.1022799999999986,-13.058860000000001,0.0,-0.0193,-0.6393699999999995,13.45603
2026-08-24T08:54:06.568Z,2.1022800000000004,-13.09746,0.0,-0.0193,-0.6393700000000031,13.494629999999997
2026-08-24T08:54:11.569Z,2.1022799999999986,-13.58961,0.0,-0.0193,-0.6393699999999995,13.98678
2026-08-24T08:54:16.569Z,2.1022799999999986,-13.666810000000002,0.0,-0.0193,-0.6393699999999995,14.06398
2026-08-24T08:54:21.577Z,2.102280000000002,-13.386959999999998,0.0,-0.0193,-0.6393699999999995,13.784129999999998
2026-08-24T08:54:26.572Z,2.1022800000000004,-13.203610000000001,0.0,-0.0193,-0.6393700000000031,13.600779999999999
2026-08-24T08:54:31.579Z,2.1022800000000004,-13.09746,0.0,-0.0193,-0.6393700000000031,13.494629999999997
2026-08-24T08:54:36.578Z,2.1022800000000004,-13.107109999999999,0.0,-0.0193,-0.6393699999999995,13.504280000000001
2026-08-24T08:54:41.580Z,2.1022800000000004,-13.107109999999999,0.0,-0.0193,-0.6393699999999995,13.504280000000001
2026-08-24T08:54:46.582Z,2.1022800000000004,-13.04921,0.0,-0.0193,-0.6393699999999995,13.446380000000001
2026-08-24T08:54:51.584Z,2.1022800000000004,-13.04921,0.0,-0.0193,-0.6393699999999995,13.446380000000001
2026-08-24T08:54:56.584Z,2.1022800000000004,-13.04921,0.0,-0.0193,-0.6393699999999995,13.446380000000001
2026-08-24T08:55:01.585Z,2.1022800000000004,-13.04921,0.0,-0.0193,-0.6393699999999995,13.446380000000001
2026-08-24T08:55:06.588Z,2.1022800000000004,-13.15536,0.0,-0.0193,-0.6393699999999995,13.55253
2026-08-24T08:55:11.589Z,2.1022800000000004,-13.15536,0.0,-0.0193,-0.6393699999999995,13.55253
2026-08-24T08:55:16.591Z,2.1022800000000004,-13.15536,0.0,-0.0193,-0.6393699999999995,13.55253
2026-08-24T08:55:21.593Z,2.1022799999999986,-13.11676,0.0,-0.0193,-0.6393699999999995,13.513929999999998
2026-08-24T08:55:26.592Z,2.1022800000000004,-12.868360000000001,0.0,-0.0313,-0.6393700000000031,13.265529999999998
2026-08-24T08:55:31.595Z,2.1022800000000004,-12.74316,0.0,-0.0313,-0.6393699999999995,13.140330000000002
2026-08-24T08:55:36.595Z,2.1022799999999986,-12.55536,0.0,-0.0313,-0.6393699999999995,12.95253
2026-08-24T08:55:41.598Z,2.1022799999999986,-12.55536,0.0,-0.0313,-0.6393699999999995,12.95253
2026-08-24T08:55:46.600Z,2.1022800000000004,-12.868360000000001,0.0,-0.0313,-0.6393700000000031,13.265529999999998
2026-08-24T08:55:51.606Z,2.1022800000000004,-12.868360000000001,0.0,-0.0313,-0.6393700000000031,13.265529999999998
2026-08-24T08:55:56.606Z,2.1022800000000004,-12.868360000000001,0.0,-0.0313,-0.6393700000000031,13.265529999999998
2026-08-24T08:56:01.609Z,2.1022800000000004,-12.868360000000001,0.0,-0.0313,-0.6393700000000031,13.265529999999998
2026-08-24T08:56:06.606Z,2.1022800000000004,-12.868360000000001,0.0,-0.0313,-0.6393700000000031,13.265529999999998
2026-08-24T08:56:11.608Z,2.1022800000000004,-12.868360000000001,0.0,-0.0313,-0.6393700000000031,13.265529999999998
2026-08-24T08:56:16.610Z,2.1022800000000004,-12.868360000000001,0.0,-0.0313,-0.6393700000000031,13.265529999999998
2026-08-24T08:56:21.614Z,2.1022800000000004,-12.868360000000001,0.0,-0.0313,-0.6393700000000031,13.265529999999998
2026-08-24T08:56:26.613Z,2.1022799999999986,-12.85271,0.0,-0.0313,-0.6393699999999995,13.24988
2026-08-24T08:56:31.616Z,2.1022800000000004,-12.649260000000002,0.0,-0.0313,-0.6393700000000031,13.046429999999997
2026-08-24T08:56:36.617Z,2.1022800000000004,-12.61796,0.0,-0.0313,-0.6393699999999995,13.015130000000001
2026-08-24T08:56:41.619Z,2.1022800000000004,-12.53971,0.0,-0.0313,-0.6393699999999995,12.93688
2026-08-24T08:56:46.622Z,2.1022800000000004,-12.52406,0.0,-0.0313,-0.6393700000000031,12.921229999999998
2026-08-24T08:56:51.622Z,2.1022800000000004,-12.52406,0.0,-0.0313,-0.6393700000000031,12.921229999999998
2026-08-24T08:56:56.623Z,2.1022800000000004,-12.49276,0.0,-0.0313,-0.6393699999999995,12.88993
2026-08-24T08:57:01.628Z,2.1022799999999986,-12.46146,0.0,-0.0313,-0.6393699999999995,12.85863
2026-08-24T08:57:06.629Z,2.1022799999999986,-12.46146,0.0,-0.0313,-0.6393699999999995,12.85863
2026-08-24T08:57:11.631Z,2.1022800000000004,-12.49276,0.0,-0.0313,-0.6393699999999995,12.88993
2026-08-24T08:57:16.632Z,2.102280000000002,-11.74156,0.0,-0.0313,-0.6393699999999995,12.138729999999999
2026-08-24T08:57:21.638Z,2.1022800000000004,-11.58506,0.0,-0.0313,-0.6393699999999995,11.982230000000001
2026-08-24T08:57:26.634Z,2.1022800000000004,-11.61636,0.0,-0.0313,-0.6393700000000031,12.01353
2026-08-24T08:57:31.636Z,2.1022800000000004,-11.61636,0.0,-0.0313,-0.6393700000000031,12.01353
2026-08-24T08:57:36.638Z,2.1022800000000004,-11.61636,0.0,-0.0313,-0.6393700000000031,12.01353
2026-08-24T08:57:41.640Z,2.1022800000000004,-11.61636,0.0,-0.0313,-0.6393700000000031,12.01353
2026-08-24T08:57:46.643Z,2.1022800000000004,-11.61636,0.0,-0.0313,-0.6393700000000031,12.01353
2026-08-24T08:57:51.645Z,2.1022799999999986,-11.60071,0.0,-0.0313,-0.6393699999999995,11.997879999999999
2026-08-24T08:57:56.645Z,2.1022799999999986,-11.60071,0.0,-0.0313,-0.6393699999999995,11.997879999999999
2026-08-24T08:58:01.647Z,2.1022799999999986,-11.60071,0.0,-0.0313,-0.6393699999999995,11.997879999999999
2026-08-24T08:58:06.649Z,2.1022799999999986,-11.60071,0.0,-0.0313,-0.6393699999999995,11.997879999999999
2026-08-24T08:58:11.650Z,2.1022800000000004,-11.58506,0.0,-0.0313,-0.6393699999999995,11.982230000000001
2026-08-24T08:58:16.650Z,2.1022800000000004,-11.58506,0.0,-0.0313,-0.6393699999999995,11.982230000000001
2026-08-24T08:58:21.655Z,2.1022800000000004,-11.80416,0.0,-0.0313,-0.6393699999999995,12.20133
2026-08-24T08:58:26.652Z,2.102280000000002,-11.86676,0.0,-0.0313,-0.6393699999999995,12.263929999999998
2026-08-24T08:58:31.653Z,2.1022799999999986,-11.81981,0.0,-0.0313,-0.6393699999999995,12.21698
2026-08-24T08:58:36.656Z,2.1022800000000004,-11.80416,0.0,-0.0313,-0.6393699999999995,12.20133
2026-08-24T08:58:41.658Z,2.1022800000000004,-11.78851,0.0,-0.0313,-0.6393700000000031,12.185679999999998
2026-08-24T08:58:46.659Z,2.1022799999999986,-11.77286,0.0,-0.0313,-0.6393699999999995,12.17003
2026-08-24T08:58:51.661Z,2.1022800000000004,-11.75721,0.0,-0.0313,-0.6393699999999995,12.154380000000002
2026-08-24T08:58:56.663Z,2.1022800000000004,-11.71026,0.0,-0.0313,-0.6393699999999995,12.10743
2026-08-24T08:59:01.665Z,2.1022800000000004,-11.96066,0.0,-0.0313,-0.6393700000000031,12.357829999999998
2026-08-24T08:59:06.667Z,2.1022800000000004,-12.69621,0.0,-0.0313,-0.6393700000000031,13.093379999999998
2026-08-24T08:59:11.670Z,2.1022800000000004,-12.53971,0.0,-0.0313,-0.6393699999999995,12.93688
2026-08-24T08:59:16.670Z,2.1022800000000004,-12.49276,0.0,-0.0313,-0.6393699999999995,12.88993
2026-08-24T08:59:21.682Z,2.1022799999999986,-12.46146,0.0,-0.0313,-0.6393699999999995,12.85863
2026-08-24T08:59:26.673Z,2.1022800000000004,-12.52406,0.0,-0.0313,-0.6393700000000031,12.921229999999998
2026-08-24T08:59:31.676Z,2.1022800000000004,-12.52406,0.0,-0.0313,-0.6393700000000031,12.921229999999998
2026-08-24T08:59:36.679Z,2.1022800000000004,-12.52406,0.0,-0.0313,-0.6393700000000031,12.921229999999998
2026-08-24T08:59:41.680Z,2.1022800000000004,-12.47711,0.0,-0.0313,-0.6393700000000031,12.874279999999999
2026-08-24T08:59:46.682Z,2.1022799999999986,-12.50841,0.0,-0.0313,-0.6393699999999995,12.90558
2026-08-24T08:59:51.684Z,2.1022799999999986,-12.46146,0.0,-0.0313,-0.6393699999999995,12.85863
2026-08-24T08:59:56.686Z,2.1022800000000004,-12.49276,0.0,-0.0313,-0.6393699999999995,12.88993
2026-08-24T09:00:01.688Z,2.1022799999999986,-12.242360000000001,0.0,-0.0313,-0.6393699999999995,12.63953
2026-08-24T09:00:06.690Z,2.1022799999999986,-11.94501,0.0,-0.0313,-0.6393699999999995,12.342179999999999
2026-08-24T09:00:11.692Z,2.102280000000002,-11.86676,0.0,-0.0313,-0.6393699999999995,12.263929999999998
2026-08-24T09:00:16.694Z,2.1022800000000004,-12.132810000000001,0.0,-0.0313,-0.6393700000000031,12.529979999999998
2026-08-24T09:00:21.699Z,2.1022800000000004,-12.132810000000001,0.0,-0.0313,-0.6393700000000031,12.529979999999998
2026-08-24T09:00:26.698Z,2.1022800000000004,-12.132810000000001,0.0,-0.0313,-0.6393700000000031,12.529979999999998
2026-08-24T09:00:31.700Z,2.1022800000000004,-12.44581,0.0,-0.0313,-0.6393699999999995,12.84298
2026-08-24T09:00:36.700Z,2.1022800000000004,-12.44581,0.0,-0.0313,-0.6393699999999995,12.84298
2026-08-24T09:00:41.702Z,2.1022800000000004,-12.44581,0.0,-0.0313,-0.6393699999999995,12.84298
2026-08-24T09:00:46.704Z,2.1022800000000004,-12.44581,0.0,-0.0313,-0.6393699999999995,12.84298
2026-08-24T09:00:51.706Z,2.1022799999999986,-12.33626,0.0,-0.0313,-0.6393699999999995,12.733429999999998
2026-08-24T09:00:56.708Z,2.1022800000000004,-12.398859999999999,0.0,-0.0313,-0.6393699999999995,12.796030000000002
2026-08-24T09:01:01.710Z,2.1022799999999986,-12.75881,0.0,-0.0313,-0.6393699999999995,13.15598
2026-08-24T09:01:06.712Z,2.1022799999999986,-12.75881,0.0,-0.0313,-0.6393699999999995,13.15598
2026-08-24T09:01:11.714Z,2.1022800000000004,-13.056159999999998,0.0,-0.0313,-0.6393699999999995,13.453330000000001
2026-08-24T09:01:16.716Z,2.1022800000000004,-13.337860000000001,0.0,-0.0313,-0.6393700000000031,13.735029999999998
2026-08-24T09:01:21.733Z,2.1022800000000004,-13.47871,0.0,-0.0313,-0.6393699999999995,13.875880000000002
2026-08-24T09:01:26.720Z,2.1022800000000004,-13.47871,0.0,-0.0313,-0.6393699999999995,13.875880000000002
2026-08-24T09:01:31.722Z,2.1022800000000004,-14.07341,0.0,-0.0313,-0.6393700000000031,14.470579999999998
2026-08-24T09:01:36.724Z,2.1022800000000004,-13.91691,0.0,-0.0313,-0.6393699999999995,14.31408
2026-08-24T09:01:41.724Z,2.102280000000002,-13.80736,0.0,-0.0313,-0.6393699999999995,14.204529999999998
2026-08-24T09:01:46.728Z,2.1022799999999986,-13.58826,0.0,-0.0313,-0.6393699999999995,13.98543
2026-08-24T09:01:51.728Z,2.1022800000000004,-13.18136,0.0,-0.0313,-0.6393699999999995,13.57853
2026-08-24T09:01:56.730Z,2.1022799999999986,-13.19701,0.0,-0.0313,-0.6393699999999995,13.59418
2026-08-24T09:02:01.731Z,2.1022799999999986,-13.19701,0.0,-0.0313,-0.6393699999999995,13.59418
2026-08-24T09:02:06.733Z,2.1022800000000004,-13.869959999999999,0.0,-0.0313,-0.6393699999999995,14.267130000000002
2026-08-24T09:02:11.735Z,2.1022800000000004,-13.869959999999999,0.0,-0.0313,-0.6393699999999995,14.267130000000002
2026-08-24T09:02:16.735Z,2.1022800000000004,-13.869959999999999,0.0,-0.0313,-0.6393699999999995,14.267130000000002
2026-08-24T09:02:21.742Z,2.102280000000002,-14.198609999999999,0.0,-0.0313,-0.6393699999999995,14.595779999999998
2026-08-24T09:02:26.738Z,2.102280000000002,-14.198609999999999,0.0,-0.0313,-0.6393699999999995,14.595779999999998
2026-08-24T09:02:31.739Z,2.1022800000000004,-14.21426,0.0,-0.0313,-0.6393699999999995,14.611430000000002
2026-08-24T09:02:36.742Z,2.1022800000000004,-14.21426,0.0,-0.0313,-0.6393699999999995,14.611430000000002
2026-08-24T09:02:41.744Z,2.1022800000000004,-14.21426,0.0,-0.0313,-0.6393699999999995,14.611430000000002
2026-08-24T09:02:46.744Z,2.1022800000000004,-14.21426,0.0,-0.0313,-0.6393699999999995,14.611430000000002
2026-08-24T09:02:51.745Z,2.1022800000000004,-14.21426,0.0,-0.0313,-0.6393699999999995,14.611430000000002
2026-08-24T09:02:56.747Z,2.1022800000000004,-14.21426,0.0,-0.0313,-0.6393699999999995,14.611430000000002
2026-08-24T09:03:01.749Z,2.1022800000000004,-14.21426,0.0,-0.0313,-0.6393699999999995,14.611430000000002
2026-08-24T09:03:06.750Z,2.1022800000000004,-14.21426,0.0,-0.0313,-0.6393699999999995,14.611430000000002
2026-08-24T09:03:11.752Z,2.1022800000000004,-14.323810000000002,0.0,-0.0313,-0.6393699999999995,14.720979999999999
2026-08-24T09:03:16.752Z,2.1022800000000004,-14.323810000000002,0.0,-0.0313,-0.6393699999999995,14.720979999999999
2026-08-24T09:03:21.760Z,2.1022800000000004,-14.65246,0.0,-0.0313,-0.6393699999999995,15.04963
2026-08-24T09:03:26.756Z,2.1022800000000004,-14.80896,0.0,-0.0313,-0.6393699999999995,15.206130000000002
2026-08-24T09:03:31.757Z,2.1022800000000004,-14.80896,0.0,-0.0313,-0.6393699999999995,15.206130000000002
2026-08-24T09:03:36.757Z,2.1022800000000004,-15.043709999999999,0.0,-0.0313,-0.6393699999999995,15.44088
2026-08-24T09:03:41.759Z,2.1022800000000004,-15.37236,0.0,-0.0313,-0.6393699999999995,15.769530000000001
2026-08-24T09:03:46.760Z,2.1022800000000004,-15.37236,0.0,-0.0313,-0.6393699999999995,15.769530000000001
2026-08-24T09:03:51.762Z,2.1022800000000004,-15.37236,0.0,-0.0313,-0.6393699999999995,15.769530000000001
2026-08-24T09:03:56.763Z,2.1022800000000004,-15.341059999999999,0.0,-0.0313,-0.6393699999999995,15.738230000000001
2026-08-24T09:04:01.764Z,2.1022800000000004,-15.341059999999999,0.0,-0.0313,-0.6393699999999995,15.738230000000001
2026-08-24T09:04:06.766Z,2.1022800000000004,-15.341059999999999,0.0,-0.0313,-0.6393699999999995,15.738230000000001
2026-08-24T09:04:11.768Z,2.1022800000000004,-15.46626,0.0,-0.0313,-0.6393699999999995,15.863430000000001
2026-08-24T09:04:16.770Z,2.1022800000000004,-15.46626,0.0,-0.0313,-0.6393699999999995,15.863430000000001
2026-08-24T09:04:21.781Z,2.1022800000000004,-15.56016,0.0,-0.0313,-0.6393699999999995,15.957329999999999
2026-08-24T09:04:26.774Z,2.1022800000000004,-15.56016,0.0,-0.0313,-0.6393699999999995,15.957329999999999
2026-08-24T09:04:31.776Z,2.1022800000000004,-15.732309999999998,0.0,-0.0313,-0.6393699999999995,16.12948
2026-08-24T09:04:36.777Z,2.1022800000000004,-15.810559999999999,0.0,-0.0313,-0.6393699999999995,16.20773
2026-08-24T09:04:41.779Z,2.1022800000000004,-16.28006,0.0,-0.0313,-0.6393699999999995,16.67723
2026-08-24T09:04:46.781Z,2.1022800000000004,-16.53046,0.0,-0.0313,-0.6393700000000031,16.927629999999997
2026-08-24T09:04:51.783Z,2.1022800000000004,-16.68696,0.0,-0.0313,-0.6393699999999995,17.084130000000002
2026-08-24T09:04:56.785Z,2.1022800000000004,-16.467859999999998,0.0,-0.0313,-0.6393699999999995,16.86503
2026-08-24T09:05:01.787Z,2.1022800000000004,-16.467859999999998,0.0,-0.0313,-0.6393699999999995,16.86503
2026-08-24T09:05:06.790Z,2.1022800000000004,-16.467859999999998,0.0,-0.0313,-0.6393699999999995,16.86503
2026-08-24T09:05:11.791Z,2.1022800000000004,-16.49916,0.0,-0.0313,-0.6393699999999995,16.89633
2026-08-24T09:05:16.792Z,2.1022800000000004,-16.514809999999997,0.0,-0.0313,-0.6393699999999995,16.91198
2026-08-24T09:05:21.805Z,2.1022800000000004,-16.514809999999997,0.0,-0.0313,-0.6393699999999995,16.91198
2026-08-24T09:05:26.797Z,2.1022800000000004,-16.49916,0.0,-0.0313,-0.6393699999999995,16.89633
2026-08-24T09:05:31.797Z,2.1022800000000004,-16.49916,0.0,-0.0313,-0.6393699999999995,16.89633
2026-08-24T09:05:36.799Z,2.1022800000000004,-16.49916,0.0,-0.0313,-0.6393699999999995,16.89633
2026-08-24T09:05:41.801Z,2.1022800000000004,-16.49916,0.0,-0.0313,-0.6393699999999995,16.89633
2026-08-24T09:05:46.804Z,2.102279999999997,-16.561760000000003,0.0,-0.0313,-0.6393699999999995,16.95893
2026-08-24T09:05:51.805Z,2.102279999999997,-16.561760000000003,0.0,-0.0313,-0.6393699999999995,16.95893
2026-08-24T09:05:56.807Z,2.102279999999997,-16.561760000000003,0.0,-0.0313,-0.6393699999999995,16.95893
2026-08-24T09:06:01.809Z,2.102279999999997,-16.561760000000003,0.0,-0.0313,-0.6393699999999995,16.95893
2026-08-24T09:06:06.810Z,2.1022800000000004,-16.67131,0.0,-0.0313,-0.6393699999999995,17.06848
2026-08-24T09:06:11.811Z,2.1022800000000004,-16.67131,0.0,-0.0313,-0.6393699999999995,17.06848
2026-08-24T09:06:16.813Z,2.1022800000000004,-16.68696,0.0,-0.0313,-0.6393699999999995,17.084130000000002
2026-08-24T09:06:21.817Z,2.1022800000000004,-16.68696,0.0,-0.0313,-0.6393699999999995,17.084130000000002
2026-08-24T09:06:26.814Z,2.1022800000000004,-16.71826,0.0,-0.0313,-0.6393699999999995,17.11543
2026-08-24T09:06:31.816Z,2.1022800000000004,-16.71826,0.0,-0.0313,-0.6393699999999995,17.11543
2026-08-24T09:06:36.818Z,2.1022800000000004,-16.15486,0.0,-0.0313,-0.6393699999999995,16.552030000000002
2026-08-24T09:06:41.819Z,2.1022800000000004,-16.15486,0.0,-0.0313,-0.6393699999999995,16.552030000000002
2026-08-24T09:06:46.821Z,2.1022800000000004,-16.15486,0.0,-0.0313,-0.6393699999999995,16.552030000000002
2026-08-24T09:06:51.825Z,2.1022800000000004,-16.15486,0.0,-0.0313,-0.6393699999999995,16.552030000000002
2026-08-24T09:06:56.828Z,2.1022800000000004,-16.15486,0.0,-0.0313,-0.6393699999999995,16.552030000000002
2026-08-24T09:07:01.830Z,2.1022800000000004,-16.15486,0.0,-0.0313,-0.6393699999999995,16.552030000000002
2026-08-24T09:07:06.834Z,2.1022800000000004,-16.71826,0.0,-0.0313,-0.6393699999999995,17.11543
2026-08-24T09:07:11.834Z,2.1022800000000004,-16.71826,0.0,-0.0313,-0.6393699999999995,17.11543
2026-08-24T09:07:16.837Z,2.1022800000000004,-16.71826,0.0,-0.0313,-0.6393699999999995,17.11543
2026-08-24T09:07:21.860Z,2.1022800000000004,-16.71826,0.0,-0.0313,-0.6393699999999995,17.11543
2026-08-24T09:07:26.840Z,2.1022800000000004,-16.84346,0.0,-0.0313,-0.6393699999999995,17.240630000000003
2026-08-24T09:07:31.842Z,2.1022800000000004,-16.84346,0.0,-0.0313,-0.6393699999999995,17.240630000000003
2026-08-24T09:07:36.846Z,2.1022800000000004,-16.99996,0.0,-0.0313,-0.6393699999999995,17.397129999999997
2026-08-24T09:07:41.846Z,2.1022800000000004,-16.99996,0.0,-0.0313,-0.6393699999999995,17.397129999999997
2026-08-24T09:07:46.847Z,2.1022800000000004,-16.99996,0.0,-0.0313,-0.6393699999999995,17.397129999999997
2026-08-24T09:07:51.848Z,2.1022800000000004,-16.99996,0.0,-0.0313,-0.6393699999999995,17.397129999999997
2026-08-24T09:07:56.848Z,2.1022800000000004,-17.70421,0.0,-0.0313,-0.6393699999999995,18.10138
2026-08-24T09:08:01.851Z,2.1022800000000004,-17.688560000000003,0.0,-0.0313,-0.6393699999999995,18.085729999999998
2026-08-24T09:08:06.852Z,2.1022800000000004,-17.84506,0.0,-0.0313,-0.6393699999999995,18.24223
2026-08-24T09:08:11.853Z,2.1022800000000004,-17.84506,0.0,-0.0313,-0.6393699999999995,18.24223
2026-08-24T09:08:16.855Z,2.1022800000000004,-17.82941,0.0,-0.0313,-0.6393699999999995,18.226580000000002
2026-08-24T09:08:21.857Z,2.1022800000000004,-17.813760000000002,0.0,-0.0313,-0.6393699999999995,18.210929999999998
2026-08-24T09:08:26.859Z,2.1022800000000004,-17.813760000000002,0.0,-0.0313,-0.6393699999999995,18.210929999999998
2026-08-24T09:08:31.861Z,2.1022800000000004,-17.813760000000002,0.0,-0.0313,-0.6393699999999995,18.210929999999998
2026-08-24T09:08:36.863Z,2.1022800000000004,-17.813760000000002,0.0,-0.0313,-0.6393699999999995,18.210929999999998
2026-08-24T09:08:41.865Z,2.1022800000000004,-17.813760000000002,0.0,-0.0313,-0.6393699999999995,18.210929999999998
2026-08-24T09:08:46.866Z,2.1022800000000004,-17.813760000000002,0.0,-0.0313,-0.6393699999999995,18.210929999999998
2026-08-24T09:08:51.869Z,2.1022800000000004,-17.813760000000002,0.0,-0.0313,-0.6393699999999995,18.210929999999998
2026-08-24T09:08:56.868Z,2.1022800000000004,-17.813760000000002,0.0,-0.0313,-0.6393699999999995,18.210929999999998
2026-08-24T09:09:01.871Z,2.1022800000000004,-17.813760000000002,0.0,-0.0313,-0.6393699999999995,18.210929999999998
2026-08-24T09:09:06.871Z,2.1022800000000004,-17.90766,0.0,-0.0313,-0.6393700000000031,18.30483
2026-08-24T09:09:11.872Z,2.1022800000000004,-17.90766,0.0,-0.0313,-0.6393700000000031,18.30483
2026-08-24T09:09:16.874Z,2.1022800000000004,-18.37716,0.0,-0.0313,-0.6393699999999995,18.77433
2026-08-24T09:09:21.877Z,2.1022800000000004,-18.533659999999998,0.0,-0.0313,-0.6393699999999995,18.93083
2026-08-24T09:09:26.877Z,2.1022800000000004,-18.533659999999998,0.0,-0.0313,-0.6393699999999995,18.93083
2026-08-24T09:09:31.880Z,2.1022800000000004,-18.69016,0.0,-0.0313,-0.6393699999999995,19.08733
2026-08-24T09:09:36.882Z,2.1022800000000004,-18.69016,0.0,-0.0313,-0.6393699999999995,19.08733
2026-08-24T09:09:41.884Z,2.1022800000000004,-18.69016,0.0,-0.0313,-0.6393699999999995,19.08733
2026-08-24T09:09:46.885Z,2.102279999999997,-18.84666,0.0,-0.0313,-0.6393699999999995,19.24383
2026-08-24T09:09:51.891Z,2.1022800000000004,-19.003159999999998,0.0,-0.0313,-0.6393699999999995,19.40033
2026-08-24T09:09:56.889Z,2.1022800000000004,-19.003159999999998,0.0,-0.0313,-0.6393699999999995,19.40033
2026-08-24T09:10:01.892Z,2.1022800000000004,-18.267609999999998,0.0,-0.0313,-0.6393699999999995,18.66478
2026-08-24T09:10:06.894Z,2.1022800000000004,-18.25196,0.0,-0.0313,-0.6393700000000031,18.64913
2026-08-24T09:10:11.894Z,2.102279999999997,-17.422510000000003,0.0,-0.0313,-0.6393699999999995,17.819679999999998
2026-08-24T09:10:16.895Z,2.102279999999997,-17.422510000000003,0.0,-0.0313,-0.6393699999999995,17.819679999999998
2026-08-24T09:10:21.897Z,2.1022800000000004,-17.15646,0.0,-0.0313,-0.6393699999999995,17.55363
2026-08-24T09:10:26.897Z,2.1022800000000004,-17.37556,0.0,-0.0313,-0.6393699999999995,17.77273
2026-08-24T09:10:31.899Z,2.1022800000000004,-17.37556,0.0,-0.0313,-0.6393699999999995,17.77273
2026-08-24T09:10:36.901Z,2.1022800000000004,-17.37556,0.0,-0.0313,-0.6393699999999995,17.77273
2026-08-24T09:10:41.902Z,2.1022800000000004,-17.37556,0.0,-0.0313,-0.6393699999999995,17.77273
2026-08-24T09:10:46.904Z,2.1022800000000004,-17.37556,0.0,-0.0313,-0.6393699999999995,17.77273
2026-08-24T09:10:51.905Z,2.1022800000000004,-17.50076,0.0,-0.0313,-0.6393699999999995,17.89793
2026-08-24T09:10:56.907Z,2.1022800000000004,-17.50076,0.0,-0.0313,-0.6393699999999995,17.89793
2026-08-24T09:11:01.909Z,2.1022800000000004,-17.813760000000002,0.0,-0.0313,-0.6393699999999995,18.210929999999998
2026-08-24T09:11:06.909Z,2.1022800000000004,-17.813760000000002,0.0,-0.0313,-0.6393699999999995,18.210929999999998
2026-08-24T09:11:11.914Z,2.1022800000000004,-17.813760000000002,0.0,-0.0313,-0.6393699999999995,18.210929999999998
2026-08-24T09:11:16.913Z,2.1022800000000004,-18.12676,0.0,-0.0313,-0.6393699999999995,18.52393
2026-08-24T09:11:21.914Z,2.1022800000000004,-18.12676,0.0,-0.0313,-0.6393699999999995,18.52393
2026-08-24T09:11:26.916Z,2.1022800000000004,-18.12676,0.0,-0.0313,-0.6393699999999995,18.52393
2026-08-24T09:11:31.920Z,2.1022800000000004,-18.12676,0.0,-0.0313,-0.6393699999999995,18.52393
2026-08-24T09:11:36.920Z,2.1022800000000004,-18.12676,0.0,-0.0313,-0.6393699999999995,18.52393
2026-08-24T09:11:41.921Z,2.1022800000000004,-18.12676,0.0,-0.0313,-0.6393699999999995,18.52393
2026-08-24T09:11:46.922Z,2.102279999999997,-18.11111,0.0,-0.0313,-0.6393699999999995,18.50828
2026-08-24T09:11:51.927Z,2.1022800000000004,-18.12676,0.0,-0.0313,-0.6393699999999995,18.52393
2026-08-24T09:11:56.925Z,2.1022800000000004,-17.97026,0.0,-0.0313,-0.6393699999999995,18.36743
2026-08-24T09:12:01.926Z,2.1022800000000004,-17.95461,0.0,-0.0313,-0.6393699999999995,18.35178
2026-08-24T09:12:06.926Z,2.1022800000000004,-17.95461,0.0,-0.0313,-0.6393699999999995,18.35178
2026-08-24T09:12:11.928Z,2.1022800000000004,-17.82941,0.0,-0.0313,-0.6393699999999995,18.226580000000002
2026-08-24T09:12:16.928Z,2.1022800000000004,-17.84506,0.0,-0.0313,-0.6393699999999995,18.24223
2026-08-24T09:12:21.929Z,2.1022800000000004,-17.84506,0.0,-0.0313,-0.6393699999999995,18.24223
2026-08-24T09:12:26.931Z,2.1022800000000004,-17.84506,0.0,-0.0313,-0.6393699999999995,18.24223
2026-08-24T09:12:31.933Z,2.1022800000000004,-17.87636,0.0,-0.0313,-0.6393699999999995,18.27353
2026-08-24T09:12:36.935Z,2.1022800000000004,-18.00156,0.0,-0.0313,-0.6393699999999995,18.39873
2026-08-24T09:12:41.937Z,2.1022800000000004,-18.158060000000003,0.0,-0.0313,-0.6393699999999995,18.555229999999998
2026-08-24T09:12:46.938Z,2.1022800000000004,-18.158060000000003,0.0,-0.0313,-0.6393699999999995,18.555229999999998
2026-08-24T09:12:51.941Z,2.1022800000000004,-18.31456,0.0,-0.0313,-0.6393699999999995,18.71173
2026-08-24T09:12:56.945Z,2.1022800000000004,-18.31456,0.0,-0.0313,-0.6393699999999995,18.71173
2026-08-24T09:13:01.944Z,2.1022800000000004,-18.31456,0.0,-0.0313,-0.6393699999999995,18.71173
2026-08-24T09:13:06.946Z,2.1022800000000004,-18.31456,0.0,-0.0313,-0.6393699999999995,18.71173
2026-08-24T09:13:11.949Z,2.1022800000000004,-18.31456,0.0,-0.0313,-0.6393699999999995,18.71173
2026-08-24T09:13:16.950Z,2.1022800000000004,-18.47106,0.0,-0.0313,-0.6393699999999995,18.86823
2026-08-24T09:13:21.952Z,2.1022800000000004,-18.47106,0.0,-0.0313,-0.6393699999999995,18.86823
2026-08-24T09:13:26.954Z,2.1022800000000004,-18.47106,0.0,-0.0313,-0.6393699999999995,18.86823
2026-08-24T09:13:31.954Z,2.1022800000000004,-18.47106,0.0,-0.0313,-0.6393699999999995,18.86823
2026-08-24T09:13:36.955Z,2.102279999999997,-18.627560000000003,0.0,-0.0313,-0.6393699999999995,19.024729999999998
2026-08-24T09:13:41.957Z,2.102279999999997,-18.627560000000003,0.0,-0.0313,-0.6393699999999995,19.024729999999998
2026-08-24T09:13:46.957Z,2.1022800000000004,-18.75276,0.0,-0.0313,-0.6393699999999995,19.149929999999998
2026-08-24T09:13:51.959Z,2.1022800000000004,-18.75276,0.0,-0.0313,-0.6393699999999995,19.149929999999998
2026-08-24T09:13:56.961Z,2.102279999999997,-18.84666,0.0,-0.0313,-0.6393699999999995,19.24383
2026-08-24T09:14:01.962Z,2.1022800000000004,-19.12836,0.0,-0.0313,-0.6393699999999995,19.52553
2026-08-24T09:14:06.962Z,2.1022800000000004,-20.004759999999997,0.0,-0.0313,-0.6393699999999995,20.40193
2026-08-24T09:14:11.963Z,2.1022800000000004,-20.098660000000002,0.0,-0.0313,-0.6393699999999995,20.495829999999998
2026-08-24T09:14:16.966Z,2.1022800000000004,-20.208209999999998,0.0,-0.0313,-0.6393699999999995,20.60538
2026-08-24T09:14:21.970Z,2.102279999999997,-20.223860000000002,0.0,-0.0313,-0.6393699999999995,20.621029999999998
2026-08-24T09:14:26.970Z,2.1022800000000004,-20.25516,0.0,-0.0313,-0.6393699999999995,20.65233
2026-08-24T09:14:31.971Z,2.1022800000000004,-20.25516,0.0,-0.0313,-0.6393699999999995,20.65233
2026-08-24T09:14:36.973Z,2.1022800000000004,-20.25516,0.0,-0.0313,-0.6393699999999995,20.65233
2026-08-24T09:14:41.974Z,2.1022800000000004,-20.25516,0.0,-0.0313,-0.6393699999999995,20.65233
2026-08-24T09:14:46.978Z,2.1022800000000004,-20.23951,0.0,-0.0313,-0.6393699999999995,20.636680000000002
2026-08-24T09:14:51.980Z,2.1022800000000004,-20.23951,0.0,-0.0313,-0.6393699999999995,20.636680000000002
2026-08-24T09:14:56.981Z,2.102279999999997,-20.223860000000002,0.0,-0.0313,-0.6393699999999995,20.621029999999998
2026-08-24T09:15:01.982Z,2.1022800000000004,-20.16126,0.0,-0.0313,-0.6393699999999995,20.55843
2026-08-24T09:15:06.984Z,2.1022800000000004,-20.16126,0.0,-0.0313,-0.6393699999999995,20.55843
2026-08-24T09:15:11.985Z,2.1022800000000004,-21.16286,0.0,-0.0313,-0.6393699999999995,21.56003
2026-08-24T09:15:16.986Z,2.1022800000000004,-21.77272,0.0,-0.0434,-0.6393699999999995,22.169890000000002
2026-08-24T09:15:21.987Z,2.1022800000000004,-21.77272,0.0,-0.0434,-0.6393699999999995,22.169890000000002
2026-08-24T09:15:27.000Z,2.1022800000000004,-21.77272,0.0,-0.0434,-0.6393699999999995,22.169890000000002
2026-08-24T09:15:31.991Z,2.1022800000000004,-21.90292,0.0,-0.0434,-0.6393699999999995,22.30009
2026-08-24T09:15:36.991Z,2.1022800000000004,-22.29352,0.0,-0.0434,-0.6393699999999995,22.690690000000004
2026-08-24T09:15:41.992Z,2.102279999999997,-22.46712,0.0,-0.0434,-0.6393699999999995,22.86429
2026-08-24T09:15:46.994Z,2.102279999999997,-22.46712,0.0,-0.0434,-0.6393699999999995,22.86429
2026-08-24T09:15:51.995Z,2.102279999999997,-22.46712,0.0,-0.0434,-0.6393699999999995,22.86429
2026-08-24T09:15:56.997Z,2.102279999999997,-22.597320000000003,0.0,-0.0434,-0.6393699999999995,22.99449
2026-08-24T09:16:01.999Z,2.1022800000000004,-23.378519999999998,0.0,-0.0434,-0.6393699999999995,23.77569
2026-08-24T09:16:07.002Z,2.1022800000000004,-23.378519999999998,0.0,-0.0434,-0.6393699999999995,23.77569
2026-08-24T09:16:12.005Z,2.1022800000000004,-23.94272,0.0,-0.0434,-0.6393699999999995,24.33989
2026-08-24T09:16:17.004Z,2.1022800000000004,-23.465320000000002,0.0,-0.0434,-0.6393700000000031,23.862489999999998
2026-08-24T09:16:22.007Z,2.1022800000000004,-23.465320000000002,0.0,-0.0434,-0.6393700000000031,23.862489999999998
2026-08-24T09:16:27.017Z,2.1022800000000004,-22.35862,0.0,-0.0434,-0.6393699999999995,22.75579
2026-08-24T09:16:32.009Z,2.1022800000000004,-22.25012,0.0,-0.0434,-0.6393699999999995,22.64729
2026-08-24T09:16:37.011Z,2.1022800000000004,-22.51052,0.0,-0.0434,-0.6393699999999995,22.907690000000002
2026-08-24T09:16:42.012Z,2.1022800000000004,-22.03312,0.0,-0.0434,-0.6393699999999995,22.430290000000003
2026-08-24T09:16:47.015Z,2.102279999999997,-22.46712,0.0,-0.0434,-0.6393699999999995,22.86429
2026-08-24T09:16:52.015Z,2.1022800000000004,-22.640719999999998,0.0,-0.0434,-0.6393699999999995,23.03789
2026-08-24T09:16:57.016Z,2.1022800000000004,-23.07472,0.0,-0.0434,-0.6393700000000031,23.47189
2026-08-24T09:17:02.016Z,2.1022800000000004,-23.07472,0.0,-0.0434,-0.6393700000000031,23.47189
2026-08-24T09:17:07.021Z,2.1022800000000004,-23.07472,0.0,-0.0434,-0.6393700000000031,23.47189
2026-08-24T09:17:12.022Z,2.1022800000000004,-22.92282,0.0,-0.0434,-0.6393699999999995,23.31999
2026-08-24T09:17:17.022Z,2.1022800000000004,-22.68412,0.0,-0.0434,-0.6393700000000031,23.08129
2026-08-24T09:17:22.025Z,2.1022800000000004,-22.68412,0.0,-0.0434,-0.6393700000000031,23.08129
2026-08-24T09:17:27.035Z,2.1022800000000004,-22.68412,0.0,-0.0434,-0.6393700000000031,23.08129
2026-08-24T09:17:32.029Z,2.102279999999997,-22.597320000000003,0.0,-0.0434,-0.6393699999999995,22.99449
2026-08-24T09:17:37.028Z,2.1022800000000004,-21.62082,0.0,-0.0434,-0.6393699999999995,22.01799
2026-08-24T09:17:42.029Z,2.1022800000000004,-21.078319999999998,0.0,-0.0434,-0.6393699999999995,21.47549
2026-08-24T09:17:47.031Z,2.2450599999999987,-19.55932,-0.0121,-0.0434,-0.7821499999999979,19.956490000000002
2026-08-24T09:17:52.033Z,2.196659999999998,-19.73292,-0.0121,-0.0434,-0.7337500000000006,20.13009
2026-08-24T09:17:57.034Z,2.1361600000000003,-19.94992,-0.0121,-0.0434,-0.6732499999999995,20.34709
2026-08-24T09:18:02.037Z,2.1361600000000003,-19.94992,-0.0121,-0.0434,-0.6732499999999995,20.34709
2026-08-24T09:18:07.039Z,2.2329599999999985,-19.60272,-0.0121,-0.0434,-0.7700500000000012,19.99989
2026-08-24T09:18:12.041Z,2.2329599999999985,-19.60272,-0.0121,-0.0434,-0.7700500000000012,19.99989
2026-08-24T09:18:17.041Z,2.2329599999999985,-19.60272,-0.0121,-0.0434,-0.7700500000000012,19.99989
2026-08-24T09:18:22.044Z,2.42051,-18.93002,-0.0121,-0.0434,-0.9575999999999993,19.32719
2026-08-24T09:18:27.056Z,2.462859999999999,-18.77812,-0.0121,-0.0434,-0.9999499999999983,19.17529
2026-08-24T09:18:32.045Z,2.4931100000000015,-18.669620000000002,-0.0121,-0.0434,-1.0301999999999971,19.06679
2026-08-24T09:18:37.046Z,2.559660000000001,-18.43092,-0.0121,-0.0434,-1.0967500000000001,18.82809
2026-08-24T09:18:42.047Z,2.5657099999999993,-18.40922,-0.0121,-0.0434,-1.1027999999999984,18.80639
2026-08-24T09:18:47.049Z,2.5657099999999993,-18.40922,-0.0121,-0.0434,-1.1027999999999984,18.80639
2026-08-24T09:18:52.051Z,2.5657099999999993,-18.40922,-0.0121,-0.0434,-1.1027999999999984,18.80639
2026-08-24T09:18:57.053Z,2.571760000000001,-18.38752,-0.0121,-0.0434,-1.1088500000000003,18.78469
2026-08-24T09:19:02.055Z,2.729059999999997,-17.823320000000002,-0.0121,-0.0434,-1.2661499999999997,18.220489999999998
2026-08-24T09:19:07.059Z,2.3418600000000005,-19.212120000000002,-0.0121,-0.0434,-0.8789499999999997,19.609289999999998
2026-08-24T09:19:12.061Z,2.3418600000000005,-19.212120000000002,-0.0121,-0.0434,-0.8789499999999997,19.609289999999998
2026-08-24T09:19:17.063Z,2.015159999999998,-20.38392,-0.0121,-0.0434,-0.5522500000000008,20.78109
2026-08-24T09:19:22.065Z,2.02121,-20.36222,-0.0121,-0.0434,-0.5583000000000027,20.75939
2026-08-24T09:19:27.072Z,2.0877599999999994,-20.123520000000003,-0.0121,-0.0434,-0.6248500000000021,20.52069
2026-08-24T09:19:32.068Z,2.1482600000000005,-19.90652,-0.0121,-0.0434,-0.6853499999999997,20.30369
2026-08-24T09:19:37.076Z,2.1482600000000005,-19.90652,-0.0121,-0.0434,-0.6853499999999997,20.30369
2026-08-24T09:19:42.072Z,2.220860000000002,-19.64612,-0.0121,-0.0434,-0.757950000000001,20.04329
2026-08-24T09:19:47.074Z,2.2813599999999994,-19.42912,-0.0121,-0.0434,-0.8184499999999986,19.82629
2026-08-24T09:19:52.074Z,2.2329599999999985,-19.60272,-0.0121,-0.0434,-0.7700500000000012,19.99989
2026-08-24T09:19:57.077Z,2.039360000000002,-20.29712,-0.0121,-0.0434,-0.5764500000000012,20.69429
2026-08-24T09:20:02.079Z,2.039360000000002,-20.29712,-0.0121,-0.0434,-0.5764500000000012,20.69429
2026-08-24T09:20:07.081Z,2.2027099999999997,-19.71122,-0.0121,-0.0434,-0.7397999999999989,20.10839
2026-08-24T09:20:12.082Z,2.366060000000001,-19.12532,-0.0121,-0.0434,-0.9031500000000001,19.52249
2026-08-24T09:20:17.083Z,2.4144599999999983,-18.95172,-0.0121,-0.0434,-0.951550000000001,19.348889999999997
2026-08-24T09:20:22.085Z,2.4144599999999983,-18.95172,-0.0121,-0.0434,-0.951550000000001,19.348889999999997
2026-08-24T09:20:27.094Z,2.3297600000000003,-19.255519999999997,-0.0121,-0.0434,-0.8668499999999995,19.65269
2026-08-24T09:20:32.089Z,2.2813599999999994,-19.42912,-0.0121,-0.0434,-0.8184499999999986,19.82629
2026-08-24T09:20:37.090Z,2.12406,-19.99332,-0.0121,-0.0434,-0.6611500000000028,20.39049
2026-08-24T09:20:42.090Z,2.063559999999999,-20.21032,-0.0121,-0.0434,-0.6006499999999981,20.607490000000002
2026-08-24T09:20:47.090Z,1.9546600000000005,-20.60092,-0.0121,-0.0434,-0.4917499999999997,20.99809
2026-08-24T09:20:52.093Z,1.9546600000000005,-20.60092,-0.0121,-0.0434,-0.4917499999999997,20.99809
2026-08-24T09:20:57.097Z,1.7949399999999969,-21.81612,0.0,-0.0434,-0.3320299999999996,22.21329
2026-08-24T09:21:02.097Z,1.7949400000000004,-21.98972,0.0,-0.0434,-0.3320299999999996,22.38689
2026-08-24T09:21:07.106Z,1.7949399999999969,-21.55572,0.0,-0.0434,-0.3320299999999996,21.95289
2026-08-24T09:21:12.101Z,1.7949400000000004,-21.29532,0.0,-0.0434,-0.3320299999999996,21.69249
2026-08-24T09:21:17.103Z,1.7949400000000004,-21.29532,0.0,-0.0434,-0.3320299999999996,21.69249
2026-08-24T09:21:22.104Z,1.7949400000000004,-21.31702,0.0,-0.0434,-0.3320299999999996,21.71419
2026-08-24T09:21:27.109Z,1.7949400000000004,-21.33872,0.0,-0.0434,-0.3320299999999996,21.73589
2026-08-24T09:21:32.105Z,1.7949400000000004,-21.12172,0.0,-0.0434,-0.3320299999999996,21.518890000000003
2026-08-24T09:21:37.109Z,1.7949400000000004,-20.75282,0.0,-0.0434,-0.33203000000000316,21.14999
2026-08-24T09:21:42.110Z,1.7949400000000004,-20.123520000000003,0.0,-0.0434,-0.3320299999999996,20.52069
2026-08-24T09:21:47.112Z,1.7949400000000004,-19.99332,0.0,-0.0434,-0.3320299999999996,20.39049
2026-08-24T09:21:52.114Z,1.7949400000000004,-19.97162,0.0,-0.0434,-0.33203000000000316,20.368789999999997
2026-08-24T09:21:57.116Z,1.7949400000000004,-19.90652,0.0,-0.0434,-0.3320299999999996,20.30369
2026-08-24T09:22:02.118Z,1.7949400000000004,-19.06022,0.0,-0.0434,-0.3320299999999996,19.45739
2026-08-24T09:22:07.120Z,1.7949400000000004,-18.95172,0.0,-0.0434,-0.3320299999999996,19.348889999999997
2026-08-24T09:22:12.122Z,1.7949400000000004,-18.95172,0.0,-0.0434,-0.3320299999999996,19.348889999999997
2026-08-24T09:22:17.124Z,1.7949400000000004,-19.94992,0.0,-0.0434,-0.3320299999999996,20.34709
2026-08-24T09:22:22.125Z,1.7949400000000004,-20.25372,0.0,-0.0434,-0.3320299999999996,20.65089
2026-08-24T09:22:27.132Z,1.7949400000000004,-20.123520000000003,0.0,-0.0434,-0.3320299999999996,20.52069
2026-08-24T09:22:32.130Z,1.7949400000000004,-19.863120000000002,0.0,-0.0434,-0.3320299999999996,20.260289999999998
2026-08-24T09:22:37.132Z,1.7949400000000004,-19.863120000000002,0.0,-0.0434,-0.3320299999999996,20.260289999999998
2026-08-24T09:22:42.134Z,1.7949400000000004,-19.863120000000002,0.0,-0.0434,-0.3320299999999996,20.260289999999998
2026-08-24T09:22:47.134Z,1.7949400000000004,-19.863120000000002,0.0,-0.0434,-0.3320299999999996,20.260289999999998
2026-08-24T09:22:52.135Z,1.7949400000000004,-19.863120000000002,0.0,-0.0434,-0.3320299999999996,20.260289999999998
2026-08-24T09:22:57.136Z,1.7949399999999969,-19.62442,0.0,-0.0434,-0.3320299999999996,20.02159
2026-08-24T09:23:02.137Z,1.7949400000000004,-19.64612,0.0,-0.0434,-0.3320299999999996,20.04329
2026-08-24T09:23:07.137Z,1.7949400000000004,-19.64612,0.0,-0.0434,-0.3320299999999996,20.04329
2026-08-24T09:23:12.139Z,1.7949400000000004,-19.64612,0.0,-0.0434,-0.3320299999999996,20.04329
2026-08-24T09:23:17.140Z,1.7949400000000004,-19.47252,0.0,-0.0434,-0.3320299999999996,19.86969
2026-08-24T09:23:22.142Z,1.7949400000000004,-19.03852,0.0,-0.0434,-0.3320299999999996,19.43569
2026-08-24T09:23:27.151Z,1.7949400000000004,-18.73472,0.0,-0.0434,-0.3320299999999996,19.13189
2026-08-24T09:23:32.145Z,1.7949400000000004,-18.73472,0.0,-0.0434,-0.3320299999999996,19.13189
2026-08-24T09:23:37.147Z,1.7949400000000004,-18.99512,0.0,-0.0434,-0.3320299999999996,19.39229
2026-08-24T09:23:42.147Z,1.7949400000000004,-18.99512,0.0,-0.0434,-0.3320299999999996,19.39229
2026-08-24T09:23:47.149Z,1.7949400000000004,-18.99512,0.0,-0.0434,-0.3320299999999996,19.39229
2026-08-24T09:23:52.151Z,1.7949400000000004,-18.99512,0.0,-0.0434,-0.3320299999999996,19.39229
2026-08-24T09:23:57.153Z,1.7949400000000004,-19.34232,0.0,-0.0434,-0.3320299999999996,19.73949
2026-08-24T09:24:02.155Z,1.7949400000000004,-19.689519999999998,0.0,-0.0434,-0.3320299999999996,20.08669
2026-08-24T09:24:07.157Z,1.7949400000000004,-19.27722,0.0,-0.0434,-0.3320299999999996,19.67439
2026-08-24T09:24:12.157Z,1.7949400000000004,-19.34232,0.0,-0.0434,-0.3320299999999996,19.73949
2026-08-24T09:24:17.158Z,1.7949400000000004,-19.34232,0.0,-0.0434,-0.3320299999999996,19.73949
2026-08-24T09:24:22.160Z,1.7949400000000004,-19.34232,0.0,-0.0434,-0.3320299999999996,19.73949
2026-08-24T09:24:27.169Z,1.7949400000000004,-19.34232,0.0,-0.0434,-0.3320299999999996,19.73949
2026-08-24T09:24:32.162Z,1.7949399999999969,-18.97342,0.0,-0.0434,-0.3320299999999996,19.37059
2026-08-24T09:24:37.165Z,1.7949400000000004,-19.01682,0.0,-0.0434,-0.3320299999999996,19.413990000000002
2026-08-24T09:24:42.167Z,1.7949400000000004,-18.90832,0.0,-0.0434,-0.3320299999999996,19.30549
2026-08-24T09:24:47.170Z,1.7949400000000004,-18.864919999999998,0.0,-0.0434,-0.3320299999999996,19.26209
2026-08-24T09:24:52.168Z,1.7949400000000004,-18.669620000000002,0.0,-0.0434,-0.3320299999999996,19.06679
2026-08-24T09:24:57.170Z,1.7949400000000004,-18.669620000000002,0.0,-0.0434,-0.3320299999999996,19.06679
2026-08-24T09:25:02.173Z,1.7949400000000004,-18.64792,0.0,-0.0434,-0.3320299999999996,19.045090000000002
2026-08-24T09:25:07.175Z,1.7949400000000004,-18.64792,0.0,-0.0434,-0.3320299999999996,19.045090000000002
2026-08-24T09:25:12.177Z,1.7949400000000004,-18.64792,0.0,-0.0434,-0.3320299999999996,19.045090000000002
2026-08-24T09:25:17.178Z,1.7949400000000004,-18.561120000000003,0.0,-0.0434,-0.33203000000000316,18.958289999999998
2026-08-24T09:25:22.180Z,1.7949400000000004,-18.58282,0.0,-0.0434,-0.3320299999999996,18.97999
2026-08-24T09:25:27.189Z,1.7949400000000004,-18.604519999999997,0.0,-0.0434,-0.3320299999999996,19.00169
2026-08-24T09:25:32.183Z,1.7949400000000004,-17.99692,0.0,-0.0434,-0.3320299999999996,18.394090000000002
2026-08-24T09:25:37.184Z,1.7949400000000004,-17.91012,0.0,-0.0434,-0.33203000000000316,18.30729
2026-08-24T09:25:42.187Z,1.7949400000000004,-16.80342,0.0,-0.0434,-0.3320299999999996,17.20059
2026-08-24T09:25:47.187Z,1.7949399999999969,-16.521320000000003,0.0,-0.0434,-0.3320299999999996,16.91849
2026-08-24T09:25:52.188Z,1.7949399999999969,-16.521320000000003,0.0,-0.0434,-0.3320299999999996,16.91849
2026-08-24T09:25:57.188Z,1.7949400000000004,-17.21572,0.0,-0.0434,-0.3320299999999996,17.61289
2026-08-24T09:26:02.189Z,1.7949400000000004,-18.47432,0.0,-0.0434,-0.3320299999999996,18.87149
2026-08-24T09:26:07.190Z,1.7949400000000004,-18.864919999999998,0.0,-0.0434,-0.3320299999999996,19.26209
2026-08-24T09:26:12.193Z,1.7949400000000004,-18.90832,0.0,-0.0434,-0.3320299999999996,19.30549
2026-08-24T09:26:17.196Z,1.7949400000000004,-18.90832,0.0,-0.0434,-0.3320299999999996,19.30549
2026-08-24T09:26:22.199Z,1.7949400000000004,-18.90832,0.0,-0.0434,-0.3320299999999996,19.30549
2026-08-24T09:26:27.217Z,1.7949400000000004,-19.12532,0.0,-0.0434,-0.3320299999999996,19.52249
2026-08-24T09:26:32.203Z,1.7949400000000004,-20.166919999999998,0.0,-0.0434,-0.3320299999999996,20.56409
2026-08-24T09:26:37.205Z,1.7949400000000004,-20.64432,0.0,-0.0434,-0.3320299999999996,21.04149
2026-08-24T09:26:42.208Z,1.7949400000000004,-21.51232,0.0,-0.0434,-0.3320299999999996,21.90949
2026-08-24T09:26:47.209Z,1.7949400000000004,-21.77272,0.0,-0.0434,-0.3320299999999996,22.169890000000002
2026-08-24T09:26:52.210Z,1.7949399999999969,-22.20672,0.0,-0.0434,-0.3320299999999996,22.60389
2026-08-24T09:26:57.216Z,1.7949399999999969,-22.20672,0.0,-0.0434,-0.3320299999999996,22.60389
2026-08-24T09:27:02.214Z,1.7949400000000004,-22.11992,0.0,-0.0434,-0.3320299999999996,22.51709
2026-08-24T09:27:07.215Z,1.7949399999999969,-22.20672,0.0,-0.0434,-0.3320299999999996,22.60389
2026-08-24T09:27:12.217Z,1.7949400000000004,-22.90112,0.0,-0.0434,-0.3320299999999996,23.29829
2026-08-24T09:27:17.219Z,1.7949400000000004,-23.16152,0.0,-0.0434,-0.3320299999999996,23.558690000000002
2026-08-24T09:27:22.222Z,1.7949400000000004,-23.81252,0.0,-0.0434,-0.3320299999999996,24.209690000000002
2026-08-24T09:27:27.227Z,1.7949400000000004,-24.20312,0.0,-0.0434,-0.3320299999999996,24.60029
2026-08-24T09:27:32.224Z,1.7949400000000004,-24.28992,0.0,-0.0434,-0.3320299999999996,24.68709
2026-08-24T09:27:37.224Z,1.7949400000000004,-24.28992,0.0,-0.0434,-0.3320299999999996,24.68709
2026-08-24T09:27:42.225Z,1.7949400000000004,-24.28992,0.0,-0.0434,-0.3320299999999996,24.68709
2026-08-24T09:27:47.228Z,1.7949400000000004,-24.28992,0.0,-0.0434,-0.3320299999999996,24.68709
2026-08-24T09:27:52.230Z,1.7949400000000004,-24.28992,0.0,-0.0434,-0.3320299999999996,24.68709
2026-08-24T09:27:57.232Z,1.7949400000000004,-24.94092,0.0,-0.0434,-0.3320299999999996,25.33809
2026-08-24T09:28:02.234Z,1.7949400000000004,-24.74562,0.0,-0.0434,-0.3320299999999996,25.14279
2026-08-24T09:28:07.236Z,1.7949400000000004,-24.59372,0.0,-0.0434,-0.3320299999999996,24.99089
2026-08-24T09:28:12.237Z,1.7949399999999969,-24.52862,0.0,-0.0434,-0.3320299999999996,24.92579
2026-08-24T09:28:17.238Z,1.7949399999999969,-24.52862,0.0,-0.0434,-0.3320299999999996,24.92579
2026-08-24T09:28:22.239Z,1.7949400000000004,-24.376720000000002,0.0,-0.0434,-0.3320299999999996,24.773889999999998
2026-08-24T09:28:27.247Z,1.7949400000000004,-24.376720000000002,0.0,-0.0434,-0.3320299999999996,24.773889999999998
2026-08-24T09:28:32.242Z,1.7949400000000004,-24.376720000000002,0.0,-0.0434,-0.3320299999999996,24.773889999999998
2026-08-24T09:28:37.244Z,1.7949400000000004,-24.376720000000002,0.0,-0.0434,-0.3320299999999996,24.773889999999998
2026-08-24T09:28:42.246Z,1.7949400000000004,-24.376720000000002,0.0,-0.0434,-0.3320299999999996,24.773889999999998
2026-08-24T09:28:47.248Z,1.7949400000000004,-24.376720000000002,0.0,-0.0434,-0.3320299999999996,24.773889999999998
2026-08-24T09:28:52.250Z,1.7949400000000004,-24.376720000000002,0.0,-0.0434,-0.3320299999999996,24.773889999999998
2026-08-24T09:28:57.252Z,1.7949400000000004,-24.376720000000002,0.0,-0.0434,-0.3320299999999996,24.773889999999998
2026-08-24T09:29:02.254Z,1.7949400000000004,-24.376720000000002,0.0,-0.0434,-0.3320299999999996,24.773889999999998
2026-08-24T09:29:07.256Z,1.7949400000000004,-24.376720000000002,0.0,-0.0434,-0.3320299999999996,24.773889999999998
2026-08-24T09:29:12.258Z,1.7949400000000004,-24.72392,0.0,-0.0434,-0.3320299999999996,25.121090000000002
2026-08-24T09:29:17.260Z,1.7949400000000004,-25.071119999999997,0.0,-0.0434,-0.3320299999999996,25.46829
2026-08-24T09:29:22.262Z,1.7949400000000004,-25.15792,0.0,-0.0434,-0.3320299999999996,25.55509
2026-08-24T09:29:27.270Z,1.7949400000000004,-25.15792,0.0,-0.0434,-0.3320299999999996,25.55509
2026-08-24T09:29:32.265Z,1.7949400000000004,-25.223019999999998,0.0,-0.0434,-0.3320299999999996,25.62019
2026-08-24T09:29:37.271Z,1.7949400000000004,-24.83242,0.0,-0.0434,-0.3320299999999996,25.22959
2026-08-24T09:29:42.271Z,1.7949400000000004,-24.854119999999998,0.0,-0.0434,-0.3320299999999996,25.25129
2026-08-24T09:29:47.274Z,1.7949400000000004,-24.854119999999998,0.0,-0.0434,-0.3320299999999996,25.25129
2026-08-24T09:29:52.275Z,1.7949400000000004,-24.98432,0.0,-0.0434,-0.3320299999999996,25.38149
2026-08-24T09:29:57.276Z,1.7949400000000004,-25.071119999999997,0.0,-0.0434,-0.3320299999999996,25.46829
2026-08-24T09:30:02.278Z,1.7949400000000004,-25.505119999999998,0.0,-0.0434,-0.3320299999999996,25.90229
2026-08-24T09:30:07.279Z,1.7949400000000004,-25.505119999999998,0.0,-0.0434,-0.3320299999999996,25.90229
2026-08-24T09:30:12.282Z,1.7949400000000004,-25.26642,0.0,-0.0434,-0.33203000000000316,25.66359
2026-08-24T09:30:17.284Z,1.7949400000000004,-25.15792,0.0,-0.0434,-0.3320299999999996,25.55509
2026-08-24T09:30:22.284Z,1.7949400000000004,-25.15792,0.0,-0.0434,-0.3320299999999996,25.55509
2026-08-24T09:30:27.290Z,1.7949400000000004,-25.15792,0.0,-0.0434,-0.3320299999999996,25.55509
2026-08-24T09:30:32.287Z,1.7949400000000004,-25.15792,0.0,-0.0434,-0.3320299999999996,25.55509
2026-08-24T09:30:37.287Z,1.7949400000000004,-25.15792,0.0,-0.0434,-0.3320299999999996,25.55509
2026-08-24T09:30:42.289Z,1.7949400000000004,-25.15792,0.0,-0.0434,-0.3320299999999996,25.55509
2026-08-24T09:30:47.290Z,1.7949400000000004,-25.15792,0.0,-0.0434,-0.3320299999999996,25.55509
2026-08-24T09:30:52.290Z,1.7949400000000004,-24.94092,0.0,-0.0434,-0.3320299999999996,25.33809
2026-08-24T09:30:57.292Z,1.7949400000000004,-24.94092,0.0,-0.0434,-0.3320299999999996,25.33809
2026-08-24T09:31:02.296Z,1.7949400000000004,-25.41832,0.0,-0.0434,-0.3320299999999996,25.815489999999997
2026-08-24T09:31:07.296Z,1.7949400000000004,-25.41832,0.0,-0.0434,-0.3320299999999996,25.815489999999997
2026-08-24T09:31:12.299Z,1.7949400000000004,-25.41832,0.0,-0.0434,-0.3320299999999996,25.815489999999997
2026-08-24T09:31:17.299Z,1.7949400000000004,-25.41832,0.0,-0.0434,-0.3320299999999996,25.815489999999997
2026-08-24T09:31:22.301Z,1.7949400000000004,-25.41832,0.0,-0.0434,-0.3320299999999996,25.815489999999997
2026-08-24T09:31:27.313Z,1.7949400000000004,-25.41832,0.0,-0.0434,-0.3320299999999996,25.815489999999997
2026-08-24T09:31:32.303Z,1.7949400000000004,-25.41832,0.0,-0.0434,-0.3320299999999996,25.815489999999997
2026-08-24T09:31:37.304Z,1.7949400000000004,-25.41832,0.0,-0.0434,-0.3320299999999996,25.815489999999997
2026-08-24T09:31:42.305Z,1.7949400000000004,-25.89572,0.0,-0.0434,-0.3320299999999996,26.29289
2026-08-24T09:31:47.308Z,1.7949400000000004,-25.939120000000003,0.0,-0.0434,-0.3320299999999996,26.336289999999998
2026-08-24T09:31:52.308Z,1.7949400000000004,-25.939120000000003,0.0,-0.0434,-0.3320299999999996,26.336289999999998
2026-08-24T09:31:57.310Z,1.7949400000000004,-26.54672,0.0,-0.0434,-0.3320299999999996,26.943890000000003
2026-08-24T09:32:02.311Z,1.7949400000000004,-26.54672,0.0,-0.0434,-0.3320299999999996,26.943890000000003
2026-08-24T09:32:07.313Z,1.7949400000000004,-26.37312,0.0,-0.0434,-0.3320299999999996,26.77029
2026-08-24T09:32:12.315Z,1.7949400000000004,-26.41652,0.0,-0.0434,-0.3320299999999996,26.81369
2026-08-24T09:32:17.318Z,1.7949400000000004,-26.72032,0.0,-0.0434,-0.3320299999999996,27.11749
2026-08-24T09:32:22.319Z,1.7949400000000004,-27.21942,0.0,-0.0434,-0.3320299999999996,27.61659
2026-08-24T09:32:27.328Z,1.7949400000000004,-27.71852,0.0,-0.0434,-0.3320299999999996,28.11569
2026-08-24T09:32:32.323Z,1.7949400000000004,-27.71852,0.0,-0.0434,-0.3320299999999996,28.11569
2026-08-24T09:32:37.325Z,1.7949400000000004,-27.544919999999998,0.0,-0.0434,-0.3320299999999996,27.94209
2026-08-24T09:32:42.326Z,1.7949400000000004,-26.742019999999997,0.0,-0.0434,-0.3320299999999996,27.13919
2026-08-24T09:32:47.328Z,1.7949400000000004,-26.742019999999997,0.0,-0.0434,-0.3320299999999996,27.13919
2026-08-24T09:32:52.328Z,1.7949400000000004,-26.54672,0.0,-0.0434,-0.3320299999999996,26.943890000000003
2026-08-24T09:32:57.331Z,1.7949400000000004,-26.54672,0.0,-0.0434,-0.3320299999999996,26.943890000000003
2026-08-24T09:33:02.333Z,1.7949400000000004,-26.525019999999998,0.0,-0.0434,-0.3320299999999996,26.92219
2026-08-24T09:33:07.335Z,1.7949400000000004,-25.85232,0.0,-0.0434,-0.3320299999999996,26.24949
2026-08-24T09:33:12.336Z,1.7949400000000004,-25.76552,0.0,-0.0434,-0.3320299999999996,26.16269
2026-08-24T09:33:17.338Z,1.7949400000000004,-25.41832,0.0,-0.0434,-0.3320299999999996,25.815489999999997
2026-08-24T09:33:22.340Z,1.7949400000000004,-25.331519999999998,0.0,-0.0434,-0.3320299999999996,25.72869
2026-08-24T09:33:27.348Z,1.7949400000000004,-24.76732,0.0,-0.0434,-0.3320299999999996,25.16449
2026-08-24T09:33:32.343Z,1.7949400000000004,-24.74562,0.0,-0.0434,-0.3320299999999996,25.14279
2026-08-24T09:33:37.344Z,1.7949400000000004,-24.59372,0.0,-0.0434,-0.3320299999999996,24.99089
2026-08-24T09:33:42.347Z,1.7949400000000004,-24.59372,0.0,-0.0434,-0.3320299999999996,24.99089
2026-08-24T09:33:47.349Z,1.7949400000000004,-24.46352,0.0,-0.0434,-0.3320299999999996,24.86069
2026-08-24T09:33:52.350Z,1.7949400000000004,-24.63712,0.0,-0.0434,-0.3320299999999996,25.03429
2026-08-24T09:33:57.351Z,1.7949400000000004,-24.63712,0.0,-0.0434,-0.3320299999999996,25.03429
2026-08-24T09:34:02.354Z,1.7949400000000004,-24.63712,0.0,-0.0434,-0.3320299999999996,25.03429
2026-08-24T09:34:07.356Z,1.7949400000000004,-24.63712,0.0,-0.0434,-0.3320299999999996,25.03429
2026-08-24T09:34:12.359Z,1.7949400000000004,-24.680519999999998,0.0,-0.0434,-0.3320299999999996,25.07769
2026-08-24T09:34:17.359Z,1.7949400000000004,-24.680519999999998,0.0,-0.0434,-0.3320299999999996,25.07769
2026-08-24T09:34:22.361Z,1.7949400000000004,-25.24472,0.0,-0.0434,-0.3320299999999996,25.64189
2026-08-24T09:34:27.367Z,1.7949400000000004,-25.37492,0.0,-0.0434,-0.3320299999999996,25.772090000000002
2026-08-24T09:34:32.366Z,1.7949400000000004,-25.59192,0.0,-0.0434,-0.3320299999999996,25.98909
2026-08-24T09:34:37.368Z,1.7949400000000004,-25.24472,0.0,-0.0434,-0.3320299999999996,25.64189
2026-08-24T09:34:42.369Z,1.7949400000000004,-25.24472,0.0,-0.0434,-0.3320299999999996,25.64189
2026-08-24T09:34:47.368Z,1.7949400000000004,-25.331519999999998,0.0,-0.0434,-0.3320299999999996,25.72869
2026-08-24T09:34:52.370Z,1.7949400000000004,-25.331519999999998,0.0,-0.0434,-0.3320299999999996,25.72869
2026-08-24T09:34:57.372Z,1.7949400000000004,-25.54852,0.0,-0.0434,-0.3320299999999996,25.94569
